model	score_type	score_value	proteina	proteinb
lightdock	luciferin_score	19.98826	2UUY_rec	2UUY_lig
lightdock	luciferin_score	14.54226	2UUY_rec	2UUY_lig
lightdock	luciferin_score	14.43661	2UUY_rec	2UUY_lig
lightdock	luciferin_score	13.86074	2UUY_rec	2UUY_lig
lightdock	luciferin_score	13.58423	2UUY_rec	2UUY_lig
lightdock	luciferin_score	13.57117	2UUY_rec	2UUY_lig
lightdock	luciferin_score	13.50271	2UUY_rec	2UUY_lig
lightdock	luciferin_score	13.24866	2UUY_rec	2UUY_lig
lightdock	luciferin_score	13.23528	2UUY_rec	2UUY_lig
lightdock	luciferin_score	13.17675	2UUY_rec	2UUY_lig
lightdock	luciferin_score	12.98822	2UUY_rec	2UUY_lig
lightdock	luciferin_score	12.75508	2UUY_rec	2UUY_lig
lightdock	luciferin_score	12.65418	2UUY_rec	2UUY_lig
lightdock	luciferin_score	11.79807	2UUY_rec	2UUY_lig
lightdock	luciferin_score	11.43943	2UUY_rec	2UUY_lig
lightdock	luciferin_score	11.42054	2UUY_rec	2UUY_lig
lightdock	luciferin_score	11.33977	2UUY_rec	2UUY_lig
lightdock	luciferin_score	11.00751	2UUY_rec	2UUY_lig
lightdock	luciferin_score	10.85265	2UUY_rec	2UUY_lig
lightdock	luciferin_score	10.80569	2UUY_rec	2UUY_lig
lightdock	luciferin_score	10.77528	2UUY_rec	2UUY_lig
lightdock	luciferin_score	10.52227	2UUY_rec	2UUY_lig
lightdock	luciferin_score	10.19799	2UUY_rec	2UUY_lig
lightdock	luciferin_score	9.88801	2UUY_rec	2UUY_lig
lightdock	luciferin_score	9.67095	2UUY_rec	2UUY_lig
lightdock	luciferin_score	9.62647	2UUY_rec	2UUY_lig
lightdock	luciferin_score	9.56513	2UUY_rec	2UUY_lig
lightdock	luciferin_score	9.08329	2UUY_rec	2UUY_lig
lightdock	luciferin_score	8.87479	2UUY_rec	2UUY_lig
lightdock	luciferin_score	7.95412	2UUY_rec	2UUY_lig
lightdock	luciferin_score	7.8194	2UUY_rec	2UUY_lig
lightdock	luciferin_score	7.56254	2UUY_rec	2UUY_lig
lightdock	luciferin_score	6.75114	2UUY_rec	2UUY_lig
lightdock	luciferin_score	6.57414	2UUY_rec	2UUY_lig
lightdock	luciferin_score	4.63929	2UUY_rec	2UUY_lig
lightdock	luciferin_score	1.76024	2UUY_rec	2UUY_lig
lightdock	luciferin_score	0.92829	2UUY_rec	2UUY_lig
lightdock	luciferin_score	0.76962	2UUY_rec	2UUY_lig
lightdock	luciferin_score	0.33319	2UUY_rec	2UUY_lig
lightdock	luciferin_score	0.18861	2UUY_rec	2UUY_lig
lightdock	luciferin_score	-1.98394	2UUY_rec	2UUY_lig
lightdock	luciferin_score	-3.75139	2UUY_rec	2UUY_lig
lightdock	luciferin_score	-4.29756	2UUY_rec	2UUY_lig
lightdock	luciferin_score	-4.5803	2UUY_rec	2UUY_lig
lightdock	luciferin_score	-7.35249	2UUY_rec	2UUY_lig
lightdock	luciferin_score	-7.83683	2UUY_rec	2UUY_lig
lightdock	luciferin_score	-8.4979	2UUY_rec	2UUY_lig
lightdock	luciferin_score	-8.96204	2UUY_rec	2UUY_lig
lightdock	luciferin_score	-9.9135	2UUY_rec	2UUY_lig
lightdock	luciferin_score	-13.73719	2UUY_rec	2UUY_lig
lightdock	luciferin_score	-14.80364	2UUY_rec	2UUY_lig
lightdock	luciferin_score	-15.25085	2UUY_rec	2UUY_lig
lightdock	luciferin_score	-19.12565	2UUY_rec	2UUY_lig
lightdock	luciferin_score	-31.27892	2UUY_rec	2UUY_lig
lightdock	luciferin_score	-31.61555	2UUY_rec	2UUY_lig
lightdock	luciferin_score	-37.05521	2UUY_rec	2UUY_lig
lightdock	luciferin_score	-42.02268	2UUY_rec	2UUY_lig
lightdock	luciferin_score	-45.58809	2UUY_rec	2UUY_lig
lightdock	luciferin_score	-47.96937	2UUY_rec	2UUY_lig
lightdock	luciferin_score	-50.51865	2UUY_rec	2UUY_lig
lightdock	luciferin_score	-52.67933	2UUY_rec	2UUY_lig
lightdock	luciferin_score	-62.78813	2UUY_rec	2UUY_lig
lightdock	luciferin_score	-67.9376	2UUY_rec	2UUY_lig
lightdock	luciferin_score	16.16376	2UUY_rec	2UUY_lig
lightdock	luciferin_score	16.08151	2UUY_rec	2UUY_lig
lightdock	luciferin_score	16.0444	2UUY_rec	2UUY_lig
lightdock	luciferin_score	15.83962	2UUY_rec	2UUY_lig
lightdock	luciferin_score	15.01838	2UUY_rec	2UUY_lig
lightdock	luciferin_score	14.75358	2UUY_rec	2UUY_lig
lightdock	luciferin_score	14.63722	2UUY_rec	2UUY_lig
lightdock	luciferin_score	14.46803	2UUY_rec	2UUY_lig
lightdock	luciferin_score	14.34684	2UUY_rec	2UUY_lig
lightdock	luciferin_score	14.12644	2UUY_rec	2UUY_lig
lightdock	luciferin_score	13.43761	2UUY_rec	2UUY_lig
lightdock	luciferin_score	12.98296	2UUY_rec	2UUY_lig
lightdock	luciferin_score	12.44282	2UUY_rec	2UUY_lig
lightdock	luciferin_score	12.40808	2UUY_rec	2UUY_lig
lightdock	luciferin_score	12.36476	2UUY_rec	2UUY_lig
lightdock	luciferin_score	12.25962	2UUY_rec	2UUY_lig
lightdock	luciferin_score	12.2401	2UUY_rec	2UUY_lig
lightdock	luciferin_score	11.78842	2UUY_rec	2UUY_lig
lightdock	luciferin_score	11.67405	2UUY_rec	2UUY_lig
lightdock	luciferin_score	11.65265	2UUY_rec	2UUY_lig
lightdock	luciferin_score	11.54573	2UUY_rec	2UUY_lig
lightdock	luciferin_score	11.54512	2UUY_rec	2UUY_lig
lightdock	luciferin_score	11.51968	2UUY_rec	2UUY_lig
lightdock	luciferin_score	11.14462	2UUY_rec	2UUY_lig
lightdock	luciferin_score	10.5947	2UUY_rec	2UUY_lig
lightdock	luciferin_score	10.00319	2UUY_rec	2UUY_lig
lightdock	luciferin_score	9.9487	2UUY_rec	2UUY_lig
lightdock	luciferin_score	9.61494	2UUY_rec	2UUY_lig
lightdock	luciferin_score	9.52849	2UUY_rec	2UUY_lig
lightdock	luciferin_score	9.44613	2UUY_rec	2UUY_lig
lightdock	luciferin_score	8.55343	2UUY_rec	2UUY_lig
lightdock	luciferin_score	8.53149	2UUY_rec	2UUY_lig
lightdock	luciferin_score	6.4804	2UUY_rec	2UUY_lig
lightdock	luciferin_score	5.70507	2UUY_rec	2UUY_lig
lightdock	luciferin_score	5.29906	2UUY_rec	2UUY_lig
lightdock	luciferin_score	5.03507	2UUY_rec	2UUY_lig
lightdock	luciferin_score	4.97525	2UUY_rec	2UUY_lig
lightdock	luciferin_score	4.25688	2UUY_rec	2UUY_lig
lightdock	luciferin_score	3.78678	2UUY_rec	2UUY_lig
lightdock	luciferin_score	1.88068	2UUY_rec	2UUY_lig
lightdock	luciferin_score	1.64165	2UUY_rec	2UUY_lig
lightdock	luciferin_score	0.98414	2UUY_rec	2UUY_lig
lightdock	luciferin_score	0.07605	2UUY_rec	2UUY_lig
lightdock	luciferin_score	-0.84879	2UUY_rec	2UUY_lig
lightdock	luciferin_score	-1.6234	2UUY_rec	2UUY_lig
lightdock	luciferin_score	-6.09955	2UUY_rec	2UUY_lig
lightdock	luciferin_score	-6.42007	2UUY_rec	2UUY_lig
lightdock	luciferin_score	-12.19977	2UUY_rec	2UUY_lig
lightdock	luciferin_score	-12.38449	2UUY_rec	2UUY_lig
lightdock	luciferin_score	-18.04199	2UUY_rec	2UUY_lig
lightdock	luciferin_score	-19.31904	2UUY_rec	2UUY_lig
lightdock	luciferin_score	-20.16397	2UUY_rec	2UUY_lig
lightdock	luciferin_score	-27.53307	2UUY_rec	2UUY_lig
lightdock	luciferin_score	-31.2512	2UUY_rec	2UUY_lig
lightdock	luciferin_score	-36.3018	2UUY_rec	2UUY_lig
lightdock	luciferin_score	-44.29928	2UUY_rec	2UUY_lig
lightdock	luciferin_score	-44.78722	2UUY_rec	2UUY_lig
lightdock	luciferin_score	-48.9216	2UUY_rec	2UUY_lig
lightdock	luciferin_score	-79.71002	2UUY_rec	2UUY_lig
lightdock	luciferin_score	-110.76787	2UUY_rec	2UUY_lig
lightdock	luciferin_score	13.3376	2UUY_rec	2UUY_lig
lightdock	luciferin_score	12.82116	2UUY_rec	2UUY_lig
lightdock	luciferin_score	11.7966	2UUY_rec	2UUY_lig
lightdock	luciferin_score	11.72923	2UUY_rec	2UUY_lig
lightdock	luciferin_score	11.70944	2UUY_rec	2UUY_lig
lightdock	luciferin_score	11.68897	2UUY_rec	2UUY_lig
lightdock	luciferin_score	11.12037	2UUY_rec	2UUY_lig
lightdock	luciferin_score	11.03479	2UUY_rec	2UUY_lig
lightdock	luciferin_score	11.02706	2UUY_rec	2UUY_lig
lightdock	luciferin_score	10.8519	2UUY_rec	2UUY_lig
lightdock	luciferin_score	10.62695	2UUY_rec	2UUY_lig
lightdock	luciferin_score	10.60767	2UUY_rec	2UUY_lig
lightdock	luciferin_score	10.53566	2UUY_rec	2UUY_lig
lightdock	luciferin_score	10.30928	2UUY_rec	2UUY_lig
lightdock	luciferin_score	9.88583	2UUY_rec	2UUY_lig
lightdock	luciferin_score	9.8288	2UUY_rec	2UUY_lig
lightdock	luciferin_score	9.79043	2UUY_rec	2UUY_lig
lightdock	luciferin_score	9.7659	2UUY_rec	2UUY_lig
lightdock	luciferin_score	9.68164	2UUY_rec	2UUY_lig
lightdock	luciferin_score	9.47875	2UUY_rec	2UUY_lig
lightdock	luciferin_score	9.46675	2UUY_rec	2UUY_lig
lightdock	luciferin_score	9.41827	2UUY_rec	2UUY_lig
lightdock	luciferin_score	9.37959	2UUY_rec	2UUY_lig
lightdock	luciferin_score	8.79858	2UUY_rec	2UUY_lig
lightdock	luciferin_score	8.5563	2UUY_rec	2UUY_lig
lightdock	luciferin_score	8.53844	2UUY_rec	2UUY_lig
lightdock	luciferin_score	8.42864	2UUY_rec	2UUY_lig
lightdock	luciferin_score	8.18598	2UUY_rec	2UUY_lig
lightdock	luciferin_score	7.95711	2UUY_rec	2UUY_lig
lightdock	luciferin_score	7.68495	2UUY_rec	2UUY_lig
lightdock	luciferin_score	7.66406	2UUY_rec	2UUY_lig
lightdock	luciferin_score	7.4532	2UUY_rec	2UUY_lig
lightdock	luciferin_score	7.32519	2UUY_rec	2UUY_lig
lightdock	luciferin_score	7.30458	2UUY_rec	2UUY_lig
lightdock	luciferin_score	7.26012	2UUY_rec	2UUY_lig
lightdock	luciferin_score	6.75481	2UUY_rec	2UUY_lig
lightdock	luciferin_score	6.71268	2UUY_rec	2UUY_lig
lightdock	luciferin_score	6.68609	2UUY_rec	2UUY_lig
lightdock	luciferin_score	6.66156	2UUY_rec	2UUY_lig
lightdock	luciferin_score	6.27392	2UUY_rec	2UUY_lig
lightdock	luciferin_score	6.23743	2UUY_rec	2UUY_lig
lightdock	luciferin_score	5.72145	2UUY_rec	2UUY_lig
lightdock	luciferin_score	5.62918	2UUY_rec	2UUY_lig
lightdock	luciferin_score	5.52485	2UUY_rec	2UUY_lig
lightdock	luciferin_score	5.43671	2UUY_rec	2UUY_lig
lightdock	luciferin_score	5.06144	2UUY_rec	2UUY_lig
lightdock	luciferin_score	3.47787	2UUY_rec	2UUY_lig
lightdock	luciferin_score	2.05735	2UUY_rec	2UUY_lig
lightdock	luciferin_score	0.99774	2UUY_rec	2UUY_lig
lightdock	luciferin_score	0.94409	2UUY_rec	2UUY_lig
lightdock	luciferin_score	0.77383	2UUY_rec	2UUY_lig
lightdock	luciferin_score	-0.23995	2UUY_rec	2UUY_lig
lightdock	luciferin_score	-1.76216	2UUY_rec	2UUY_lig
lightdock	luciferin_score	-2.4908	2UUY_rec	2UUY_lig
lightdock	luciferin_score	-12.36024	2UUY_rec	2UUY_lig
lightdock	luciferin_score	-14.73193	2UUY_rec	2UUY_lig
lightdock	luciferin_score	-29.01611	2UUY_rec	2UUY_lig
lightdock	luciferin_score	-35.05111	2UUY_rec	2UUY_lig
lightdock	luciferin_score	-50.05214	2UUY_rec	2UUY_lig
lightdock	luciferin_score	13.49322	2UUY_rec	2UUY_lig
lightdock	luciferin_score	13.33582	2UUY_rec	2UUY_lig
lightdock	luciferin_score	13.31381	2UUY_rec	2UUY_lig
lightdock	luciferin_score	11.61406	2UUY_rec	2UUY_lig
lightdock	luciferin_score	10.69929	2UUY_rec	2UUY_lig
lightdock	luciferin_score	10.55485	2UUY_rec	2UUY_lig
lightdock	luciferin_score	10.34687	2UUY_rec	2UUY_lig
lightdock	luciferin_score	10.21196	2UUY_rec	2UUY_lig
lightdock	luciferin_score	9.75062	2UUY_rec	2UUY_lig
lightdock	luciferin_score	9.72889	2UUY_rec	2UUY_lig
lightdock	luciferin_score	9.69101	2UUY_rec	2UUY_lig
lightdock	luciferin_score	9.57861	2UUY_rec	2UUY_lig
lightdock	luciferin_score	9.5182	2UUY_rec	2UUY_lig
lightdock	luciferin_score	9.40825	2UUY_rec	2UUY_lig
lightdock	luciferin_score	8.74194	2UUY_rec	2UUY_lig
lightdock	luciferin_score	8.69982	2UUY_rec	2UUY_lig
lightdock	luciferin_score	8.5253	2UUY_rec	2UUY_lig
lightdock	luciferin_score	8.40711	2UUY_rec	2UUY_lig
lightdock	luciferin_score	8.3232	2UUY_rec	2UUY_lig
lightdock	luciferin_score	8.30969	2UUY_rec	2UUY_lig
lightdock	luciferin_score	8.25327	2UUY_rec	2UUY_lig
lightdock	luciferin_score	8.21667	2UUY_rec	2UUY_lig
lightdock	luciferin_score	8.12838	2UUY_rec	2UUY_lig
lightdock	luciferin_score	7.96142	2UUY_rec	2UUY_lig
lightdock	luciferin_score	7.92206	2UUY_rec	2UUY_lig
lightdock	luciferin_score	7.9199	2UUY_rec	2UUY_lig
lightdock	luciferin_score	7.88153	2UUY_rec	2UUY_lig
lightdock	luciferin_score	7.81768	2UUY_rec	2UUY_lig
lightdock	luciferin_score	7.76951	2UUY_rec	2UUY_lig
lightdock	luciferin_score	7.6578	2UUY_rec	2UUY_lig
lightdock	luciferin_score	7.65495	2UUY_rec	2UUY_lig
lightdock	luciferin_score	7.37036	2UUY_rec	2UUY_lig
lightdock	luciferin_score	7.26465	2UUY_rec	2UUY_lig
lightdock	luciferin_score	7.22658	2UUY_rec	2UUY_lig
lightdock	luciferin_score	7.0355	2UUY_rec	2UUY_lig
lightdock	luciferin_score	6.97833	2UUY_rec	2UUY_lig
lightdock	luciferin_score	6.89006	2UUY_rec	2UUY_lig
lightdock	luciferin_score	6.52365	2UUY_rec	2UUY_lig
lightdock	luciferin_score	6.37415	2UUY_rec	2UUY_lig
lightdock	luciferin_score	6.29927	2UUY_rec	2UUY_lig
lightdock	luciferin_score	6.20101	2UUY_rec	2UUY_lig
lightdock	luciferin_score	5.81657	2UUY_rec	2UUY_lig
lightdock	luciferin_score	5.35107	2UUY_rec	2UUY_lig
lightdock	luciferin_score	4.53593	2UUY_rec	2UUY_lig
lightdock	luciferin_score	4.32287	2UUY_rec	2UUY_lig
lightdock	luciferin_score	1.86064	2UUY_rec	2UUY_lig
lightdock	luciferin_score	1.17751	2UUY_rec	2UUY_lig
lightdock	luciferin_score	0.97788	2UUY_rec	2UUY_lig
lightdock	luciferin_score	-0.08872	2UUY_rec	2UUY_lig
lightdock	luciferin_score	-1.2125	2UUY_rec	2UUY_lig
lightdock	luciferin_score	-4.61606	2UUY_rec	2UUY_lig
lightdock	luciferin_score	-5.33322	2UUY_rec	2UUY_lig
lightdock	luciferin_score	-5.33473	2UUY_rec	2UUY_lig
lightdock	luciferin_score	-5.55833	2UUY_rec	2UUY_lig
lightdock	luciferin_score	-6.48098	2UUY_rec	2UUY_lig
lightdock	luciferin_score	-6.73396	2UUY_rec	2UUY_lig
lightdock	luciferin_score	-8.02337	2UUY_rec	2UUY_lig
lightdock	luciferin_score	-8.45796	2UUY_rec	2UUY_lig
lightdock	luciferin_score	-11.07864	2UUY_rec	2UUY_lig
lightdock	luciferin_score	-18.61074	2UUY_rec	2UUY_lig
lightdock	luciferin_score	-18.9668	2UUY_rec	2UUY_lig
lightdock	luciferin_score	-20.0944	2UUY_rec	2UUY_lig
lightdock	luciferin_score	-20.18072	2UUY_rec	2UUY_lig
lightdock	luciferin_score	-26.18919	2UUY_rec	2UUY_lig
lightdock	luciferin_score	-31.66754	2UUY_rec	2UUY_lig
lightdock	luciferin_score	-33.19064	2UUY_rec	2UUY_lig
lightdock	luciferin_score	-58.95036	2UUY_rec	2UUY_lig
lightdock	luciferin_score	-63.46539	2UUY_rec	2UUY_lig
lightdock	luciferin_score	13.30546	2UUY_rec	2UUY_lig
lightdock	luciferin_score	12.71582	2UUY_rec	2UUY_lig
lightdock	luciferin_score	12.7121	2UUY_rec	2UUY_lig
lightdock	luciferin_score	12.36986	2UUY_rec	2UUY_lig
lightdock	luciferin_score	12.24192	2UUY_rec	2UUY_lig
lightdock	luciferin_score	12.05641	2UUY_rec	2UUY_lig
lightdock	luciferin_score	11.94107	2UUY_rec	2UUY_lig
lightdock	luciferin_score	11.77608	2UUY_rec	2UUY_lig
lightdock	luciferin_score	11.70483	2UUY_rec	2UUY_lig
lightdock	luciferin_score	11.47001	2UUY_rec	2UUY_lig
lightdock	luciferin_score	11.09538	2UUY_rec	2UUY_lig
lightdock	luciferin_score	10.71497	2UUY_rec	2UUY_lig
lightdock	luciferin_score	10.65998	2UUY_rec	2UUY_lig
lightdock	luciferin_score	10.5087	2UUY_rec	2UUY_lig
lightdock	luciferin_score	10.31203	2UUY_rec	2UUY_lig
lightdock	luciferin_score	10.16403	2UUY_rec	2UUY_lig
lightdock	luciferin_score	10.04926	2UUY_rec	2UUY_lig
lightdock	luciferin_score	9.78162	2UUY_rec	2UUY_lig
lightdock	luciferin_score	9.68403	2UUY_rec	2UUY_lig
lightdock	luciferin_score	9.6161	2UUY_rec	2UUY_lig
lightdock	luciferin_score	9.26006	2UUY_rec	2UUY_lig
lightdock	luciferin_score	9.19496	2UUY_rec	2UUY_lig
lightdock	luciferin_score	9.00379	2UUY_rec	2UUY_lig
lightdock	luciferin_score	8.64123	2UUY_rec	2UUY_lig
lightdock	luciferin_score	8.61345	2UUY_rec	2UUY_lig
lightdock	luciferin_score	8.34002	2UUY_rec	2UUY_lig
lightdock	luciferin_score	7.51978	2UUY_rec	2UUY_lig
lightdock	luciferin_score	7.50184	2UUY_rec	2UUY_lig
lightdock	luciferin_score	7.44079	2UUY_rec	2UUY_lig
lightdock	luciferin_score	6.94671	2UUY_rec	2UUY_lig
lightdock	luciferin_score	6.79739	2UUY_rec	2UUY_lig
lightdock	luciferin_score	6.7785	2UUY_rec	2UUY_lig
lightdock	luciferin_score	6.66316	2UUY_rec	2UUY_lig
lightdock	luciferin_score	6.52496	2UUY_rec	2UUY_lig
lightdock	luciferin_score	6.49791	2UUY_rec	2UUY_lig
lightdock	luciferin_score	6.21294	2UUY_rec	2UUY_lig
lightdock	luciferin_score	6.18095	2UUY_rec	2UUY_lig
lightdock	luciferin_score	5.79131	2UUY_rec	2UUY_lig
lightdock	luciferin_score	5.5941	2UUY_rec	2UUY_lig
lightdock	luciferin_score	5.16905	2UUY_rec	2UUY_lig
lightdock	luciferin_score	4.73495	2UUY_rec	2UUY_lig
lightdock	luciferin_score	4.38353	2UUY_rec	2UUY_lig
lightdock	luciferin_score	3.61366	2UUY_rec	2UUY_lig
lightdock	luciferin_score	3.32916	2UUY_rec	2UUY_lig
lightdock	luciferin_score	0.50007	2UUY_rec	2UUY_lig
lightdock	luciferin_score	0.17954	2UUY_rec	2UUY_lig
lightdock	luciferin_score	-0.63361	2UUY_rec	2UUY_lig
lightdock	luciferin_score	-1.01531	2UUY_rec	2UUY_lig
lightdock	luciferin_score	-1.48839	2UUY_rec	2UUY_lig
lightdock	luciferin_score	-2.72098	2UUY_rec	2UUY_lig
lightdock	luciferin_score	-3.3654	2UUY_rec	2UUY_lig
lightdock	luciferin_score	-7.04774	2UUY_rec	2UUY_lig
lightdock	luciferin_score	-10.16192	2UUY_rec	2UUY_lig
lightdock	luciferin_score	-12.49913	2UUY_rec	2UUY_lig
lightdock	luciferin_score	-13.64914	2UUY_rec	2UUY_lig
lightdock	luciferin_score	-21.6794	2UUY_rec	2UUY_lig
lightdock	luciferin_score	-25.59132	2UUY_rec	2UUY_lig
lightdock	luciferin_score	-28.701	2UUY_rec	2UUY_lig
lightdock	luciferin_score	-36.94868	2UUY_rec	2UUY_lig
lightdock	luciferin_score	-48.58317	2UUY_rec	2UUY_lig
lightdock	luciferin_score	19.16497	2UUY_rec	2UUY_lig
lightdock	luciferin_score	18.54267	2UUY_rec	2UUY_lig
lightdock	luciferin_score	14.94059	2UUY_rec	2UUY_lig
lightdock	luciferin_score	14.70393	2UUY_rec	2UUY_lig
lightdock	luciferin_score	14.29916	2UUY_rec	2UUY_lig
lightdock	luciferin_score	12.42274	2UUY_rec	2UUY_lig
lightdock	luciferin_score	12.34298	2UUY_rec	2UUY_lig
lightdock	luciferin_score	11.38593	2UUY_rec	2UUY_lig
lightdock	luciferin_score	11.34691	2UUY_rec	2UUY_lig
lightdock	luciferin_score	11.31471	2UUY_rec	2UUY_lig
lightdock	luciferin_score	11.06848	2UUY_rec	2UUY_lig
lightdock	luciferin_score	10.91123	2UUY_rec	2UUY_lig
lightdock	luciferin_score	10.86445	2UUY_rec	2UUY_lig
lightdock	luciferin_score	10.71628	2UUY_rec	2UUY_lig
lightdock	luciferin_score	10.59157	2UUY_rec	2UUY_lig
lightdock	luciferin_score	10.56276	2UUY_rec	2UUY_lig
lightdock	luciferin_score	10.4319	2UUY_rec	2UUY_lig
lightdock	luciferin_score	10.34672	2UUY_rec	2UUY_lig
lightdock	luciferin_score	9.85132	2UUY_rec	2UUY_lig
lightdock	luciferin_score	9.63527	2UUY_rec	2UUY_lig
lightdock	luciferin_score	9.45432	2UUY_rec	2UUY_lig
lightdock	luciferin_score	9.45342	2UUY_rec	2UUY_lig
lightdock	luciferin_score	9.27278	2UUY_rec	2UUY_lig
lightdock	luciferin_score	8.92545	2UUY_rec	2UUY_lig
lightdock	luciferin_score	8.77815	2UUY_rec	2UUY_lig
lightdock	luciferin_score	8.64365	2UUY_rec	2UUY_lig
lightdock	luciferin_score	8.59653	2UUY_rec	2UUY_lig
lightdock	luciferin_score	8.56825	2UUY_rec	2UUY_lig
lightdock	luciferin_score	8.38445	2UUY_rec	2UUY_lig
lightdock	luciferin_score	8.32571	2UUY_rec	2UUY_lig
lightdock	luciferin_score	8.1245	2UUY_rec	2UUY_lig
lightdock	luciferin_score	8.07374	2UUY_rec	2UUY_lig
lightdock	luciferin_score	8.01939	2UUY_rec	2UUY_lig
lightdock	luciferin_score	7.76474	2UUY_rec	2UUY_lig
lightdock	luciferin_score	7.50109	2UUY_rec	2UUY_lig
lightdock	luciferin_score	7.26534	2UUY_rec	2UUY_lig
lightdock	luciferin_score	7.02717	2UUY_rec	2UUY_lig
lightdock	luciferin_score	6.8134	2UUY_rec	2UUY_lig
lightdock	luciferin_score	6.18319	2UUY_rec	2UUY_lig
lightdock	luciferin_score	5.4796	2UUY_rec	2UUY_lig
lightdock	luciferin_score	5.34672	2UUY_rec	2UUY_lig
lightdock	luciferin_score	5.32604	2UUY_rec	2UUY_lig
lightdock	luciferin_score	3.50162	2UUY_rec	2UUY_lig
lightdock	luciferin_score	2.30704	2UUY_rec	2UUY_lig
lightdock	luciferin_score	0.79444	2UUY_rec	2UUY_lig
lightdock	luciferin_score	0.31231	2UUY_rec	2UUY_lig
lightdock	luciferin_score	-1.73979	2UUY_rec	2UUY_lig
lightdock	luciferin_score	-3.43924	2UUY_rec	2UUY_lig
lightdock	luciferin_score	-6.79703	2UUY_rec	2UUY_lig
lightdock	luciferin_score	-7.25103	2UUY_rec	2UUY_lig
lightdock	luciferin_score	-10.50077	2UUY_rec	2UUY_lig
lightdock	luciferin_score	-15.80012	2UUY_rec	2UUY_lig
lightdock	luciferin_score	-17.68655	2UUY_rec	2UUY_lig
lightdock	luciferin_score	-20.4312	2UUY_rec	2UUY_lig
lightdock	luciferin_score	-21.87443	2UUY_rec	2UUY_lig
lightdock	luciferin_score	-25.32102	2UUY_rec	2UUY_lig
lightdock	luciferin_score	-30.17437	2UUY_rec	2UUY_lig
lightdock	luciferin_score	-31.50662	2UUY_rec	2UUY_lig
lightdock	luciferin_score	-36.43905	2UUY_rec	2UUY_lig
lightdock	luciferin_score	-53.24081	2UUY_rec	2UUY_lig
lightdock	luciferin_score	-64.76308	2UUY_rec	2UUY_lig
lightdock	luciferin_score	-71.9466	2UUY_rec	2UUY_lig
lightdock	luciferin_score	16.89438	2UUY_rec	2UUY_lig
lightdock	luciferin_score	15.35522	2UUY_rec	2UUY_lig
lightdock	luciferin_score	15.29382	2UUY_rec	2UUY_lig
lightdock	luciferin_score	14.89604	2UUY_rec	2UUY_lig
lightdock	luciferin_score	14.55179	2UUY_rec	2UUY_lig
lightdock	luciferin_score	12.57906	2UUY_rec	2UUY_lig
lightdock	luciferin_score	12.32912	2UUY_rec	2UUY_lig
lightdock	luciferin_score	11.85285	2UUY_rec	2UUY_lig
lightdock	luciferin_score	11.79175	2UUY_rec	2UUY_lig
lightdock	luciferin_score	11.61294	2UUY_rec	2UUY_lig
lightdock	luciferin_score	11.02868	2UUY_rec	2UUY_lig
lightdock	luciferin_score	10.5777	2UUY_rec	2UUY_lig
lightdock	luciferin_score	10.57679	2UUY_rec	2UUY_lig
lightdock	luciferin_score	10.43968	2UUY_rec	2UUY_lig
lightdock	luciferin_score	10.37434	2UUY_rec	2UUY_lig
lightdock	luciferin_score	9.9085	2UUY_rec	2UUY_lig
lightdock	luciferin_score	9.80816	2UUY_rec	2UUY_lig
lightdock	luciferin_score	9.70498	2UUY_rec	2UUY_lig
lightdock	luciferin_score	9.62296	2UUY_rec	2UUY_lig
lightdock	luciferin_score	9.54169	2UUY_rec	2UUY_lig
lightdock	luciferin_score	9.51446	2UUY_rec	2UUY_lig
lightdock	luciferin_score	9.20551	2UUY_rec	2UUY_lig
lightdock	luciferin_score	9.18188	2UUY_rec	2UUY_lig
lightdock	luciferin_score	9.18172	2UUY_rec	2UUY_lig
lightdock	luciferin_score	9.14147	2UUY_rec	2UUY_lig
lightdock	luciferin_score	8.89199	2UUY_rec	2UUY_lig
lightdock	luciferin_score	8.6802	2UUY_rec	2UUY_lig
lightdock	luciferin_score	8.665	2UUY_rec	2UUY_lig
lightdock	luciferin_score	8.50921	2UUY_rec	2UUY_lig
lightdock	luciferin_score	8.40779	2UUY_rec	2UUY_lig
lightdock	luciferin_score	8.01219	2UUY_rec	2UUY_lig
lightdock	luciferin_score	8.01202	2UUY_rec	2UUY_lig
lightdock	luciferin_score	7.80521	2UUY_rec	2UUY_lig
lightdock	luciferin_score	7.69278	2UUY_rec	2UUY_lig
lightdock	luciferin_score	7.36576	2UUY_rec	2UUY_lig
lightdock	luciferin_score	7.23528	2UUY_rec	2UUY_lig
lightdock	luciferin_score	7.20495	2UUY_rec	2UUY_lig
lightdock	luciferin_score	7.18918	2UUY_rec	2UUY_lig
lightdock	luciferin_score	6.86432	2UUY_rec	2UUY_lig
lightdock	luciferin_score	6.85419	2UUY_rec	2UUY_lig
lightdock	luciferin_score	6.80172	2UUY_rec	2UUY_lig
lightdock	luciferin_score	6.76257	2UUY_rec	2UUY_lig
lightdock	luciferin_score	6.38321	2UUY_rec	2UUY_lig
lightdock	luciferin_score	6.2807	2UUY_rec	2UUY_lig
lightdock	luciferin_score	6.2767	2UUY_rec	2UUY_lig
lightdock	luciferin_score	5.99233	2UUY_rec	2UUY_lig
lightdock	luciferin_score	5.9391	2UUY_rec	2UUY_lig
lightdock	luciferin_score	2.99392	2UUY_rec	2UUY_lig
lightdock	luciferin_score	1.94084	2UUY_rec	2UUY_lig
lightdock	luciferin_score	1.58207	2UUY_rec	2UUY_lig
lightdock	luciferin_score	-0.41542	2UUY_rec	2UUY_lig
lightdock	luciferin_score	-2.22167	2UUY_rec	2UUY_lig
lightdock	luciferin_score	-2.32281	2UUY_rec	2UUY_lig
lightdock	luciferin_score	-2.35142	2UUY_rec	2UUY_lig
lightdock	luciferin_score	-4.11613	2UUY_rec	2UUY_lig
lightdock	luciferin_score	-7.16785	2UUY_rec	2UUY_lig
lightdock	luciferin_score	-8.84996	2UUY_rec	2UUY_lig
lightdock	luciferin_score	-16.76959	2UUY_rec	2UUY_lig
lightdock	luciferin_score	-19.17385	2UUY_rec	2UUY_lig
lightdock	luciferin_score	-24.70662	2UUY_rec	2UUY_lig
lightdock	luciferin_score	-25.39042	2UUY_rec	2UUY_lig
lightdock	luciferin_score	-28.867	2UUY_rec	2UUY_lig
lightdock	luciferin_score	-33.89568	2UUY_rec	2UUY_lig
lightdock	luciferin_score	-46.96636	2UUY_rec	2UUY_lig
lightdock	luciferin_score	18.69758	2UUY_rec	2UUY_lig
lightdock	luciferin_score	17.04627	2UUY_rec	2UUY_lig
lightdock	luciferin_score	14.02588	2UUY_rec	2UUY_lig
lightdock	luciferin_score	12.70097	2UUY_rec	2UUY_lig
lightdock	luciferin_score	12.50787	2UUY_rec	2UUY_lig
lightdock	luciferin_score	10.40474	2UUY_rec	2UUY_lig
lightdock	luciferin_score	10.26313	2UUY_rec	2UUY_lig
lightdock	luciferin_score	10.20907	2UUY_rec	2UUY_lig
lightdock	luciferin_score	10.06454	2UUY_rec	2UUY_lig
lightdock	luciferin_score	10.03432	2UUY_rec	2UUY_lig
lightdock	luciferin_score	9.83372	2UUY_rec	2UUY_lig
lightdock	luciferin_score	9.6017	2UUY_rec	2UUY_lig
lightdock	luciferin_score	9.46485	2UUY_rec	2UUY_lig
lightdock	luciferin_score	9.45036	2UUY_rec	2UUY_lig
lightdock	luciferin_score	9.19805	2UUY_rec	2UUY_lig
lightdock	luciferin_score	8.77733	2UUY_rec	2UUY_lig
lightdock	luciferin_score	8.54598	2UUY_rec	2UUY_lig
lightdock	luciferin_score	8.53421	2UUY_rec	2UUY_lig
lightdock	luciferin_score	8.48111	2UUY_rec	2UUY_lig
lightdock	luciferin_score	8.40375	2UUY_rec	2UUY_lig
lightdock	luciferin_score	7.99324	2UUY_rec	2UUY_lig
lightdock	luciferin_score	7.95942	2UUY_rec	2UUY_lig
lightdock	luciferin_score	7.94727	2UUY_rec	2UUY_lig
lightdock	luciferin_score	7.91085	2UUY_rec	2UUY_lig
lightdock	luciferin_score	7.904	2UUY_rec	2UUY_lig
lightdock	luciferin_score	7.48511	2UUY_rec	2UUY_lig
lightdock	luciferin_score	7.11396	2UUY_rec	2UUY_lig
lightdock	luciferin_score	7.046	2UUY_rec	2UUY_lig
lightdock	luciferin_score	6.32855	2UUY_rec	2UUY_lig
lightdock	luciferin_score	6.28651	2UUY_rec	2UUY_lig
lightdock	luciferin_score	6.18507	2UUY_rec	2UUY_lig
lightdock	luciferin_score	6.05686	2UUY_rec	2UUY_lig
lightdock	luciferin_score	6.02639	2UUY_rec	2UUY_lig
lightdock	luciferin_score	5.31829	2UUY_rec	2UUY_lig
lightdock	luciferin_score	5.06486	2UUY_rec	2UUY_lig
lightdock	luciferin_score	4.87584	2UUY_rec	2UUY_lig
lightdock	luciferin_score	4.14563	2UUY_rec	2UUY_lig
lightdock	luciferin_score	3.72005	2UUY_rec	2UUY_lig
lightdock	luciferin_score	3.69041	2UUY_rec	2UUY_lig
lightdock	luciferin_score	2.43351	2UUY_rec	2UUY_lig
lightdock	luciferin_score	2.16026	2UUY_rec	2UUY_lig
lightdock	luciferin_score	1.66925	2UUY_rec	2UUY_lig
lightdock	luciferin_score	0.83059	2UUY_rec	2UUY_lig
lightdock	luciferin_score	-0.00034	2UUY_rec	2UUY_lig
lightdock	luciferin_score	-0.83957	2UUY_rec	2UUY_lig
lightdock	luciferin_score	-0.96026	2UUY_rec	2UUY_lig
lightdock	luciferin_score	-2.02159	2UUY_rec	2UUY_lig
lightdock	luciferin_score	-3.71363	2UUY_rec	2UUY_lig
lightdock	luciferin_score	-4.47823	2UUY_rec	2UUY_lig
lightdock	luciferin_score	-6.60275	2UUY_rec	2UUY_lig
lightdock	luciferin_score	-6.77283	2UUY_rec	2UUY_lig
lightdock	luciferin_score	-7.43042	2UUY_rec	2UUY_lig
lightdock	luciferin_score	-7.58542	2UUY_rec	2UUY_lig
lightdock	luciferin_score	-9.04212	2UUY_rec	2UUY_lig
lightdock	luciferin_score	-9.79193	2UUY_rec	2UUY_lig
lightdock	luciferin_score	-10.94449	2UUY_rec	2UUY_lig
lightdock	luciferin_score	-11.47095	2UUY_rec	2UUY_lig
lightdock	luciferin_score	-13.07848	2UUY_rec	2UUY_lig
lightdock	luciferin_score	-13.62737	2UUY_rec	2UUY_lig
lightdock	luciferin_score	-17.23753	2UUY_rec	2UUY_lig
lightdock	luciferin_score	-17.5089	2UUY_rec	2UUY_lig
lightdock	luciferin_score	-18.18215	2UUY_rec	2UUY_lig
lightdock	luciferin_score	-19.29259	2UUY_rec	2UUY_lig
lightdock	luciferin_score	-32.6725	2UUY_rec	2UUY_lig
lightdock	luciferin_score	-34.15684	2UUY_rec	2UUY_lig
lightdock	luciferin_score	-40.43827	2UUY_rec	2UUY_lig
lightdock	luciferin_score	-44.2481	2UUY_rec	2UUY_lig
lightdock	luciferin_score	-55.67337	2UUY_rec	2UUY_lig
lightdock	luciferin_score	18.37258	2UUY_rec	2UUY_lig
lightdock	luciferin_score	17.38765	2UUY_rec	2UUY_lig
lightdock	luciferin_score	16.78127	2UUY_rec	2UUY_lig
lightdock	luciferin_score	16.0534	2UUY_rec	2UUY_lig
lightdock	luciferin_score	15.47106	2UUY_rec	2UUY_lig
lightdock	luciferin_score	15.07077	2UUY_rec	2UUY_lig
lightdock	luciferin_score	13.398	2UUY_rec	2UUY_lig
lightdock	luciferin_score	13.27584	2UUY_rec	2UUY_lig
lightdock	luciferin_score	13.23956	2UUY_rec	2UUY_lig
lightdock	luciferin_score	12.2334	2UUY_rec	2UUY_lig
lightdock	luciferin_score	12.18995	2UUY_rec	2UUY_lig
lightdock	luciferin_score	12.01707	2UUY_rec	2UUY_lig
lightdock	luciferin_score	11.31284	2UUY_rec	2UUY_lig
lightdock	luciferin_score	11.28999	2UUY_rec	2UUY_lig
lightdock	luciferin_score	11.0175	2UUY_rec	2UUY_lig
lightdock	luciferin_score	10.91698	2UUY_rec	2UUY_lig
lightdock	luciferin_score	10.87171	2UUY_rec	2UUY_lig
lightdock	luciferin_score	10.7038	2UUY_rec	2UUY_lig
lightdock	luciferin_score	10.63337	2UUY_rec	2UUY_lig
lightdock	luciferin_score	10.43042	2UUY_rec	2UUY_lig
lightdock	luciferin_score	9.67459	2UUY_rec	2UUY_lig
lightdock	luciferin_score	9.28501	2UUY_rec	2UUY_lig
lightdock	luciferin_score	9.25476	2UUY_rec	2UUY_lig
lightdock	luciferin_score	9.24718	2UUY_rec	2UUY_lig
lightdock	luciferin_score	9.10209	2UUY_rec	2UUY_lig
lightdock	luciferin_score	8.61064	2UUY_rec	2UUY_lig
lightdock	luciferin_score	8.37415	2UUY_rec	2UUY_lig
lightdock	luciferin_score	8.26123	2UUY_rec	2UUY_lig
lightdock	luciferin_score	8.16431	2UUY_rec	2UUY_lig
lightdock	luciferin_score	8.14147	2UUY_rec	2UUY_lig
lightdock	luciferin_score	8.086	2UUY_rec	2UUY_lig
lightdock	luciferin_score	7.96126	2UUY_rec	2UUY_lig
lightdock	luciferin_score	7.55406	2UUY_rec	2UUY_lig
lightdock	luciferin_score	7.43017	2UUY_rec	2UUY_lig
lightdock	luciferin_score	7.35988	2UUY_rec	2UUY_lig
lightdock	luciferin_score	7.31174	2UUY_rec	2UUY_lig
lightdock	luciferin_score	7.15615	2UUY_rec	2UUY_lig
lightdock	luciferin_score	6.92071	2UUY_rec	2UUY_lig
lightdock	luciferin_score	6.9025	2UUY_rec	2UUY_lig
lightdock	luciferin_score	6.57434	2UUY_rec	2UUY_lig
lightdock	luciferin_score	5.9847	2UUY_rec	2UUY_lig
lightdock	luciferin_score	5.49893	2UUY_rec	2UUY_lig
lightdock	luciferin_score	4.99912	2UUY_rec	2UUY_lig
lightdock	luciferin_score	4.11178	2UUY_rec	2UUY_lig
lightdock	luciferin_score	3.65482	2UUY_rec	2UUY_lig
lightdock	luciferin_score	3.22484	2UUY_rec	2UUY_lig
lightdock	luciferin_score	2.55129	2UUY_rec	2UUY_lig
lightdock	luciferin_score	2.5029	2UUY_rec	2UUY_lig
lightdock	luciferin_score	1.55063	2UUY_rec	2UUY_lig
lightdock	luciferin_score	1.01433	2UUY_rec	2UUY_lig
lightdock	luciferin_score	0.12958	2UUY_rec	2UUY_lig
lightdock	luciferin_score	0.10449	2UUY_rec	2UUY_lig
lightdock	luciferin_score	-1.74154	2UUY_rec	2UUY_lig
lightdock	luciferin_score	-2.15801	2UUY_rec	2UUY_lig
lightdock	luciferin_score	-4.36795	2UUY_rec	2UUY_lig
lightdock	luciferin_score	-6.76677	2UUY_rec	2UUY_lig
lightdock	luciferin_score	-6.8959	2UUY_rec	2UUY_lig
lightdock	luciferin_score	-7.89791	2UUY_rec	2UUY_lig
lightdock	luciferin_score	-8.73811	2UUY_rec	2UUY_lig
lightdock	luciferin_score	-11.49753	2UUY_rec	2UUY_lig
lightdock	luciferin_score	-12.61152	2UUY_rec	2UUY_lig
lightdock	luciferin_score	-15.95648	2UUY_rec	2UUY_lig
lightdock	luciferin_score	-16.20393	2UUY_rec	2UUY_lig
lightdock	luciferin_score	-19.85443	2UUY_rec	2UUY_lig
lightdock	luciferin_score	-29.22346	2UUY_rec	2UUY_lig
lightdock	luciferin_score	-33.50403	2UUY_rec	2UUY_lig
lightdock	luciferin_score	-59.14455	2UUY_rec	2UUY_lig
lightdock	luciferin_score	-66.74198	2UUY_rec	2UUY_lig
lightdock	luciferin_score	18.83983	2UUY_rec	2UUY_lig
lightdock	luciferin_score	16.9305	2UUY_rec	2UUY_lig
lightdock	luciferin_score	16.28326	2UUY_rec	2UUY_lig
lightdock	luciferin_score	15.25239	2UUY_rec	2UUY_lig
lightdock	luciferin_score	15.19832	2UUY_rec	2UUY_lig
lightdock	luciferin_score	14.26636	2UUY_rec	2UUY_lig
lightdock	luciferin_score	14.20606	2UUY_rec	2UUY_lig
lightdock	luciferin_score	13.56925	2UUY_rec	2UUY_lig
lightdock	luciferin_score	13.45442	2UUY_rec	2UUY_lig
lightdock	luciferin_score	13.45397	2UUY_rec	2UUY_lig
lightdock	luciferin_score	13.23824	2UUY_rec	2UUY_lig
lightdock	luciferin_score	13.10028	2UUY_rec	2UUY_lig
lightdock	luciferin_score	12.88176	2UUY_rec	2UUY_lig
lightdock	luciferin_score	12.64052	2UUY_rec	2UUY_lig
lightdock	luciferin_score	12.06764	2UUY_rec	2UUY_lig
lightdock	luciferin_score	11.91287	2UUY_rec	2UUY_lig
lightdock	luciferin_score	11.91155	2UUY_rec	2UUY_lig
lightdock	luciferin_score	11.52482	2UUY_rec	2UUY_lig
lightdock	luciferin_score	11.11392	2UUY_rec	2UUY_lig
lightdock	luciferin_score	11.07496	2UUY_rec	2UUY_lig
lightdock	luciferin_score	11.02514	2UUY_rec	2UUY_lig
lightdock	luciferin_score	11.00117	2UUY_rec	2UUY_lig
lightdock	luciferin_score	10.4246	2UUY_rec	2UUY_lig
lightdock	luciferin_score	10.13339	2UUY_rec	2UUY_lig
lightdock	luciferin_score	10.07339	2UUY_rec	2UUY_lig
lightdock	luciferin_score	9.99943	2UUY_rec	2UUY_lig
lightdock	luciferin_score	9.71741	2UUY_rec	2UUY_lig
lightdock	luciferin_score	9.56151	2UUY_rec	2UUY_lig
lightdock	luciferin_score	9.3092	2UUY_rec	2UUY_lig
lightdock	luciferin_score	9.08389	2UUY_rec	2UUY_lig
lightdock	luciferin_score	8.82543	2UUY_rec	2UUY_lig
lightdock	luciferin_score	8.7508	2UUY_rec	2UUY_lig
lightdock	luciferin_score	8.2136	2UUY_rec	2UUY_lig
lightdock	luciferin_score	8.11051	2UUY_rec	2UUY_lig
lightdock	luciferin_score	8.08865	2UUY_rec	2UUY_lig
lightdock	luciferin_score	7.67571	2UUY_rec	2UUY_lig
lightdock	luciferin_score	7.19707	2UUY_rec	2UUY_lig
lightdock	luciferin_score	6.45972	2UUY_rec	2UUY_lig
lightdock	luciferin_score	6.02451	2UUY_rec	2UUY_lig
lightdock	luciferin_score	5.71864	2UUY_rec	2UUY_lig
lightdock	luciferin_score	5.68193	2UUY_rec	2UUY_lig
lightdock	luciferin_score	4.79532	2UUY_rec	2UUY_lig
lightdock	luciferin_score	4.66139	2UUY_rec	2UUY_lig
lightdock	luciferin_score	3.24722	2UUY_rec	2UUY_lig
lightdock	luciferin_score	2.3195	2UUY_rec	2UUY_lig
lightdock	luciferin_score	1.01217	2UUY_rec	2UUY_lig
lightdock	luciferin_score	0.46216	2UUY_rec	2UUY_lig
lightdock	luciferin_score	-0.99762	2UUY_rec	2UUY_lig
lightdock	luciferin_score	-1.26613	2UUY_rec	2UUY_lig
lightdock	luciferin_score	-1.70113	2UUY_rec	2UUY_lig
lightdock	luciferin_score	-2.10696	2UUY_rec	2UUY_lig
lightdock	luciferin_score	-10.54889	2UUY_rec	2UUY_lig
lightdock	luciferin_score	-10.58248	2UUY_rec	2UUY_lig
lightdock	luciferin_score	-13.66983	2UUY_rec	2UUY_lig
lightdock	luciferin_score	-14.4629	2UUY_rec	2UUY_lig
lightdock	luciferin_score	-15.12268	2UUY_rec	2UUY_lig
lightdock	luciferin_score	-17.24922	2UUY_rec	2UUY_lig
lightdock	luciferin_score	-18.23679	2UUY_rec	2UUY_lig
lightdock	luciferin_score	-32.46842	2UUY_rec	2UUY_lig
lightdock	luciferin_score	-41.6613	2UUY_rec	2UUY_lig
lightdock	luciferin_score	-62.09034	2UUY_rec	2UUY_lig
lightdock	luciferin_score	-77.65934	2UUY_rec	2UUY_lig
lightdock	luciferin_score	15.70289	2UUY_rec	2UUY_lig
lightdock	luciferin_score	14.40602	2UUY_rec	2UUY_lig
lightdock	luciferin_score	14.3269	2UUY_rec	2UUY_lig
lightdock	luciferin_score	14.08222	2UUY_rec	2UUY_lig
lightdock	luciferin_score	13.90001	2UUY_rec	2UUY_lig
lightdock	luciferin_score	13.56745	2UUY_rec	2UUY_lig
lightdock	luciferin_score	12.25097	2UUY_rec	2UUY_lig
lightdock	luciferin_score	12.22051	2UUY_rec	2UUY_lig
lightdock	luciferin_score	12.18123	2UUY_rec	2UUY_lig
lightdock	luciferin_score	12.14521	2UUY_rec	2UUY_lig
lightdock	luciferin_score	11.92102	2UUY_rec	2UUY_lig
lightdock	luciferin_score	11.8987	2UUY_rec	2UUY_lig
lightdock	luciferin_score	11.81657	2UUY_rec	2UUY_lig
lightdock	luciferin_score	11.5044	2UUY_rec	2UUY_lig
lightdock	luciferin_score	11.46687	2UUY_rec	2UUY_lig
lightdock	luciferin_score	11.34449	2UUY_rec	2UUY_lig
lightdock	luciferin_score	11.16376	2UUY_rec	2UUY_lig
lightdock	luciferin_score	10.83025	2UUY_rec	2UUY_lig
lightdock	luciferin_score	10.82941	2UUY_rec	2UUY_lig
lightdock	luciferin_score	10.74375	2UUY_rec	2UUY_lig
lightdock	luciferin_score	10.49262	2UUY_rec	2UUY_lig
lightdock	luciferin_score	10.36029	2UUY_rec	2UUY_lig
lightdock	luciferin_score	10.31847	2UUY_rec	2UUY_lig
lightdock	luciferin_score	9.84163	2UUY_rec	2UUY_lig
lightdock	luciferin_score	9.80627	2UUY_rec	2UUY_lig
lightdock	luciferin_score	9.51918	2UUY_rec	2UUY_lig
lightdock	luciferin_score	8.94988	2UUY_rec	2UUY_lig
lightdock	luciferin_score	8.02954	2UUY_rec	2UUY_lig
lightdock	luciferin_score	7.06441	2UUY_rec	2UUY_lig
lightdock	luciferin_score	6.938	2UUY_rec	2UUY_lig
lightdock	luciferin_score	6.92442	2UUY_rec	2UUY_lig
lightdock	luciferin_score	6.42052	2UUY_rec	2UUY_lig
lightdock	luciferin_score	6.11136	2UUY_rec	2UUY_lig
lightdock	luciferin_score	5.96382	2UUY_rec	2UUY_lig
lightdock	luciferin_score	4.99696	2UUY_rec	2UUY_lig
lightdock	luciferin_score	4.80235	2UUY_rec	2UUY_lig
lightdock	luciferin_score	3.32022	2UUY_rec	2UUY_lig
lightdock	luciferin_score	3.01683	2UUY_rec	2UUY_lig
lightdock	luciferin_score	2.61884	2UUY_rec	2UUY_lig
lightdock	luciferin_score	2.09222	2UUY_rec	2UUY_lig
lightdock	luciferin_score	0.8503	2UUY_rec	2UUY_lig
lightdock	luciferin_score	0.06292	2UUY_rec	2UUY_lig
lightdock	luciferin_score	-0.64877	2UUY_rec	2UUY_lig
lightdock	luciferin_score	-1.88775	2UUY_rec	2UUY_lig
lightdock	luciferin_score	-3.42656	2UUY_rec	2UUY_lig
lightdock	luciferin_score	-3.43531	2UUY_rec	2UUY_lig
lightdock	luciferin_score	-3.87034	2UUY_rec	2UUY_lig
lightdock	luciferin_score	-5.37654	2UUY_rec	2UUY_lig
lightdock	luciferin_score	-13.51652	2UUY_rec	2UUY_lig
lightdock	luciferin_score	-14.79004	2UUY_rec	2UUY_lig
lightdock	luciferin_score	-15.24127	2UUY_rec	2UUY_lig
lightdock	luciferin_score	-17.73777	2UUY_rec	2UUY_lig
lightdock	luciferin_score	-17.7857	2UUY_rec	2UUY_lig
lightdock	luciferin_score	-17.90292	2UUY_rec	2UUY_lig
lightdock	luciferin_score	-19.40238	2UUY_rec	2UUY_lig
lightdock	luciferin_score	-20.68013	2UUY_rec	2UUY_lig
lightdock	luciferin_score	-26.1556	2UUY_rec	2UUY_lig
lightdock	luciferin_score	-30.7664	2UUY_rec	2UUY_lig
lightdock	luciferin_score	-39.31435	2UUY_rec	2UUY_lig
lightdock	luciferin_score	-42.26122	2UUY_rec	2UUY_lig
lightdock	luciferin_score	-46.38648	2UUY_rec	2UUY_lig
lightdock	luciferin_score	-51.91309	2UUY_rec	2UUY_lig
lightdock	luciferin_score	-60.18635	2UUY_rec	2UUY_lig
lightdock	luciferin_score	-61.32544	2UUY_rec	2UUY_lig
lightdock	luciferin_score	-66.77438	2UUY_rec	2UUY_lig
lightdock	luciferin_score	-70.34571	2UUY_rec	2UUY_lig
lightdock	luciferin_score	-93.09995	2UUY_rec	2UUY_lig
lightdock	luciferin_score	16.28205	2UUY_rec	2UUY_lig
lightdock	luciferin_score	15.47228	2UUY_rec	2UUY_lig
lightdock	luciferin_score	15.12911	2UUY_rec	2UUY_lig
lightdock	luciferin_score	13.21973	2UUY_rec	2UUY_lig
lightdock	luciferin_score	13.14266	2UUY_rec	2UUY_lig
lightdock	luciferin_score	12.86339	2UUY_rec	2UUY_lig
lightdock	luciferin_score	11.10765	2UUY_rec	2UUY_lig
lightdock	luciferin_score	10.97865	2UUY_rec	2UUY_lig
lightdock	luciferin_score	10.7238	2UUY_rec	2UUY_lig
lightdock	luciferin_score	10.39878	2UUY_rec	2UUY_lig
lightdock	luciferin_score	10.12098	2UUY_rec	2UUY_lig
lightdock	luciferin_score	10.10861	2UUY_rec	2UUY_lig
lightdock	luciferin_score	9.96791	2UUY_rec	2UUY_lig
lightdock	luciferin_score	9.93665	2UUY_rec	2UUY_lig
lightdock	luciferin_score	9.68095	2UUY_rec	2UUY_lig
lightdock	luciferin_score	9.65419	2UUY_rec	2UUY_lig
lightdock	luciferin_score	9.63289	2UUY_rec	2UUY_lig
lightdock	luciferin_score	9.46756	2UUY_rec	2UUY_lig
lightdock	luciferin_score	9.38716	2UUY_rec	2UUY_lig
lightdock	luciferin_score	9.29621	2UUY_rec	2UUY_lig
lightdock	luciferin_score	9.21767	2UUY_rec	2UUY_lig
lightdock	luciferin_score	9.14299	2UUY_rec	2UUY_lig
lightdock	luciferin_score	9.01827	2UUY_rec	2UUY_lig
lightdock	luciferin_score	8.99745	2UUY_rec	2UUY_lig
lightdock	luciferin_score	8.98539	2UUY_rec	2UUY_lig
lightdock	luciferin_score	8.9433	2UUY_rec	2UUY_lig
lightdock	luciferin_score	8.92394	2UUY_rec	2UUY_lig
lightdock	luciferin_score	8.90323	2UUY_rec	2UUY_lig
lightdock	luciferin_score	8.89432	2UUY_rec	2UUY_lig
lightdock	luciferin_score	8.8237	2UUY_rec	2UUY_lig
lightdock	luciferin_score	8.82013	2UUY_rec	2UUY_lig
lightdock	luciferin_score	8.16644	2UUY_rec	2UUY_lig
lightdock	luciferin_score	8.00356	2UUY_rec	2UUY_lig
lightdock	luciferin_score	7.94217	2UUY_rec	2UUY_lig
lightdock	luciferin_score	7.79718	2UUY_rec	2UUY_lig
lightdock	luciferin_score	7.69029	2UUY_rec	2UUY_lig
lightdock	luciferin_score	7.6749	2UUY_rec	2UUY_lig
lightdock	luciferin_score	7.6709	2UUY_rec	2UUY_lig
lightdock	luciferin_score	7.22552	2UUY_rec	2UUY_lig
lightdock	luciferin_score	7.17297	2UUY_rec	2UUY_lig
lightdock	luciferin_score	7.14149	2UUY_rec	2UUY_lig
lightdock	luciferin_score	6.7732	2UUY_rec	2UUY_lig
lightdock	luciferin_score	6.65586	2UUY_rec	2UUY_lig
lightdock	luciferin_score	6.43251	2UUY_rec	2UUY_lig
lightdock	luciferin_score	6.31335	2UUY_rec	2UUY_lig
lightdock	luciferin_score	6.05616	2UUY_rec	2UUY_lig
lightdock	luciferin_score	5.85729	2UUY_rec	2UUY_lig
lightdock	luciferin_score	5.69075	2UUY_rec	2UUY_lig
lightdock	luciferin_score	5.6779	2UUY_rec	2UUY_lig
lightdock	luciferin_score	5.51625	2UUY_rec	2UUY_lig
lightdock	luciferin_score	5.45211	2UUY_rec	2UUY_lig
lightdock	luciferin_score	5.38662	2UUY_rec	2UUY_lig
lightdock	luciferin_score	5.25782	2UUY_rec	2UUY_lig
lightdock	luciferin_score	4.88652	2UUY_rec	2UUY_lig
lightdock	luciferin_score	2.83088	2UUY_rec	2UUY_lig
lightdock	luciferin_score	0.5702	2UUY_rec	2UUY_lig
lightdock	luciferin_score	-1.57444	2UUY_rec	2UUY_lig
lightdock	luciferin_score	-1.70932	2UUY_rec	2UUY_lig
lightdock	luciferin_score	-2.29874	2UUY_rec	2UUY_lig
lightdock	luciferin_score	-5.88913	2UUY_rec	2UUY_lig
lightdock	luciferin_score	-6.55823	2UUY_rec	2UUY_lig
lightdock	luciferin_score	-7.71641	2UUY_rec	2UUY_lig
lightdock	luciferin_score	-7.86186	2UUY_rec	2UUY_lig
lightdock	luciferin_score	-9.81375	2UUY_rec	2UUY_lig
lightdock	luciferin_score	-13.34009	2UUY_rec	2UUY_lig
lightdock	luciferin_score	-13.36395	2UUY_rec	2UUY_lig
lightdock	luciferin_score	-17.43973	2UUY_rec	2UUY_lig
lightdock	luciferin_score	-18.37568	2UUY_rec	2UUY_lig
lightdock	luciferin_score	-20.45599	2UUY_rec	2UUY_lig
lightdock	luciferin_score	-22.2715	2UUY_rec	2UUY_lig
lightdock	luciferin_score	-55.85374	2UUY_rec	2UUY_lig
lightdock	luciferin_score	18.32965	2UUY_rec	2UUY_lig
lightdock	luciferin_score	17.16979	2UUY_rec	2UUY_lig
lightdock	luciferin_score	16.29189	2UUY_rec	2UUY_lig
lightdock	luciferin_score	15.21615	2UUY_rec	2UUY_lig
lightdock	luciferin_score	14.25522	2UUY_rec	2UUY_lig
lightdock	luciferin_score	14.07322	2UUY_rec	2UUY_lig
lightdock	luciferin_score	13.70499	2UUY_rec	2UUY_lig
lightdock	luciferin_score	12.73317	2UUY_rec	2UUY_lig
lightdock	luciferin_score	12.50382	2UUY_rec	2UUY_lig
lightdock	luciferin_score	12.1998	2UUY_rec	2UUY_lig
lightdock	luciferin_score	12.10035	2UUY_rec	2UUY_lig
lightdock	luciferin_score	12.019	2UUY_rec	2UUY_lig
lightdock	luciferin_score	12.01136	2UUY_rec	2UUY_lig
lightdock	luciferin_score	11.73393	2UUY_rec	2UUY_lig
lightdock	luciferin_score	11.27528	2UUY_rec	2UUY_lig
lightdock	luciferin_score	11.24396	2UUY_rec	2UUY_lig
lightdock	luciferin_score	11.14936	2UUY_rec	2UUY_lig
lightdock	luciferin_score	10.95356	2UUY_rec	2UUY_lig
lightdock	luciferin_score	10.95102	2UUY_rec	2UUY_lig
lightdock	luciferin_score	10.31839	2UUY_rec	2UUY_lig
lightdock	luciferin_score	10.23261	2UUY_rec	2UUY_lig
lightdock	luciferin_score	10.11963	2UUY_rec	2UUY_lig
lightdock	luciferin_score	10.0532	2UUY_rec	2UUY_lig
lightdock	luciferin_score	9.49041	2UUY_rec	2UUY_lig
lightdock	luciferin_score	9.30991	2UUY_rec	2UUY_lig
lightdock	luciferin_score	9.2831	2UUY_rec	2UUY_lig
lightdock	luciferin_score	9.15615	2UUY_rec	2UUY_lig
lightdock	luciferin_score	8.85341	2UUY_rec	2UUY_lig
lightdock	luciferin_score	8.63272	2UUY_rec	2UUY_lig
lightdock	luciferin_score	8.44445	2UUY_rec	2UUY_lig
lightdock	luciferin_score	8.19574	2UUY_rec	2UUY_lig
lightdock	luciferin_score	8.12342	2UUY_rec	2UUY_lig
lightdock	luciferin_score	8.04205	2UUY_rec	2UUY_lig
lightdock	luciferin_score	7.85684	2UUY_rec	2UUY_lig
lightdock	luciferin_score	7.60409	2UUY_rec	2UUY_lig
lightdock	luciferin_score	7.15352	2UUY_rec	2UUY_lig
lightdock	luciferin_score	6.31529	2UUY_rec	2UUY_lig
lightdock	luciferin_score	6.24413	2UUY_rec	2UUY_lig
lightdock	luciferin_score	5.93217	2UUY_rec	2UUY_lig
lightdock	luciferin_score	5.77575	2UUY_rec	2UUY_lig
lightdock	luciferin_score	5.3785	2UUY_rec	2UUY_lig
lightdock	luciferin_score	3.75634	2UUY_rec	2UUY_lig
lightdock	luciferin_score	2.65663	2UUY_rec	2UUY_lig
lightdock	luciferin_score	2.56302	2UUY_rec	2UUY_lig
lightdock	luciferin_score	1.85919	2UUY_rec	2UUY_lig
lightdock	luciferin_score	0.51191	2UUY_rec	2UUY_lig
lightdock	luciferin_score	0.41466	2UUY_rec	2UUY_lig
lightdock	luciferin_score	-0.12824	2UUY_rec	2UUY_lig
lightdock	luciferin_score	-0.56945	2UUY_rec	2UUY_lig
lightdock	luciferin_score	-0.81912	2UUY_rec	2UUY_lig
lightdock	luciferin_score	-2.05233	2UUY_rec	2UUY_lig
lightdock	luciferin_score	-3.01766	2UUY_rec	2UUY_lig
lightdock	luciferin_score	-6.83493	2UUY_rec	2UUY_lig
lightdock	luciferin_score	-6.89954	2UUY_rec	2UUY_lig
lightdock	luciferin_score	-8.08402	2UUY_rec	2UUY_lig
lightdock	luciferin_score	-8.61073	2UUY_rec	2UUY_lig
lightdock	luciferin_score	-9.4498	2UUY_rec	2UUY_lig
lightdock	luciferin_score	-16.26108	2UUY_rec	2UUY_lig
lightdock	luciferin_score	-20.11052	2UUY_rec	2UUY_lig
lightdock	luciferin_score	-25.20383	2UUY_rec	2UUY_lig
lightdock	luciferin_score	-33.78888	2UUY_rec	2UUY_lig
lightdock	luciferin_score	-40.70397	2UUY_rec	2UUY_lig
lightdock	luciferin_score	-50.43065	2UUY_rec	2UUY_lig
lightdock	luciferin_score	-62.79657	2UUY_rec	2UUY_lig
lightdock	luciferin_score	-100.43141	2UUY_rec	2UUY_lig
lightdock	luciferin_score	14.03185	2UUY_rec	2UUY_lig
lightdock	luciferin_score	11.71938	2UUY_rec	2UUY_lig
lightdock	luciferin_score	11.52109	2UUY_rec	2UUY_lig
lightdock	luciferin_score	11.3361	2UUY_rec	2UUY_lig
lightdock	luciferin_score	11.29573	2UUY_rec	2UUY_lig
lightdock	luciferin_score	10.68511	2UUY_rec	2UUY_lig
lightdock	luciferin_score	10.59329	2UUY_rec	2UUY_lig
lightdock	luciferin_score	10.35136	2UUY_rec	2UUY_lig
lightdock	luciferin_score	10.24313	2UUY_rec	2UUY_lig
lightdock	luciferin_score	10.17462	2UUY_rec	2UUY_lig
lightdock	luciferin_score	10.03863	2UUY_rec	2UUY_lig
lightdock	luciferin_score	9.98085	2UUY_rec	2UUY_lig
lightdock	luciferin_score	9.82405	2UUY_rec	2UUY_lig
lightdock	luciferin_score	9.27555	2UUY_rec	2UUY_lig
lightdock	luciferin_score	9.1946	2UUY_rec	2UUY_lig
lightdock	luciferin_score	9.07113	2UUY_rec	2UUY_lig
lightdock	luciferin_score	9.02513	2UUY_rec	2UUY_lig
lightdock	luciferin_score	8.77308	2UUY_rec	2UUY_lig
lightdock	luciferin_score	8.74128	2UUY_rec	2UUY_lig
lightdock	luciferin_score	8.72609	2UUY_rec	2UUY_lig
lightdock	luciferin_score	8.56526	2UUY_rec	2UUY_lig
lightdock	luciferin_score	8.5192	2UUY_rec	2UUY_lig
lightdock	luciferin_score	8.45426	2UUY_rec	2UUY_lig
lightdock	luciferin_score	8.37931	2UUY_rec	2UUY_lig
lightdock	luciferin_score	8.33277	2UUY_rec	2UUY_lig
lightdock	luciferin_score	8.2809	2UUY_rec	2UUY_lig
lightdock	luciferin_score	8.12053	2UUY_rec	2UUY_lig
lightdock	luciferin_score	8.06877	2UUY_rec	2UUY_lig
lightdock	luciferin_score	8.02231	2UUY_rec	2UUY_lig
lightdock	luciferin_score	7.89041	2UUY_rec	2UUY_lig
lightdock	luciferin_score	7.77045	2UUY_rec	2UUY_lig
lightdock	luciferin_score	7.75583	2UUY_rec	2UUY_lig
lightdock	luciferin_score	7.61442	2UUY_rec	2UUY_lig
lightdock	luciferin_score	7.42334	2UUY_rec	2UUY_lig
lightdock	luciferin_score	7.18234	2UUY_rec	2UUY_lig
lightdock	luciferin_score	6.96865	2UUY_rec	2UUY_lig
lightdock	luciferin_score	6.72829	2UUY_rec	2UUY_lig
lightdock	luciferin_score	6.56566	2UUY_rec	2UUY_lig
lightdock	luciferin_score	6.47923	2UUY_rec	2UUY_lig
lightdock	luciferin_score	6.46292	2UUY_rec	2UUY_lig
lightdock	luciferin_score	6.37885	2UUY_rec	2UUY_lig
lightdock	luciferin_score	6.37785	2UUY_rec	2UUY_lig
lightdock	luciferin_score	6.37574	2UUY_rec	2UUY_lig
lightdock	luciferin_score	6.26298	2UUY_rec	2UUY_lig
lightdock	luciferin_score	6.10914	2UUY_rec	2UUY_lig
lightdock	luciferin_score	6.04864	2UUY_rec	2UUY_lig
lightdock	luciferin_score	5.90399	2UUY_rec	2UUY_lig
lightdock	luciferin_score	5.80717	2UUY_rec	2UUY_lig
lightdock	luciferin_score	5.65118	2UUY_rec	2UUY_lig
lightdock	luciferin_score	5.52467	2UUY_rec	2UUY_lig
lightdock	luciferin_score	5.51686	2UUY_rec	2UUY_lig
lightdock	luciferin_score	5.37718	2UUY_rec	2UUY_lig
lightdock	luciferin_score	5.32211	2UUY_rec	2UUY_lig
lightdock	luciferin_score	4.97544	2UUY_rec	2UUY_lig
lightdock	luciferin_score	4.95459	2UUY_rec	2UUY_lig
lightdock	luciferin_score	3.48458	2UUY_rec	2UUY_lig
lightdock	luciferin_score	3.36618	2UUY_rec	2UUY_lig
lightdock	luciferin_score	2.50432	2UUY_rec	2UUY_lig
lightdock	luciferin_score	2.29841	2UUY_rec	2UUY_lig
lightdock	luciferin_score	1.3792	2UUY_rec	2UUY_lig
lightdock	luciferin_score	-0.22739	2UUY_rec	2UUY_lig
lightdock	luciferin_score	-1.27438	2UUY_rec	2UUY_lig
lightdock	luciferin_score	-2.24959	2UUY_rec	2UUY_lig
lightdock	luciferin_score	-4.08397	2UUY_rec	2UUY_lig
lightdock	luciferin_score	-6.83785	2UUY_rec	2UUY_lig
lightdock	luciferin_score	-9.62713	2UUY_rec	2UUY_lig
lightdock	luciferin_score	-14.67072	2UUY_rec	2UUY_lig
lightdock	luciferin_score	-26.50414	2UUY_rec	2UUY_lig
lightdock	luciferin_score	-45.52896	2UUY_rec	2UUY_lig
lightdock	luciferin_score	-62.51077	2UUY_rec	2UUY_lig
lightdock	luciferin_score	18.09607	2UUY_rec	2UUY_lig
lightdock	luciferin_score	16.05252	2UUY_rec	2UUY_lig
lightdock	luciferin_score	14.14317	2UUY_rec	2UUY_lig
lightdock	luciferin_score	13.25877	2UUY_rec	2UUY_lig
lightdock	luciferin_score	13.24668	2UUY_rec	2UUY_lig
lightdock	luciferin_score	12.86972	2UUY_rec	2UUY_lig
lightdock	luciferin_score	12.61625	2UUY_rec	2UUY_lig
lightdock	luciferin_score	12.60819	2UUY_rec	2UUY_lig
lightdock	luciferin_score	12.21846	2UUY_rec	2UUY_lig
lightdock	luciferin_score	12.21688	2UUY_rec	2UUY_lig
lightdock	luciferin_score	12.09273	2UUY_rec	2UUY_lig
lightdock	luciferin_score	11.92341	2UUY_rec	2UUY_lig
lightdock	luciferin_score	11.37018	2UUY_rec	2UUY_lig
lightdock	luciferin_score	11.31789	2UUY_rec	2UUY_lig
lightdock	luciferin_score	11.28992	2UUY_rec	2UUY_lig
lightdock	luciferin_score	10.31141	2UUY_rec	2UUY_lig
lightdock	luciferin_score	9.99216	2UUY_rec	2UUY_lig
lightdock	luciferin_score	9.22654	2UUY_rec	2UUY_lig
lightdock	luciferin_score	9.2028	2UUY_rec	2UUY_lig
lightdock	luciferin_score	9.18112	2UUY_rec	2UUY_lig
lightdock	luciferin_score	9.01987	2UUY_rec	2UUY_lig
lightdock	luciferin_score	8.94372	2UUY_rec	2UUY_lig
lightdock	luciferin_score	8.80075	2UUY_rec	2UUY_lig
lightdock	luciferin_score	8.59466	2UUY_rec	2UUY_lig
lightdock	luciferin_score	8.51019	2UUY_rec	2UUY_lig
lightdock	luciferin_score	8.17757	2UUY_rec	2UUY_lig
lightdock	luciferin_score	8.16846	2UUY_rec	2UUY_lig
lightdock	luciferin_score	8.1209	2UUY_rec	2UUY_lig
lightdock	luciferin_score	7.97913	2UUY_rec	2UUY_lig
lightdock	luciferin_score	7.90598	2UUY_rec	2UUY_lig
lightdock	luciferin_score	7.78756	2UUY_rec	2UUY_lig
lightdock	luciferin_score	7.75477	2UUY_rec	2UUY_lig
lightdock	luciferin_score	7.71971	2UUY_rec	2UUY_lig
lightdock	luciferin_score	7.62101	2UUY_rec	2UUY_lig
lightdock	luciferin_score	7.40674	2UUY_rec	2UUY_lig
lightdock	luciferin_score	7.2274	2UUY_rec	2UUY_lig
lightdock	luciferin_score	6.97235	2UUY_rec	2UUY_lig
lightdock	luciferin_score	6.93526	2UUY_rec	2UUY_lig
lightdock	luciferin_score	6.92898	2UUY_rec	2UUY_lig
lightdock	luciferin_score	6.65601	2UUY_rec	2UUY_lig
lightdock	luciferin_score	6.61816	2UUY_rec	2UUY_lig
lightdock	luciferin_score	6.4725	2UUY_rec	2UUY_lig
lightdock	luciferin_score	6.18582	2UUY_rec	2UUY_lig
lightdock	luciferin_score	5.82267	2UUY_rec	2UUY_lig
lightdock	luciferin_score	5.8012	2UUY_rec	2UUY_lig
lightdock	luciferin_score	5.41879	2UUY_rec	2UUY_lig
lightdock	luciferin_score	5.10858	2UUY_rec	2UUY_lig
lightdock	luciferin_score	5.0857	2UUY_rec	2UUY_lig
lightdock	luciferin_score	5.07601	2UUY_rec	2UUY_lig
lightdock	luciferin_score	4.99402	2UUY_rec	2UUY_lig
lightdock	luciferin_score	4.9769	2UUY_rec	2UUY_lig
lightdock	luciferin_score	4.61287	2UUY_rec	2UUY_lig
lightdock	luciferin_score	3.86362	2UUY_rec	2UUY_lig
lightdock	luciferin_score	1.71814	2UUY_rec	2UUY_lig
lightdock	luciferin_score	0.82251	2UUY_rec	2UUY_lig
lightdock	luciferin_score	-2.11618	2UUY_rec	2UUY_lig
lightdock	luciferin_score	-4.10282	2UUY_rec	2UUY_lig
lightdock	luciferin_score	-4.43299	2UUY_rec	2UUY_lig
lightdock	luciferin_score	-5.06908	2UUY_rec	2UUY_lig
lightdock	luciferin_score	-7.05032	2UUY_rec	2UUY_lig
lightdock	luciferin_score	-9.46283	2UUY_rec	2UUY_lig
lightdock	luciferin_score	-10.12262	2UUY_rec	2UUY_lig
lightdock	luciferin_score	-10.63922	2UUY_rec	2UUY_lig
lightdock	luciferin_score	-12.4437	2UUY_rec	2UUY_lig
lightdock	luciferin_score	-16.81524	2UUY_rec	2UUY_lig
lightdock	luciferin_score	-18.87301	2UUY_rec	2UUY_lig
lightdock	luciferin_score	-22.27918	2UUY_rec	2UUY_lig
lightdock	luciferin_score	-22.51608	2UUY_rec	2UUY_lig
lightdock	luciferin_score	-23.10856	2UUY_rec	2UUY_lig
lightdock	luciferin_score	-34.41923	2UUY_rec	2UUY_lig
lightdock	luciferin_score	-36.80073	2UUY_rec	2UUY_lig
lightdock	luciferin_score	-38.58779	2UUY_rec	2UUY_lig
lightdock	luciferin_score	-39.01745	2UUY_rec	2UUY_lig
lightdock	luciferin_score	-58.15623	2UUY_rec	2UUY_lig
lightdock	luciferin_score	-60.39117	2UUY_rec	2UUY_lig
lightdock	luciferin_score	18.43663	2UUY_rec	2UUY_lig
lightdock	luciferin_score	15.53353	2UUY_rec	2UUY_lig
lightdock	luciferin_score	14.29942	2UUY_rec	2UUY_lig
lightdock	luciferin_score	14.12679	2UUY_rec	2UUY_lig
lightdock	luciferin_score	14.09168	2UUY_rec	2UUY_lig
lightdock	luciferin_score	14.05631	2UUY_rec	2UUY_lig
lightdock	luciferin_score	12.49844	2UUY_rec	2UUY_lig
lightdock	luciferin_score	12.41478	2UUY_rec	2UUY_lig
lightdock	luciferin_score	11.36212	2UUY_rec	2UUY_lig
lightdock	luciferin_score	11.00177	2UUY_rec	2UUY_lig
lightdock	luciferin_score	10.80555	2UUY_rec	2UUY_lig
lightdock	luciferin_score	10.57686	2UUY_rec	2UUY_lig
lightdock	luciferin_score	10.49211	2UUY_rec	2UUY_lig
lightdock	luciferin_score	10.34823	2UUY_rec	2UUY_lig
lightdock	luciferin_score	10.21743	2UUY_rec	2UUY_lig
lightdock	luciferin_score	10.102	2UUY_rec	2UUY_lig
lightdock	luciferin_score	10.08044	2UUY_rec	2UUY_lig
lightdock	luciferin_score	10.05732	2UUY_rec	2UUY_lig
lightdock	luciferin_score	10.05548	2UUY_rec	2UUY_lig
lightdock	luciferin_score	9.70943	2UUY_rec	2UUY_lig
lightdock	luciferin_score	9.68196	2UUY_rec	2UUY_lig
lightdock	luciferin_score	9.23867	2UUY_rec	2UUY_lig
lightdock	luciferin_score	9.20396	2UUY_rec	2UUY_lig
lightdock	luciferin_score	9.13617	2UUY_rec	2UUY_lig
lightdock	luciferin_score	8.7162	2UUY_rec	2UUY_lig
lightdock	luciferin_score	8.69335	2UUY_rec	2UUY_lig
lightdock	luciferin_score	8.50278	2UUY_rec	2UUY_lig
lightdock	luciferin_score	8.39743	2UUY_rec	2UUY_lig
lightdock	luciferin_score	8.32523	2UUY_rec	2UUY_lig
lightdock	luciferin_score	8.20952	2UUY_rec	2UUY_lig
lightdock	luciferin_score	8.19951	2UUY_rec	2UUY_lig
lightdock	luciferin_score	7.97947	2UUY_rec	2UUY_lig
lightdock	luciferin_score	7.95665	2UUY_rec	2UUY_lig
lightdock	luciferin_score	7.94627	2UUY_rec	2UUY_lig
lightdock	luciferin_score	7.34986	2UUY_rec	2UUY_lig
lightdock	luciferin_score	6.87513	2UUY_rec	2UUY_lig
lightdock	luciferin_score	6.44035	2UUY_rec	2UUY_lig
lightdock	luciferin_score	6.32609	2UUY_rec	2UUY_lig
lightdock	luciferin_score	5.45754	2UUY_rec	2UUY_lig
lightdock	luciferin_score	5.45368	2UUY_rec	2UUY_lig
lightdock	luciferin_score	5.28723	2UUY_rec	2UUY_lig
lightdock	luciferin_score	4.41528	2UUY_rec	2UUY_lig
lightdock	luciferin_score	4.37793	2UUY_rec	2UUY_lig
lightdock	luciferin_score	3.96132	2UUY_rec	2UUY_lig
lightdock	luciferin_score	3.18208	2UUY_rec	2UUY_lig
lightdock	luciferin_score	2.44969	2UUY_rec	2UUY_lig
lightdock	luciferin_score	0.3221	2UUY_rec	2UUY_lig
lightdock	luciferin_score	-0.35886	2UUY_rec	2UUY_lig
lightdock	luciferin_score	-2.0306	2UUY_rec	2UUY_lig
lightdock	luciferin_score	-3.30341	2UUY_rec	2UUY_lig
lightdock	luciferin_score	-4.05782	2UUY_rec	2UUY_lig
lightdock	luciferin_score	-6.37111	2UUY_rec	2UUY_lig
lightdock	luciferin_score	-7.95473	2UUY_rec	2UUY_lig
lightdock	luciferin_score	-8.53682	2UUY_rec	2UUY_lig
lightdock	luciferin_score	-10.79411	2UUY_rec	2UUY_lig
lightdock	luciferin_score	-14.24555	2UUY_rec	2UUY_lig
lightdock	luciferin_score	-14.55429	2UUY_rec	2UUY_lig
lightdock	luciferin_score	-17.12057	2UUY_rec	2UUY_lig
lightdock	luciferin_score	-20.37656	2UUY_rec	2UUY_lig
lightdock	luciferin_score	-21.73013	2UUY_rec	2UUY_lig
lightdock	luciferin_score	-25.84928	2UUY_rec	2UUY_lig
lightdock	luciferin_score	-28.8356	2UUY_rec	2UUY_lig
lightdock	luciferin_score	-42.44863	2UUY_rec	2UUY_lig
lightdock	luciferin_score	-47.27152	2UUY_rec	2UUY_lig
lightdock	luciferin_score	-48.59427	2UUY_rec	2UUY_lig
lightdock	luciferin_score	14.73173	2UUY_rec	2UUY_lig
lightdock	luciferin_score	14.20668	2UUY_rec	2UUY_lig
lightdock	luciferin_score	13.76208	2UUY_rec	2UUY_lig
lightdock	luciferin_score	13.18964	2UUY_rec	2UUY_lig
lightdock	luciferin_score	12.54789	2UUY_rec	2UUY_lig
lightdock	luciferin_score	12.35136	2UUY_rec	2UUY_lig
lightdock	luciferin_score	12.20698	2UUY_rec	2UUY_lig
lightdock	luciferin_score	12.06906	2UUY_rec	2UUY_lig
lightdock	luciferin_score	11.80928	2UUY_rec	2UUY_lig
lightdock	luciferin_score	11.58205	2UUY_rec	2UUY_lig
lightdock	luciferin_score	11.53916	2UUY_rec	2UUY_lig
lightdock	luciferin_score	11.1636	2UUY_rec	2UUY_lig
lightdock	luciferin_score	10.82253	2UUY_rec	2UUY_lig
lightdock	luciferin_score	10.64624	2UUY_rec	2UUY_lig
lightdock	luciferin_score	10.41292	2UUY_rec	2UUY_lig
lightdock	luciferin_score	9.99039	2UUY_rec	2UUY_lig
lightdock	luciferin_score	9.88632	2UUY_rec	2UUY_lig
lightdock	luciferin_score	9.59371	2UUY_rec	2UUY_lig
lightdock	luciferin_score	9.58541	2UUY_rec	2UUY_lig
lightdock	luciferin_score	9.55283	2UUY_rec	2UUY_lig
lightdock	luciferin_score	9.43033	2UUY_rec	2UUY_lig
lightdock	luciferin_score	9.17261	2UUY_rec	2UUY_lig
lightdock	luciferin_score	8.79725	2UUY_rec	2UUY_lig
lightdock	luciferin_score	8.74998	2UUY_rec	2UUY_lig
lightdock	luciferin_score	8.74389	2UUY_rec	2UUY_lig
lightdock	luciferin_score	8.66173	2UUY_rec	2UUY_lig
lightdock	luciferin_score	8.64756	2UUY_rec	2UUY_lig
lightdock	luciferin_score	8.38736	2UUY_rec	2UUY_lig
lightdock	luciferin_score	8.34887	2UUY_rec	2UUY_lig
lightdock	luciferin_score	8.0991	2UUY_rec	2UUY_lig
lightdock	luciferin_score	7.44694	2UUY_rec	2UUY_lig
lightdock	luciferin_score	7.23532	2UUY_rec	2UUY_lig
lightdock	luciferin_score	7.23149	2UUY_rec	2UUY_lig
lightdock	luciferin_score	7.22894	2UUY_rec	2UUY_lig
lightdock	luciferin_score	7.11779	2UUY_rec	2UUY_lig
lightdock	luciferin_score	6.66988	2UUY_rec	2UUY_lig
lightdock	luciferin_score	6.44498	2UUY_rec	2UUY_lig
lightdock	luciferin_score	6.27422	2UUY_rec	2UUY_lig
lightdock	luciferin_score	6.17719	2UUY_rec	2UUY_lig
lightdock	luciferin_score	5.98037	2UUY_rec	2UUY_lig
lightdock	luciferin_score	5.22468	2UUY_rec	2UUY_lig
lightdock	luciferin_score	2.69674	2UUY_rec	2UUY_lig
lightdock	luciferin_score	2.20362	2UUY_rec	2UUY_lig
lightdock	luciferin_score	1.13194	2UUY_rec	2UUY_lig
lightdock	luciferin_score	0.45888	2UUY_rec	2UUY_lig
lightdock	luciferin_score	-0.11818	2UUY_rec	2UUY_lig
lightdock	luciferin_score	-1.53424	2UUY_rec	2UUY_lig
lightdock	luciferin_score	-2.69138	2UUY_rec	2UUY_lig
lightdock	luciferin_score	-2.85957	2UUY_rec	2UUY_lig
lightdock	luciferin_score	-4.72522	2UUY_rec	2UUY_lig
lightdock	luciferin_score	-5.10907	2UUY_rec	2UUY_lig
lightdock	luciferin_score	-5.73026	2UUY_rec	2UUY_lig
lightdock	luciferin_score	-9.58668	2UUY_rec	2UUY_lig
lightdock	luciferin_score	-10.2843	2UUY_rec	2UUY_lig
lightdock	luciferin_score	-20.08654	2UUY_rec	2UUY_lig
lightdock	luciferin_score	-27.31995	2UUY_rec	2UUY_lig
lightdock	luciferin_score	-33.32259	2UUY_rec	2UUY_lig
lightdock	luciferin_score	-37.40863	2UUY_rec	2UUY_lig
lightdock	luciferin_score	-51.19348	2UUY_rec	2UUY_lig
lightdock	luciferin_score	-53.21815	2UUY_rec	2UUY_lig
lightdock	luciferin_score	-54.01292	2UUY_rec	2UUY_lig
lightdock	luciferin_score	-55.64885	2UUY_rec	2UUY_lig
lightdock	luciferin_score	16.36056	2UUY_rec	2UUY_lig
lightdock	luciferin_score	13.67453	2UUY_rec	2UUY_lig
lightdock	luciferin_score	12.90851	2UUY_rec	2UUY_lig
lightdock	luciferin_score	12.74957	2UUY_rec	2UUY_lig
lightdock	luciferin_score	12.51259	2UUY_rec	2UUY_lig
lightdock	luciferin_score	11.36748	2UUY_rec	2UUY_lig
lightdock	luciferin_score	11.18425	2UUY_rec	2UUY_lig
lightdock	luciferin_score	11.07705	2UUY_rec	2UUY_lig
lightdock	luciferin_score	10.667	2UUY_rec	2UUY_lig
lightdock	luciferin_score	10.20572	2UUY_rec	2UUY_lig
lightdock	luciferin_score	10.19987	2UUY_rec	2UUY_lig
lightdock	luciferin_score	9.84926	2UUY_rec	2UUY_lig
lightdock	luciferin_score	9.61541	2UUY_rec	2UUY_lig
lightdock	luciferin_score	9.35501	2UUY_rec	2UUY_lig
lightdock	luciferin_score	9.04099	2UUY_rec	2UUY_lig
lightdock	luciferin_score	8.96861	2UUY_rec	2UUY_lig
lightdock	luciferin_score	8.8676	2UUY_rec	2UUY_lig
lightdock	luciferin_score	8.55214	2UUY_rec	2UUY_lig
lightdock	luciferin_score	8.48017	2UUY_rec	2UUY_lig
lightdock	luciferin_score	8.26965	2UUY_rec	2UUY_lig
lightdock	luciferin_score	8.19173	2UUY_rec	2UUY_lig
lightdock	luciferin_score	7.98993	2UUY_rec	2UUY_lig
lightdock	luciferin_score	7.80051	2UUY_rec	2UUY_lig
lightdock	luciferin_score	7.59724	2UUY_rec	2UUY_lig
lightdock	luciferin_score	7.43797	2UUY_rec	2UUY_lig
lightdock	luciferin_score	7.34442	2UUY_rec	2UUY_lig
lightdock	luciferin_score	7.2679	2UUY_rec	2UUY_lig
lightdock	luciferin_score	7.2196	2UUY_rec	2UUY_lig
lightdock	luciferin_score	7.08578	2UUY_rec	2UUY_lig
lightdock	luciferin_score	6.83255	2UUY_rec	2UUY_lig
lightdock	luciferin_score	6.34769	2UUY_rec	2UUY_lig
lightdock	luciferin_score	6.30734	2UUY_rec	2UUY_lig
lightdock	luciferin_score	5.86967	2UUY_rec	2UUY_lig
lightdock	luciferin_score	5.84174	2UUY_rec	2UUY_lig
lightdock	luciferin_score	5.76924	2UUY_rec	2UUY_lig
lightdock	luciferin_score	5.74439	2UUY_rec	2UUY_lig
lightdock	luciferin_score	5.63152	2UUY_rec	2UUY_lig
lightdock	luciferin_score	5.59811	2UUY_rec	2UUY_lig
lightdock	luciferin_score	5.29088	2UUY_rec	2UUY_lig
lightdock	luciferin_score	5.10994	2UUY_rec	2UUY_lig
lightdock	luciferin_score	4.95434	2UUY_rec	2UUY_lig
lightdock	luciferin_score	4.10372	2UUY_rec	2UUY_lig
lightdock	luciferin_score	3.84612	2UUY_rec	2UUY_lig
lightdock	luciferin_score	3.3849	2UUY_rec	2UUY_lig
lightdock	luciferin_score	2.99971	2UUY_rec	2UUY_lig
lightdock	luciferin_score	2.81218	2UUY_rec	2UUY_lig
lightdock	luciferin_score	2.24051	2UUY_rec	2UUY_lig
lightdock	luciferin_score	-0.71752	2UUY_rec	2UUY_lig
lightdock	luciferin_score	-2.29299	2UUY_rec	2UUY_lig
lightdock	luciferin_score	-2.36733	2UUY_rec	2UUY_lig
lightdock	luciferin_score	-3.4674	2UUY_rec	2UUY_lig
lightdock	luciferin_score	-4.96231	2UUY_rec	2UUY_lig
lightdock	luciferin_score	-6.69243	2UUY_rec	2UUY_lig
lightdock	luciferin_score	-8.16098	2UUY_rec	2UUY_lig
lightdock	luciferin_score	-10.64706	2UUY_rec	2UUY_lig
lightdock	luciferin_score	-13.00819	2UUY_rec	2UUY_lig
lightdock	luciferin_score	-14.35386	2UUY_rec	2UUY_lig
lightdock	luciferin_score	-15.46111	2UUY_rec	2UUY_lig
lightdock	luciferin_score	-17.33356	2UUY_rec	2UUY_lig
lightdock	luciferin_score	-19.92039	2UUY_rec	2UUY_lig
lightdock	luciferin_score	-27.00297	2UUY_rec	2UUY_lig
lightdock	luciferin_score	-33.4164	2UUY_rec	2UUY_lig
lightdock	luciferin_score	-33.53091	2UUY_rec	2UUY_lig
lightdock	luciferin_score	-33.66402	2UUY_rec	2UUY_lig
lightdock	luciferin_score	-39.55508	2UUY_rec	2UUY_lig
lightdock	luciferin_score	-41.4409	2UUY_rec	2UUY_lig
lightdock	luciferin_score	-42.99552	2UUY_rec	2UUY_lig
lightdock	luciferin_score	-55.22174	2UUY_rec	2UUY_lig
lightdock	luciferin_score	-59.39504	2UUY_rec	2UUY_lig
lightdock	luciferin_score	-61.50997	2UUY_rec	2UUY_lig
lightdock	luciferin_score	19.09634	2UUY_rec	2UUY_lig
lightdock	luciferin_score	18.45122	2UUY_rec	2UUY_lig
lightdock	luciferin_score	14.2982	2UUY_rec	2UUY_lig
lightdock	luciferin_score	13.41061	2UUY_rec	2UUY_lig
lightdock	luciferin_score	13.09758	2UUY_rec	2UUY_lig
lightdock	luciferin_score	12.67768	2UUY_rec	2UUY_lig
lightdock	luciferin_score	12.46668	2UUY_rec	2UUY_lig
lightdock	luciferin_score	12.16449	2UUY_rec	2UUY_lig
lightdock	luciferin_score	12.13798	2UUY_rec	2UUY_lig
lightdock	luciferin_score	12.0161	2UUY_rec	2UUY_lig
lightdock	luciferin_score	11.91676	2UUY_rec	2UUY_lig
lightdock	luciferin_score	11.73047	2UUY_rec	2UUY_lig
lightdock	luciferin_score	11.41056	2UUY_rec	2UUY_lig
lightdock	luciferin_score	11.20871	2UUY_rec	2UUY_lig
lightdock	luciferin_score	10.45224	2UUY_rec	2UUY_lig
lightdock	luciferin_score	10.39784	2UUY_rec	2UUY_lig
lightdock	luciferin_score	10.29367	2UUY_rec	2UUY_lig
lightdock	luciferin_score	10.1089	2UUY_rec	2UUY_lig
lightdock	luciferin_score	9.98908	2UUY_rec	2UUY_lig
lightdock	luciferin_score	9.84986	2UUY_rec	2UUY_lig
lightdock	luciferin_score	9.75202	2UUY_rec	2UUY_lig
lightdock	luciferin_score	9.6419	2UUY_rec	2UUY_lig
lightdock	luciferin_score	9.62827	2UUY_rec	2UUY_lig
lightdock	luciferin_score	9.44333	2UUY_rec	2UUY_lig
lightdock	luciferin_score	9.29615	2UUY_rec	2UUY_lig
lightdock	luciferin_score	9.05653	2UUY_rec	2UUY_lig
lightdock	luciferin_score	9.02287	2UUY_rec	2UUY_lig
lightdock	luciferin_score	8.88426	2UUY_rec	2UUY_lig
lightdock	luciferin_score	8.7305	2UUY_rec	2UUY_lig
lightdock	luciferin_score	8.68756	2UUY_rec	2UUY_lig
lightdock	luciferin_score	8.6143	2UUY_rec	2UUY_lig
lightdock	luciferin_score	8.50994	2UUY_rec	2UUY_lig
lightdock	luciferin_score	8.41237	2UUY_rec	2UUY_lig
lightdock	luciferin_score	8.40503	2UUY_rec	2UUY_lig
lightdock	luciferin_score	8.32954	2UUY_rec	2UUY_lig
lightdock	luciferin_score	8.10387	2UUY_rec	2UUY_lig
lightdock	luciferin_score	8.05355	2UUY_rec	2UUY_lig
lightdock	luciferin_score	7.8346	2UUY_rec	2UUY_lig
lightdock	luciferin_score	7.41906	2UUY_rec	2UUY_lig
lightdock	luciferin_score	6.96318	2UUY_rec	2UUY_lig
lightdock	luciferin_score	6.48536	2UUY_rec	2UUY_lig
lightdock	luciferin_score	6.12524	2UUY_rec	2UUY_lig
lightdock	luciferin_score	6.07177	2UUY_rec	2UUY_lig
lightdock	luciferin_score	5.93886	2UUY_rec	2UUY_lig
lightdock	luciferin_score	5.92878	2UUY_rec	2UUY_lig
lightdock	luciferin_score	5.54901	2UUY_rec	2UUY_lig
lightdock	luciferin_score	5.53372	2UUY_rec	2UUY_lig
lightdock	luciferin_score	5.48825	2UUY_rec	2UUY_lig
lightdock	luciferin_score	4.91604	2UUY_rec	2UUY_lig
lightdock	luciferin_score	3.9041	2UUY_rec	2UUY_lig
lightdock	luciferin_score	2.94976	2UUY_rec	2UUY_lig
lightdock	luciferin_score	1.36167	2UUY_rec	2UUY_lig
lightdock	luciferin_score	0.19294	2UUY_rec	2UUY_lig
lightdock	luciferin_score	-0.79402	2UUY_rec	2UUY_lig
lightdock	luciferin_score	-1.33551	2UUY_rec	2UUY_lig
lightdock	luciferin_score	-3.57343	2UUY_rec	2UUY_lig
lightdock	luciferin_score	-6.69838	2UUY_rec	2UUY_lig
lightdock	luciferin_score	-8.44841	2UUY_rec	2UUY_lig
lightdock	luciferin_score	-9.13827	2UUY_rec	2UUY_lig
lightdock	luciferin_score	-17.02904	2UUY_rec	2UUY_lig
lightdock	luciferin_score	-24.33359	2UUY_rec	2UUY_lig
lightdock	luciferin_score	-29.30539	2UUY_rec	2UUY_lig
lightdock	luciferin_score	-74.38731	2UUY_rec	2UUY_lig
lightdock	luciferin_score	18.36419	2UUY_rec	2UUY_lig
lightdock	luciferin_score	15.77728	2UUY_rec	2UUY_lig
lightdock	luciferin_score	13.96385	2UUY_rec	2UUY_lig
lightdock	luciferin_score	13.91237	2UUY_rec	2UUY_lig
lightdock	luciferin_score	13.81803	2UUY_rec	2UUY_lig
lightdock	luciferin_score	13.35217	2UUY_rec	2UUY_lig
lightdock	luciferin_score	13.24139	2UUY_rec	2UUY_lig
lightdock	luciferin_score	13.18753	2UUY_rec	2UUY_lig
lightdock	luciferin_score	12.79594	2UUY_rec	2UUY_lig
lightdock	luciferin_score	12.52334	2UUY_rec	2UUY_lig
lightdock	luciferin_score	11.96616	2UUY_rec	2UUY_lig
lightdock	luciferin_score	11.96203	2UUY_rec	2UUY_lig
lightdock	luciferin_score	11.89061	2UUY_rec	2UUY_lig
lightdock	luciferin_score	11.79936	2UUY_rec	2UUY_lig
lightdock	luciferin_score	11.47577	2UUY_rec	2UUY_lig
lightdock	luciferin_score	10.98036	2UUY_rec	2UUY_lig
lightdock	luciferin_score	10.85567	2UUY_rec	2UUY_lig
lightdock	luciferin_score	10.65489	2UUY_rec	2UUY_lig
lightdock	luciferin_score	10.63235	2UUY_rec	2UUY_lig
lightdock	luciferin_score	10.22819	2UUY_rec	2UUY_lig
lightdock	luciferin_score	10.05306	2UUY_rec	2UUY_lig
lightdock	luciferin_score	9.72633	2UUY_rec	2UUY_lig
lightdock	luciferin_score	9.42363	2UUY_rec	2UUY_lig
lightdock	luciferin_score	8.93407	2UUY_rec	2UUY_lig
lightdock	luciferin_score	8.68163	2UUY_rec	2UUY_lig
lightdock	luciferin_score	7.90334	2UUY_rec	2UUY_lig
lightdock	luciferin_score	7.00135	2UUY_rec	2UUY_lig
lightdock	luciferin_score	6.98816	2UUY_rec	2UUY_lig
lightdock	luciferin_score	6.48555	2UUY_rec	2UUY_lig
lightdock	luciferin_score	6.30234	2UUY_rec	2UUY_lig
lightdock	luciferin_score	6.24864	2UUY_rec	2UUY_lig
lightdock	luciferin_score	6.00003	2UUY_rec	2UUY_lig
lightdock	luciferin_score	5.42543	2UUY_rec	2UUY_lig
lightdock	luciferin_score	5.23056	2UUY_rec	2UUY_lig
lightdock	luciferin_score	5.07559	2UUY_rec	2UUY_lig
lightdock	luciferin_score	4.75294	2UUY_rec	2UUY_lig
lightdock	luciferin_score	4.54596	2UUY_rec	2UUY_lig
lightdock	luciferin_score	3.76413	2UUY_rec	2UUY_lig
lightdock	luciferin_score	1.96836	2UUY_rec	2UUY_lig
lightdock	luciferin_score	1.69626	2UUY_rec	2UUY_lig
lightdock	luciferin_score	0.81963	2UUY_rec	2UUY_lig
lightdock	luciferin_score	-0.89185	2UUY_rec	2UUY_lig
lightdock	luciferin_score	-1.30866	2UUY_rec	2UUY_lig
lightdock	luciferin_score	-3.39967	2UUY_rec	2UUY_lig
lightdock	luciferin_score	-3.6734	2UUY_rec	2UUY_lig
lightdock	luciferin_score	-4.12591	2UUY_rec	2UUY_lig
lightdock	luciferin_score	-4.76381	2UUY_rec	2UUY_lig
lightdock	luciferin_score	-6.28568	2UUY_rec	2UUY_lig
lightdock	luciferin_score	-6.43406	2UUY_rec	2UUY_lig
lightdock	luciferin_score	-9.3785	2UUY_rec	2UUY_lig
lightdock	luciferin_score	-12.99532	2UUY_rec	2UUY_lig
lightdock	luciferin_score	-13.25459	2UUY_rec	2UUY_lig
lightdock	luciferin_score	-14.42333	2UUY_rec	2UUY_lig
lightdock	luciferin_score	-14.63044	2UUY_rec	2UUY_lig
lightdock	luciferin_score	-14.77004	2UUY_rec	2UUY_lig
lightdock	luciferin_score	-16.30933	2UUY_rec	2UUY_lig
lightdock	luciferin_score	-18.52909	2UUY_rec	2UUY_lig
lightdock	luciferin_score	-19.5181	2UUY_rec	2UUY_lig
lightdock	luciferin_score	-27.57216	2UUY_rec	2UUY_lig
lightdock	luciferin_score	-29.6865	2UUY_rec	2UUY_lig
lightdock	luciferin_score	-34.32516	2UUY_rec	2UUY_lig
lightdock	luciferin_score	-34.76697	2UUY_rec	2UUY_lig
lightdock	luciferin_score	-45.66622	2UUY_rec	2UUY_lig
lightdock	luciferin_score	-56.53794	2UUY_rec	2UUY_lig
lightdock	luciferin_score	-57.62154	2UUY_rec	2UUY_lig
lightdock	luciferin_score	-59.5954	2UUY_rec	2UUY_lig
lightdock	luciferin_score	-84.00258	2UUY_rec	2UUY_lig
lightdock	luciferin_score	19.20388	2UUY_rec	2UUY_lig
lightdock	luciferin_score	17.11875	2UUY_rec	2UUY_lig
lightdock	luciferin_score	13.6864	2UUY_rec	2UUY_lig
lightdock	luciferin_score	13.25554	2UUY_rec	2UUY_lig
lightdock	luciferin_score	13.08017	2UUY_rec	2UUY_lig
lightdock	luciferin_score	13.00742	2UUY_rec	2UUY_lig
lightdock	luciferin_score	12.37454	2UUY_rec	2UUY_lig
lightdock	luciferin_score	11.98476	2UUY_rec	2UUY_lig
lightdock	luciferin_score	11.9613	2UUY_rec	2UUY_lig
lightdock	luciferin_score	11.77168	2UUY_rec	2UUY_lig
lightdock	luciferin_score	11.61927	2UUY_rec	2UUY_lig
lightdock	luciferin_score	11.58029	2UUY_rec	2UUY_lig
lightdock	luciferin_score	11.52671	2UUY_rec	2UUY_lig
lightdock	luciferin_score	11.0143	2UUY_rec	2UUY_lig
lightdock	luciferin_score	10.75226	2UUY_rec	2UUY_lig
lightdock	luciferin_score	10.63258	2UUY_rec	2UUY_lig
lightdock	luciferin_score	10.45752	2UUY_rec	2UUY_lig
lightdock	luciferin_score	10.37822	2UUY_rec	2UUY_lig
lightdock	luciferin_score	10.16049	2UUY_rec	2UUY_lig
lightdock	luciferin_score	10.11368	2UUY_rec	2UUY_lig
lightdock	luciferin_score	10.06062	2UUY_rec	2UUY_lig
lightdock	luciferin_score	9.70921	2UUY_rec	2UUY_lig
lightdock	luciferin_score	9.67996	2UUY_rec	2UUY_lig
lightdock	luciferin_score	9.58006	2UUY_rec	2UUY_lig
lightdock	luciferin_score	9.42912	2UUY_rec	2UUY_lig
lightdock	luciferin_score	9.33059	2UUY_rec	2UUY_lig
lightdock	luciferin_score	9.23891	2UUY_rec	2UUY_lig
lightdock	luciferin_score	9.15331	2UUY_rec	2UUY_lig
lightdock	luciferin_score	8.78245	2UUY_rec	2UUY_lig
lightdock	luciferin_score	7.82931	2UUY_rec	2UUY_lig
lightdock	luciferin_score	7.70658	2UUY_rec	2UUY_lig
lightdock	luciferin_score	7.54042	2UUY_rec	2UUY_lig
lightdock	luciferin_score	7.50355	2UUY_rec	2UUY_lig
lightdock	luciferin_score	6.86823	2UUY_rec	2UUY_lig
lightdock	luciferin_score	6.63579	2UUY_rec	2UUY_lig
lightdock	luciferin_score	6.61648	2UUY_rec	2UUY_lig
lightdock	luciferin_score	6.21256	2UUY_rec	2UUY_lig
lightdock	luciferin_score	5.99972	2UUY_rec	2UUY_lig
lightdock	luciferin_score	5.42779	2UUY_rec	2UUY_lig
lightdock	luciferin_score	5.36622	2UUY_rec	2UUY_lig
lightdock	luciferin_score	4.86222	2UUY_rec	2UUY_lig
lightdock	luciferin_score	3.38088	2UUY_rec	2UUY_lig
lightdock	luciferin_score	2.51097	2UUY_rec	2UUY_lig
lightdock	luciferin_score	2.47987	2UUY_rec	2UUY_lig
lightdock	luciferin_score	1.21621	2UUY_rec	2UUY_lig
lightdock	luciferin_score	0.72831	2UUY_rec	2UUY_lig
lightdock	luciferin_score	-1.80149	2UUY_rec	2UUY_lig
lightdock	luciferin_score	-2.06369	2UUY_rec	2UUY_lig
lightdock	luciferin_score	-2.0974	2UUY_rec	2UUY_lig
lightdock	luciferin_score	-5.17275	2UUY_rec	2UUY_lig
lightdock	luciferin_score	-5.36311	2UUY_rec	2UUY_lig
lightdock	luciferin_score	-6.60824	2UUY_rec	2UUY_lig
lightdock	luciferin_score	-14.14359	2UUY_rec	2UUY_lig
lightdock	luciferin_score	-19.41402	2UUY_rec	2UUY_lig
lightdock	luciferin_score	-19.71044	2UUY_rec	2UUY_lig
lightdock	luciferin_score	-20.92259	2UUY_rec	2UUY_lig
lightdock	luciferin_score	-22.69538	2UUY_rec	2UUY_lig
lightdock	luciferin_score	-30.31338	2UUY_rec	2UUY_lig
lightdock	luciferin_score	-36.23172	2UUY_rec	2UUY_lig
lightdock	luciferin_score	-44.3452	2UUY_rec	2UUY_lig
lightdock	luciferin_score	19.80437	2UUY_rec	2UUY_lig
lightdock	luciferin_score	18.72343	2UUY_rec	2UUY_lig
lightdock	luciferin_score	17.40859	2UUY_rec	2UUY_lig
lightdock	luciferin_score	16.47048	2UUY_rec	2UUY_lig
lightdock	luciferin_score	15.34427	2UUY_rec	2UUY_lig
lightdock	luciferin_score	15.04925	2UUY_rec	2UUY_lig
lightdock	luciferin_score	14.61595	2UUY_rec	2UUY_lig
lightdock	luciferin_score	13.84225	2UUY_rec	2UUY_lig
lightdock	luciferin_score	13.65624	2UUY_rec	2UUY_lig
lightdock	luciferin_score	13.54294	2UUY_rec	2UUY_lig
lightdock	luciferin_score	13.031	2UUY_rec	2UUY_lig
lightdock	luciferin_score	12.97464	2UUY_rec	2UUY_lig
lightdock	luciferin_score	12.86033	2UUY_rec	2UUY_lig
lightdock	luciferin_score	12.82339	2UUY_rec	2UUY_lig
lightdock	luciferin_score	12.59449	2UUY_rec	2UUY_lig
lightdock	luciferin_score	12.5861	2UUY_rec	2UUY_lig
lightdock	luciferin_score	12.30692	2UUY_rec	2UUY_lig
lightdock	luciferin_score	11.80975	2UUY_rec	2UUY_lig
lightdock	luciferin_score	11.71224	2UUY_rec	2UUY_lig
lightdock	luciferin_score	11.66779	2UUY_rec	2UUY_lig
lightdock	luciferin_score	11.42365	2UUY_rec	2UUY_lig
lightdock	luciferin_score	11.21548	2UUY_rec	2UUY_lig
lightdock	luciferin_score	11.06554	2UUY_rec	2UUY_lig
lightdock	luciferin_score	10.98829	2UUY_rec	2UUY_lig
lightdock	luciferin_score	10.83766	2UUY_rec	2UUY_lig
lightdock	luciferin_score	10.54239	2UUY_rec	2UUY_lig
lightdock	luciferin_score	10.33802	2UUY_rec	2UUY_lig
lightdock	luciferin_score	10.29154	2UUY_rec	2UUY_lig
lightdock	luciferin_score	10.15271	2UUY_rec	2UUY_lig
lightdock	luciferin_score	10.03164	2UUY_rec	2UUY_lig
lightdock	luciferin_score	9.94238	2UUY_rec	2UUY_lig
lightdock	luciferin_score	9.85088	2UUY_rec	2UUY_lig
lightdock	luciferin_score	9.35761	2UUY_rec	2UUY_lig
lightdock	luciferin_score	9.34255	2UUY_rec	2UUY_lig
lightdock	luciferin_score	8.96525	2UUY_rec	2UUY_lig
lightdock	luciferin_score	8.9611	2UUY_rec	2UUY_lig
lightdock	luciferin_score	8.69287	2UUY_rec	2UUY_lig
lightdock	luciferin_score	8.07775	2UUY_rec	2UUY_lig
lightdock	luciferin_score	7.45592	2UUY_rec	2UUY_lig
lightdock	luciferin_score	7.3447	2UUY_rec	2UUY_lig
lightdock	luciferin_score	7.14257	2UUY_rec	2UUY_lig
lightdock	luciferin_score	7.03623	2UUY_rec	2UUY_lig
lightdock	luciferin_score	6.98038	2UUY_rec	2UUY_lig
lightdock	luciferin_score	6.90495	2UUY_rec	2UUY_lig
lightdock	luciferin_score	6.70503	2UUY_rec	2UUY_lig
lightdock	luciferin_score	6.55375	2UUY_rec	2UUY_lig
lightdock	luciferin_score	6.29325	2UUY_rec	2UUY_lig
lightdock	luciferin_score	6.28231	2UUY_rec	2UUY_lig
lightdock	luciferin_score	6.20132	2UUY_rec	2UUY_lig
lightdock	luciferin_score	5.60961	2UUY_rec	2UUY_lig
lightdock	luciferin_score	4.99258	2UUY_rec	2UUY_lig
lightdock	luciferin_score	3.71769	2UUY_rec	2UUY_lig
lightdock	luciferin_score	3.38991	2UUY_rec	2UUY_lig
lightdock	luciferin_score	-0.5765	2UUY_rec	2UUY_lig
lightdock	luciferin_score	-2.59289	2UUY_rec	2UUY_lig
lightdock	luciferin_score	-2.92079	2UUY_rec	2UUY_lig
lightdock	luciferin_score	-3.10242	2UUY_rec	2UUY_lig
lightdock	luciferin_score	-4.12969	2UUY_rec	2UUY_lig
lightdock	luciferin_score	-4.68131	2UUY_rec	2UUY_lig
lightdock	luciferin_score	-5.10671	2UUY_rec	2UUY_lig
lightdock	luciferin_score	-5.12847	2UUY_rec	2UUY_lig
lightdock	luciferin_score	-5.4272	2UUY_rec	2UUY_lig
lightdock	luciferin_score	-6.80893	2UUY_rec	2UUY_lig
lightdock	luciferin_score	-8.72557	2UUY_rec	2UUY_lig
lightdock	luciferin_score	-11.76397	2UUY_rec	2UUY_lig
lightdock	luciferin_score	-20.82021	2UUY_rec	2UUY_lig
lightdock	luciferin_score	-21.18677	2UUY_rec	2UUY_lig
lightdock	luciferin_score	-59.26114	2UUY_rec	2UUY_lig
lightdock	luciferin_score	17.20225	2UUY_rec	2UUY_lig
lightdock	luciferin_score	16.5324	2UUY_rec	2UUY_lig
lightdock	luciferin_score	13.86105	2UUY_rec	2UUY_lig
lightdock	luciferin_score	13.09325	2UUY_rec	2UUY_lig
lightdock	luciferin_score	13.05689	2UUY_rec	2UUY_lig
lightdock	luciferin_score	12.99295	2UUY_rec	2UUY_lig
lightdock	luciferin_score	12.74787	2UUY_rec	2UUY_lig
lightdock	luciferin_score	12.31036	2UUY_rec	2UUY_lig
lightdock	luciferin_score	12.23969	2UUY_rec	2UUY_lig
lightdock	luciferin_score	12.12005	2UUY_rec	2UUY_lig
lightdock	luciferin_score	11.992	2UUY_rec	2UUY_lig
lightdock	luciferin_score	11.94965	2UUY_rec	2UUY_lig
lightdock	luciferin_score	11.92389	2UUY_rec	2UUY_lig
lightdock	luciferin_score	11.90015	2UUY_rec	2UUY_lig
lightdock	luciferin_score	11.77927	2UUY_rec	2UUY_lig
lightdock	luciferin_score	11.52321	2UUY_rec	2UUY_lig
lightdock	luciferin_score	11.35394	2UUY_rec	2UUY_lig
lightdock	luciferin_score	11.12413	2UUY_rec	2UUY_lig
lightdock	luciferin_score	10.42412	2UUY_rec	2UUY_lig
lightdock	luciferin_score	10.37729	2UUY_rec	2UUY_lig
lightdock	luciferin_score	9.79937	2UUY_rec	2UUY_lig
lightdock	luciferin_score	9.67103	2UUY_rec	2UUY_lig
lightdock	luciferin_score	9.34171	2UUY_rec	2UUY_lig
lightdock	luciferin_score	9.23768	2UUY_rec	2UUY_lig
lightdock	luciferin_score	9.16769	2UUY_rec	2UUY_lig
lightdock	luciferin_score	8.63556	2UUY_rec	2UUY_lig
lightdock	luciferin_score	8.56169	2UUY_rec	2UUY_lig
lightdock	luciferin_score	8.5488	2UUY_rec	2UUY_lig
lightdock	luciferin_score	8.23349	2UUY_rec	2UUY_lig
lightdock	luciferin_score	8.13072	2UUY_rec	2UUY_lig
lightdock	luciferin_score	8.09851	2UUY_rec	2UUY_lig
lightdock	luciferin_score	8.04306	2UUY_rec	2UUY_lig
lightdock	luciferin_score	7.97362	2UUY_rec	2UUY_lig
lightdock	luciferin_score	7.91416	2UUY_rec	2UUY_lig
lightdock	luciferin_score	7.72634	2UUY_rec	2UUY_lig
lightdock	luciferin_score	7.37778	2UUY_rec	2UUY_lig
lightdock	luciferin_score	7.06872	2UUY_rec	2UUY_lig
lightdock	luciferin_score	6.70099	2UUY_rec	2UUY_lig
lightdock	luciferin_score	2.19232	2UUY_rec	2UUY_lig
lightdock	luciferin_score	-2.99457	2UUY_rec	2UUY_lig
lightdock	luciferin_score	-3.76575	2UUY_rec	2UUY_lig
lightdock	luciferin_score	-5.35595	2UUY_rec	2UUY_lig
lightdock	luciferin_score	-5.36248	2UUY_rec	2UUY_lig
lightdock	luciferin_score	-6.68455	2UUY_rec	2UUY_lig
lightdock	luciferin_score	-7.8864	2UUY_rec	2UUY_lig
lightdock	luciferin_score	-9.38241	2UUY_rec	2UUY_lig
lightdock	luciferin_score	-15.65505	2UUY_rec	2UUY_lig
lightdock	luciferin_score	-16.24562	2UUY_rec	2UUY_lig
lightdock	luciferin_score	-16.78573	2UUY_rec	2UUY_lig
lightdock	luciferin_score	-19.14972	2UUY_rec	2UUY_lig
lightdock	luciferin_score	-19.84536	2UUY_rec	2UUY_lig
lightdock	luciferin_score	-21.76582	2UUY_rec	2UUY_lig
lightdock	luciferin_score	-23.36489	2UUY_rec	2UUY_lig
lightdock	luciferin_score	-27.41912	2UUY_rec	2UUY_lig
lightdock	luciferin_score	-31.81674	2UUY_rec	2UUY_lig
lightdock	luciferin_score	-34.54945	2UUY_rec	2UUY_lig
lightdock	luciferin_score	-44.63297	2UUY_rec	2UUY_lig
lightdock	luciferin_score	-49.15977	2UUY_rec	2UUY_lig
lightdock	luciferin_score	-57.17929	2UUY_rec	2UUY_lig
lightdock	luciferin_score	-66.20369	2UUY_rec	2UUY_lig
lightdock	luciferin_score	-75.57937	2UUY_rec	2UUY_lig
lightdock	luciferin_score	-77.73068	2UUY_rec	2UUY_lig
lightdock	luciferin_score	14.77368	2UUY_rec	2UUY_lig
lightdock	luciferin_score	14.4938	2UUY_rec	2UUY_lig
lightdock	luciferin_score	13.58312	2UUY_rec	2UUY_lig
lightdock	luciferin_score	13.40602	2UUY_rec	2UUY_lig
lightdock	luciferin_score	12.60529	2UUY_rec	2UUY_lig
lightdock	luciferin_score	10.99438	2UUY_rec	2UUY_lig
lightdock	luciferin_score	10.91419	2UUY_rec	2UUY_lig
lightdock	luciferin_score	10.54656	2UUY_rec	2UUY_lig
lightdock	luciferin_score	10.52899	2UUY_rec	2UUY_lig
lightdock	luciferin_score	10.41461	2UUY_rec	2UUY_lig
lightdock	luciferin_score	10.40854	2UUY_rec	2UUY_lig
lightdock	luciferin_score	10.22244	2UUY_rec	2UUY_lig
lightdock	luciferin_score	10.00437	2UUY_rec	2UUY_lig
lightdock	luciferin_score	9.85494	2UUY_rec	2UUY_lig
lightdock	luciferin_score	9.6902	2UUY_rec	2UUY_lig
lightdock	luciferin_score	9.50516	2UUY_rec	2UUY_lig
lightdock	luciferin_score	9.46024	2UUY_rec	2UUY_lig
lightdock	luciferin_score	8.96927	2UUY_rec	2UUY_lig
lightdock	luciferin_score	8.85197	2UUY_rec	2UUY_lig
lightdock	luciferin_score	8.81108	2UUY_rec	2UUY_lig
lightdock	luciferin_score	8.77372	2UUY_rec	2UUY_lig
lightdock	luciferin_score	8.71485	2UUY_rec	2UUY_lig
lightdock	luciferin_score	8.25131	2UUY_rec	2UUY_lig
lightdock	luciferin_score	8.1204	2UUY_rec	2UUY_lig
lightdock	luciferin_score	8.07363	2UUY_rec	2UUY_lig
lightdock	luciferin_score	8.07269	2UUY_rec	2UUY_lig
lightdock	luciferin_score	7.88126	2UUY_rec	2UUY_lig
lightdock	luciferin_score	7.61276	2UUY_rec	2UUY_lig
lightdock	luciferin_score	7.56775	2UUY_rec	2UUY_lig
lightdock	luciferin_score	7.35569	2UUY_rec	2UUY_lig
lightdock	luciferin_score	7.19503	2UUY_rec	2UUY_lig
lightdock	luciferin_score	7.13581	2UUY_rec	2UUY_lig
lightdock	luciferin_score	7.09707	2UUY_rec	2UUY_lig
lightdock	luciferin_score	6.94163	2UUY_rec	2UUY_lig
lightdock	luciferin_score	6.85703	2UUY_rec	2UUY_lig
lightdock	luciferin_score	6.78241	2UUY_rec	2UUY_lig
lightdock	luciferin_score	6.59399	2UUY_rec	2UUY_lig
lightdock	luciferin_score	6.56738	2UUY_rec	2UUY_lig
lightdock	luciferin_score	6.18118	2UUY_rec	2UUY_lig
lightdock	luciferin_score	5.94646	2UUY_rec	2UUY_lig
lightdock	luciferin_score	5.43662	2UUY_rec	2UUY_lig
lightdock	luciferin_score	5.26207	2UUY_rec	2UUY_lig
lightdock	luciferin_score	5.05553	2UUY_rec	2UUY_lig
lightdock	luciferin_score	4.96856	2UUY_rec	2UUY_lig
lightdock	luciferin_score	4.08687	2UUY_rec	2UUY_lig
lightdock	luciferin_score	4.0698	2UUY_rec	2UUY_lig
lightdock	luciferin_score	3.91755	2UUY_rec	2UUY_lig
lightdock	luciferin_score	1.38236	2UUY_rec	2UUY_lig
lightdock	luciferin_score	0.4784	2UUY_rec	2UUY_lig
lightdock	luciferin_score	-0.11583	2UUY_rec	2UUY_lig
lightdock	luciferin_score	-0.93645	2UUY_rec	2UUY_lig
lightdock	luciferin_score	-2.15258	2UUY_rec	2UUY_lig
lightdock	luciferin_score	-2.70195	2UUY_rec	2UUY_lig
lightdock	luciferin_score	-3.95816	2UUY_rec	2UUY_lig
lightdock	luciferin_score	-6.33909	2UUY_rec	2UUY_lig
lightdock	luciferin_score	-8.31954	2UUY_rec	2UUY_lig
lightdock	luciferin_score	-9.28957	2UUY_rec	2UUY_lig
lightdock	luciferin_score	-9.71486	2UUY_rec	2UUY_lig
lightdock	luciferin_score	-12.68902	2UUY_rec	2UUY_lig
lightdock	luciferin_score	-13.18475	2UUY_rec	2UUY_lig
lightdock	luciferin_score	-15.90635	2UUY_rec	2UUY_lig
lightdock	luciferin_score	-22.71226	2UUY_rec	2UUY_lig
lightdock	luciferin_score	-28.56027	2UUY_rec	2UUY_lig
lightdock	luciferin_score	-35.38436	2UUY_rec	2UUY_lig
lightdock	luciferin_score	-39.02591	2UUY_rec	2UUY_lig
lightdock	luciferin_score	-39.28245	2UUY_rec	2UUY_lig
lightdock	luciferin_score	17.54918	2UUY_rec	2UUY_lig
lightdock	luciferin_score	17.00405	2UUY_rec	2UUY_lig
lightdock	luciferin_score	15.08311	2UUY_rec	2UUY_lig
lightdock	luciferin_score	13.92172	2UUY_rec	2UUY_lig
lightdock	luciferin_score	13.82837	2UUY_rec	2UUY_lig
lightdock	luciferin_score	13.45926	2UUY_rec	2UUY_lig
lightdock	luciferin_score	13.13698	2UUY_rec	2UUY_lig
lightdock	luciferin_score	12.93218	2UUY_rec	2UUY_lig
lightdock	luciferin_score	12.38957	2UUY_rec	2UUY_lig
lightdock	luciferin_score	12.35501	2UUY_rec	2UUY_lig
lightdock	luciferin_score	12.33617	2UUY_rec	2UUY_lig
lightdock	luciferin_score	12.13253	2UUY_rec	2UUY_lig
lightdock	luciferin_score	11.94009	2UUY_rec	2UUY_lig
lightdock	luciferin_score	11.47318	2UUY_rec	2UUY_lig
lightdock	luciferin_score	11.2017	2UUY_rec	2UUY_lig
lightdock	luciferin_score	11.08558	2UUY_rec	2UUY_lig
lightdock	luciferin_score	10.79133	2UUY_rec	2UUY_lig
lightdock	luciferin_score	10.71561	2UUY_rec	2UUY_lig
lightdock	luciferin_score	10.69667	2UUY_rec	2UUY_lig
lightdock	luciferin_score	10.50406	2UUY_rec	2UUY_lig
lightdock	luciferin_score	10.46299	2UUY_rec	2UUY_lig
lightdock	luciferin_score	9.60945	2UUY_rec	2UUY_lig
lightdock	luciferin_score	9.54319	2UUY_rec	2UUY_lig
lightdock	luciferin_score	9.49603	2UUY_rec	2UUY_lig
lightdock	luciferin_score	9.09761	2UUY_rec	2UUY_lig
lightdock	luciferin_score	8.8742	2UUY_rec	2UUY_lig
lightdock	luciferin_score	8.84448	2UUY_rec	2UUY_lig
lightdock	luciferin_score	8.64295	2UUY_rec	2UUY_lig
lightdock	luciferin_score	8.39557	2UUY_rec	2UUY_lig
lightdock	luciferin_score	7.9955	2UUY_rec	2UUY_lig
lightdock	luciferin_score	7.91578	2UUY_rec	2UUY_lig
lightdock	luciferin_score	7.73579	2UUY_rec	2UUY_lig
lightdock	luciferin_score	7.68623	2UUY_rec	2UUY_lig
lightdock	luciferin_score	7.62574	2UUY_rec	2UUY_lig
lightdock	luciferin_score	7.41062	2UUY_rec	2UUY_lig
lightdock	luciferin_score	7.35515	2UUY_rec	2UUY_lig
lightdock	luciferin_score	7.11214	2UUY_rec	2UUY_lig
lightdock	luciferin_score	7.04286	2UUY_rec	2UUY_lig
lightdock	luciferin_score	6.9255	2UUY_rec	2UUY_lig
lightdock	luciferin_score	6.85682	2UUY_rec	2UUY_lig
lightdock	luciferin_score	6.78872	2UUY_rec	2UUY_lig
lightdock	luciferin_score	6.64496	2UUY_rec	2UUY_lig
lightdock	luciferin_score	6.46413	2UUY_rec	2UUY_lig
lightdock	luciferin_score	6.45613	2UUY_rec	2UUY_lig
lightdock	luciferin_score	6.39468	2UUY_rec	2UUY_lig
lightdock	luciferin_score	6.26828	2UUY_rec	2UUY_lig
lightdock	luciferin_score	6.18586	2UUY_rec	2UUY_lig
lightdock	luciferin_score	5.75087	2UUY_rec	2UUY_lig
lightdock	luciferin_score	5.6993	2UUY_rec	2UUY_lig
lightdock	luciferin_score	4.99447	2UUY_rec	2UUY_lig
lightdock	luciferin_score	3.92185	2UUY_rec	2UUY_lig
lightdock	luciferin_score	3.85151	2UUY_rec	2UUY_lig
lightdock	luciferin_score	1.27696	2UUY_rec	2UUY_lig
lightdock	luciferin_score	-1.01012	2UUY_rec	2UUY_lig
lightdock	luciferin_score	-1.313	2UUY_rec	2UUY_lig
lightdock	luciferin_score	-9.0868	2UUY_rec	2UUY_lig
lightdock	luciferin_score	-11.05141	2UUY_rec	2UUY_lig
lightdock	luciferin_score	-13.55702	2UUY_rec	2UUY_lig
lightdock	luciferin_score	-14.7004	2UUY_rec	2UUY_lig
lightdock	luciferin_score	-17.12012	2UUY_rec	2UUY_lig
lightdock	luciferin_score	-17.50475	2UUY_rec	2UUY_lig
lightdock	luciferin_score	-23.13961	2UUY_rec	2UUY_lig
lightdock	luciferin_score	-24.68795	2UUY_rec	2UUY_lig
lightdock	luciferin_score	-24.77433	2UUY_rec	2UUY_lig
lightdock	luciferin_score	-28.92913	2UUY_rec	2UUY_lig
lightdock	luciferin_score	-38.22853	2UUY_rec	2UUY_lig
lightdock	luciferin_score	-38.36963	2UUY_rec	2UUY_lig
lightdock	luciferin_score	-48.81498	2UUY_rec	2UUY_lig
lightdock	luciferin_score	-51.4993	2UUY_rec	2UUY_lig
lightdock	luciferin_score	-56.27544	2UUY_rec	2UUY_lig
lightdock	luciferin_score	16.39801	2UUY_rec	2UUY_lig
lightdock	luciferin_score	14.38094	2UUY_rec	2UUY_lig
lightdock	luciferin_score	14.08842	2UUY_rec	2UUY_lig
lightdock	luciferin_score	13.59927	2UUY_rec	2UUY_lig
lightdock	luciferin_score	13.37829	2UUY_rec	2UUY_lig
lightdock	luciferin_score	13.10284	2UUY_rec	2UUY_lig
lightdock	luciferin_score	12.36623	2UUY_rec	2UUY_lig
lightdock	luciferin_score	12.32083	2UUY_rec	2UUY_lig
lightdock	luciferin_score	11.55576	2UUY_rec	2UUY_lig
lightdock	luciferin_score	11.37106	2UUY_rec	2UUY_lig
lightdock	luciferin_score	11.25892	2UUY_rec	2UUY_lig
lightdock	luciferin_score	11.20724	2UUY_rec	2UUY_lig
lightdock	luciferin_score	11.02627	2UUY_rec	2UUY_lig
lightdock	luciferin_score	10.89881	2UUY_rec	2UUY_lig
lightdock	luciferin_score	10.7282	2UUY_rec	2UUY_lig
lightdock	luciferin_score	10.13354	2UUY_rec	2UUY_lig
lightdock	luciferin_score	10.05652	2UUY_rec	2UUY_lig
lightdock	luciferin_score	9.9518	2UUY_rec	2UUY_lig
lightdock	luciferin_score	9.58272	2UUY_rec	2UUY_lig
lightdock	luciferin_score	9.56749	2UUY_rec	2UUY_lig
lightdock	luciferin_score	9.199	2UUY_rec	2UUY_lig
lightdock	luciferin_score	8.78433	2UUY_rec	2UUY_lig
lightdock	luciferin_score	8.60823	2UUY_rec	2UUY_lig
lightdock	luciferin_score	8.49096	2UUY_rec	2UUY_lig
lightdock	luciferin_score	8.28736	2UUY_rec	2UUY_lig
lightdock	luciferin_score	8.1011	2UUY_rec	2UUY_lig
lightdock	luciferin_score	8.04783	2UUY_rec	2UUY_lig
lightdock	luciferin_score	7.88906	2UUY_rec	2UUY_lig
lightdock	luciferin_score	7.75992	2UUY_rec	2UUY_lig
lightdock	luciferin_score	7.55233	2UUY_rec	2UUY_lig
lightdock	luciferin_score	7.54634	2UUY_rec	2UUY_lig
lightdock	luciferin_score	7.43167	2UUY_rec	2UUY_lig
lightdock	luciferin_score	7.18011	2UUY_rec	2UUY_lig
lightdock	luciferin_score	6.78962	2UUY_rec	2UUY_lig
lightdock	luciferin_score	6.27258	2UUY_rec	2UUY_lig
lightdock	luciferin_score	6.23772	2UUY_rec	2UUY_lig
lightdock	luciferin_score	5.98505	2UUY_rec	2UUY_lig
lightdock	luciferin_score	5.97238	2UUY_rec	2UUY_lig
lightdock	luciferin_score	4.66469	2UUY_rec	2UUY_lig
lightdock	luciferin_score	4.44293	2UUY_rec	2UUY_lig
lightdock	luciferin_score	3.91638	2UUY_rec	2UUY_lig
lightdock	luciferin_score	3.74387	2UUY_rec	2UUY_lig
lightdock	luciferin_score	2.60093	2UUY_rec	2UUY_lig
lightdock	luciferin_score	2.30932	2UUY_rec	2UUY_lig
lightdock	luciferin_score	0.95634	2UUY_rec	2UUY_lig
lightdock	luciferin_score	-0.53303	2UUY_rec	2UUY_lig
lightdock	luciferin_score	-1.97422	2UUY_rec	2UUY_lig
lightdock	luciferin_score	-2.54737	2UUY_rec	2UUY_lig
lightdock	luciferin_score	-3.6922	2UUY_rec	2UUY_lig
lightdock	luciferin_score	-7.80358	2UUY_rec	2UUY_lig
lightdock	luciferin_score	-9.72944	2UUY_rec	2UUY_lig
lightdock	luciferin_score	-10.79629	2UUY_rec	2UUY_lig
lightdock	luciferin_score	-13.47214	2UUY_rec	2UUY_lig
lightdock	luciferin_score	-20.516	2UUY_rec	2UUY_lig
lightdock	luciferin_score	-25.33577	2UUY_rec	2UUY_lig
lightdock	luciferin_score	-26.82399	2UUY_rec	2UUY_lig
lightdock	luciferin_score	-28.56393	2UUY_rec	2UUY_lig
lightdock	luciferin_score	-32.63093	2UUY_rec	2UUY_lig
lightdock	luciferin_score	-33.05207	2UUY_rec	2UUY_lig
lightdock	luciferin_score	-39.64788	2UUY_rec	2UUY_lig
lightdock	luciferin_score	-46.77613	2UUY_rec	2UUY_lig
lightdock	luciferin_score	-48.99201	2UUY_rec	2UUY_lig
lightdock	luciferin_score	19.1107	2UUY_rec	2UUY_lig
lightdock	luciferin_score	15.59996	2UUY_rec	2UUY_lig
lightdock	luciferin_score	15.07252	2UUY_rec	2UUY_lig
lightdock	luciferin_score	13.77517	2UUY_rec	2UUY_lig
lightdock	luciferin_score	13.3644	2UUY_rec	2UUY_lig
lightdock	luciferin_score	12.77174	2UUY_rec	2UUY_lig
lightdock	luciferin_score	12.741	2UUY_rec	2UUY_lig
lightdock	luciferin_score	12.63578	2UUY_rec	2UUY_lig
lightdock	luciferin_score	12.50056	2UUY_rec	2UUY_lig
lightdock	luciferin_score	11.511	2UUY_rec	2UUY_lig
lightdock	luciferin_score	11.11023	2UUY_rec	2UUY_lig
lightdock	luciferin_score	10.90228	2UUY_rec	2UUY_lig
lightdock	luciferin_score	10.75442	2UUY_rec	2UUY_lig
lightdock	luciferin_score	10.65098	2UUY_rec	2UUY_lig
lightdock	luciferin_score	10.64847	2UUY_rec	2UUY_lig
lightdock	luciferin_score	10.55435	2UUY_rec	2UUY_lig
lightdock	luciferin_score	10.54507	2UUY_rec	2UUY_lig
lightdock	luciferin_score	10.06226	2UUY_rec	2UUY_lig
lightdock	luciferin_score	9.62362	2UUY_rec	2UUY_lig
lightdock	luciferin_score	9.44164	2UUY_rec	2UUY_lig
lightdock	luciferin_score	8.98834	2UUY_rec	2UUY_lig
lightdock	luciferin_score	8.81353	2UUY_rec	2UUY_lig
lightdock	luciferin_score	8.76197	2UUY_rec	2UUY_lig
lightdock	luciferin_score	8.66379	2UUY_rec	2UUY_lig
lightdock	luciferin_score	8.48115	2UUY_rec	2UUY_lig
lightdock	luciferin_score	7.82642	2UUY_rec	2UUY_lig
lightdock	luciferin_score	7.54372	2UUY_rec	2UUY_lig
lightdock	luciferin_score	7.45432	2UUY_rec	2UUY_lig
lightdock	luciferin_score	7.4344	2UUY_rec	2UUY_lig
lightdock	luciferin_score	7.17955	2UUY_rec	2UUY_lig
lightdock	luciferin_score	7.11714	2UUY_rec	2UUY_lig
lightdock	luciferin_score	7.05421	2UUY_rec	2UUY_lig
lightdock	luciferin_score	6.84234	2UUY_rec	2UUY_lig
lightdock	luciferin_score	6.82151	2UUY_rec	2UUY_lig
lightdock	luciferin_score	6.80713	2UUY_rec	2UUY_lig
lightdock	luciferin_score	6.58662	2UUY_rec	2UUY_lig
lightdock	luciferin_score	6.43758	2UUY_rec	2UUY_lig
lightdock	luciferin_score	6.34151	2UUY_rec	2UUY_lig
lightdock	luciferin_score	5.94968	2UUY_rec	2UUY_lig
lightdock	luciferin_score	5.90287	2UUY_rec	2UUY_lig
lightdock	luciferin_score	5.53882	2UUY_rec	2UUY_lig
lightdock	luciferin_score	5.36856	2UUY_rec	2UUY_lig
lightdock	luciferin_score	5.33115	2UUY_rec	2UUY_lig
lightdock	luciferin_score	5.00743	2UUY_rec	2UUY_lig
lightdock	luciferin_score	3.99095	2UUY_rec	2UUY_lig
lightdock	luciferin_score	3.64798	2UUY_rec	2UUY_lig
lightdock	luciferin_score	2.49973	2UUY_rec	2UUY_lig
lightdock	luciferin_score	0.99005	2UUY_rec	2UUY_lig
lightdock	luciferin_score	0.54753	2UUY_rec	2UUY_lig
lightdock	luciferin_score	-1.27497	2UUY_rec	2UUY_lig
lightdock	luciferin_score	-1.28155	2UUY_rec	2UUY_lig
lightdock	luciferin_score	-1.99187	2UUY_rec	2UUY_lig
lightdock	luciferin_score	-2.09951	2UUY_rec	2UUY_lig
lightdock	luciferin_score	-2.40261	2UUY_rec	2UUY_lig
lightdock	luciferin_score	-3.1289	2UUY_rec	2UUY_lig
lightdock	luciferin_score	-6.66283	2UUY_rec	2UUY_lig
lightdock	luciferin_score	-6.90827	2UUY_rec	2UUY_lig
lightdock	luciferin_score	-9.01678	2UUY_rec	2UUY_lig
lightdock	luciferin_score	-9.09936	2UUY_rec	2UUY_lig
lightdock	luciferin_score	-16.1594	2UUY_rec	2UUY_lig
lightdock	luciferin_score	-20.59025	2UUY_rec	2UUY_lig
lightdock	luciferin_score	-23.28135	2UUY_rec	2UUY_lig
lightdock	luciferin_score	-27.3255	2UUY_rec	2UUY_lig
lightdock	luciferin_score	-32.82219	2UUY_rec	2UUY_lig
lightdock	luciferin_score	-38.04711	2UUY_rec	2UUY_lig
lightdock	luciferin_score	19.70294	2UUY_rec	2UUY_lig
lightdock	luciferin_score	16.06629	2UUY_rec	2UUY_lig
lightdock	luciferin_score	15.64336	2UUY_rec	2UUY_lig
lightdock	luciferin_score	14.50559	2UUY_rec	2UUY_lig
lightdock	luciferin_score	14.49924	2UUY_rec	2UUY_lig
lightdock	luciferin_score	14.42336	2UUY_rec	2UUY_lig
lightdock	luciferin_score	14.1575	2UUY_rec	2UUY_lig
lightdock	luciferin_score	13.65523	2UUY_rec	2UUY_lig
lightdock	luciferin_score	13.22196	2UUY_rec	2UUY_lig
lightdock	luciferin_score	13.02562	2UUY_rec	2UUY_lig
lightdock	luciferin_score	12.89274	2UUY_rec	2UUY_lig
lightdock	luciferin_score	12.87692	2UUY_rec	2UUY_lig
lightdock	luciferin_score	12.42413	2UUY_rec	2UUY_lig
lightdock	luciferin_score	12.33942	2UUY_rec	2UUY_lig
lightdock	luciferin_score	12.24412	2UUY_rec	2UUY_lig
lightdock	luciferin_score	11.94591	2UUY_rec	2UUY_lig
lightdock	luciferin_score	11.70262	2UUY_rec	2UUY_lig
lightdock	luciferin_score	11.54313	2UUY_rec	2UUY_lig
lightdock	luciferin_score	11.44511	2UUY_rec	2UUY_lig
lightdock	luciferin_score	11.32565	2UUY_rec	2UUY_lig
lightdock	luciferin_score	11.0077	2UUY_rec	2UUY_lig
lightdock	luciferin_score	10.68988	2UUY_rec	2UUY_lig
lightdock	luciferin_score	10.5109	2UUY_rec	2UUY_lig
lightdock	luciferin_score	10.30741	2UUY_rec	2UUY_lig
lightdock	luciferin_score	10.19437	2UUY_rec	2UUY_lig
lightdock	luciferin_score	9.87079	2UUY_rec	2UUY_lig
lightdock	luciferin_score	9.78513	2UUY_rec	2UUY_lig
lightdock	luciferin_score	9.77462	2UUY_rec	2UUY_lig
lightdock	luciferin_score	9.62319	2UUY_rec	2UUY_lig
lightdock	luciferin_score	9.43852	2UUY_rec	2UUY_lig
lightdock	luciferin_score	8.89254	2UUY_rec	2UUY_lig
lightdock	luciferin_score	7.82335	2UUY_rec	2UUY_lig
lightdock	luciferin_score	7.80536	2UUY_rec	2UUY_lig
lightdock	luciferin_score	7.58062	2UUY_rec	2UUY_lig
lightdock	luciferin_score	7.52947	2UUY_rec	2UUY_lig
lightdock	luciferin_score	7.1714	2UUY_rec	2UUY_lig
lightdock	luciferin_score	6.80351	2UUY_rec	2UUY_lig
lightdock	luciferin_score	6.73418	2UUY_rec	2UUY_lig
lightdock	luciferin_score	6.06363	2UUY_rec	2UUY_lig
lightdock	luciferin_score	4.60784	2UUY_rec	2UUY_lig
lightdock	luciferin_score	4.54186	2UUY_rec	2UUY_lig
lightdock	luciferin_score	0.57638	2UUY_rec	2UUY_lig
lightdock	luciferin_score	-4.17063	2UUY_rec	2UUY_lig
lightdock	luciferin_score	-5.40978	2UUY_rec	2UUY_lig
lightdock	luciferin_score	-6.38729	2UUY_rec	2UUY_lig
lightdock	luciferin_score	-7.3517	2UUY_rec	2UUY_lig
lightdock	luciferin_score	-8.7727	2UUY_rec	2UUY_lig
lightdock	luciferin_score	-16.07949	2UUY_rec	2UUY_lig
lightdock	luciferin_score	-22.52276	2UUY_rec	2UUY_lig
lightdock	luciferin_score	-25.91536	2UUY_rec	2UUY_lig
lightdock	luciferin_score	-26.40204	2UUY_rec	2UUY_lig
lightdock	luciferin_score	-39.20172	2UUY_rec	2UUY_lig
lightdock	luciferin_score	-42.94626	2UUY_rec	2UUY_lig
lightdock	luciferin_score	-44.84129	2UUY_rec	2UUY_lig
lightdock	luciferin_score	-51.86443	2UUY_rec	2UUY_lig
lightdock	luciferin_score	15.48699	2UUY_rec	2UUY_lig
lightdock	luciferin_score	15.01403	2UUY_rec	2UUY_lig
lightdock	luciferin_score	13.97296	2UUY_rec	2UUY_lig
lightdock	luciferin_score	13.48548	2UUY_rec	2UUY_lig
lightdock	luciferin_score	13.22522	2UUY_rec	2UUY_lig
lightdock	luciferin_score	13.13513	2UUY_rec	2UUY_lig
lightdock	luciferin_score	12.53387	2UUY_rec	2UUY_lig
lightdock	luciferin_score	12.08539	2UUY_rec	2UUY_lig
lightdock	luciferin_score	11.77471	2UUY_rec	2UUY_lig
lightdock	luciferin_score	11.72464	2UUY_rec	2UUY_lig
lightdock	luciferin_score	11.38797	2UUY_rec	2UUY_lig
lightdock	luciferin_score	11.23423	2UUY_rec	2UUY_lig
lightdock	luciferin_score	11.06529	2UUY_rec	2UUY_lig
lightdock	luciferin_score	11.01829	2UUY_rec	2UUY_lig
lightdock	luciferin_score	10.8295	2UUY_rec	2UUY_lig
lightdock	luciferin_score	10.68371	2UUY_rec	2UUY_lig
lightdock	luciferin_score	10.4654	2UUY_rec	2UUY_lig
lightdock	luciferin_score	10.38713	2UUY_rec	2UUY_lig
lightdock	luciferin_score	10.36051	2UUY_rec	2UUY_lig
lightdock	luciferin_score	10.25045	2UUY_rec	2UUY_lig
lightdock	luciferin_score	10.22529	2UUY_rec	2UUY_lig
lightdock	luciferin_score	9.96442	2UUY_rec	2UUY_lig
lightdock	luciferin_score	9.54371	2UUY_rec	2UUY_lig
lightdock	luciferin_score	9.13679	2UUY_rec	2UUY_lig
lightdock	luciferin_score	8.94078	2UUY_rec	2UUY_lig
lightdock	luciferin_score	8.92609	2UUY_rec	2UUY_lig
lightdock	luciferin_score	8.92007	2UUY_rec	2UUY_lig
lightdock	luciferin_score	8.86344	2UUY_rec	2UUY_lig
lightdock	luciferin_score	8.73314	2UUY_rec	2UUY_lig
lightdock	luciferin_score	8.72712	2UUY_rec	2UUY_lig
lightdock	luciferin_score	8.65347	2UUY_rec	2UUY_lig
lightdock	luciferin_score	8.42746	2UUY_rec	2UUY_lig
lightdock	luciferin_score	8.00565	2UUY_rec	2UUY_lig
lightdock	luciferin_score	7.92675	2UUY_rec	2UUY_lig
lightdock	luciferin_score	7.75396	2UUY_rec	2UUY_lig
lightdock	luciferin_score	7.6735	2UUY_rec	2UUY_lig
lightdock	luciferin_score	7.49381	2UUY_rec	2UUY_lig
lightdock	luciferin_score	7.45533	2UUY_rec	2UUY_lig
lightdock	luciferin_score	7.27974	2UUY_rec	2UUY_lig
lightdock	luciferin_score	7.21475	2UUY_rec	2UUY_lig
lightdock	luciferin_score	7.08004	2UUY_rec	2UUY_lig
lightdock	luciferin_score	6.44041	2UUY_rec	2UUY_lig
lightdock	luciferin_score	6.43832	2UUY_rec	2UUY_lig
lightdock	luciferin_score	6.18031	2UUY_rec	2UUY_lig
lightdock	luciferin_score	5.77591	2UUY_rec	2UUY_lig
lightdock	luciferin_score	5.70598	2UUY_rec	2UUY_lig
lightdock	luciferin_score	5.45221	2UUY_rec	2UUY_lig
lightdock	luciferin_score	5.33074	2UUY_rec	2UUY_lig
lightdock	luciferin_score	5.27867	2UUY_rec	2UUY_lig
lightdock	luciferin_score	5.18121	2UUY_rec	2UUY_lig
lightdock	luciferin_score	4.39306	2UUY_rec	2UUY_lig
lightdock	luciferin_score	4.33135	2UUY_rec	2UUY_lig
lightdock	luciferin_score	2.69977	2UUY_rec	2UUY_lig
lightdock	luciferin_score	2.51652	2UUY_rec	2UUY_lig
lightdock	luciferin_score	2.47254	2UUY_rec	2UUY_lig
lightdock	luciferin_score	2.44372	2UUY_rec	2UUY_lig
lightdock	luciferin_score	1.68452	2UUY_rec	2UUY_lig
lightdock	luciferin_score	0.53964	2UUY_rec	2UUY_lig
lightdock	luciferin_score	0.21202	2UUY_rec	2UUY_lig
lightdock	luciferin_score	-2.57821	2UUY_rec	2UUY_lig
lightdock	luciferin_score	-3.91246	2UUY_rec	2UUY_lig
lightdock	luciferin_score	-4.98243	2UUY_rec	2UUY_lig
lightdock	luciferin_score	-7.52646	2UUY_rec	2UUY_lig
lightdock	luciferin_score	-11.70081	2UUY_rec	2UUY_lig
lightdock	luciferin_score	-18.82908	2UUY_rec	2UUY_lig
lightdock	luciferin_score	-21.11785	2UUY_rec	2UUY_lig
lightdock	luciferin_score	-28.59951	2UUY_rec	2UUY_lig
lightdock	luciferin_score	-36.41236	2UUY_rec	2UUY_lig
lightdock	luciferin_score	-40.89981	2UUY_rec	2UUY_lig
lightdock	luciferin_score	-63.93433	2UUY_rec	2UUY_lig
lightdock	luciferin_score	20.61293	2UUY_rec	2UUY_lig
lightdock	luciferin_score	19.76895	2UUY_rec	2UUY_lig
lightdock	luciferin_score	18.55198	2UUY_rec	2UUY_lig
lightdock	luciferin_score	17.29467	2UUY_rec	2UUY_lig
lightdock	luciferin_score	16.86653	2UUY_rec	2UUY_lig
lightdock	luciferin_score	16.62768	2UUY_rec	2UUY_lig
lightdock	luciferin_score	16.56325	2UUY_rec	2UUY_lig
lightdock	luciferin_score	15.75897	2UUY_rec	2UUY_lig
lightdock	luciferin_score	15.60495	2UUY_rec	2UUY_lig
lightdock	luciferin_score	15.29846	2UUY_rec	2UUY_lig
lightdock	luciferin_score	14.92516	2UUY_rec	2UUY_lig
lightdock	luciferin_score	13.38962	2UUY_rec	2UUY_lig
lightdock	luciferin_score	13.18514	2UUY_rec	2UUY_lig
lightdock	luciferin_score	12.53011	2UUY_rec	2UUY_lig
lightdock	luciferin_score	12.44627	2UUY_rec	2UUY_lig
lightdock	luciferin_score	12.43451	2UUY_rec	2UUY_lig
lightdock	luciferin_score	12.09161	2UUY_rec	2UUY_lig
lightdock	luciferin_score	11.79896	2UUY_rec	2UUY_lig
lightdock	luciferin_score	11.70133	2UUY_rec	2UUY_lig
lightdock	luciferin_score	11.61988	2UUY_rec	2UUY_lig
lightdock	luciferin_score	11.4242	2UUY_rec	2UUY_lig
lightdock	luciferin_score	11.17501	2UUY_rec	2UUY_lig
lightdock	luciferin_score	11.13558	2UUY_rec	2UUY_lig
lightdock	luciferin_score	11.09668	2UUY_rec	2UUY_lig
lightdock	luciferin_score	11.07605	2UUY_rec	2UUY_lig
lightdock	luciferin_score	10.88339	2UUY_rec	2UUY_lig
lightdock	luciferin_score	10.35609	2UUY_rec	2UUY_lig
lightdock	luciferin_score	10.35363	2UUY_rec	2UUY_lig
lightdock	luciferin_score	10.34766	2UUY_rec	2UUY_lig
lightdock	luciferin_score	10.00083	2UUY_rec	2UUY_lig
lightdock	luciferin_score	9.88668	2UUY_rec	2UUY_lig
lightdock	luciferin_score	9.7507	2UUY_rec	2UUY_lig
lightdock	luciferin_score	9.65516	2UUY_rec	2UUY_lig
lightdock	luciferin_score	9.50982	2UUY_rec	2UUY_lig
lightdock	luciferin_score	9.23974	2UUY_rec	2UUY_lig
lightdock	luciferin_score	8.99446	2UUY_rec	2UUY_lig
lightdock	luciferin_score	8.43393	2UUY_rec	2UUY_lig
lightdock	luciferin_score	8.24628	2UUY_rec	2UUY_lig
lightdock	luciferin_score	8.16277	2UUY_rec	2UUY_lig
lightdock	luciferin_score	7.52754	2UUY_rec	2UUY_lig
lightdock	luciferin_score	7.4327	2UUY_rec	2UUY_lig
lightdock	luciferin_score	7.09213	2UUY_rec	2UUY_lig
lightdock	luciferin_score	7.03715	2UUY_rec	2UUY_lig
lightdock	luciferin_score	6.74728	2UUY_rec	2UUY_lig
lightdock	luciferin_score	6.38762	2UUY_rec	2UUY_lig
lightdock	luciferin_score	6.27314	2UUY_rec	2UUY_lig
lightdock	luciferin_score	4.68819	2UUY_rec	2UUY_lig
lightdock	luciferin_score	4.65499	2UUY_rec	2UUY_lig
lightdock	luciferin_score	4.51933	2UUY_rec	2UUY_lig
lightdock	luciferin_score	4.0096	2UUY_rec	2UUY_lig
lightdock	luciferin_score	3.92938	2UUY_rec	2UUY_lig
lightdock	luciferin_score	-1.2161	2UUY_rec	2UUY_lig
lightdock	luciferin_score	-2.14803	2UUY_rec	2UUY_lig
lightdock	luciferin_score	-3.42518	2UUY_rec	2UUY_lig
lightdock	luciferin_score	-8.21669	2UUY_rec	2UUY_lig
lightdock	luciferin_score	-8.46108	2UUY_rec	2UUY_lig
lightdock	luciferin_score	-12.35784	2UUY_rec	2UUY_lig
lightdock	luciferin_score	-12.90709	2UUY_rec	2UUY_lig
lightdock	luciferin_score	-13.89982	2UUY_rec	2UUY_lig
lightdock	luciferin_score	-20.08954	2UUY_rec	2UUY_lig
lightdock	luciferin_score	-23.14376	2UUY_rec	2UUY_lig
lightdock	luciferin_score	-23.22968	2UUY_rec	2UUY_lig
lightdock	luciferin_score	-32.37453	2UUY_rec	2UUY_lig
lightdock	luciferin_score	-65.87985	2UUY_rec	2UUY_lig
lightdock	luciferin_score	23.26176	2UUY_rec	2UUY_lig
lightdock	luciferin_score	17.98991	2UUY_rec	2UUY_lig
lightdock	luciferin_score	17.07128	2UUY_rec	2UUY_lig
lightdock	luciferin_score	16.09887	2UUY_rec	2UUY_lig
lightdock	luciferin_score	15.3156	2UUY_rec	2UUY_lig
lightdock	luciferin_score	14.3093	2UUY_rec	2UUY_lig
lightdock	luciferin_score	13.86685	2UUY_rec	2UUY_lig
lightdock	luciferin_score	12.49254	2UUY_rec	2UUY_lig
lightdock	luciferin_score	12.46972	2UUY_rec	2UUY_lig
lightdock	luciferin_score	12.2501	2UUY_rec	2UUY_lig
lightdock	luciferin_score	12.0377	2UUY_rec	2UUY_lig
lightdock	luciferin_score	11.81474	2UUY_rec	2UUY_lig
lightdock	luciferin_score	11.6858	2UUY_rec	2UUY_lig
lightdock	luciferin_score	11.53732	2UUY_rec	2UUY_lig
lightdock	luciferin_score	11.37446	2UUY_rec	2UUY_lig
lightdock	luciferin_score	11.21297	2UUY_rec	2UUY_lig
lightdock	luciferin_score	10.63034	2UUY_rec	2UUY_lig
lightdock	luciferin_score	10.38196	2UUY_rec	2UUY_lig
lightdock	luciferin_score	10.33336	2UUY_rec	2UUY_lig
lightdock	luciferin_score	10.28843	2UUY_rec	2UUY_lig
lightdock	luciferin_score	10.098	2UUY_rec	2UUY_lig
lightdock	luciferin_score	9.93097	2UUY_rec	2UUY_lig
lightdock	luciferin_score	9.86521	2UUY_rec	2UUY_lig
lightdock	luciferin_score	9.76088	2UUY_rec	2UUY_lig
lightdock	luciferin_score	9.68196	2UUY_rec	2UUY_lig
lightdock	luciferin_score	9.52039	2UUY_rec	2UUY_lig
lightdock	luciferin_score	9.38489	2UUY_rec	2UUY_lig
lightdock	luciferin_score	9.05505	2UUY_rec	2UUY_lig
lightdock	luciferin_score	8.94124	2UUY_rec	2UUY_lig
lightdock	luciferin_score	8.81378	2UUY_rec	2UUY_lig
lightdock	luciferin_score	8.73219	2UUY_rec	2UUY_lig
lightdock	luciferin_score	8.22358	2UUY_rec	2UUY_lig
lightdock	luciferin_score	8.08221	2UUY_rec	2UUY_lig
lightdock	luciferin_score	8.01466	2UUY_rec	2UUY_lig
lightdock	luciferin_score	7.97681	2UUY_rec	2UUY_lig
lightdock	luciferin_score	7.74774	2UUY_rec	2UUY_lig
lightdock	luciferin_score	7.64734	2UUY_rec	2UUY_lig
lightdock	luciferin_score	7.37415	2UUY_rec	2UUY_lig
lightdock	luciferin_score	7.10389	2UUY_rec	2UUY_lig
lightdock	luciferin_score	6.71431	2UUY_rec	2UUY_lig
lightdock	luciferin_score	6.51334	2UUY_rec	2UUY_lig
lightdock	luciferin_score	6.03347	2UUY_rec	2UUY_lig
lightdock	luciferin_score	5.87309	2UUY_rec	2UUY_lig
lightdock	luciferin_score	5.71444	2UUY_rec	2UUY_lig
lightdock	luciferin_score	5.44385	2UUY_rec	2UUY_lig
lightdock	luciferin_score	5.00467	2UUY_rec	2UUY_lig
lightdock	luciferin_score	3.21222	2UUY_rec	2UUY_lig
lightdock	luciferin_score	1.43179	2UUY_rec	2UUY_lig
lightdock	luciferin_score	1.2409	2UUY_rec	2UUY_lig
lightdock	luciferin_score	1.12974	2UUY_rec	2UUY_lig
lightdock	luciferin_score	-1.23354	2UUY_rec	2UUY_lig
lightdock	luciferin_score	-2.00845	2UUY_rec	2UUY_lig
lightdock	luciferin_score	-2.26087	2UUY_rec	2UUY_lig
lightdock	luciferin_score	-4.78371	2UUY_rec	2UUY_lig
lightdock	luciferin_score	-4.95128	2UUY_rec	2UUY_lig
lightdock	luciferin_score	-6.19419	2UUY_rec	2UUY_lig
lightdock	luciferin_score	-11.38719	2UUY_rec	2UUY_lig
lightdock	luciferin_score	-11.93206	2UUY_rec	2UUY_lig
lightdock	luciferin_score	-18.26493	2UUY_rec	2UUY_lig
lightdock	luciferin_score	-23.49671	2UUY_rec	2UUY_lig
lightdock	luciferin_score	-25.72044	2UUY_rec	2UUY_lig
lightdock	luciferin_score	-31.29019	2UUY_rec	2UUY_lig
lightdock	luciferin_score	-38.01933	2UUY_rec	2UUY_lig
lightdock	luciferin_score	-54.63478	2UUY_rec	2UUY_lig
lightdock	luciferin_score	14.6155	2UUY_rec	2UUY_lig
lightdock	luciferin_score	14.2962	2UUY_rec	2UUY_lig
lightdock	luciferin_score	13.85495	2UUY_rec	2UUY_lig
lightdock	luciferin_score	13.74852	2UUY_rec	2UUY_lig
lightdock	luciferin_score	13.33975	2UUY_rec	2UUY_lig
lightdock	luciferin_score	13.01396	2UUY_rec	2UUY_lig
lightdock	luciferin_score	12.71727	2UUY_rec	2UUY_lig
lightdock	luciferin_score	11.93603	2UUY_rec	2UUY_lig
lightdock	luciferin_score	11.48145	2UUY_rec	2UUY_lig
lightdock	luciferin_score	10.60662	2UUY_rec	2UUY_lig
lightdock	luciferin_score	10.31256	2UUY_rec	2UUY_lig
lightdock	luciferin_score	9.93976	2UUY_rec	2UUY_lig
lightdock	luciferin_score	9.92388	2UUY_rec	2UUY_lig
lightdock	luciferin_score	9.80414	2UUY_rec	2UUY_lig
lightdock	luciferin_score	9.72737	2UUY_rec	2UUY_lig
lightdock	luciferin_score	9.2724	2UUY_rec	2UUY_lig
lightdock	luciferin_score	9.14842	2UUY_rec	2UUY_lig
lightdock	luciferin_score	9.04325	2UUY_rec	2UUY_lig
lightdock	luciferin_score	8.85975	2UUY_rec	2UUY_lig
lightdock	luciferin_score	8.81938	2UUY_rec	2UUY_lig
lightdock	luciferin_score	8.52175	2UUY_rec	2UUY_lig
lightdock	luciferin_score	8.51113	2UUY_rec	2UUY_lig
lightdock	luciferin_score	8.19043	2UUY_rec	2UUY_lig
lightdock	luciferin_score	8.08388	2UUY_rec	2UUY_lig
lightdock	luciferin_score	7.93181	2UUY_rec	2UUY_lig
lightdock	luciferin_score	7.8727	2UUY_rec	2UUY_lig
lightdock	luciferin_score	7.78847	2UUY_rec	2UUY_lig
lightdock	luciferin_score	7.75099	2UUY_rec	2UUY_lig
lightdock	luciferin_score	7.7257	2UUY_rec	2UUY_lig
lightdock	luciferin_score	7.58464	2UUY_rec	2UUY_lig
lightdock	luciferin_score	7.36695	2UUY_rec	2UUY_lig
lightdock	luciferin_score	7.14869	2UUY_rec	2UUY_lig
lightdock	luciferin_score	7.12751	2UUY_rec	2UUY_lig
lightdock	luciferin_score	7.12414	2UUY_rec	2UUY_lig
lightdock	luciferin_score	6.99457	2UUY_rec	2UUY_lig
lightdock	luciferin_score	6.95508	2UUY_rec	2UUY_lig
lightdock	luciferin_score	6.84998	2UUY_rec	2UUY_lig
lightdock	luciferin_score	6.48253	2UUY_rec	2UUY_lig
lightdock	luciferin_score	5.99343	2UUY_rec	2UUY_lig
lightdock	luciferin_score	5.92214	2UUY_rec	2UUY_lig
lightdock	luciferin_score	5.33545	2UUY_rec	2UUY_lig
lightdock	luciferin_score	4.77733	2UUY_rec	2UUY_lig
lightdock	luciferin_score	4.57608	2UUY_rec	2UUY_lig
lightdock	luciferin_score	2.49489	2UUY_rec	2UUY_lig
lightdock	luciferin_score	1.52308	2UUY_rec	2UUY_lig
lightdock	luciferin_score	0.43349	2UUY_rec	2UUY_lig
lightdock	luciferin_score	-0.10703	2UUY_rec	2UUY_lig
lightdock	luciferin_score	-0.61024	2UUY_rec	2UUY_lig
lightdock	luciferin_score	-0.84708	2UUY_rec	2UUY_lig
lightdock	luciferin_score	-1.881	2UUY_rec	2UUY_lig
lightdock	luciferin_score	-2.65445	2UUY_rec	2UUY_lig
lightdock	luciferin_score	-2.798	2UUY_rec	2UUY_lig
lightdock	luciferin_score	-7.06072	2UUY_rec	2UUY_lig
lightdock	luciferin_score	-9.20005	2UUY_rec	2UUY_lig
lightdock	luciferin_score	-10.42446	2UUY_rec	2UUY_lig
lightdock	luciferin_score	-13.17922	2UUY_rec	2UUY_lig
lightdock	luciferin_score	-21.51294	2UUY_rec	2UUY_lig
lightdock	luciferin_score	-23.99607	2UUY_rec	2UUY_lig
lightdock	luciferin_score	-25.15857	2UUY_rec	2UUY_lig
lightdock	luciferin_score	-26.41916	2UUY_rec	2UUY_lig
lightdock	luciferin_score	-27.09423	2UUY_rec	2UUY_lig
lightdock	luciferin_score	-28.90219	2UUY_rec	2UUY_lig
lightdock	luciferin_score	-31.81804	2UUY_rec	2UUY_lig
lightdock	luciferin_score	-33.88471	2UUY_rec	2UUY_lig
lightdock	luciferin_score	-35.87258	2UUY_rec	2UUY_lig
lightdock	luciferin_score	-38.61412	2UUY_rec	2UUY_lig
lightdock	luciferin_score	-38.70062	2UUY_rec	2UUY_lig
lightdock	luciferin_score	-43.40924	2UUY_rec	2UUY_lig
lightdock	luciferin_score	14.6803	2UUY_rec	2UUY_lig
lightdock	luciferin_score	13.47093	2UUY_rec	2UUY_lig
lightdock	luciferin_score	13.05043	2UUY_rec	2UUY_lig
lightdock	luciferin_score	12.96501	2UUY_rec	2UUY_lig
lightdock	luciferin_score	12.78065	2UUY_rec	2UUY_lig
lightdock	luciferin_score	11.4097	2UUY_rec	2UUY_lig
lightdock	luciferin_score	11.12779	2UUY_rec	2UUY_lig
lightdock	luciferin_score	11.09354	2UUY_rec	2UUY_lig
lightdock	luciferin_score	10.95148	2UUY_rec	2UUY_lig
lightdock	luciferin_score	10.94024	2UUY_rec	2UUY_lig
lightdock	luciferin_score	10.41579	2UUY_rec	2UUY_lig
lightdock	luciferin_score	10.28251	2UUY_rec	2UUY_lig
lightdock	luciferin_score	10.27328	2UUY_rec	2UUY_lig
lightdock	luciferin_score	10.06925	2UUY_rec	2UUY_lig
lightdock	luciferin_score	9.62511	2UUY_rec	2UUY_lig
lightdock	luciferin_score	9.52889	2UUY_rec	2UUY_lig
lightdock	luciferin_score	9.13197	2UUY_rec	2UUY_lig
lightdock	luciferin_score	9.12165	2UUY_rec	2UUY_lig
lightdock	luciferin_score	9.11337	2UUY_rec	2UUY_lig
lightdock	luciferin_score	8.93568	2UUY_rec	2UUY_lig
lightdock	luciferin_score	8.72164	2UUY_rec	2UUY_lig
lightdock	luciferin_score	8.60279	2UUY_rec	2UUY_lig
lightdock	luciferin_score	8.57135	2UUY_rec	2UUY_lig
lightdock	luciferin_score	8.53424	2UUY_rec	2UUY_lig
lightdock	luciferin_score	8.48688	2UUY_rec	2UUY_lig
lightdock	luciferin_score	8.0197	2UUY_rec	2UUY_lig
lightdock	luciferin_score	7.85432	2UUY_rec	2UUY_lig
lightdock	luciferin_score	7.85124	2UUY_rec	2UUY_lig
lightdock	luciferin_score	7.70647	2UUY_rec	2UUY_lig
lightdock	luciferin_score	7.66388	2UUY_rec	2UUY_lig
lightdock	luciferin_score	7.57649	2UUY_rec	2UUY_lig
lightdock	luciferin_score	7.44351	2UUY_rec	2UUY_lig
lightdock	luciferin_score	7.20361	2UUY_rec	2UUY_lig
lightdock	luciferin_score	6.97461	2UUY_rec	2UUY_lig
lightdock	luciferin_score	6.95179	2UUY_rec	2UUY_lig
lightdock	luciferin_score	6.80688	2UUY_rec	2UUY_lig
lightdock	luciferin_score	6.77144	2UUY_rec	2UUY_lig
lightdock	luciferin_score	6.25209	2UUY_rec	2UUY_lig
lightdock	luciferin_score	5.83231	2UUY_rec	2UUY_lig
lightdock	luciferin_score	5.7211	2UUY_rec	2UUY_lig
lightdock	luciferin_score	5.30511	2UUY_rec	2UUY_lig
lightdock	luciferin_score	5.26529	2UUY_rec	2UUY_lig
lightdock	luciferin_score	4.95648	2UUY_rec	2UUY_lig
lightdock	luciferin_score	4.71515	2UUY_rec	2UUY_lig
lightdock	luciferin_score	4.66033	2UUY_rec	2UUY_lig
lightdock	luciferin_score	1.20682	2UUY_rec	2UUY_lig
lightdock	luciferin_score	-1.83374	2UUY_rec	2UUY_lig
lightdock	luciferin_score	-2.08978	2UUY_rec	2UUY_lig
lightdock	luciferin_score	-2.2365	2UUY_rec	2UUY_lig
lightdock	luciferin_score	-2.79838	2UUY_rec	2UUY_lig
lightdock	luciferin_score	-3.59552	2UUY_rec	2UUY_lig
lightdock	luciferin_score	-7.19446	2UUY_rec	2UUY_lig
lightdock	luciferin_score	-8.60085	2UUY_rec	2UUY_lig
lightdock	luciferin_score	-9.80721	2UUY_rec	2UUY_lig
lightdock	luciferin_score	-10.91515	2UUY_rec	2UUY_lig
lightdock	luciferin_score	-12.17984	2UUY_rec	2UUY_lig
lightdock	luciferin_score	-19.12675	2UUY_rec	2UUY_lig
lightdock	luciferin_score	-19.91207	2UUY_rec	2UUY_lig
lightdock	luciferin_score	-21.67288	2UUY_rec	2UUY_lig
lightdock	luciferin_score	-35.43157	2UUY_rec	2UUY_lig
lightdock	luciferin_score	-46.05031	2UUY_rec	2UUY_lig
lightdock	luciferin_score	-51.44987	2UUY_rec	2UUY_lig
lightdock	luciferin_score	-52.05008	2UUY_rec	2UUY_lig
lightdock	luciferin_score	-56.62819	2UUY_rec	2UUY_lig
lightdock	luciferin_score	18.19486	2UUY_rec	2UUY_lig
lightdock	luciferin_score	17.70421	2UUY_rec	2UUY_lig
lightdock	luciferin_score	17.61534	2UUY_rec	2UUY_lig
lightdock	luciferin_score	16.31694	2UUY_rec	2UUY_lig
lightdock	luciferin_score	15.49543	2UUY_rec	2UUY_lig
lightdock	luciferin_score	14.73618	2UUY_rec	2UUY_lig
lightdock	luciferin_score	14.68504	2UUY_rec	2UUY_lig
lightdock	luciferin_score	14.51119	2UUY_rec	2UUY_lig
lightdock	luciferin_score	14.47331	2UUY_rec	2UUY_lig
lightdock	luciferin_score	14.41614	2UUY_rec	2UUY_lig
lightdock	luciferin_score	13.65376	2UUY_rec	2UUY_lig
lightdock	luciferin_score	13.05768	2UUY_rec	2UUY_lig
lightdock	luciferin_score	12.88273	2UUY_rec	2UUY_lig
lightdock	luciferin_score	12.81184	2UUY_rec	2UUY_lig
lightdock	luciferin_score	12.64571	2UUY_rec	2UUY_lig
lightdock	luciferin_score	12.38196	2UUY_rec	2UUY_lig
lightdock	luciferin_score	12.35003	2UUY_rec	2UUY_lig
lightdock	luciferin_score	11.97564	2UUY_rec	2UUY_lig
lightdock	luciferin_score	11.94437	2UUY_rec	2UUY_lig
lightdock	luciferin_score	11.38503	2UUY_rec	2UUY_lig
lightdock	luciferin_score	11.24299	2UUY_rec	2UUY_lig
lightdock	luciferin_score	11.1162	2UUY_rec	2UUY_lig
lightdock	luciferin_score	10.62795	2UUY_rec	2UUY_lig
lightdock	luciferin_score	9.63597	2UUY_rec	2UUY_lig
lightdock	luciferin_score	9.30273	2UUY_rec	2UUY_lig
lightdock	luciferin_score	8.8903	2UUY_rec	2UUY_lig
lightdock	luciferin_score	8.62559	2UUY_rec	2UUY_lig
lightdock	luciferin_score	8.39694	2UUY_rec	2UUY_lig
lightdock	luciferin_score	8.30226	2UUY_rec	2UUY_lig
lightdock	luciferin_score	6.20836	2UUY_rec	2UUY_lig
lightdock	luciferin_score	6.07829	2UUY_rec	2UUY_lig
lightdock	luciferin_score	5.71627	2UUY_rec	2UUY_lig
lightdock	luciferin_score	5.6198	2UUY_rec	2UUY_lig
lightdock	luciferin_score	5.50207	2UUY_rec	2UUY_lig
lightdock	luciferin_score	4.65492	2UUY_rec	2UUY_lig
lightdock	luciferin_score	4.59518	2UUY_rec	2UUY_lig
lightdock	luciferin_score	4.52002	2UUY_rec	2UUY_lig
lightdock	luciferin_score	4.48169	2UUY_rec	2UUY_lig
lightdock	luciferin_score	4.43607	2UUY_rec	2UUY_lig
lightdock	luciferin_score	3.77401	2UUY_rec	2UUY_lig
lightdock	luciferin_score	3.26222	2UUY_rec	2UUY_lig
lightdock	luciferin_score	0.24577	2UUY_rec	2UUY_lig
lightdock	luciferin_score	-1.36376	2UUY_rec	2UUY_lig
lightdock	luciferin_score	-2.31198	2UUY_rec	2UUY_lig
lightdock	luciferin_score	-2.53791	2UUY_rec	2UUY_lig
lightdock	luciferin_score	-8.16303	2UUY_rec	2UUY_lig
lightdock	luciferin_score	-11.07149	2UUY_rec	2UUY_lig
lightdock	luciferin_score	-14.41841	2UUY_rec	2UUY_lig
lightdock	luciferin_score	-15.15647	2UUY_rec	2UUY_lig
lightdock	luciferin_score	-16.17367	2UUY_rec	2UUY_lig
lightdock	luciferin_score	-18.20631	2UUY_rec	2UUY_lig
lightdock	luciferin_score	-18.37778	2UUY_rec	2UUY_lig
lightdock	luciferin_score	-19.28646	2UUY_rec	2UUY_lig
lightdock	luciferin_score	-20.29903	2UUY_rec	2UUY_lig
lightdock	luciferin_score	-22.67525	2UUY_rec	2UUY_lig
lightdock	luciferin_score	-23.7731	2UUY_rec	2UUY_lig
lightdock	luciferin_score	-29.64452	2UUY_rec	2UUY_lig
lightdock	luciferin_score	-32.53171	2UUY_rec	2UUY_lig
lightdock	luciferin_score	-34.42046	2UUY_rec	2UUY_lig
lightdock	luciferin_score	-34.95274	2UUY_rec	2UUY_lig
lightdock	luciferin_score	-39.28482	2UUY_rec	2UUY_lig
lightdock	luciferin_score	-44.11368	2UUY_rec	2UUY_lig
lightdock	luciferin_score	-45.25551	2UUY_rec	2UUY_lig
lightdock	luciferin_score	-47.41665	2UUY_rec	2UUY_lig
lightdock	luciferin_score	-51.26736	2UUY_rec	2UUY_lig
lightdock	luciferin_score	-60.4656	2UUY_rec	2UUY_lig
lightdock	luciferin_score	20.24278	2UUY_rec	2UUY_lig
lightdock	luciferin_score	16.68488	2UUY_rec	2UUY_lig
lightdock	luciferin_score	14.68116	2UUY_rec	2UUY_lig
lightdock	luciferin_score	14.32729	2UUY_rec	2UUY_lig
lightdock	luciferin_score	14.01623	2UUY_rec	2UUY_lig
lightdock	luciferin_score	13.63252	2UUY_rec	2UUY_lig
lightdock	luciferin_score	13.23028	2UUY_rec	2UUY_lig
lightdock	luciferin_score	12.85991	2UUY_rec	2UUY_lig
lightdock	luciferin_score	12.62483	2UUY_rec	2UUY_lig
lightdock	luciferin_score	11.93704	2UUY_rec	2UUY_lig
lightdock	luciferin_score	11.87135	2UUY_rec	2UUY_lig
lightdock	luciferin_score	11.15452	2UUY_rec	2UUY_lig
lightdock	luciferin_score	10.8529	2UUY_rec	2UUY_lig
lightdock	luciferin_score	10.82055	2UUY_rec	2UUY_lig
lightdock	luciferin_score	10.67913	2UUY_rec	2UUY_lig
lightdock	luciferin_score	10.53533	2UUY_rec	2UUY_lig
lightdock	luciferin_score	9.90245	2UUY_rec	2UUY_lig
lightdock	luciferin_score	9.84425	2UUY_rec	2UUY_lig
lightdock	luciferin_score	9.51582	2UUY_rec	2UUY_lig
lightdock	luciferin_score	9.51309	2UUY_rec	2UUY_lig
lightdock	luciferin_score	9.50529	2UUY_rec	2UUY_lig
lightdock	luciferin_score	9.07932	2UUY_rec	2UUY_lig
lightdock	luciferin_score	7.9089	2UUY_rec	2UUY_lig
lightdock	luciferin_score	7.29481	2UUY_rec	2UUY_lig
lightdock	luciferin_score	6.30443	2UUY_rec	2UUY_lig
lightdock	luciferin_score	5.72783	2UUY_rec	2UUY_lig
lightdock	luciferin_score	5.69789	2UUY_rec	2UUY_lig
lightdock	luciferin_score	4.86232	2UUY_rec	2UUY_lig
lightdock	luciferin_score	4.82298	2UUY_rec	2UUY_lig
lightdock	luciferin_score	4.45011	2UUY_rec	2UUY_lig
lightdock	luciferin_score	3.96252	2UUY_rec	2UUY_lig
lightdock	luciferin_score	3.72801	2UUY_rec	2UUY_lig
lightdock	luciferin_score	0.89206	2UUY_rec	2UUY_lig
lightdock	luciferin_score	0.49962	2UUY_rec	2UUY_lig
lightdock	luciferin_score	-0.67298	2UUY_rec	2UUY_lig
lightdock	luciferin_score	-0.9619	2UUY_rec	2UUY_lig
lightdock	luciferin_score	-1.60559	2UUY_rec	2UUY_lig
lightdock	luciferin_score	-2.12791	2UUY_rec	2UUY_lig
lightdock	luciferin_score	-2.49849	2UUY_rec	2UUY_lig
lightdock	luciferin_score	-3.94981	2UUY_rec	2UUY_lig
lightdock	luciferin_score	-4.21482	2UUY_rec	2UUY_lig
lightdock	luciferin_score	-7.96979	2UUY_rec	2UUY_lig
lightdock	luciferin_score	-8.04461	2UUY_rec	2UUY_lig
lightdock	luciferin_score	-8.84887	2UUY_rec	2UUY_lig
lightdock	luciferin_score	-8.97982	2UUY_rec	2UUY_lig
lightdock	luciferin_score	-10.15892	2UUY_rec	2UUY_lig
lightdock	luciferin_score	-10.24456	2UUY_rec	2UUY_lig
lightdock	luciferin_score	-10.56417	2UUY_rec	2UUY_lig
lightdock	luciferin_score	-13.19282	2UUY_rec	2UUY_lig
lightdock	luciferin_score	-13.27166	2UUY_rec	2UUY_lig
lightdock	luciferin_score	-15.21801	2UUY_rec	2UUY_lig
lightdock	luciferin_score	-16.30385	2UUY_rec	2UUY_lig
lightdock	luciferin_score	-16.69268	2UUY_rec	2UUY_lig
lightdock	luciferin_score	-24.95888	2UUY_rec	2UUY_lig
lightdock	luciferin_score	-27.42787	2UUY_rec	2UUY_lig
lightdock	luciferin_score	-42.8982	2UUY_rec	2UUY_lig
lightdock	luciferin_score	-44.40226	2UUY_rec	2UUY_lig
lightdock	luciferin_score	-54.69412	2UUY_rec	2UUY_lig
lightdock	luciferin_score	-58.86156	2UUY_rec	2UUY_lig
lightdock	luciferin_score	-77.44735	2UUY_rec	2UUY_lig
lightdock	luciferin_score	15.5119	2UUY_rec	2UUY_lig
lightdock	luciferin_score	14.06845	2UUY_rec	2UUY_lig
lightdock	luciferin_score	12.50207	2UUY_rec	2UUY_lig
lightdock	luciferin_score	12.06833	2UUY_rec	2UUY_lig
lightdock	luciferin_score	12.03185	2UUY_rec	2UUY_lig
lightdock	luciferin_score	11.81597	2UUY_rec	2UUY_lig
lightdock	luciferin_score	11.71468	2UUY_rec	2UUY_lig
lightdock	luciferin_score	11.63726	2UUY_rec	2UUY_lig
lightdock	luciferin_score	11.61256	2UUY_rec	2UUY_lig
lightdock	luciferin_score	11.28117	2UUY_rec	2UUY_lig
lightdock	luciferin_score	10.71939	2UUY_rec	2UUY_lig
lightdock	luciferin_score	10.65957	2UUY_rec	2UUY_lig
lightdock	luciferin_score	10.57482	2UUY_rec	2UUY_lig
lightdock	luciferin_score	10.5422	2UUY_rec	2UUY_lig
lightdock	luciferin_score	10.30922	2UUY_rec	2UUY_lig
lightdock	luciferin_score	10.18893	2UUY_rec	2UUY_lig
lightdock	luciferin_score	10.08793	2UUY_rec	2UUY_lig
lightdock	luciferin_score	10.01682	2UUY_rec	2UUY_lig
lightdock	luciferin_score	9.33715	2UUY_rec	2UUY_lig
lightdock	luciferin_score	9.30936	2UUY_rec	2UUY_lig
lightdock	luciferin_score	9.30222	2UUY_rec	2UUY_lig
lightdock	luciferin_score	8.82249	2UUY_rec	2UUY_lig
lightdock	luciferin_score	8.70335	2UUY_rec	2UUY_lig
lightdock	luciferin_score	8.64061	2UUY_rec	2UUY_lig
lightdock	luciferin_score	8.58621	2UUY_rec	2UUY_lig
lightdock	luciferin_score	8.53914	2UUY_rec	2UUY_lig
lightdock	luciferin_score	8.28107	2UUY_rec	2UUY_lig
lightdock	luciferin_score	8.25049	2UUY_rec	2UUY_lig
lightdock	luciferin_score	8.16335	2UUY_rec	2UUY_lig
lightdock	luciferin_score	7.96624	2UUY_rec	2UUY_lig
lightdock	luciferin_score	7.94157	2UUY_rec	2UUY_lig
lightdock	luciferin_score	7.75665	2UUY_rec	2UUY_lig
lightdock	luciferin_score	7.48847	2UUY_rec	2UUY_lig
lightdock	luciferin_score	7.4881	2UUY_rec	2UUY_lig
lightdock	luciferin_score	7.42311	2UUY_rec	2UUY_lig
lightdock	luciferin_score	7.36159	2UUY_rec	2UUY_lig
lightdock	luciferin_score	7.30322	2UUY_rec	2UUY_lig
lightdock	luciferin_score	7.24326	2UUY_rec	2UUY_lig
lightdock	luciferin_score	7.23726	2UUY_rec	2UUY_lig
lightdock	luciferin_score	7.20694	2UUY_rec	2UUY_lig
lightdock	luciferin_score	7.14674	2UUY_rec	2UUY_lig
lightdock	luciferin_score	7.0807	2UUY_rec	2UUY_lig
lightdock	luciferin_score	6.98371	2UUY_rec	2UUY_lig
lightdock	luciferin_score	6.89481	2UUY_rec	2UUY_lig
lightdock	luciferin_score	6.87053	2UUY_rec	2UUY_lig
lightdock	luciferin_score	6.8289	2UUY_rec	2UUY_lig
lightdock	luciferin_score	6.67398	2UUY_rec	2UUY_lig
lightdock	luciferin_score	6.64091	2UUY_rec	2UUY_lig
lightdock	luciferin_score	6.56913	2UUY_rec	2UUY_lig
lightdock	luciferin_score	6.44209	2UUY_rec	2UUY_lig
lightdock	luciferin_score	5.49697	2UUY_rec	2UUY_lig
lightdock	luciferin_score	5.09619	2UUY_rec	2UUY_lig
lightdock	luciferin_score	4.20503	2UUY_rec	2UUY_lig
lightdock	luciferin_score	3.14269	2UUY_rec	2UUY_lig
lightdock	luciferin_score	0.45919	2UUY_rec	2UUY_lig
lightdock	luciferin_score	-0.70951	2UUY_rec	2UUY_lig
lightdock	luciferin_score	-2.76167	2UUY_rec	2UUY_lig
lightdock	luciferin_score	-5.06945	2UUY_rec	2UUY_lig
lightdock	luciferin_score	-5.35793	2UUY_rec	2UUY_lig
lightdock	luciferin_score	-5.79824	2UUY_rec	2UUY_lig
lightdock	luciferin_score	-6.00714	2UUY_rec	2UUY_lig
lightdock	luciferin_score	-9.56998	2UUY_rec	2UUY_lig
lightdock	luciferin_score	-13.70967	2UUY_rec	2UUY_lig
lightdock	luciferin_score	-15.3718	2UUY_rec	2UUY_lig
lightdock	luciferin_score	-28.62713	2UUY_rec	2UUY_lig
lightdock	luciferin_score	-30.51274	2UUY_rec	2UUY_lig
lightdock	luciferin_score	-36.45734	2UUY_rec	2UUY_lig
lightdock	luciferin_score	-37.17239	2UUY_rec	2UUY_lig
lightdock	luciferin_score	13.30102	2UUY_rec	2UUY_lig
lightdock	luciferin_score	12.83872	2UUY_rec	2UUY_lig
lightdock	luciferin_score	11.49555	2UUY_rec	2UUY_lig
lightdock	luciferin_score	11.44937	2UUY_rec	2UUY_lig
lightdock	luciferin_score	11.34919	2UUY_rec	2UUY_lig
lightdock	luciferin_score	10.40254	2UUY_rec	2UUY_lig
lightdock	luciferin_score	10.05392	2UUY_rec	2UUY_lig
lightdock	luciferin_score	9.99331	2UUY_rec	2UUY_lig
lightdock	luciferin_score	9.85711	2UUY_rec	2UUY_lig
lightdock	luciferin_score	9.83365	2UUY_rec	2UUY_lig
lightdock	luciferin_score	9.58691	2UUY_rec	2UUY_lig
lightdock	luciferin_score	9.57991	2UUY_rec	2UUY_lig
lightdock	luciferin_score	9.46935	2UUY_rec	2UUY_lig
lightdock	luciferin_score	8.61044	2UUY_rec	2UUY_lig
lightdock	luciferin_score	8.55609	2UUY_rec	2UUY_lig
lightdock	luciferin_score	8.09706	2UUY_rec	2UUY_lig
lightdock	luciferin_score	8.0432	2UUY_rec	2UUY_lig
lightdock	luciferin_score	7.92195	2UUY_rec	2UUY_lig
lightdock	luciferin_score	7.7689	2UUY_rec	2UUY_lig
lightdock	luciferin_score	7.70959	2UUY_rec	2UUY_lig
lightdock	luciferin_score	7.7047	2UUY_rec	2UUY_lig
lightdock	luciferin_score	7.64704	2UUY_rec	2UUY_lig
lightdock	luciferin_score	7.49979	2UUY_rec	2UUY_lig
lightdock	luciferin_score	7.4883	2UUY_rec	2UUY_lig
lightdock	luciferin_score	7.40717	2UUY_rec	2UUY_lig
lightdock	luciferin_score	7.35359	2UUY_rec	2UUY_lig
lightdock	luciferin_score	7.14289	2UUY_rec	2UUY_lig
lightdock	luciferin_score	7.12603	2UUY_rec	2UUY_lig
lightdock	luciferin_score	6.90396	2UUY_rec	2UUY_lig
lightdock	luciferin_score	6.88349	2UUY_rec	2UUY_lig
lightdock	luciferin_score	6.8248	2UUY_rec	2UUY_lig
lightdock	luciferin_score	6.8091	2UUY_rec	2UUY_lig
lightdock	luciferin_score	6.78413	2UUY_rec	2UUY_lig
lightdock	luciferin_score	6.7406	2UUY_rec	2UUY_lig
lightdock	luciferin_score	6.71051	2UUY_rec	2UUY_lig
lightdock	luciferin_score	6.68056	2UUY_rec	2UUY_lig
lightdock	luciferin_score	6.67341	2UUY_rec	2UUY_lig
lightdock	luciferin_score	6.66392	2UUY_rec	2UUY_lig
lightdock	luciferin_score	6.45441	2UUY_rec	2UUY_lig
lightdock	luciferin_score	6.3027	2UUY_rec	2UUY_lig
lightdock	luciferin_score	6.27488	2UUY_rec	2UUY_lig
lightdock	luciferin_score	6.23017	2UUY_rec	2UUY_lig
lightdock	luciferin_score	6.18173	2UUY_rec	2UUY_lig
lightdock	luciferin_score	6.16232	2UUY_rec	2UUY_lig
lightdock	luciferin_score	6.10484	2UUY_rec	2UUY_lig
lightdock	luciferin_score	6.07883	2UUY_rec	2UUY_lig
lightdock	luciferin_score	5.93475	2UUY_rec	2UUY_lig
lightdock	luciferin_score	5.92044	2UUY_rec	2UUY_lig
lightdock	luciferin_score	5.66613	2UUY_rec	2UUY_lig
lightdock	luciferin_score	5.59552	2UUY_rec	2UUY_lig
lightdock	luciferin_score	5.59407	2UUY_rec	2UUY_lig
lightdock	luciferin_score	4.93113	2UUY_rec	2UUY_lig
lightdock	luciferin_score	4.111	2UUY_rec	2UUY_lig
lightdock	luciferin_score	3.05972	2UUY_rec	2UUY_lig
lightdock	luciferin_score	2.86882	2UUY_rec	2UUY_lig
lightdock	luciferin_score	2.67832	2UUY_rec	2UUY_lig
lightdock	luciferin_score	2.67421	2UUY_rec	2UUY_lig
lightdock	luciferin_score	-0.5875	2UUY_rec	2UUY_lig
lightdock	luciferin_score	-3.53143	2UUY_rec	2UUY_lig
lightdock	luciferin_score	-4.05078	2UUY_rec	2UUY_lig
lightdock	luciferin_score	-5.9812	2UUY_rec	2UUY_lig
lightdock	luciferin_score	-10.56961	2UUY_rec	2UUY_lig
lightdock	luciferin_score	-12.00339	2UUY_rec	2UUY_lig
lightdock	luciferin_score	-14.27201	2UUY_rec	2UUY_lig
lightdock	luciferin_score	-17.88142	2UUY_rec	2UUY_lig
lightdock	luciferin_score	-23.39704	2UUY_rec	2UUY_lig
lightdock	luciferin_score	-24.05648	2UUY_rec	2UUY_lig
lightdock	luciferin_score	-31.0839	2UUY_rec	2UUY_lig
lightdock	luciferin_score	15.8716	2UUY_rec	2UUY_lig
lightdock	luciferin_score	15.5624	2UUY_rec	2UUY_lig
lightdock	luciferin_score	15.53363	2UUY_rec	2UUY_lig
lightdock	luciferin_score	15.4315	2UUY_rec	2UUY_lig
lightdock	luciferin_score	11.9394	2UUY_rec	2UUY_lig
lightdock	luciferin_score	11.91648	2UUY_rec	2UUY_lig
lightdock	luciferin_score	11.31136	2UUY_rec	2UUY_lig
lightdock	luciferin_score	10.93302	2UUY_rec	2UUY_lig
lightdock	luciferin_score	10.84566	2UUY_rec	2UUY_lig
lightdock	luciferin_score	10.8222	2UUY_rec	2UUY_lig
lightdock	luciferin_score	10.55886	2UUY_rec	2UUY_lig
lightdock	luciferin_score	10.54417	2UUY_rec	2UUY_lig
lightdock	luciferin_score	10.28421	2UUY_rec	2UUY_lig
lightdock	luciferin_score	10.19472	2UUY_rec	2UUY_lig
lightdock	luciferin_score	9.86443	2UUY_rec	2UUY_lig
lightdock	luciferin_score	9.73929	2UUY_rec	2UUY_lig
lightdock	luciferin_score	9.0725	2UUY_rec	2UUY_lig
lightdock	luciferin_score	8.60639	2UUY_rec	2UUY_lig
lightdock	luciferin_score	8.52189	2UUY_rec	2UUY_lig
lightdock	luciferin_score	8.4673	2UUY_rec	2UUY_lig
lightdock	luciferin_score	8.43215	2UUY_rec	2UUY_lig
lightdock	luciferin_score	8.36932	2UUY_rec	2UUY_lig
lightdock	luciferin_score	8.34558	2UUY_rec	2UUY_lig
lightdock	luciferin_score	8.33069	2UUY_rec	2UUY_lig
lightdock	luciferin_score	8.17955	2UUY_rec	2UUY_lig
lightdock	luciferin_score	7.98575	2UUY_rec	2UUY_lig
lightdock	luciferin_score	7.95153	2UUY_rec	2UUY_lig
lightdock	luciferin_score	7.94758	2UUY_rec	2UUY_lig
lightdock	luciferin_score	7.67145	2UUY_rec	2UUY_lig
lightdock	luciferin_score	7.6686	2UUY_rec	2UUY_lig
lightdock	luciferin_score	7.51445	2UUY_rec	2UUY_lig
lightdock	luciferin_score	7.45385	2UUY_rec	2UUY_lig
lightdock	luciferin_score	7.31062	2UUY_rec	2UUY_lig
lightdock	luciferin_score	7.00979	2UUY_rec	2UUY_lig
lightdock	luciferin_score	6.86488	2UUY_rec	2UUY_lig
lightdock	luciferin_score	6.69975	2UUY_rec	2UUY_lig
lightdock	luciferin_score	6.68494	2UUY_rec	2UUY_lig
lightdock	luciferin_score	6.67837	2UUY_rec	2UUY_lig
lightdock	luciferin_score	6.62753	2UUY_rec	2UUY_lig
lightdock	luciferin_score	6.55586	2UUY_rec	2UUY_lig
lightdock	luciferin_score	6.54801	2UUY_rec	2UUY_lig
lightdock	luciferin_score	6.52803	2UUY_rec	2UUY_lig
lightdock	luciferin_score	6.28778	2UUY_rec	2UUY_lig
lightdock	luciferin_score	6.21386	2UUY_rec	2UUY_lig
lightdock	luciferin_score	6.14447	2UUY_rec	2UUY_lig
lightdock	luciferin_score	5.60834	2UUY_rec	2UUY_lig
lightdock	luciferin_score	5.46376	2UUY_rec	2UUY_lig
lightdock	luciferin_score	5.37094	2UUY_rec	2UUY_lig
lightdock	luciferin_score	5.14309	2UUY_rec	2UUY_lig
lightdock	luciferin_score	4.52989	2UUY_rec	2UUY_lig
lightdock	luciferin_score	2.237	2UUY_rec	2UUY_lig
lightdock	luciferin_score	-2.20507	2UUY_rec	2UUY_lig
lightdock	luciferin_score	-6.43181	2UUY_rec	2UUY_lig
lightdock	luciferin_score	-7.2893	2UUY_rec	2UUY_lig
lightdock	luciferin_score	-7.88375	2UUY_rec	2UUY_lig
lightdock	luciferin_score	-9.95508	2UUY_rec	2UUY_lig
lightdock	luciferin_score	-10.95763	2UUY_rec	2UUY_lig
lightdock	luciferin_score	-11.97344	2UUY_rec	2UUY_lig
lightdock	luciferin_score	-15.39108	2UUY_rec	2UUY_lig
lightdock	luciferin_score	-20.4038	2UUY_rec	2UUY_lig
lightdock	luciferin_score	-20.43232	2UUY_rec	2UUY_lig
lightdock	luciferin_score	-24.27887	2UUY_rec	2UUY_lig
lightdock	luciferin_score	-25.3148	2UUY_rec	2UUY_lig
lightdock	luciferin_score	15.01692	2UUY_rec	2UUY_lig
lightdock	luciferin_score	14.8606	2UUY_rec	2UUY_lig
lightdock	luciferin_score	13.70542	2UUY_rec	2UUY_lig
lightdock	luciferin_score	13.18996	2UUY_rec	2UUY_lig
lightdock	luciferin_score	13.07643	2UUY_rec	2UUY_lig
lightdock	luciferin_score	11.84458	2UUY_rec	2UUY_lig
lightdock	luciferin_score	11.66018	2UUY_rec	2UUY_lig
lightdock	luciferin_score	11.17644	2UUY_rec	2UUY_lig
lightdock	luciferin_score	11.14665	2UUY_rec	2UUY_lig
lightdock	luciferin_score	11.03537	2UUY_rec	2UUY_lig
lightdock	luciferin_score	10.2707	2UUY_rec	2UUY_lig
lightdock	luciferin_score	10.24685	2UUY_rec	2UUY_lig
lightdock	luciferin_score	10.06865	2UUY_rec	2UUY_lig
lightdock	luciferin_score	9.82479	2UUY_rec	2UUY_lig
lightdock	luciferin_score	9.54537	2UUY_rec	2UUY_lig
lightdock	luciferin_score	9.48169	2UUY_rec	2UUY_lig
lightdock	luciferin_score	9.39652	2UUY_rec	2UUY_lig
lightdock	luciferin_score	9.38803	2UUY_rec	2UUY_lig
lightdock	luciferin_score	9.34137	2UUY_rec	2UUY_lig
lightdock	luciferin_score	8.88142	2UUY_rec	2UUY_lig
lightdock	luciferin_score	8.67747	2UUY_rec	2UUY_lig
lightdock	luciferin_score	8.34052	2UUY_rec	2UUY_lig
lightdock	luciferin_score	8.13315	2UUY_rec	2UUY_lig
lightdock	luciferin_score	8.1284	2UUY_rec	2UUY_lig
lightdock	luciferin_score	8.08879	2UUY_rec	2UUY_lig
lightdock	luciferin_score	8.04182	2UUY_rec	2UUY_lig
lightdock	luciferin_score	7.77638	2UUY_rec	2UUY_lig
lightdock	luciferin_score	7.60127	2UUY_rec	2UUY_lig
lightdock	luciferin_score	7.55988	2UUY_rec	2UUY_lig
lightdock	luciferin_score	7.50866	2UUY_rec	2UUY_lig
lightdock	luciferin_score	7.42922	2UUY_rec	2UUY_lig
lightdock	luciferin_score	7.36934	2UUY_rec	2UUY_lig
lightdock	luciferin_score	7.36772	2UUY_rec	2UUY_lig
lightdock	luciferin_score	7.28273	2UUY_rec	2UUY_lig
lightdock	luciferin_score	6.9304	2UUY_rec	2UUY_lig
lightdock	luciferin_score	6.85385	2UUY_rec	2UUY_lig
lightdock	luciferin_score	6.85273	2UUY_rec	2UUY_lig
lightdock	luciferin_score	6.7862	2UUY_rec	2UUY_lig
lightdock	luciferin_score	6.47807	2UUY_rec	2UUY_lig
lightdock	luciferin_score	6.45019	2UUY_rec	2UUY_lig
lightdock	luciferin_score	6.14288	2UUY_rec	2UUY_lig
lightdock	luciferin_score	5.95095	2UUY_rec	2UUY_lig
lightdock	luciferin_score	5.81393	2UUY_rec	2UUY_lig
lightdock	luciferin_score	5.75591	2UUY_rec	2UUY_lig
lightdock	luciferin_score	5.28364	2UUY_rec	2UUY_lig
lightdock	luciferin_score	5.26521	2UUY_rec	2UUY_lig
lightdock	luciferin_score	5.14431	2UUY_rec	2UUY_lig
lightdock	luciferin_score	4.52061	2UUY_rec	2UUY_lig
lightdock	luciferin_score	4.48407	2UUY_rec	2UUY_lig
lightdock	luciferin_score	4.45641	2UUY_rec	2UUY_lig
lightdock	luciferin_score	4.45314	2UUY_rec	2UUY_lig
lightdock	luciferin_score	2.94322	2UUY_rec	2UUY_lig
lightdock	luciferin_score	2.57696	2UUY_rec	2UUY_lig
lightdock	luciferin_score	1.91079	2UUY_rec	2UUY_lig
lightdock	luciferin_score	1.5673	2UUY_rec	2UUY_lig
lightdock	luciferin_score	1.42452	2UUY_rec	2UUY_lig
lightdock	luciferin_score	0.85085	2UUY_rec	2UUY_lig
lightdock	luciferin_score	0.52244	2UUY_rec	2UUY_lig
lightdock	luciferin_score	0.16514	2UUY_rec	2UUY_lig
lightdock	luciferin_score	-1.63643	2UUY_rec	2UUY_lig
lightdock	luciferin_score	-1.6415	2UUY_rec	2UUY_lig
lightdock	luciferin_score	-3.57441	2UUY_rec	2UUY_lig
lightdock	luciferin_score	-3.64168	2UUY_rec	2UUY_lig
lightdock	luciferin_score	-3.85316	2UUY_rec	2UUY_lig
lightdock	luciferin_score	-5.26278	2UUY_rec	2UUY_lig
lightdock	luciferin_score	-6.05838	2UUY_rec	2UUY_lig
lightdock	luciferin_score	-7.14971	2UUY_rec	2UUY_lig
lightdock	luciferin_score	-11.32321	2UUY_rec	2UUY_lig
lightdock	luciferin_score	-12.55419	2UUY_rec	2UUY_lig
lightdock	luciferin_score	-15.85239	2UUY_rec	2UUY_lig
lightdock	luciferin_score	-17.89775	2UUY_rec	2UUY_lig
lightdock	luciferin_score	-20.94632	2UUY_rec	2UUY_lig
lightdock	luciferin_score	-32.93481	2UUY_rec	2UUY_lig
lightdock	luciferin_score	14.98517	2UUY_rec	2UUY_lig
lightdock	luciferin_score	14.01263	2UUY_rec	2UUY_lig
lightdock	luciferin_score	13.39147	2UUY_rec	2UUY_lig
lightdock	luciferin_score	13.23519	2UUY_rec	2UUY_lig
lightdock	luciferin_score	13.0238	2UUY_rec	2UUY_lig
lightdock	luciferin_score	12.78217	2UUY_rec	2UUY_lig
lightdock	luciferin_score	12.60133	2UUY_rec	2UUY_lig
lightdock	luciferin_score	12.59542	2UUY_rec	2UUY_lig
lightdock	luciferin_score	12.04963	2UUY_rec	2UUY_lig
lightdock	luciferin_score	11.58762	2UUY_rec	2UUY_lig
lightdock	luciferin_score	11.58397	2UUY_rec	2UUY_lig
lightdock	luciferin_score	11.14253	2UUY_rec	2UUY_lig
lightdock	luciferin_score	11.02467	2UUY_rec	2UUY_lig
lightdock	luciferin_score	10.37045	2UUY_rec	2UUY_lig
lightdock	luciferin_score	10.35698	2UUY_rec	2UUY_lig
lightdock	luciferin_score	10.31218	2UUY_rec	2UUY_lig
lightdock	luciferin_score	10.28466	2UUY_rec	2UUY_lig
lightdock	luciferin_score	9.6126	2UUY_rec	2UUY_lig
lightdock	luciferin_score	9.52425	2UUY_rec	2UUY_lig
lightdock	luciferin_score	9.44938	2UUY_rec	2UUY_lig
lightdock	luciferin_score	9.32093	2UUY_rec	2UUY_lig
lightdock	luciferin_score	9.09824	2UUY_rec	2UUY_lig
lightdock	luciferin_score	9.05426	2UUY_rec	2UUY_lig
lightdock	luciferin_score	9.00427	2UUY_rec	2UUY_lig
lightdock	luciferin_score	8.66949	2UUY_rec	2UUY_lig
lightdock	luciferin_score	8.61078	2UUY_rec	2UUY_lig
lightdock	luciferin_score	8.48591	2UUY_rec	2UUY_lig
lightdock	luciferin_score	7.87638	2UUY_rec	2UUY_lig
lightdock	luciferin_score	7.74609	2UUY_rec	2UUY_lig
lightdock	luciferin_score	7.43919	2UUY_rec	2UUY_lig
lightdock	luciferin_score	6.73265	2UUY_rec	2UUY_lig
lightdock	luciferin_score	6.49606	2UUY_rec	2UUY_lig
lightdock	luciferin_score	6.44363	2UUY_rec	2UUY_lig
lightdock	luciferin_score	6.23754	2UUY_rec	2UUY_lig
lightdock	luciferin_score	5.97357	2UUY_rec	2UUY_lig
lightdock	luciferin_score	5.59421	2UUY_rec	2UUY_lig
lightdock	luciferin_score	5.43418	2UUY_rec	2UUY_lig
lightdock	luciferin_score	4.81187	2UUY_rec	2UUY_lig
lightdock	luciferin_score	4.26291	2UUY_rec	2UUY_lig
lightdock	luciferin_score	3.80622	2UUY_rec	2UUY_lig
lightdock	luciferin_score	3.24915	2UUY_rec	2UUY_lig
lightdock	luciferin_score	1.16568	2UUY_rec	2UUY_lig
lightdock	luciferin_score	0.68966	2UUY_rec	2UUY_lig
lightdock	luciferin_score	-0.62044	2UUY_rec	2UUY_lig
lightdock	luciferin_score	-0.91033	2UUY_rec	2UUY_lig
lightdock	luciferin_score	-1.71714	2UUY_rec	2UUY_lig
lightdock	luciferin_score	-1.76432	2UUY_rec	2UUY_lig
lightdock	luciferin_score	-2.12111	2UUY_rec	2UUY_lig
lightdock	luciferin_score	-5.60026	2UUY_rec	2UUY_lig
lightdock	luciferin_score	-5.73285	2UUY_rec	2UUY_lig
lightdock	luciferin_score	-8.87112	2UUY_rec	2UUY_lig
lightdock	luciferin_score	-10.74107	2UUY_rec	2UUY_lig
lightdock	luciferin_score	-11.15492	2UUY_rec	2UUY_lig
lightdock	luciferin_score	-13.47966	2UUY_rec	2UUY_lig
lightdock	luciferin_score	-15.86663	2UUY_rec	2UUY_lig
lightdock	luciferin_score	-19.54755	2UUY_rec	2UUY_lig
lightdock	luciferin_score	-22.80661	2UUY_rec	2UUY_lig
lightdock	luciferin_score	-25.28335	2UUY_rec	2UUY_lig
lightdock	luciferin_score	-26.29252	2UUY_rec	2UUY_lig
lightdock	luciferin_score	-41.30388	2UUY_rec	2UUY_lig
lightdock	luciferin_score	17.05147	2UUY_rec	2UUY_lig
lightdock	luciferin_score	14.78613	2UUY_rec	2UUY_lig
lightdock	luciferin_score	13.11172	2UUY_rec	2UUY_lig
lightdock	luciferin_score	12.47008	2UUY_rec	2UUY_lig
lightdock	luciferin_score	12.00182	2UUY_rec	2UUY_lig
lightdock	luciferin_score	11.98176	2UUY_rec	2UUY_lig
lightdock	luciferin_score	11.6638	2UUY_rec	2UUY_lig
lightdock	luciferin_score	11.44971	2UUY_rec	2UUY_lig
lightdock	luciferin_score	11.25134	2UUY_rec	2UUY_lig
lightdock	luciferin_score	10.8832	2UUY_rec	2UUY_lig
lightdock	luciferin_score	10.29559	2UUY_rec	2UUY_lig
lightdock	luciferin_score	10.26282	2UUY_rec	2UUY_lig
lightdock	luciferin_score	10.18125	2UUY_rec	2UUY_lig
lightdock	luciferin_score	9.73513	2UUY_rec	2UUY_lig
lightdock	luciferin_score	9.70444	2UUY_rec	2UUY_lig
lightdock	luciferin_score	9.44801	2UUY_rec	2UUY_lig
lightdock	luciferin_score	9.13773	2UUY_rec	2UUY_lig
lightdock	luciferin_score	9.13529	2UUY_rec	2UUY_lig
lightdock	luciferin_score	9.09308	2UUY_rec	2UUY_lig
lightdock	luciferin_score	8.99218	2UUY_rec	2UUY_lig
lightdock	luciferin_score	8.77451	2UUY_rec	2UUY_lig
lightdock	luciferin_score	8.73159	2UUY_rec	2UUY_lig
lightdock	luciferin_score	8.49785	2UUY_rec	2UUY_lig
lightdock	luciferin_score	8.41045	2UUY_rec	2UUY_lig
lightdock	luciferin_score	7.62937	2UUY_rec	2UUY_lig
lightdock	luciferin_score	7.57049	2UUY_rec	2UUY_lig
lightdock	luciferin_score	7.27873	2UUY_rec	2UUY_lig
lightdock	luciferin_score	7.22652	2UUY_rec	2UUY_lig
lightdock	luciferin_score	7.04224	2UUY_rec	2UUY_lig
lightdock	luciferin_score	6.77469	2UUY_rec	2UUY_lig
lightdock	luciferin_score	6.21132	2UUY_rec	2UUY_lig
lightdock	luciferin_score	6.18363	2UUY_rec	2UUY_lig
lightdock	luciferin_score	5.78829	2UUY_rec	2UUY_lig
lightdock	luciferin_score	5.76871	2UUY_rec	2UUY_lig
lightdock	luciferin_score	4.81812	2UUY_rec	2UUY_lig
lightdock	luciferin_score	4.44846	2UUY_rec	2UUY_lig
lightdock	luciferin_score	3.78436	2UUY_rec	2UUY_lig
lightdock	luciferin_score	3.77604	2UUY_rec	2UUY_lig
lightdock	luciferin_score	3.29582	2UUY_rec	2UUY_lig
lightdock	luciferin_score	2.32622	2UUY_rec	2UUY_lig
lightdock	luciferin_score	2.19878	2UUY_rec	2UUY_lig
lightdock	luciferin_score	1.86045	2UUY_rec	2UUY_lig
lightdock	luciferin_score	0.81503	2UUY_rec	2UUY_lig
lightdock	luciferin_score	-0.77999	2UUY_rec	2UUY_lig
lightdock	luciferin_score	-2.54238	2UUY_rec	2UUY_lig
lightdock	luciferin_score	-2.64404	2UUY_rec	2UUY_lig
lightdock	luciferin_score	-3.04868	2UUY_rec	2UUY_lig
lightdock	luciferin_score	-3.22424	2UUY_rec	2UUY_lig
lightdock	luciferin_score	-3.31305	2UUY_rec	2UUY_lig
lightdock	luciferin_score	-4.19974	2UUY_rec	2UUY_lig
lightdock	luciferin_score	-5.2953	2UUY_rec	2UUY_lig
lightdock	luciferin_score	-6.6113	2UUY_rec	2UUY_lig
lightdock	luciferin_score	-6.69709	2UUY_rec	2UUY_lig
lightdock	luciferin_score	-7.0489	2UUY_rec	2UUY_lig
lightdock	luciferin_score	-11.47069	2UUY_rec	2UUY_lig
lightdock	luciferin_score	-14.11027	2UUY_rec	2UUY_lig
lightdock	luciferin_score	-14.71574	2UUY_rec	2UUY_lig
lightdock	luciferin_score	-19.54003	2UUY_rec	2UUY_lig
lightdock	luciferin_score	-20.72323	2UUY_rec	2UUY_lig
lightdock	luciferin_score	-39.66805	2UUY_rec	2UUY_lig
lightdock	luciferin_score	-52.86408	2UUY_rec	2UUY_lig
lightdock	luciferin_score	-61.53607	2UUY_rec	2UUY_lig
lightdock	luciferin_score	16.89928	2UUY_rec	2UUY_lig
lightdock	luciferin_score	16.36221	2UUY_rec	2UUY_lig
lightdock	luciferin_score	16.31914	2UUY_rec	2UUY_lig
lightdock	luciferin_score	16.00728	2UUY_rec	2UUY_lig
lightdock	luciferin_score	16.00103	2UUY_rec	2UUY_lig
lightdock	luciferin_score	15.98735	2UUY_rec	2UUY_lig
lightdock	luciferin_score	14.42587	2UUY_rec	2UUY_lig
lightdock	luciferin_score	14.25746	2UUY_rec	2UUY_lig
lightdock	luciferin_score	13.73968	2UUY_rec	2UUY_lig
lightdock	luciferin_score	13.71573	2UUY_rec	2UUY_lig
lightdock	luciferin_score	12.2041	2UUY_rec	2UUY_lig
lightdock	luciferin_score	12.15494	2UUY_rec	2UUY_lig
lightdock	luciferin_score	12.02519	2UUY_rec	2UUY_lig
lightdock	luciferin_score	11.52357	2UUY_rec	2UUY_lig
lightdock	luciferin_score	10.60928	2UUY_rec	2UUY_lig
lightdock	luciferin_score	10.56262	2UUY_rec	2UUY_lig
lightdock	luciferin_score	10.27963	2UUY_rec	2UUY_lig
lightdock	luciferin_score	10.23437	2UUY_rec	2UUY_lig
lightdock	luciferin_score	10.20559	2UUY_rec	2UUY_lig
lightdock	luciferin_score	10.11843	2UUY_rec	2UUY_lig
lightdock	luciferin_score	10.10622	2UUY_rec	2UUY_lig
lightdock	luciferin_score	9.96659	2UUY_rec	2UUY_lig
lightdock	luciferin_score	9.81797	2UUY_rec	2UUY_lig
lightdock	luciferin_score	9.79133	2UUY_rec	2UUY_lig
lightdock	luciferin_score	9.62131	2UUY_rec	2UUY_lig
lightdock	luciferin_score	9.25234	2UUY_rec	2UUY_lig
lightdock	luciferin_score	9.17275	2UUY_rec	2UUY_lig
lightdock	luciferin_score	8.73165	2UUY_rec	2UUY_lig
lightdock	luciferin_score	8.71286	2UUY_rec	2UUY_lig
lightdock	luciferin_score	8.33263	2UUY_rec	2UUY_lig
lightdock	luciferin_score	7.89867	2UUY_rec	2UUY_lig
lightdock	luciferin_score	7.89638	2UUY_rec	2UUY_lig
lightdock	luciferin_score	7.60864	2UUY_rec	2UUY_lig
lightdock	luciferin_score	7.60253	2UUY_rec	2UUY_lig
lightdock	luciferin_score	7.38556	2UUY_rec	2UUY_lig
lightdock	luciferin_score	7.19894	2UUY_rec	2UUY_lig
lightdock	luciferin_score	6.90512	2UUY_rec	2UUY_lig
lightdock	luciferin_score	6.4968	2UUY_rec	2UUY_lig
lightdock	luciferin_score	6.44641	2UUY_rec	2UUY_lig
lightdock	luciferin_score	5.6	2UUY_rec	2UUY_lig
lightdock	luciferin_score	5.39724	2UUY_rec	2UUY_lig
lightdock	luciferin_score	5.14106	2UUY_rec	2UUY_lig
lightdock	luciferin_score	3.56757	2UUY_rec	2UUY_lig
lightdock	luciferin_score	0.05939	2UUY_rec	2UUY_lig
lightdock	luciferin_score	-0.79315	2UUY_rec	2UUY_lig
lightdock	luciferin_score	-1.60818	2UUY_rec	2UUY_lig
lightdock	luciferin_score	-2.13781	2UUY_rec	2UUY_lig
lightdock	luciferin_score	-4.60933	2UUY_rec	2UUY_lig
lightdock	luciferin_score	-5.3756	2UUY_rec	2UUY_lig
lightdock	luciferin_score	-6.17108	2UUY_rec	2UUY_lig
lightdock	luciferin_score	-6.47748	2UUY_rec	2UUY_lig
lightdock	luciferin_score	-7.31007	2UUY_rec	2UUY_lig
lightdock	luciferin_score	-10.44384	2UUY_rec	2UUY_lig
lightdock	luciferin_score	-10.48809	2UUY_rec	2UUY_lig
lightdock	luciferin_score	-14.1207	2UUY_rec	2UUY_lig
lightdock	luciferin_score	-14.49084	2UUY_rec	2UUY_lig
lightdock	luciferin_score	-17.13148	2UUY_rec	2UUY_lig
lightdock	luciferin_score	-18.41661	2UUY_rec	2UUY_lig
lightdock	luciferin_score	-23.43836	2UUY_rec	2UUY_lig
lightdock	luciferin_score	-30.44913	2UUY_rec	2UUY_lig
lightdock	luciferin_score	-34.6029	2UUY_rec	2UUY_lig
lightdock	luciferin_score	-38.66361	2UUY_rec	2UUY_lig
lightdock	luciferin_score	-46.20755	2UUY_rec	2UUY_lig
lightdock	luciferin_score	-49.82563	2UUY_rec	2UUY_lig
lightdock	luciferin_score	-61.40036	2UUY_rec	2UUY_lig
lightdock	luciferin_score	12.54197	2UUY_rec	2UUY_lig
lightdock	luciferin_score	12.26114	2UUY_rec	2UUY_lig
lightdock	luciferin_score	12.16257	2UUY_rec	2UUY_lig
lightdock	luciferin_score	11.84663	2UUY_rec	2UUY_lig
lightdock	luciferin_score	11.22237	2UUY_rec	2UUY_lig
lightdock	luciferin_score	11.0402	2UUY_rec	2UUY_lig
lightdock	luciferin_score	10.98149	2UUY_rec	2UUY_lig
lightdock	luciferin_score	10.96025	2UUY_rec	2UUY_lig
lightdock	luciferin_score	10.93796	2UUY_rec	2UUY_lig
lightdock	luciferin_score	10.33976	2UUY_rec	2UUY_lig
lightdock	luciferin_score	10.20211	2UUY_rec	2UUY_lig
lightdock	luciferin_score	10.16763	2UUY_rec	2UUY_lig
lightdock	luciferin_score	10.00604	2UUY_rec	2UUY_lig
lightdock	luciferin_score	9.78948	2UUY_rec	2UUY_lig
lightdock	luciferin_score	9.56595	2UUY_rec	2UUY_lig
lightdock	luciferin_score	9.42685	2UUY_rec	2UUY_lig
lightdock	luciferin_score	9.16798	2UUY_rec	2UUY_lig
lightdock	luciferin_score	9.12826	2UUY_rec	2UUY_lig
lightdock	luciferin_score	8.81184	2UUY_rec	2UUY_lig
lightdock	luciferin_score	8.73621	2UUY_rec	2UUY_lig
lightdock	luciferin_score	8.64294	2UUY_rec	2UUY_lig
lightdock	luciferin_score	8.60347	2UUY_rec	2UUY_lig
lightdock	luciferin_score	8.57065	2UUY_rec	2UUY_lig
lightdock	luciferin_score	8.324	2UUY_rec	2UUY_lig
lightdock	luciferin_score	8.26806	2UUY_rec	2UUY_lig
lightdock	luciferin_score	8.14804	2UUY_rec	2UUY_lig
lightdock	luciferin_score	8.08846	2UUY_rec	2UUY_lig
lightdock	luciferin_score	8.07585	2UUY_rec	2UUY_lig
lightdock	luciferin_score	7.89808	2UUY_rec	2UUY_lig
lightdock	luciferin_score	7.6588	2UUY_rec	2UUY_lig
lightdock	luciferin_score	7.59764	2UUY_rec	2UUY_lig
lightdock	luciferin_score	7.52415	2UUY_rec	2UUY_lig
lightdock	luciferin_score	7.19543	2UUY_rec	2UUY_lig
lightdock	luciferin_score	7.0876	2UUY_rec	2UUY_lig
lightdock	luciferin_score	6.96208	2UUY_rec	2UUY_lig
lightdock	luciferin_score	6.78058	2UUY_rec	2UUY_lig
lightdock	luciferin_score	6.70052	2UUY_rec	2UUY_lig
lightdock	luciferin_score	6.45513	2UUY_rec	2UUY_lig
lightdock	luciferin_score	6.38732	2UUY_rec	2UUY_lig
lightdock	luciferin_score	6.38038	2UUY_rec	2UUY_lig
lightdock	luciferin_score	6.22953	2UUY_rec	2UUY_lig
lightdock	luciferin_score	6.0986	2UUY_rec	2UUY_lig
lightdock	luciferin_score	5.87413	2UUY_rec	2UUY_lig
lightdock	luciferin_score	5.81046	2UUY_rec	2UUY_lig
lightdock	luciferin_score	5.7779	2UUY_rec	2UUY_lig
lightdock	luciferin_score	3.23556	2UUY_rec	2UUY_lig
lightdock	luciferin_score	2.46391	2UUY_rec	2UUY_lig
lightdock	luciferin_score	-0.44003	2UUY_rec	2UUY_lig
lightdock	luciferin_score	-0.91583	2UUY_rec	2UUY_lig
lightdock	luciferin_score	-0.92891	2UUY_rec	2UUY_lig
lightdock	luciferin_score	-1.62087	2UUY_rec	2UUY_lig
lightdock	luciferin_score	-6.05658	2UUY_rec	2UUY_lig
lightdock	luciferin_score	-6.83131	2UUY_rec	2UUY_lig
lightdock	luciferin_score	-11.14399	2UUY_rec	2UUY_lig
lightdock	luciferin_score	-13.55192	2UUY_rec	2UUY_lig
lightdock	luciferin_score	-14.65371	2UUY_rec	2UUY_lig
lightdock	luciferin_score	-27.71407	2UUY_rec	2UUY_lig
lightdock	luciferin_score	-39.27245	2UUY_rec	2UUY_lig
lightdock	luciferin_score	-41.54688	2UUY_rec	2UUY_lig
lightdock	luciferin_score	-41.93898	2UUY_rec	2UUY_lig
lightdock	luciferin_score	-44.41124	2UUY_rec	2UUY_lig
lightdock	luciferin_score	-46.16347	2UUY_rec	2UUY_lig
lightdock	luciferin_score	-56.6192	2UUY_rec	2UUY_lig
lightdock	luciferin_score	18.80048	2UUY_rec	2UUY_lig
lightdock	luciferin_score	14.69461	2UUY_rec	2UUY_lig
lightdock	luciferin_score	14.68539	2UUY_rec	2UUY_lig
lightdock	luciferin_score	14.24947	2UUY_rec	2UUY_lig
lightdock	luciferin_score	13.71956	2UUY_rec	2UUY_lig
lightdock	luciferin_score	13.64601	2UUY_rec	2UUY_lig
lightdock	luciferin_score	13.12395	2UUY_rec	2UUY_lig
lightdock	luciferin_score	13.08726	2UUY_rec	2UUY_lig
lightdock	luciferin_score	13.08188	2UUY_rec	2UUY_lig
lightdock	luciferin_score	13.02851	2UUY_rec	2UUY_lig
lightdock	luciferin_score	12.56228	2UUY_rec	2UUY_lig
lightdock	luciferin_score	12.36528	2UUY_rec	2UUY_lig
lightdock	luciferin_score	12.31163	2UUY_rec	2UUY_lig
lightdock	luciferin_score	11.00565	2UUY_rec	2UUY_lig
lightdock	luciferin_score	10.88807	2UUY_rec	2UUY_lig
lightdock	luciferin_score	10.72958	2UUY_rec	2UUY_lig
lightdock	luciferin_score	10.43984	2UUY_rec	2UUY_lig
lightdock	luciferin_score	10.20698	2UUY_rec	2UUY_lig
lightdock	luciferin_score	10.1411	2UUY_rec	2UUY_lig
lightdock	luciferin_score	10.12092	2UUY_rec	2UUY_lig
lightdock	luciferin_score	9.53216	2UUY_rec	2UUY_lig
lightdock	luciferin_score	9.33899	2UUY_rec	2UUY_lig
lightdock	luciferin_score	9.28148	2UUY_rec	2UUY_lig
lightdock	luciferin_score	9.23777	2UUY_rec	2UUY_lig
lightdock	luciferin_score	9.21775	2UUY_rec	2UUY_lig
lightdock	luciferin_score	8.92157	2UUY_rec	2UUY_lig
lightdock	luciferin_score	8.89044	2UUY_rec	2UUY_lig
lightdock	luciferin_score	8.79423	2UUY_rec	2UUY_lig
lightdock	luciferin_score	8.7581	2UUY_rec	2UUY_lig
lightdock	luciferin_score	8.707	2UUY_rec	2UUY_lig
lightdock	luciferin_score	8.6457	2UUY_rec	2UUY_lig
lightdock	luciferin_score	8.58689	2UUY_rec	2UUY_lig
lightdock	luciferin_score	8.10515	2UUY_rec	2UUY_lig
lightdock	luciferin_score	8.02176	2UUY_rec	2UUY_lig
lightdock	luciferin_score	7.79163	2UUY_rec	2UUY_lig
lightdock	luciferin_score	7.71405	2UUY_rec	2UUY_lig
lightdock	luciferin_score	7.59272	2UUY_rec	2UUY_lig
lightdock	luciferin_score	7.49271	2UUY_rec	2UUY_lig
lightdock	luciferin_score	7.22034	2UUY_rec	2UUY_lig
lightdock	luciferin_score	7.17831	2UUY_rec	2UUY_lig
lightdock	luciferin_score	6.94024	2UUY_rec	2UUY_lig
lightdock	luciferin_score	6.7145	2UUY_rec	2UUY_lig
lightdock	luciferin_score	6.64291	2UUY_rec	2UUY_lig
lightdock	luciferin_score	5.51161	2UUY_rec	2UUY_lig
lightdock	luciferin_score	5.03629	2UUY_rec	2UUY_lig
lightdock	luciferin_score	2.6289	2UUY_rec	2UUY_lig
lightdock	luciferin_score	2.3154	2UUY_rec	2UUY_lig
lightdock	luciferin_score	1.76407	2UUY_rec	2UUY_lig
lightdock	luciferin_score	1.62766	2UUY_rec	2UUY_lig
lightdock	luciferin_score	0.12356	2UUY_rec	2UUY_lig
lightdock	luciferin_score	-0.62925	2UUY_rec	2UUY_lig
lightdock	luciferin_score	-3.35588	2UUY_rec	2UUY_lig
lightdock	luciferin_score	-3.64327	2UUY_rec	2UUY_lig
lightdock	luciferin_score	-4.30447	2UUY_rec	2UUY_lig
lightdock	luciferin_score	-5.6697	2UUY_rec	2UUY_lig
lightdock	luciferin_score	-5.74233	2UUY_rec	2UUY_lig
lightdock	luciferin_score	-8.41708	2UUY_rec	2UUY_lig
lightdock	luciferin_score	-11.17544	2UUY_rec	2UUY_lig
lightdock	luciferin_score	-12.22856	2UUY_rec	2UUY_lig
lightdock	luciferin_score	-13.76069	2UUY_rec	2UUY_lig
lightdock	luciferin_score	-14.59958	2UUY_rec	2UUY_lig
lightdock	luciferin_score	-16.63419	2UUY_rec	2UUY_lig
lightdock	luciferin_score	-18.35139	2UUY_rec	2UUY_lig
lightdock	luciferin_score	-20.38903	2UUY_rec	2UUY_lig
lightdock	luciferin_score	-20.39533	2UUY_rec	2UUY_lig
lightdock	luciferin_score	-21.8428	2UUY_rec	2UUY_lig
lightdock	luciferin_score	-24.74941	2UUY_rec	2UUY_lig
lightdock	luciferin_score	-26.16678	2UUY_rec	2UUY_lig
lightdock	luciferin_score	-33.61383	2UUY_rec	2UUY_lig
lightdock	luciferin_score	-34.06435	2UUY_rec	2UUY_lig
lightdock	luciferin_score	-34.6006	2UUY_rec	2UUY_lig
lightdock	luciferin_score	-40.20698	2UUY_rec	2UUY_lig
lightdock	luciferin_score	-43.35681	2UUY_rec	2UUY_lig
lightdock	luciferin_score	-44.46466	2UUY_rec	2UUY_lig
lightdock	luciferin_score	-53.90252	2UUY_rec	2UUY_lig
lightdock	luciferin_score	-78.0433	2UUY_rec	2UUY_lig
lightdock	luciferin_score	18.22757	2UUY_rec	2UUY_lig
lightdock	luciferin_score	15.65784	2UUY_rec	2UUY_lig
lightdock	luciferin_score	14.44614	2UUY_rec	2UUY_lig
lightdock	luciferin_score	13.89606	2UUY_rec	2UUY_lig
lightdock	luciferin_score	13.37489	2UUY_rec	2UUY_lig
lightdock	luciferin_score	13.08468	2UUY_rec	2UUY_lig
lightdock	luciferin_score	12.66883	2UUY_rec	2UUY_lig
lightdock	luciferin_score	12.54654	2UUY_rec	2UUY_lig
lightdock	luciferin_score	12.37489	2UUY_rec	2UUY_lig
lightdock	luciferin_score	12.31564	2UUY_rec	2UUY_lig
lightdock	luciferin_score	12.24072	2UUY_rec	2UUY_lig
lightdock	luciferin_score	12.2288	2UUY_rec	2UUY_lig
lightdock	luciferin_score	12.17384	2UUY_rec	2UUY_lig
lightdock	luciferin_score	11.85824	2UUY_rec	2UUY_lig
lightdock	luciferin_score	11.26629	2UUY_rec	2UUY_lig
lightdock	luciferin_score	11.05232	2UUY_rec	2UUY_lig
lightdock	luciferin_score	10.8843	2UUY_rec	2UUY_lig
lightdock	luciferin_score	10.85241	2UUY_rec	2UUY_lig
lightdock	luciferin_score	10.7614	2UUY_rec	2UUY_lig
lightdock	luciferin_score	9.94651	2UUY_rec	2UUY_lig
lightdock	luciferin_score	9.81935	2UUY_rec	2UUY_lig
lightdock	luciferin_score	9.8013	2UUY_rec	2UUY_lig
lightdock	luciferin_score	9.6987	2UUY_rec	2UUY_lig
lightdock	luciferin_score	9.30786	2UUY_rec	2UUY_lig
lightdock	luciferin_score	9.19941	2UUY_rec	2UUY_lig
lightdock	luciferin_score	8.69883	2UUY_rec	2UUY_lig
lightdock	luciferin_score	8.22166	2UUY_rec	2UUY_lig
lightdock	luciferin_score	8.19774	2UUY_rec	2UUY_lig
lightdock	luciferin_score	8.09358	2UUY_rec	2UUY_lig
lightdock	luciferin_score	8.06347	2UUY_rec	2UUY_lig
lightdock	luciferin_score	7.93146	2UUY_rec	2UUY_lig
lightdock	luciferin_score	7.92651	2UUY_rec	2UUY_lig
lightdock	luciferin_score	7.90895	2UUY_rec	2UUY_lig
lightdock	luciferin_score	7.80772	2UUY_rec	2UUY_lig
lightdock	luciferin_score	7.80205	2UUY_rec	2UUY_lig
lightdock	luciferin_score	7.56757	2UUY_rec	2UUY_lig
lightdock	luciferin_score	7.53214	2UUY_rec	2UUY_lig
lightdock	luciferin_score	7.49462	2UUY_rec	2UUY_lig
lightdock	luciferin_score	7.30126	2UUY_rec	2UUY_lig
lightdock	luciferin_score	7.12599	2UUY_rec	2UUY_lig
lightdock	luciferin_score	6.96415	2UUY_rec	2UUY_lig
lightdock	luciferin_score	6.92031	2UUY_rec	2UUY_lig
lightdock	luciferin_score	6.68901	2UUY_rec	2UUY_lig
lightdock	luciferin_score	6.6009	2UUY_rec	2UUY_lig
lightdock	luciferin_score	6.39898	2UUY_rec	2UUY_lig
lightdock	luciferin_score	5.78194	2UUY_rec	2UUY_lig
lightdock	luciferin_score	5.53256	2UUY_rec	2UUY_lig
lightdock	luciferin_score	5.30381	2UUY_rec	2UUY_lig
lightdock	luciferin_score	4.91765	2UUY_rec	2UUY_lig
lightdock	luciferin_score	2.91214	2UUY_rec	2UUY_lig
lightdock	luciferin_score	1.98362	2UUY_rec	2UUY_lig
lightdock	luciferin_score	1.23204	2UUY_rec	2UUY_lig
lightdock	luciferin_score	-1.07619	2UUY_rec	2UUY_lig
lightdock	luciferin_score	-1.92494	2UUY_rec	2UUY_lig
lightdock	luciferin_score	-14.68477	2UUY_rec	2UUY_lig
lightdock	luciferin_score	-36.63197	2UUY_rec	2UUY_lig
lightdock	luciferin_score	-37.04938	2UUY_rec	2UUY_lig
lightdock	luciferin_score	-49.15345	2UUY_rec	2UUY_lig
lightdock	luciferin_score	22.50224	2UUY_rec	2UUY_lig
lightdock	luciferin_score	22.01021	2UUY_rec	2UUY_lig
lightdock	luciferin_score	20.3249	2UUY_rec	2UUY_lig
lightdock	luciferin_score	20.14541	2UUY_rec	2UUY_lig
lightdock	luciferin_score	19.47678	2UUY_rec	2UUY_lig
lightdock	luciferin_score	19.28396	2UUY_rec	2UUY_lig
lightdock	luciferin_score	17.10171	2UUY_rec	2UUY_lig
lightdock	luciferin_score	15.82859	2UUY_rec	2UUY_lig
lightdock	luciferin_score	15.07308	2UUY_rec	2UUY_lig
lightdock	luciferin_score	13.54301	2UUY_rec	2UUY_lig
lightdock	luciferin_score	13.43564	2UUY_rec	2UUY_lig
lightdock	luciferin_score	12.91611	2UUY_rec	2UUY_lig
lightdock	luciferin_score	12.80384	2UUY_rec	2UUY_lig
lightdock	luciferin_score	12.47127	2UUY_rec	2UUY_lig
lightdock	luciferin_score	12.35518	2UUY_rec	2UUY_lig
lightdock	luciferin_score	11.88779	2UUY_rec	2UUY_lig
lightdock	luciferin_score	11.46942	2UUY_rec	2UUY_lig
lightdock	luciferin_score	11.34844	2UUY_rec	2UUY_lig
lightdock	luciferin_score	11.29406	2UUY_rec	2UUY_lig
lightdock	luciferin_score	10.95298	2UUY_rec	2UUY_lig
lightdock	luciferin_score	10.28975	2UUY_rec	2UUY_lig
lightdock	luciferin_score	10.2849	2UUY_rec	2UUY_lig
lightdock	luciferin_score	10.25012	2UUY_rec	2UUY_lig
lightdock	luciferin_score	10.14436	2UUY_rec	2UUY_lig
lightdock	luciferin_score	10.08609	2UUY_rec	2UUY_lig
lightdock	luciferin_score	9.5491	2UUY_rec	2UUY_lig
lightdock	luciferin_score	9.33412	2UUY_rec	2UUY_lig
lightdock	luciferin_score	9.2945	2UUY_rec	2UUY_lig
lightdock	luciferin_score	9.21253	2UUY_rec	2UUY_lig
lightdock	luciferin_score	8.91426	2UUY_rec	2UUY_lig
lightdock	luciferin_score	8.85247	2UUY_rec	2UUY_lig
lightdock	luciferin_score	8.8211	2UUY_rec	2UUY_lig
lightdock	luciferin_score	8.70438	2UUY_rec	2UUY_lig
lightdock	luciferin_score	8.65802	2UUY_rec	2UUY_lig
lightdock	luciferin_score	8.51249	2UUY_rec	2UUY_lig
lightdock	luciferin_score	8.42885	2UUY_rec	2UUY_lig
lightdock	luciferin_score	8.18279	2UUY_rec	2UUY_lig
lightdock	luciferin_score	8.00913	2UUY_rec	2UUY_lig
lightdock	luciferin_score	7.88378	2UUY_rec	2UUY_lig
lightdock	luciferin_score	7.74167	2UUY_rec	2UUY_lig
lightdock	luciferin_score	6.96112	2UUY_rec	2UUY_lig
lightdock	luciferin_score	6.9449	2UUY_rec	2UUY_lig
lightdock	luciferin_score	6.64151	2UUY_rec	2UUY_lig
lightdock	luciferin_score	6.61373	2UUY_rec	2UUY_lig
lightdock	luciferin_score	6.26055	2UUY_rec	2UUY_lig
lightdock	luciferin_score	5.77438	2UUY_rec	2UUY_lig
lightdock	luciferin_score	5.20234	2UUY_rec	2UUY_lig
lightdock	luciferin_score	5.15286	2UUY_rec	2UUY_lig
lightdock	luciferin_score	5.02194	2UUY_rec	2UUY_lig
lightdock	luciferin_score	4.66924	2UUY_rec	2UUY_lig
lightdock	luciferin_score	4.38117	2UUY_rec	2UUY_lig
lightdock	luciferin_score	3.77366	2UUY_rec	2UUY_lig
lightdock	luciferin_score	2.45628	2UUY_rec	2UUY_lig
lightdock	luciferin_score	-0.06606	2UUY_rec	2UUY_lig
lightdock	luciferin_score	-1.83048	2UUY_rec	2UUY_lig
lightdock	luciferin_score	-3.39142	2UUY_rec	2UUY_lig
lightdock	luciferin_score	-4.07103	2UUY_rec	2UUY_lig
lightdock	luciferin_score	-4.75712	2UUY_rec	2UUY_lig
lightdock	luciferin_score	-7.12934	2UUY_rec	2UUY_lig
lightdock	luciferin_score	-8.28423	2UUY_rec	2UUY_lig
lightdock	luciferin_score	-13.84514	2UUY_rec	2UUY_lig
lightdock	luciferin_score	-14.48874	2UUY_rec	2UUY_lig
lightdock	luciferin_score	-19.02811	2UUY_rec	2UUY_lig
lightdock	luciferin_score	-22.9219	2UUY_rec	2UUY_lig
lightdock	luciferin_score	-26.21943	2UUY_rec	2UUY_lig
lightdock	luciferin_score	-26.31083	2UUY_rec	2UUY_lig
lightdock	luciferin_score	-30.30612	2UUY_rec	2UUY_lig
lightdock	luciferin_score	-45.66482	2UUY_rec	2UUY_lig
lightdock	luciferin_score	-45.81362	2UUY_rec	2UUY_lig
lightdock	luciferin_score	15.69867	2UUY_rec	2UUY_lig
lightdock	luciferin_score	15.32207	2UUY_rec	2UUY_lig
lightdock	luciferin_score	14.94317	2UUY_rec	2UUY_lig
lightdock	luciferin_score	14.59929	2UUY_rec	2UUY_lig
lightdock	luciferin_score	12.74029	2UUY_rec	2UUY_lig
lightdock	luciferin_score	12.64165	2UUY_rec	2UUY_lig
lightdock	luciferin_score	12.31888	2UUY_rec	2UUY_lig
lightdock	luciferin_score	12.15613	2UUY_rec	2UUY_lig
lightdock	luciferin_score	12.12925	2UUY_rec	2UUY_lig
lightdock	luciferin_score	11.81023	2UUY_rec	2UUY_lig
lightdock	luciferin_score	11.53245	2UUY_rec	2UUY_lig
lightdock	luciferin_score	11.41689	2UUY_rec	2UUY_lig
lightdock	luciferin_score	11.083	2UUY_rec	2UUY_lig
lightdock	luciferin_score	10.51627	2UUY_rec	2UUY_lig
lightdock	luciferin_score	10.42645	2UUY_rec	2UUY_lig
lightdock	luciferin_score	10.20799	2UUY_rec	2UUY_lig
lightdock	luciferin_score	10.04815	2UUY_rec	2UUY_lig
lightdock	luciferin_score	9.74905	2UUY_rec	2UUY_lig
lightdock	luciferin_score	9.55817	2UUY_rec	2UUY_lig
lightdock	luciferin_score	9.48526	2UUY_rec	2UUY_lig
lightdock	luciferin_score	9.02605	2UUY_rec	2UUY_lig
lightdock	luciferin_score	9.01478	2UUY_rec	2UUY_lig
lightdock	luciferin_score	8.91398	2UUY_rec	2UUY_lig
lightdock	luciferin_score	8.58397	2UUY_rec	2UUY_lig
lightdock	luciferin_score	8.08036	2UUY_rec	2UUY_lig
lightdock	luciferin_score	8.00167	2UUY_rec	2UUY_lig
lightdock	luciferin_score	7.97121	2UUY_rec	2UUY_lig
lightdock	luciferin_score	7.90378	2UUY_rec	2UUY_lig
lightdock	luciferin_score	7.86497	2UUY_rec	2UUY_lig
lightdock	luciferin_score	7.7309	2UUY_rec	2UUY_lig
lightdock	luciferin_score	7.47553	2UUY_rec	2UUY_lig
lightdock	luciferin_score	7.47535	2UUY_rec	2UUY_lig
lightdock	luciferin_score	7.31145	2UUY_rec	2UUY_lig
lightdock	luciferin_score	6.57689	2UUY_rec	2UUY_lig
lightdock	luciferin_score	6.40204	2UUY_rec	2UUY_lig
lightdock	luciferin_score	6.33761	2UUY_rec	2UUY_lig
lightdock	luciferin_score	5.95829	2UUY_rec	2UUY_lig
lightdock	luciferin_score	5.20286	2UUY_rec	2UUY_lig
lightdock	luciferin_score	4.11424	2UUY_rec	2UUY_lig
lightdock	luciferin_score	3.8172	2UUY_rec	2UUY_lig
lightdock	luciferin_score	3.25569	2UUY_rec	2UUY_lig
lightdock	luciferin_score	2.03366	2UUY_rec	2UUY_lig
lightdock	luciferin_score	1.46612	2UUY_rec	2UUY_lig
lightdock	luciferin_score	0.89881	2UUY_rec	2UUY_lig
lightdock	luciferin_score	-0.06622	2UUY_rec	2UUY_lig
lightdock	luciferin_score	-0.3762	2UUY_rec	2UUY_lig
lightdock	luciferin_score	-1.79867	2UUY_rec	2UUY_lig
lightdock	luciferin_score	-2.25516	2UUY_rec	2UUY_lig
lightdock	luciferin_score	-2.3662	2UUY_rec	2UUY_lig
lightdock	luciferin_score	-3.34027	2UUY_rec	2UUY_lig
lightdock	luciferin_score	-5.20212	2UUY_rec	2UUY_lig
lightdock	luciferin_score	-6.89842	2UUY_rec	2UUY_lig
lightdock	luciferin_score	-9.63464	2UUY_rec	2UUY_lig
lightdock	luciferin_score	-12.37176	2UUY_rec	2UUY_lig
lightdock	luciferin_score	-16.3111	2UUY_rec	2UUY_lig
lightdock	luciferin_score	-16.86895	2UUY_rec	2UUY_lig
lightdock	luciferin_score	-18.23375	2UUY_rec	2UUY_lig
lightdock	luciferin_score	-24.23353	2UUY_rec	2UUY_lig
lightdock	luciferin_score	-44.97451	2UUY_rec	2UUY_lig
lightdock	luciferin_score	-46.88286	2UUY_rec	2UUY_lig
lightdock	luciferin_score	-57.41036	2UUY_rec	2UUY_lig
lightdock	luciferin_score	-71.23787	2UUY_rec	2UUY_lig
lightdock	luciferin_score	15.19347	2UUY_rec	2UUY_lig
lightdock	luciferin_score	14.45169	2UUY_rec	2UUY_lig
lightdock	luciferin_score	13.13228	2UUY_rec	2UUY_lig
lightdock	luciferin_score	13.02643	2UUY_rec	2UUY_lig
lightdock	luciferin_score	11.8875	2UUY_rec	2UUY_lig
lightdock	luciferin_score	11.85658	2UUY_rec	2UUY_lig
lightdock	luciferin_score	11.61859	2UUY_rec	2UUY_lig
lightdock	luciferin_score	11.187	2UUY_rec	2UUY_lig
lightdock	luciferin_score	10.80076	2UUY_rec	2UUY_lig
lightdock	luciferin_score	10.70442	2UUY_rec	2UUY_lig
lightdock	luciferin_score	10.58517	2UUY_rec	2UUY_lig
lightdock	luciferin_score	10.38881	2UUY_rec	2UUY_lig
lightdock	luciferin_score	10.24735	2UUY_rec	2UUY_lig
lightdock	luciferin_score	10.10687	2UUY_rec	2UUY_lig
lightdock	luciferin_score	9.77496	2UUY_rec	2UUY_lig
lightdock	luciferin_score	9.76265	2UUY_rec	2UUY_lig
lightdock	luciferin_score	9.74813	2UUY_rec	2UUY_lig
lightdock	luciferin_score	9.59466	2UUY_rec	2UUY_lig
lightdock	luciferin_score	9.58322	2UUY_rec	2UUY_lig
lightdock	luciferin_score	9.46914	2UUY_rec	2UUY_lig
lightdock	luciferin_score	9.43836	2UUY_rec	2UUY_lig
lightdock	luciferin_score	9.29601	2UUY_rec	2UUY_lig
lightdock	luciferin_score	9.26107	2UUY_rec	2UUY_lig
lightdock	luciferin_score	9.16068	2UUY_rec	2UUY_lig
lightdock	luciferin_score	8.73247	2UUY_rec	2UUY_lig
lightdock	luciferin_score	8.58025	2UUY_rec	2UUY_lig
lightdock	luciferin_score	8.39501	2UUY_rec	2UUY_lig
lightdock	luciferin_score	8.26178	2UUY_rec	2UUY_lig
lightdock	luciferin_score	8.25291	2UUY_rec	2UUY_lig
lightdock	luciferin_score	8.13111	2UUY_rec	2UUY_lig
lightdock	luciferin_score	7.95767	2UUY_rec	2UUY_lig
lightdock	luciferin_score	7.68544	2UUY_rec	2UUY_lig
lightdock	luciferin_score	7.66494	2UUY_rec	2UUY_lig
lightdock	luciferin_score	7.63228	2UUY_rec	2UUY_lig
lightdock	luciferin_score	7.6132	2UUY_rec	2UUY_lig
lightdock	luciferin_score	7.48464	2UUY_rec	2UUY_lig
lightdock	luciferin_score	7.1902	2UUY_rec	2UUY_lig
lightdock	luciferin_score	7.06961	2UUY_rec	2UUY_lig
lightdock	luciferin_score	7.02886	2UUY_rec	2UUY_lig
lightdock	luciferin_score	6.87945	2UUY_rec	2UUY_lig
lightdock	luciferin_score	6.77273	2UUY_rec	2UUY_lig
lightdock	luciferin_score	6.5303	2UUY_rec	2UUY_lig
lightdock	luciferin_score	5.10411	2UUY_rec	2UUY_lig
lightdock	luciferin_score	4.76781	2UUY_rec	2UUY_lig
lightdock	luciferin_score	4.71838	2UUY_rec	2UUY_lig
lightdock	luciferin_score	4.36494	2UUY_rec	2UUY_lig
lightdock	luciferin_score	4.00254	2UUY_rec	2UUY_lig
lightdock	luciferin_score	3.0146	2UUY_rec	2UUY_lig
lightdock	luciferin_score	2.75051	2UUY_rec	2UUY_lig
lightdock	luciferin_score	1.68715	2UUY_rec	2UUY_lig
lightdock	luciferin_score	1.34253	2UUY_rec	2UUY_lig
lightdock	luciferin_score	1.19182	2UUY_rec	2UUY_lig
lightdock	luciferin_score	0.36414	2UUY_rec	2UUY_lig
lightdock	luciferin_score	-0.20979	2UUY_rec	2UUY_lig
lightdock	luciferin_score	-0.38354	2UUY_rec	2UUY_lig
lightdock	luciferin_score	-4.87796	2UUY_rec	2UUY_lig
lightdock	luciferin_score	-9.01826	2UUY_rec	2UUY_lig
lightdock	luciferin_score	-13.57045	2UUY_rec	2UUY_lig
lightdock	luciferin_score	-19.1747	2UUY_rec	2UUY_lig
lightdock	luciferin_score	-27.41115	2UUY_rec	2UUY_lig
lightdock	luciferin_score	-31.46113	2UUY_rec	2UUY_lig
lightdock	luciferin_score	-34.15762	2UUY_rec	2UUY_lig
lightdock	luciferin_score	-45.94068	2UUY_rec	2UUY_lig
lightdock	luciferin_score	-51.10532	2UUY_rec	2UUY_lig
lightdock	luciferin_score	17.85251	2UUY_rec	2UUY_lig
lightdock	luciferin_score	16.69063	2UUY_rec	2UUY_lig
lightdock	luciferin_score	16.0625	2UUY_rec	2UUY_lig
lightdock	luciferin_score	15.30049	2UUY_rec	2UUY_lig
lightdock	luciferin_score	13.89716	2UUY_rec	2UUY_lig
lightdock	luciferin_score	13.21894	2UUY_rec	2UUY_lig
lightdock	luciferin_score	12.81478	2UUY_rec	2UUY_lig
lightdock	luciferin_score	12.78109	2UUY_rec	2UUY_lig
lightdock	luciferin_score	12.25884	2UUY_rec	2UUY_lig
lightdock	luciferin_score	11.49408	2UUY_rec	2UUY_lig
lightdock	luciferin_score	10.71663	2UUY_rec	2UUY_lig
lightdock	luciferin_score	10.70063	2UUY_rec	2UUY_lig
lightdock	luciferin_score	10.26401	2UUY_rec	2UUY_lig
lightdock	luciferin_score	9.98829	2UUY_rec	2UUY_lig
lightdock	luciferin_score	9.86106	2UUY_rec	2UUY_lig
lightdock	luciferin_score	9.62033	2UUY_rec	2UUY_lig
lightdock	luciferin_score	9.59602	2UUY_rec	2UUY_lig
lightdock	luciferin_score	9.48378	2UUY_rec	2UUY_lig
lightdock	luciferin_score	9.47039	2UUY_rec	2UUY_lig
lightdock	luciferin_score	9.38404	2UUY_rec	2UUY_lig
lightdock	luciferin_score	9.3108	2UUY_rec	2UUY_lig
lightdock	luciferin_score	9.13703	2UUY_rec	2UUY_lig
lightdock	luciferin_score	8.70443	2UUY_rec	2UUY_lig
lightdock	luciferin_score	8.68156	2UUY_rec	2UUY_lig
lightdock	luciferin_score	8.49526	2UUY_rec	2UUY_lig
lightdock	luciferin_score	8.43796	2UUY_rec	2UUY_lig
lightdock	luciferin_score	8.30201	2UUY_rec	2UUY_lig
lightdock	luciferin_score	8.26918	2UUY_rec	2UUY_lig
lightdock	luciferin_score	7.99082	2UUY_rec	2UUY_lig
lightdock	luciferin_score	7.79343	2UUY_rec	2UUY_lig
lightdock	luciferin_score	7.74886	2UUY_rec	2UUY_lig
lightdock	luciferin_score	7.62281	2UUY_rec	2UUY_lig
lightdock	luciferin_score	7.54229	2UUY_rec	2UUY_lig
lightdock	luciferin_score	7.46121	2UUY_rec	2UUY_lig
lightdock	luciferin_score	7.39262	2UUY_rec	2UUY_lig
lightdock	luciferin_score	7.28217	2UUY_rec	2UUY_lig
lightdock	luciferin_score	6.28928	2UUY_rec	2UUY_lig
lightdock	luciferin_score	6.27155	2UUY_rec	2UUY_lig
lightdock	luciferin_score	6.14133	2UUY_rec	2UUY_lig
lightdock	luciferin_score	5.56504	2UUY_rec	2UUY_lig
lightdock	luciferin_score	4.94209	2UUY_rec	2UUY_lig
lightdock	luciferin_score	4.60206	2UUY_rec	2UUY_lig
lightdock	luciferin_score	4.59014	2UUY_rec	2UUY_lig
lightdock	luciferin_score	4.44065	2UUY_rec	2UUY_lig
lightdock	luciferin_score	4.42572	2UUY_rec	2UUY_lig
lightdock	luciferin_score	3.95642	2UUY_rec	2UUY_lig
lightdock	luciferin_score	3.35958	2UUY_rec	2UUY_lig
lightdock	luciferin_score	3.04701	2UUY_rec	2UUY_lig
lightdock	luciferin_score	2.54648	2UUY_rec	2UUY_lig
lightdock	luciferin_score	-3.62856	2UUY_rec	2UUY_lig
lightdock	luciferin_score	-7.31436	2UUY_rec	2UUY_lig
lightdock	luciferin_score	-11.15454	2UUY_rec	2UUY_lig
lightdock	luciferin_score	-11.32056	2UUY_rec	2UUY_lig
lightdock	luciferin_score	-11.69089	2UUY_rec	2UUY_lig
lightdock	luciferin_score	-11.79445	2UUY_rec	2UUY_lig
lightdock	luciferin_score	-12.38492	2UUY_rec	2UUY_lig
lightdock	luciferin_score	-12.5662	2UUY_rec	2UUY_lig
lightdock	luciferin_score	-13.4584	2UUY_rec	2UUY_lig
lightdock	luciferin_score	-16.62104	2UUY_rec	2UUY_lig
lightdock	luciferin_score	-18.27518	2UUY_rec	2UUY_lig
lightdock	luciferin_score	-25.17433	2UUY_rec	2UUY_lig
lightdock	luciferin_score	-26.72509	2UUY_rec	2UUY_lig
lightdock	luciferin_score	-26.74669	2UUY_rec	2UUY_lig
lightdock	luciferin_score	-29.70798	2UUY_rec	2UUY_lig
lightdock	luciferin_score	-30.17766	2UUY_rec	2UUY_lig
lightdock	luciferin_score	-30.61612	2UUY_rec	2UUY_lig
lightdock	luciferin_score	-31.43503	2UUY_rec	2UUY_lig
lightdock	luciferin_score	-36.50395	2UUY_rec	2UUY_lig
lightdock	luciferin_score	-42.47989	2UUY_rec	2UUY_lig
lightdock	luciferin_score	-48.58498	2UUY_rec	2UUY_lig
lightdock	luciferin_score	-77.95335	2UUY_rec	2UUY_lig
lightdock	luciferin_score	16.43014	2UUY_rec	2UUY_lig
lightdock	luciferin_score	16.36807	2UUY_rec	2UUY_lig
lightdock	luciferin_score	14.98189	2UUY_rec	2UUY_lig
lightdock	luciferin_score	14.90074	2UUY_rec	2UUY_lig
lightdock	luciferin_score	14.38298	2UUY_rec	2UUY_lig
lightdock	luciferin_score	13.70256	2UUY_rec	2UUY_lig
lightdock	luciferin_score	13.37941	2UUY_rec	2UUY_lig
lightdock	luciferin_score	13.34967	2UUY_rec	2UUY_lig
lightdock	luciferin_score	12.68688	2UUY_rec	2UUY_lig
lightdock	luciferin_score	12.55852	2UUY_rec	2UUY_lig
lightdock	luciferin_score	12.19069	2UUY_rec	2UUY_lig
lightdock	luciferin_score	12.1313	2UUY_rec	2UUY_lig
lightdock	luciferin_score	12.01885	2UUY_rec	2UUY_lig
lightdock	luciferin_score	11.96927	2UUY_rec	2UUY_lig
lightdock	luciferin_score	11.92654	2UUY_rec	2UUY_lig
lightdock	luciferin_score	11.78632	2UUY_rec	2UUY_lig
lightdock	luciferin_score	11.47059	2UUY_rec	2UUY_lig
lightdock	luciferin_score	11.31614	2UUY_rec	2UUY_lig
lightdock	luciferin_score	10.39523	2UUY_rec	2UUY_lig
lightdock	luciferin_score	10.39371	2UUY_rec	2UUY_lig
lightdock	luciferin_score	10.19739	2UUY_rec	2UUY_lig
lightdock	luciferin_score	10.17299	2UUY_rec	2UUY_lig
lightdock	luciferin_score	10.05489	2UUY_rec	2UUY_lig
lightdock	luciferin_score	9.89049	2UUY_rec	2UUY_lig
lightdock	luciferin_score	9.80463	2UUY_rec	2UUY_lig
lightdock	luciferin_score	9.76591	2UUY_rec	2UUY_lig
lightdock	luciferin_score	9.6876	2UUY_rec	2UUY_lig
lightdock	luciferin_score	9.65688	2UUY_rec	2UUY_lig
lightdock	luciferin_score	9.65339	2UUY_rec	2UUY_lig
lightdock	luciferin_score	9.38794	2UUY_rec	2UUY_lig
lightdock	luciferin_score	9.32247	2UUY_rec	2UUY_lig
lightdock	luciferin_score	9.26429	2UUY_rec	2UUY_lig
lightdock	luciferin_score	8.9699	2UUY_rec	2UUY_lig
lightdock	luciferin_score	8.8942	2UUY_rec	2UUY_lig
lightdock	luciferin_score	8.77041	2UUY_rec	2UUY_lig
lightdock	luciferin_score	7.51245	2UUY_rec	2UUY_lig
lightdock	luciferin_score	7.41958	2UUY_rec	2UUY_lig
lightdock	luciferin_score	6.83327	2UUY_rec	2UUY_lig
lightdock	luciferin_score	6.66967	2UUY_rec	2UUY_lig
lightdock	luciferin_score	6.21731	2UUY_rec	2UUY_lig
lightdock	luciferin_score	5.83465	2UUY_rec	2UUY_lig
lightdock	luciferin_score	5.46381	2UUY_rec	2UUY_lig
lightdock	luciferin_score	4.48239	2UUY_rec	2UUY_lig
lightdock	luciferin_score	4.44114	2UUY_rec	2UUY_lig
lightdock	luciferin_score	3.4096	2UUY_rec	2UUY_lig
lightdock	luciferin_score	2.69677	2UUY_rec	2UUY_lig
lightdock	luciferin_score	1.20323	2UUY_rec	2UUY_lig
lightdock	luciferin_score	1.18093	2UUY_rec	2UUY_lig
lightdock	luciferin_score	-2.66593	2UUY_rec	2UUY_lig
lightdock	luciferin_score	-6.09268	2UUY_rec	2UUY_lig
lightdock	luciferin_score	-6.40882	2UUY_rec	2UUY_lig
lightdock	luciferin_score	-6.91426	2UUY_rec	2UUY_lig
lightdock	luciferin_score	-8.56142	2UUY_rec	2UUY_lig
lightdock	luciferin_score	-9.31243	2UUY_rec	2UUY_lig
lightdock	luciferin_score	-13.47867	2UUY_rec	2UUY_lig
lightdock	luciferin_score	-16.7594	2UUY_rec	2UUY_lig
lightdock	luciferin_score	-17.97384	2UUY_rec	2UUY_lig
lightdock	luciferin_score	-22.20057	2UUY_rec	2UUY_lig
lightdock	luciferin_score	-25.74042	2UUY_rec	2UUY_lig
lightdock	luciferin_score	-27.28964	2UUY_rec	2UUY_lig
lightdock	luciferin_score	-32.75831	2UUY_rec	2UUY_lig
lightdock	luciferin_score	-36.5197	2UUY_rec	2UUY_lig
lightdock	luciferin_score	-39.38483	2UUY_rec	2UUY_lig
lightdock	luciferin_score	-43.52991	2UUY_rec	2UUY_lig
lightdock	luciferin_score	-45.0186	2UUY_rec	2UUY_lig
lightdock	luciferin_score	-46.17016	2UUY_rec	2UUY_lig
lightdock	luciferin_score	-52.90732	2UUY_rec	2UUY_lig
lightdock	luciferin_score	-64.81016	2UUY_rec	2UUY_lig
lightdock	luciferin_score	18.59759	2UUY_rec	2UUY_lig
lightdock	luciferin_score	16.39502	2UUY_rec	2UUY_lig
lightdock	luciferin_score	15.39088	2UUY_rec	2UUY_lig
lightdock	luciferin_score	15.17741	2UUY_rec	2UUY_lig
lightdock	luciferin_score	14.6431	2UUY_rec	2UUY_lig
lightdock	luciferin_score	14.25341	2UUY_rec	2UUY_lig
lightdock	luciferin_score	13.85266	2UUY_rec	2UUY_lig
lightdock	luciferin_score	13.83459	2UUY_rec	2UUY_lig
lightdock	luciferin_score	13.57522	2UUY_rec	2UUY_lig
lightdock	luciferin_score	13.44798	2UUY_rec	2UUY_lig
lightdock	luciferin_score	13.40315	2UUY_rec	2UUY_lig
lightdock	luciferin_score	11.93992	2UUY_rec	2UUY_lig
lightdock	luciferin_score	11.75789	2UUY_rec	2UUY_lig
lightdock	luciferin_score	11.23271	2UUY_rec	2UUY_lig
lightdock	luciferin_score	11.01332	2UUY_rec	2UUY_lig
lightdock	luciferin_score	10.9303	2UUY_rec	2UUY_lig
lightdock	luciferin_score	10.7242	2UUY_rec	2UUY_lig
lightdock	luciferin_score	10.72003	2UUY_rec	2UUY_lig
lightdock	luciferin_score	10.60453	2UUY_rec	2UUY_lig
lightdock	luciferin_score	10.55507	2UUY_rec	2UUY_lig
lightdock	luciferin_score	10.34537	2UUY_rec	2UUY_lig
lightdock	luciferin_score	10.18187	2UUY_rec	2UUY_lig
lightdock	luciferin_score	10.10133	2UUY_rec	2UUY_lig
lightdock	luciferin_score	9.96187	2UUY_rec	2UUY_lig
lightdock	luciferin_score	9.903	2UUY_rec	2UUY_lig
lightdock	luciferin_score	9.85147	2UUY_rec	2UUY_lig
lightdock	luciferin_score	9.79198	2UUY_rec	2UUY_lig
lightdock	luciferin_score	9.7845	2UUY_rec	2UUY_lig
lightdock	luciferin_score	9.3445	2UUY_rec	2UUY_lig
lightdock	luciferin_score	9.32827	2UUY_rec	2UUY_lig
lightdock	luciferin_score	9.23891	2UUY_rec	2UUY_lig
lightdock	luciferin_score	8.94599	2UUY_rec	2UUY_lig
lightdock	luciferin_score	8.74008	2UUY_rec	2UUY_lig
lightdock	luciferin_score	8.73243	2UUY_rec	2UUY_lig
lightdock	luciferin_score	8.57414	2UUY_rec	2UUY_lig
lightdock	luciferin_score	8.35372	2UUY_rec	2UUY_lig
lightdock	luciferin_score	8.22875	2UUY_rec	2UUY_lig
lightdock	luciferin_score	8.16159	2UUY_rec	2UUY_lig
lightdock	luciferin_score	8.03792	2UUY_rec	2UUY_lig
lightdock	luciferin_score	7.96395	2UUY_rec	2UUY_lig
lightdock	luciferin_score	7.88022	2UUY_rec	2UUY_lig
lightdock	luciferin_score	7.68168	2UUY_rec	2UUY_lig
lightdock	luciferin_score	7.50986	2UUY_rec	2UUY_lig
lightdock	luciferin_score	7.28337	2UUY_rec	2UUY_lig
lightdock	luciferin_score	6.76724	2UUY_rec	2UUY_lig
lightdock	luciferin_score	6.51276	2UUY_rec	2UUY_lig
lightdock	luciferin_score	6.4721	2UUY_rec	2UUY_lig
lightdock	luciferin_score	6.17692	2UUY_rec	2UUY_lig
lightdock	luciferin_score	6.17294	2UUY_rec	2UUY_lig
lightdock	luciferin_score	5.87461	2UUY_rec	2UUY_lig
lightdock	luciferin_score	5.76464	2UUY_rec	2UUY_lig
lightdock	luciferin_score	5.73398	2UUY_rec	2UUY_lig
lightdock	luciferin_score	5.07422	2UUY_rec	2UUY_lig
lightdock	luciferin_score	4.85063	2UUY_rec	2UUY_lig
lightdock	luciferin_score	4.26472	2UUY_rec	2UUY_lig
lightdock	luciferin_score	3.31004	2UUY_rec	2UUY_lig
lightdock	luciferin_score	0.49123	2UUY_rec	2UUY_lig
lightdock	luciferin_score	-1.01474	2UUY_rec	2UUY_lig
lightdock	luciferin_score	-3.00209	2UUY_rec	2UUY_lig
lightdock	luciferin_score	-3.21657	2UUY_rec	2UUY_lig
lightdock	luciferin_score	-5.60347	2UUY_rec	2UUY_lig
lightdock	luciferin_score	-6.20424	2UUY_rec	2UUY_lig
lightdock	luciferin_score	-10.4913	2UUY_rec	2UUY_lig
lightdock	luciferin_score	-11.69933	2UUY_rec	2UUY_lig
lightdock	luciferin_score	-12.11725	2UUY_rec	2UUY_lig
lightdock	luciferin_score	-13.53052	2UUY_rec	2UUY_lig
lightdock	luciferin_score	-17.73631	2UUY_rec	2UUY_lig
lightdock	luciferin_score	-20.44842	2UUY_rec	2UUY_lig
lightdock	luciferin_score	-22.72941	2UUY_rec	2UUY_lig
lightdock	luciferin_score	-29.45975	2UUY_rec	2UUY_lig
lightdock	luciferin_score	-29.60539	2UUY_rec	2UUY_lig
lightdock	luciferin_score	-34.13103	2UUY_rec	2UUY_lig
lightdock	luciferin_score	-39.22716	2UUY_rec	2UUY_lig
lightdock	luciferin_score	-42.83812	2UUY_rec	2UUY_lig
lightdock	luciferin_score	13.14556	2UUY_rec	2UUY_lig
lightdock	luciferin_score	11.65632	2UUY_rec	2UUY_lig
lightdock	luciferin_score	11.54633	2UUY_rec	2UUY_lig
lightdock	luciferin_score	11.51287	2UUY_rec	2UUY_lig
lightdock	luciferin_score	11.00067	2UUY_rec	2UUY_lig
lightdock	luciferin_score	10.95036	2UUY_rec	2UUY_lig
lightdock	luciferin_score	10.76587	2UUY_rec	2UUY_lig
lightdock	luciferin_score	10.73444	2UUY_rec	2UUY_lig
lightdock	luciferin_score	10.73435	2UUY_rec	2UUY_lig
lightdock	luciferin_score	10.4772	2UUY_rec	2UUY_lig
lightdock	luciferin_score	10.39932	2UUY_rec	2UUY_lig
lightdock	luciferin_score	10.17452	2UUY_rec	2UUY_lig
lightdock	luciferin_score	9.95615	2UUY_rec	2UUY_lig
lightdock	luciferin_score	9.88191	2UUY_rec	2UUY_lig
lightdock	luciferin_score	9.67311	2UUY_rec	2UUY_lig
lightdock	luciferin_score	9.60815	2UUY_rec	2UUY_lig
lightdock	luciferin_score	9.45622	2UUY_rec	2UUY_lig
lightdock	luciferin_score	9.27148	2UUY_rec	2UUY_lig
lightdock	luciferin_score	9.22321	2UUY_rec	2UUY_lig
lightdock	luciferin_score	8.78712	2UUY_rec	2UUY_lig
lightdock	luciferin_score	8.55706	2UUY_rec	2UUY_lig
lightdock	luciferin_score	8.54829	2UUY_rec	2UUY_lig
lightdock	luciferin_score	8.48815	2UUY_rec	2UUY_lig
lightdock	luciferin_score	8.43008	2UUY_rec	2UUY_lig
lightdock	luciferin_score	8.10113	2UUY_rec	2UUY_lig
lightdock	luciferin_score	8.06493	2UUY_rec	2UUY_lig
lightdock	luciferin_score	7.95404	2UUY_rec	2UUY_lig
lightdock	luciferin_score	7.87624	2UUY_rec	2UUY_lig
lightdock	luciferin_score	7.62258	2UUY_rec	2UUY_lig
lightdock	luciferin_score	7.45101	2UUY_rec	2UUY_lig
lightdock	luciferin_score	7.34238	2UUY_rec	2UUY_lig
lightdock	luciferin_score	7.32124	2UUY_rec	2UUY_lig
lightdock	luciferin_score	7.27459	2UUY_rec	2UUY_lig
lightdock	luciferin_score	7.1939	2UUY_rec	2UUY_lig
lightdock	luciferin_score	7.19323	2UUY_rec	2UUY_lig
lightdock	luciferin_score	7.08473	2UUY_rec	2UUY_lig
lightdock	luciferin_score	6.95185	2UUY_rec	2UUY_lig
lightdock	luciferin_score	6.89712	2UUY_rec	2UUY_lig
lightdock	luciferin_score	6.68857	2UUY_rec	2UUY_lig
lightdock	luciferin_score	6.55217	2UUY_rec	2UUY_lig
lightdock	luciferin_score	6.53306	2UUY_rec	2UUY_lig
lightdock	luciferin_score	6.33171	2UUY_rec	2UUY_lig
lightdock	luciferin_score	6.3028	2UUY_rec	2UUY_lig
lightdock	luciferin_score	6.11553	2UUY_rec	2UUY_lig
lightdock	luciferin_score	6.04202	2UUY_rec	2UUY_lig
lightdock	luciferin_score	5.96589	2UUY_rec	2UUY_lig
lightdock	luciferin_score	5.59226	2UUY_rec	2UUY_lig
lightdock	luciferin_score	5.53615	2UUY_rec	2UUY_lig
lightdock	luciferin_score	5.23568	2UUY_rec	2UUY_lig
lightdock	luciferin_score	5.21484	2UUY_rec	2UUY_lig
lightdock	luciferin_score	5.0038	2UUY_rec	2UUY_lig
lightdock	luciferin_score	3.77136	2UUY_rec	2UUY_lig
lightdock	luciferin_score	3.58131	2UUY_rec	2UUY_lig
lightdock	luciferin_score	2.15132	2UUY_rec	2UUY_lig
lightdock	luciferin_score	1.58825	2UUY_rec	2UUY_lig
lightdock	luciferin_score	1.31946	2UUY_rec	2UUY_lig
lightdock	luciferin_score	1.16349	2UUY_rec	2UUY_lig
lightdock	luciferin_score	-0.10196	2UUY_rec	2UUY_lig
lightdock	luciferin_score	-0.20893	2UUY_rec	2UUY_lig
lightdock	luciferin_score	-0.25097	2UUY_rec	2UUY_lig
lightdock	luciferin_score	-0.75077	2UUY_rec	2UUY_lig
lightdock	luciferin_score	-1.36652	2UUY_rec	2UUY_lig
lightdock	luciferin_score	-6.64762	2UUY_rec	2UUY_lig
lightdock	luciferin_score	-12.57937	2UUY_rec	2UUY_lig
lightdock	luciferin_score	-20.83893	2UUY_rec	2UUY_lig
lightdock	luciferin_score	-40.91033	2UUY_rec	2UUY_lig
lightdock	luciferin_score	18.85316	2UUY_rec	2UUY_lig
lightdock	luciferin_score	17.56079	2UUY_rec	2UUY_lig
lightdock	luciferin_score	17.13135	2UUY_rec	2UUY_lig
lightdock	luciferin_score	16.41507	2UUY_rec	2UUY_lig
lightdock	luciferin_score	16.16914	2UUY_rec	2UUY_lig
lightdock	luciferin_score	15.7059	2UUY_rec	2UUY_lig
lightdock	luciferin_score	15.69476	2UUY_rec	2UUY_lig
lightdock	luciferin_score	15.66931	2UUY_rec	2UUY_lig
lightdock	luciferin_score	15.48144	2UUY_rec	2UUY_lig
lightdock	luciferin_score	15.15336	2UUY_rec	2UUY_lig
lightdock	luciferin_score	14.97646	2UUY_rec	2UUY_lig
lightdock	luciferin_score	14.96708	2UUY_rec	2UUY_lig
lightdock	luciferin_score	14.71442	2UUY_rec	2UUY_lig
lightdock	luciferin_score	13.48761	2UUY_rec	2UUY_lig
lightdock	luciferin_score	13.32369	2UUY_rec	2UUY_lig
lightdock	luciferin_score	13.24922	2UUY_rec	2UUY_lig
lightdock	luciferin_score	13.03859	2UUY_rec	2UUY_lig
lightdock	luciferin_score	12.02848	2UUY_rec	2UUY_lig
lightdock	luciferin_score	11.88307	2UUY_rec	2UUY_lig
lightdock	luciferin_score	11.78576	2UUY_rec	2UUY_lig
lightdock	luciferin_score	11.72571	2UUY_rec	2UUY_lig
lightdock	luciferin_score	11.37584	2UUY_rec	2UUY_lig
lightdock	luciferin_score	11.30919	2UUY_rec	2UUY_lig
lightdock	luciferin_score	9.9338	2UUY_rec	2UUY_lig
lightdock	luciferin_score	9.8922	2UUY_rec	2UUY_lig
lightdock	luciferin_score	9.68519	2UUY_rec	2UUY_lig
lightdock	luciferin_score	9.61699	2UUY_rec	2UUY_lig
lightdock	luciferin_score	9.26845	2UUY_rec	2UUY_lig
lightdock	luciferin_score	9.02087	2UUY_rec	2UUY_lig
lightdock	luciferin_score	7.35179	2UUY_rec	2UUY_lig
lightdock	luciferin_score	7.03959	2UUY_rec	2UUY_lig
lightdock	luciferin_score	6.0979	2UUY_rec	2UUY_lig
lightdock	luciferin_score	5.62585	2UUY_rec	2UUY_lig
lightdock	luciferin_score	4.92391	2UUY_rec	2UUY_lig
lightdock	luciferin_score	4.32185	2UUY_rec	2UUY_lig
lightdock	luciferin_score	3.17323	2UUY_rec	2UUY_lig
lightdock	luciferin_score	2.60674	2UUY_rec	2UUY_lig
lightdock	luciferin_score	1.9836	2UUY_rec	2UUY_lig
lightdock	luciferin_score	0.14014	2UUY_rec	2UUY_lig
lightdock	luciferin_score	-0.80938	2UUY_rec	2UUY_lig
lightdock	luciferin_score	-1.17274	2UUY_rec	2UUY_lig
lightdock	luciferin_score	-1.46857	2UUY_rec	2UUY_lig
lightdock	luciferin_score	-2.37515	2UUY_rec	2UUY_lig
lightdock	luciferin_score	-2.61653	2UUY_rec	2UUY_lig
lightdock	luciferin_score	-2.844	2UUY_rec	2UUY_lig
lightdock	luciferin_score	-4.30972	2UUY_rec	2UUY_lig
lightdock	luciferin_score	-10.49698	2UUY_rec	2UUY_lig
lightdock	luciferin_score	-11.17996	2UUY_rec	2UUY_lig
lightdock	luciferin_score	-13.90117	2UUY_rec	2UUY_lig
lightdock	luciferin_score	-14.51816	2UUY_rec	2UUY_lig
lightdock	luciferin_score	-15.80434	2UUY_rec	2UUY_lig
lightdock	luciferin_score	-16.72813	2UUY_rec	2UUY_lig
lightdock	luciferin_score	-18.77139	2UUY_rec	2UUY_lig
lightdock	luciferin_score	-19.62229	2UUY_rec	2UUY_lig
lightdock	luciferin_score	-21.23597	2UUY_rec	2UUY_lig
lightdock	luciferin_score	-30.65168	2UUY_rec	2UUY_lig
lightdock	luciferin_score	-35.17105	2UUY_rec	2UUY_lig
lightdock	luciferin_score	-35.84825	2UUY_rec	2UUY_lig
lightdock	luciferin_score	-36.48252	2UUY_rec	2UUY_lig
lightdock	luciferin_score	-52.19714	2UUY_rec	2UUY_lig
lightdock	luciferin_score	-58.0323	2UUY_rec	2UUY_lig
lightdock	luciferin_score	-60.21583	2UUY_rec	2UUY_lig
lightdock	luciferin_score	-61.92553	2UUY_rec	2UUY_lig
lightdock	luciferin_score	-62.88717	2UUY_rec	2UUY_lig
lightdock	luciferin_score	-69.90646	2UUY_rec	2UUY_lig
lightdock	luciferin_score	-76.74148	2UUY_rec	2UUY_lig
lightdock	luciferin_score	20.68571	2UUY_rec	2UUY_lig
lightdock	luciferin_score	18.04476	2UUY_rec	2UUY_lig
lightdock	luciferin_score	15.84429	2UUY_rec	2UUY_lig
lightdock	luciferin_score	15.70103	2UUY_rec	2UUY_lig
lightdock	luciferin_score	13.27331	2UUY_rec	2UUY_lig
lightdock	luciferin_score	11.938	2UUY_rec	2UUY_lig
lightdock	luciferin_score	11.76504	2UUY_rec	2UUY_lig
lightdock	luciferin_score	11.58715	2UUY_rec	2UUY_lig
lightdock	luciferin_score	11.27644	2UUY_rec	2UUY_lig
lightdock	luciferin_score	11.24801	2UUY_rec	2UUY_lig
lightdock	luciferin_score	11.14936	2UUY_rec	2UUY_lig
lightdock	luciferin_score	10.06093	2UUY_rec	2UUY_lig
lightdock	luciferin_score	10.03869	2UUY_rec	2UUY_lig
lightdock	luciferin_score	9.77147	2UUY_rec	2UUY_lig
lightdock	luciferin_score	9.62221	2UUY_rec	2UUY_lig
lightdock	luciferin_score	9.29993	2UUY_rec	2UUY_lig
lightdock	luciferin_score	8.67887	2UUY_rec	2UUY_lig
lightdock	luciferin_score	8.62389	2UUY_rec	2UUY_lig
lightdock	luciferin_score	8.54848	2UUY_rec	2UUY_lig
lightdock	luciferin_score	8.48057	2UUY_rec	2UUY_lig
lightdock	luciferin_score	8.38488	2UUY_rec	2UUY_lig
lightdock	luciferin_score	8.35211	2UUY_rec	2UUY_lig
lightdock	luciferin_score	8.35027	2UUY_rec	2UUY_lig
lightdock	luciferin_score	7.95039	2UUY_rec	2UUY_lig
lightdock	luciferin_score	7.44275	2UUY_rec	2UUY_lig
lightdock	luciferin_score	6.88902	2UUY_rec	2UUY_lig
lightdock	luciferin_score	6.58073	2UUY_rec	2UUY_lig
lightdock	luciferin_score	6.13127	2UUY_rec	2UUY_lig
lightdock	luciferin_score	5.74935	2UUY_rec	2UUY_lig
lightdock	luciferin_score	5.31071	2UUY_rec	2UUY_lig
lightdock	luciferin_score	4.3044	2UUY_rec	2UUY_lig
lightdock	luciferin_score	4.28944	2UUY_rec	2UUY_lig
lightdock	luciferin_score	3.94797	2UUY_rec	2UUY_lig
lightdock	luciferin_score	3.30781	2UUY_rec	2UUY_lig
lightdock	luciferin_score	2.24575	2UUY_rec	2UUY_lig
lightdock	luciferin_score	2.04818	2UUY_rec	2UUY_lig
lightdock	luciferin_score	1.60617	2UUY_rec	2UUY_lig
lightdock	luciferin_score	0.18634	2UUY_rec	2UUY_lig
lightdock	luciferin_score	-0.11597	2UUY_rec	2UUY_lig
lightdock	luciferin_score	-0.7183	2UUY_rec	2UUY_lig
lightdock	luciferin_score	-1.40834	2UUY_rec	2UUY_lig
lightdock	luciferin_score	-1.58966	2UUY_rec	2UUY_lig
lightdock	luciferin_score	-1.83422	2UUY_rec	2UUY_lig
lightdock	luciferin_score	-2.98788	2UUY_rec	2UUY_lig
lightdock	luciferin_score	-5.42298	2UUY_rec	2UUY_lig
lightdock	luciferin_score	-6.43625	2UUY_rec	2UUY_lig
lightdock	luciferin_score	-7.5419	2UUY_rec	2UUY_lig
lightdock	luciferin_score	-7.80503	2UUY_rec	2UUY_lig
lightdock	luciferin_score	-8.34127	2UUY_rec	2UUY_lig
lightdock	luciferin_score	-8.71228	2UUY_rec	2UUY_lig
lightdock	luciferin_score	-10.84769	2UUY_rec	2UUY_lig
lightdock	luciferin_score	-11.63059	2UUY_rec	2UUY_lig
lightdock	luciferin_score	-11.64498	2UUY_rec	2UUY_lig
lightdock	luciferin_score	-19.3134	2UUY_rec	2UUY_lig
lightdock	luciferin_score	-21.72605	2UUY_rec	2UUY_lig
lightdock	luciferin_score	-24.73367	2UUY_rec	2UUY_lig
lightdock	luciferin_score	-26.85797	2UUY_rec	2UUY_lig
lightdock	luciferin_score	-27.8377	2UUY_rec	2UUY_lig
lightdock	luciferin_score	-38.40302	2UUY_rec	2UUY_lig
lightdock	luciferin_score	-39.66211	2UUY_rec	2UUY_lig
lightdock	luciferin_score	-41.26395	2UUY_rec	2UUY_lig
lightdock	luciferin_score	-41.28276	2UUY_rec	2UUY_lig
lightdock	luciferin_score	-45.28918	2UUY_rec	2UUY_lig
lightdock	luciferin_score	-62.08243	2UUY_rec	2UUY_lig
lightdock	luciferin_score	-67.52039	2UUY_rec	2UUY_lig
lightdock	luciferin_score	-69.61267	2UUY_rec	2UUY_lig
lightdock	luciferin_score	-69.76134	2UUY_rec	2UUY_lig
lightdock	luciferin_score	-82.32689	2UUY_rec	2UUY_lig
lightdock	luciferin_score	17.85516	2UUY_rec	2UUY_lig
lightdock	luciferin_score	17.32653	2UUY_rec	2UUY_lig
lightdock	luciferin_score	16.8173	2UUY_rec	2UUY_lig
lightdock	luciferin_score	16.71376	2UUY_rec	2UUY_lig
lightdock	luciferin_score	15.64437	2UUY_rec	2UUY_lig
lightdock	luciferin_score	14.64224	2UUY_rec	2UUY_lig
lightdock	luciferin_score	14.50935	2UUY_rec	2UUY_lig
lightdock	luciferin_score	14.36867	2UUY_rec	2UUY_lig
lightdock	luciferin_score	13.08036	2UUY_rec	2UUY_lig
lightdock	luciferin_score	12.5682	2UUY_rec	2UUY_lig
lightdock	luciferin_score	12.5168	2UUY_rec	2UUY_lig
lightdock	luciferin_score	12.27766	2UUY_rec	2UUY_lig
lightdock	luciferin_score	12.14266	2UUY_rec	2UUY_lig
lightdock	luciferin_score	11.63497	2UUY_rec	2UUY_lig
lightdock	luciferin_score	11.36245	2UUY_rec	2UUY_lig
lightdock	luciferin_score	11.25536	2UUY_rec	2UUY_lig
lightdock	luciferin_score	10.93468	2UUY_rec	2UUY_lig
lightdock	luciferin_score	10.84659	2UUY_rec	2UUY_lig
lightdock	luciferin_score	10.3898	2UUY_rec	2UUY_lig
lightdock	luciferin_score	10.37105	2UUY_rec	2UUY_lig
lightdock	luciferin_score	9.76116	2UUY_rec	2UUY_lig
lightdock	luciferin_score	9.74899	2UUY_rec	2UUY_lig
lightdock	luciferin_score	9.70655	2UUY_rec	2UUY_lig
lightdock	luciferin_score	9.68498	2UUY_rec	2UUY_lig
lightdock	luciferin_score	9.471	2UUY_rec	2UUY_lig
lightdock	luciferin_score	9.20484	2UUY_rec	2UUY_lig
lightdock	luciferin_score	9.15558	2UUY_rec	2UUY_lig
lightdock	luciferin_score	8.92947	2UUY_rec	2UUY_lig
lightdock	luciferin_score	8.73627	2UUY_rec	2UUY_lig
lightdock	luciferin_score	8.72946	2UUY_rec	2UUY_lig
lightdock	luciferin_score	8.27134	2UUY_rec	2UUY_lig
lightdock	luciferin_score	7.98952	2UUY_rec	2UUY_lig
lightdock	luciferin_score	7.5685	2UUY_rec	2UUY_lig
lightdock	luciferin_score	7.3879	2UUY_rec	2UUY_lig
lightdock	luciferin_score	6.92192	2UUY_rec	2UUY_lig
lightdock	luciferin_score	6.88083	2UUY_rec	2UUY_lig
lightdock	luciferin_score	6.61406	2UUY_rec	2UUY_lig
lightdock	luciferin_score	5.26689	2UUY_rec	2UUY_lig
lightdock	luciferin_score	5.09509	2UUY_rec	2UUY_lig
lightdock	luciferin_score	5.00895	2UUY_rec	2UUY_lig
lightdock	luciferin_score	4.04411	2UUY_rec	2UUY_lig
lightdock	luciferin_score	3.87808	2UUY_rec	2UUY_lig
lightdock	luciferin_score	3.86654	2UUY_rec	2UUY_lig
lightdock	luciferin_score	3.55344	2UUY_rec	2UUY_lig
lightdock	luciferin_score	3.53093	2UUY_rec	2UUY_lig
lightdock	luciferin_score	1.60778	2UUY_rec	2UUY_lig
lightdock	luciferin_score	0.13042	2UUY_rec	2UUY_lig
lightdock	luciferin_score	-0.41277	2UUY_rec	2UUY_lig
lightdock	luciferin_score	-0.6744	2UUY_rec	2UUY_lig
lightdock	luciferin_score	-2.64399	2UUY_rec	2UUY_lig
lightdock	luciferin_score	-4.12309	2UUY_rec	2UUY_lig
lightdock	luciferin_score	-8.60119	2UUY_rec	2UUY_lig
lightdock	luciferin_score	-13.47129	2UUY_rec	2UUY_lig
lightdock	luciferin_score	-13.90083	2UUY_rec	2UUY_lig
lightdock	luciferin_score	-24.35627	2UUY_rec	2UUY_lig
lightdock	luciferin_score	-26.20679	2UUY_rec	2UUY_lig
lightdock	luciferin_score	-52.06695	2UUY_rec	2UUY_lig
lightdock	luciferin_score	-59.60189	2UUY_rec	2UUY_lig
lightdock	luciferin_score	13.86412	2UUY_rec	2UUY_lig
lightdock	luciferin_score	12.60715	2UUY_rec	2UUY_lig
lightdock	luciferin_score	12.20144	2UUY_rec	2UUY_lig
lightdock	luciferin_score	11.90609	2UUY_rec	2UUY_lig
lightdock	luciferin_score	11.76892	2UUY_rec	2UUY_lig
lightdock	luciferin_score	11.38853	2UUY_rec	2UUY_lig
lightdock	luciferin_score	11.20099	2UUY_rec	2UUY_lig
lightdock	luciferin_score	10.7973	2UUY_rec	2UUY_lig
lightdock	luciferin_score	10.55067	2UUY_rec	2UUY_lig
lightdock	luciferin_score	10.35057	2UUY_rec	2UUY_lig
lightdock	luciferin_score	10.18876	2UUY_rec	2UUY_lig
lightdock	luciferin_score	10.03014	2UUY_rec	2UUY_lig
lightdock	luciferin_score	9.85523	2UUY_rec	2UUY_lig
lightdock	luciferin_score	9.37234	2UUY_rec	2UUY_lig
lightdock	luciferin_score	8.79952	2UUY_rec	2UUY_lig
lightdock	luciferin_score	8.69611	2UUY_rec	2UUY_lig
lightdock	luciferin_score	8.49395	2UUY_rec	2UUY_lig
lightdock	luciferin_score	8.38357	2UUY_rec	2UUY_lig
lightdock	luciferin_score	8.34883	2UUY_rec	2UUY_lig
lightdock	luciferin_score	8.32308	2UUY_rec	2UUY_lig
lightdock	luciferin_score	8.20638	2UUY_rec	2UUY_lig
lightdock	luciferin_score	7.97551	2UUY_rec	2UUY_lig
lightdock	luciferin_score	7.90897	2UUY_rec	2UUY_lig
lightdock	luciferin_score	7.78342	2UUY_rec	2UUY_lig
lightdock	luciferin_score	7.67038	2UUY_rec	2UUY_lig
lightdock	luciferin_score	7.59273	2UUY_rec	2UUY_lig
lightdock	luciferin_score	7.56042	2UUY_rec	2UUY_lig
lightdock	luciferin_score	7.51557	2UUY_rec	2UUY_lig
lightdock	luciferin_score	7.43788	2UUY_rec	2UUY_lig
lightdock	luciferin_score	7.03255	2UUY_rec	2UUY_lig
lightdock	luciferin_score	6.8975	2UUY_rec	2UUY_lig
lightdock	luciferin_score	6.82222	2UUY_rec	2UUY_lig
lightdock	luciferin_score	6.81522	2UUY_rec	2UUY_lig
lightdock	luciferin_score	6.6369	2UUY_rec	2UUY_lig
lightdock	luciferin_score	6.58789	2UUY_rec	2UUY_lig
lightdock	luciferin_score	6.57854	2UUY_rec	2UUY_lig
lightdock	luciferin_score	6.5128	2UUY_rec	2UUY_lig
lightdock	luciferin_score	6.50615	2UUY_rec	2UUY_lig
lightdock	luciferin_score	6.38967	2UUY_rec	2UUY_lig
lightdock	luciferin_score	6.17444	2UUY_rec	2UUY_lig
lightdock	luciferin_score	6.11254	2UUY_rec	2UUY_lig
lightdock	luciferin_score	5.9015	2UUY_rec	2UUY_lig
lightdock	luciferin_score	5.85716	2UUY_rec	2UUY_lig
lightdock	luciferin_score	5.81006	2UUY_rec	2UUY_lig
lightdock	luciferin_score	5.49546	2UUY_rec	2UUY_lig
lightdock	luciferin_score	5.2363	2UUY_rec	2UUY_lig
lightdock	luciferin_score	5.23451	2UUY_rec	2UUY_lig
lightdock	luciferin_score	4.93377	2UUY_rec	2UUY_lig
lightdock	luciferin_score	4.9225	2UUY_rec	2UUY_lig
lightdock	luciferin_score	4.82146	2UUY_rec	2UUY_lig
lightdock	luciferin_score	3.62347	2UUY_rec	2UUY_lig
lightdock	luciferin_score	2.87194	2UUY_rec	2UUY_lig
lightdock	luciferin_score	2.78952	2UUY_rec	2UUY_lig
lightdock	luciferin_score	-3.25025	2UUY_rec	2UUY_lig
lightdock	luciferin_score	-4.72473	2UUY_rec	2UUY_lig
lightdock	luciferin_score	-11.33062	2UUY_rec	2UUY_lig
lightdock	luciferin_score	-13.08623	2UUY_rec	2UUY_lig
lightdock	luciferin_score	-15.29209	2UUY_rec	2UUY_lig
lightdock	luciferin_score	-15.53596	2UUY_rec	2UUY_lig
lightdock	luciferin_score	-18.37061	2UUY_rec	2UUY_lig
lightdock	luciferin_score	-18.88259	2UUY_rec	2UUY_lig
lightdock	luciferin_score	-24.02012	2UUY_rec	2UUY_lig
lightdock	luciferin_score	-28.32151	2UUY_rec	2UUY_lig
lightdock	luciferin_score	-31.18705	2UUY_rec	2UUY_lig
lightdock	luciferin_score	-36.97163	2UUY_rec	2UUY_lig
lightdock	luciferin_score	-41.05245	2UUY_rec	2UUY_lig
lightdock	luciferin_score	15.93284	2UUY_rec	2UUY_lig
lightdock	luciferin_score	15.46335	2UUY_rec	2UUY_lig
lightdock	luciferin_score	15.28153	2UUY_rec	2UUY_lig
lightdock	luciferin_score	14.5891	2UUY_rec	2UUY_lig
lightdock	luciferin_score	14.46569	2UUY_rec	2UUY_lig
lightdock	luciferin_score	13.24455	2UUY_rec	2UUY_lig
lightdock	luciferin_score	13.20299	2UUY_rec	2UUY_lig
lightdock	luciferin_score	12.50947	2UUY_rec	2UUY_lig
lightdock	luciferin_score	12.25682	2UUY_rec	2UUY_lig
lightdock	luciferin_score	11.91907	2UUY_rec	2UUY_lig
lightdock	luciferin_score	11.75288	2UUY_rec	2UUY_lig
lightdock	luciferin_score	11.70994	2UUY_rec	2UUY_lig
lightdock	luciferin_score	11.403	2UUY_rec	2UUY_lig
lightdock	luciferin_score	11.38373	2UUY_rec	2UUY_lig
lightdock	luciferin_score	11.37187	2UUY_rec	2UUY_lig
lightdock	luciferin_score	10.78774	2UUY_rec	2UUY_lig
lightdock	luciferin_score	10.49627	2UUY_rec	2UUY_lig
lightdock	luciferin_score	10.48097	2UUY_rec	2UUY_lig
lightdock	luciferin_score	10.45746	2UUY_rec	2UUY_lig
lightdock	luciferin_score	10.2529	2UUY_rec	2UUY_lig
lightdock	luciferin_score	10.05323	2UUY_rec	2UUY_lig
lightdock	luciferin_score	9.19008	2UUY_rec	2UUY_lig
lightdock	luciferin_score	8.70649	2UUY_rec	2UUY_lig
lightdock	luciferin_score	8.60018	2UUY_rec	2UUY_lig
lightdock	luciferin_score	8.51382	2UUY_rec	2UUY_lig
lightdock	luciferin_score	6.96802	2UUY_rec	2UUY_lig
lightdock	luciferin_score	6.91433	2UUY_rec	2UUY_lig
lightdock	luciferin_score	6.67637	2UUY_rec	2UUY_lig
lightdock	luciferin_score	5.69821	2UUY_rec	2UUY_lig
lightdock	luciferin_score	3.73247	2UUY_rec	2UUY_lig
lightdock	luciferin_score	3.64885	2UUY_rec	2UUY_lig
lightdock	luciferin_score	2.75611	2UUY_rec	2UUY_lig
lightdock	luciferin_score	2.65209	2UUY_rec	2UUY_lig
lightdock	luciferin_score	1.07179	2UUY_rec	2UUY_lig
lightdock	luciferin_score	0.96408	2UUY_rec	2UUY_lig
lightdock	luciferin_score	0.51631	2UUY_rec	2UUY_lig
lightdock	luciferin_score	-1.65097	2UUY_rec	2UUY_lig
lightdock	luciferin_score	-2.31537	2UUY_rec	2UUY_lig
lightdock	luciferin_score	-5.02296	2UUY_rec	2UUY_lig
lightdock	luciferin_score	-5.75823	2UUY_rec	2UUY_lig
lightdock	luciferin_score	-7.91174	2UUY_rec	2UUY_lig
lightdock	luciferin_score	-8.24451	2UUY_rec	2UUY_lig
lightdock	luciferin_score	-8.78538	2UUY_rec	2UUY_lig
lightdock	luciferin_score	-9.62758	2UUY_rec	2UUY_lig
lightdock	luciferin_score	-12.06671	2UUY_rec	2UUY_lig
lightdock	luciferin_score	-12.39666	2UUY_rec	2UUY_lig
lightdock	luciferin_score	-13.52601	2UUY_rec	2UUY_lig
lightdock	luciferin_score	-14.35029	2UUY_rec	2UUY_lig
lightdock	luciferin_score	-19.45884	2UUY_rec	2UUY_lig
lightdock	luciferin_score	-29.33483	2UUY_rec	2UUY_lig
lightdock	luciferin_score	-29.61499	2UUY_rec	2UUY_lig
lightdock	luciferin_score	-31.56016	2UUY_rec	2UUY_lig
lightdock	luciferin_score	-38.50225	2UUY_rec	2UUY_lig
lightdock	luciferin_score	-47.7379	2UUY_rec	2UUY_lig
lightdock	luciferin_score	-55.44742	2UUY_rec	2UUY_lig
lightdock	luciferin_score	-56.44225	2UUY_rec	2UUY_lig
lightdock	luciferin_score	-58.06624	2UUY_rec	2UUY_lig
lightdock	luciferin_score	-59.7787	2UUY_rec	2UUY_lig
lightdock	luciferin_score	-84.48712	2UUY_rec	2UUY_lig
lightdock	luciferin_score	-88.80672	2UUY_rec	2UUY_lig
lightdock	luciferin_score	-91.1121	2UUY_rec	2UUY_lig
lightdock	luciferin_score	13.51697	2UUY_rec	2UUY_lig
lightdock	luciferin_score	13.37453	2UUY_rec	2UUY_lig
lightdock	luciferin_score	13.22461	2UUY_rec	2UUY_lig
lightdock	luciferin_score	12.63671	2UUY_rec	2UUY_lig
lightdock	luciferin_score	12.28242	2UUY_rec	2UUY_lig
lightdock	luciferin_score	12.06923	2UUY_rec	2UUY_lig
lightdock	luciferin_score	11.58913	2UUY_rec	2UUY_lig
lightdock	luciferin_score	11.47427	2UUY_rec	2UUY_lig
lightdock	luciferin_score	11.06704	2UUY_rec	2UUY_lig
lightdock	luciferin_score	11.02352	2UUY_rec	2UUY_lig
lightdock	luciferin_score	10.98589	2UUY_rec	2UUY_lig
lightdock	luciferin_score	10.71054	2UUY_rec	2UUY_lig
lightdock	luciferin_score	10.53663	2UUY_rec	2UUY_lig
lightdock	luciferin_score	10.31828	2UUY_rec	2UUY_lig
lightdock	luciferin_score	10.29435	2UUY_rec	2UUY_lig
lightdock	luciferin_score	10.24474	2UUY_rec	2UUY_lig
lightdock	luciferin_score	10.0448	2UUY_rec	2UUY_lig
lightdock	luciferin_score	9.86765	2UUY_rec	2UUY_lig
lightdock	luciferin_score	9.85016	2UUY_rec	2UUY_lig
lightdock	luciferin_score	9.80551	2UUY_rec	2UUY_lig
lightdock	luciferin_score	9.76662	2UUY_rec	2UUY_lig
lightdock	luciferin_score	9.44535	2UUY_rec	2UUY_lig
lightdock	luciferin_score	9.41212	2UUY_rec	2UUY_lig
lightdock	luciferin_score	9.39023	2UUY_rec	2UUY_lig
lightdock	luciferin_score	9.13641	2UUY_rec	2UUY_lig
lightdock	luciferin_score	8.58909	2UUY_rec	2UUY_lig
lightdock	luciferin_score	8.56157	2UUY_rec	2UUY_lig
lightdock	luciferin_score	8.50687	2UUY_rec	2UUY_lig
lightdock	luciferin_score	8.48332	2UUY_rec	2UUY_lig
lightdock	luciferin_score	7.75181	2UUY_rec	2UUY_lig
lightdock	luciferin_score	7.29138	2UUY_rec	2UUY_lig
lightdock	luciferin_score	6.88244	2UUY_rec	2UUY_lig
lightdock	luciferin_score	6.83409	2UUY_rec	2UUY_lig
lightdock	luciferin_score	6.59366	2UUY_rec	2UUY_lig
lightdock	luciferin_score	6.48595	2UUY_rec	2UUY_lig
lightdock	luciferin_score	6.08984	2UUY_rec	2UUY_lig
lightdock	luciferin_score	5.07769	2UUY_rec	2UUY_lig
lightdock	luciferin_score	4.46577	2UUY_rec	2UUY_lig
lightdock	luciferin_score	1.03584	2UUY_rec	2UUY_lig
lightdock	luciferin_score	0.63595	2UUY_rec	2UUY_lig
lightdock	luciferin_score	0.55139	2UUY_rec	2UUY_lig
lightdock	luciferin_score	-1.01524	2UUY_rec	2UUY_lig
lightdock	luciferin_score	-1.78977	2UUY_rec	2UUY_lig
lightdock	luciferin_score	-3.01179	2UUY_rec	2UUY_lig
lightdock	luciferin_score	-3.54787	2UUY_rec	2UUY_lig
lightdock	luciferin_score	-5.45789	2UUY_rec	2UUY_lig
lightdock	luciferin_score	-6.78542	2UUY_rec	2UUY_lig
lightdock	luciferin_score	-7.06765	2UUY_rec	2UUY_lig
lightdock	luciferin_score	-7.71417	2UUY_rec	2UUY_lig
lightdock	luciferin_score	-9.69802	2UUY_rec	2UUY_lig
lightdock	luciferin_score	-13.34254	2UUY_rec	2UUY_lig
lightdock	luciferin_score	-13.46797	2UUY_rec	2UUY_lig
lightdock	luciferin_score	-13.92055	2UUY_rec	2UUY_lig
lightdock	luciferin_score	-16.01016	2UUY_rec	2UUY_lig
lightdock	luciferin_score	-18.06405	2UUY_rec	2UUY_lig
lightdock	luciferin_score	-21.68618	2UUY_rec	2UUY_lig
lightdock	luciferin_score	-22.50786	2UUY_rec	2UUY_lig
lightdock	luciferin_score	-35.62963	2UUY_rec	2UUY_lig
lightdock	luciferin_score	-36.58929	2UUY_rec	2UUY_lig
lightdock	luciferin_score	-37.62614	2UUY_rec	2UUY_lig
lightdock	luciferin_score	14.41267	2UUY_rec	2UUY_lig
lightdock	luciferin_score	14.40078	2UUY_rec	2UUY_lig
lightdock	luciferin_score	14.16384	2UUY_rec	2UUY_lig
lightdock	luciferin_score	13.68762	2UUY_rec	2UUY_lig
lightdock	luciferin_score	13.57762	2UUY_rec	2UUY_lig
lightdock	luciferin_score	13.08358	2UUY_rec	2UUY_lig
lightdock	luciferin_score	12.13299	2UUY_rec	2UUY_lig
lightdock	luciferin_score	11.17298	2UUY_rec	2UUY_lig
lightdock	luciferin_score	11.15059	2UUY_rec	2UUY_lig
lightdock	luciferin_score	11.12499	2UUY_rec	2UUY_lig
lightdock	luciferin_score	11.08647	2UUY_rec	2UUY_lig
lightdock	luciferin_score	10.94497	2UUY_rec	2UUY_lig
lightdock	luciferin_score	10.88308	2UUY_rec	2UUY_lig
lightdock	luciferin_score	10.76715	2UUY_rec	2UUY_lig
lightdock	luciferin_score	10.24585	2UUY_rec	2UUY_lig
lightdock	luciferin_score	10.22559	2UUY_rec	2UUY_lig
lightdock	luciferin_score	10.10015	2UUY_rec	2UUY_lig
lightdock	luciferin_score	9.96083	2UUY_rec	2UUY_lig
lightdock	luciferin_score	9.91201	2UUY_rec	2UUY_lig
lightdock	luciferin_score	9.86385	2UUY_rec	2UUY_lig
lightdock	luciferin_score	9.62989	2UUY_rec	2UUY_lig
lightdock	luciferin_score	9.57063	2UUY_rec	2UUY_lig
lightdock	luciferin_score	9.48365	2UUY_rec	2UUY_lig
lightdock	luciferin_score	9.46467	2UUY_rec	2UUY_lig
lightdock	luciferin_score	9.34034	2UUY_rec	2UUY_lig
lightdock	luciferin_score	9.23411	2UUY_rec	2UUY_lig
lightdock	luciferin_score	9.20695	2UUY_rec	2UUY_lig
lightdock	luciferin_score	8.80133	2UUY_rec	2UUY_lig
lightdock	luciferin_score	8.54731	2UUY_rec	2UUY_lig
lightdock	luciferin_score	8.35934	2UUY_rec	2UUY_lig
lightdock	luciferin_score	8.16172	2UUY_rec	2UUY_lig
lightdock	luciferin_score	8.07038	2UUY_rec	2UUY_lig
lightdock	luciferin_score	7.60134	2UUY_rec	2UUY_lig
lightdock	luciferin_score	7.59457	2UUY_rec	2UUY_lig
lightdock	luciferin_score	7.24525	2UUY_rec	2UUY_lig
lightdock	luciferin_score	7.02262	2UUY_rec	2UUY_lig
lightdock	luciferin_score	7.02204	2UUY_rec	2UUY_lig
lightdock	luciferin_score	6.9593	2UUY_rec	2UUY_lig
lightdock	luciferin_score	6.80288	2UUY_rec	2UUY_lig
lightdock	luciferin_score	6.40713	2UUY_rec	2UUY_lig
lightdock	luciferin_score	6.16903	2UUY_rec	2UUY_lig
lightdock	luciferin_score	6.06056	2UUY_rec	2UUY_lig
lightdock	luciferin_score	5.95721	2UUY_rec	2UUY_lig
lightdock	luciferin_score	5.91914	2UUY_rec	2UUY_lig
lightdock	luciferin_score	5.49713	2UUY_rec	2UUY_lig
lightdock	luciferin_score	5.3468	2UUY_rec	2UUY_lig
lightdock	luciferin_score	5.31852	2UUY_rec	2UUY_lig
lightdock	luciferin_score	5.28375	2UUY_rec	2UUY_lig
lightdock	luciferin_score	5.27569	2UUY_rec	2UUY_lig
lightdock	luciferin_score	5.25893	2UUY_rec	2UUY_lig
lightdock	luciferin_score	5.19646	2UUY_rec	2UUY_lig
lightdock	luciferin_score	5.17817	2UUY_rec	2UUY_lig
lightdock	luciferin_score	4.60163	2UUY_rec	2UUY_lig
lightdock	luciferin_score	4.28642	2UUY_rec	2UUY_lig
lightdock	luciferin_score	4.06406	2UUY_rec	2UUY_lig
lightdock	luciferin_score	3.00683	2UUY_rec	2UUY_lig
lightdock	luciferin_score	2.54907	2UUY_rec	2UUY_lig
lightdock	luciferin_score	0.76447	2UUY_rec	2UUY_lig
lightdock	luciferin_score	-0.125	2UUY_rec	2UUY_lig
lightdock	luciferin_score	-2.78937	2UUY_rec	2UUY_lig
lightdock	luciferin_score	-5.95972	2UUY_rec	2UUY_lig
lightdock	luciferin_score	-8.34737	2UUY_rec	2UUY_lig
lightdock	luciferin_score	-9.52921	2UUY_rec	2UUY_lig
lightdock	luciferin_score	-10.42903	2UUY_rec	2UUY_lig
lightdock	luciferin_score	-12.26481	2UUY_rec	2UUY_lig
lightdock	luciferin_score	-16.00582	2UUY_rec	2UUY_lig
lightdock	luciferin_score	-24.20906	2UUY_rec	2UUY_lig
lightdock	luciferin_score	-39.29798	2UUY_rec	2UUY_lig
lightdock	luciferin_score	19.50949	2UUY_rec	2UUY_lig
lightdock	luciferin_score	15.95916	2UUY_rec	2UUY_lig
lightdock	luciferin_score	14.47649	2UUY_rec	2UUY_lig
lightdock	luciferin_score	13.92625	2UUY_rec	2UUY_lig
lightdock	luciferin_score	13.71162	2UUY_rec	2UUY_lig
lightdock	luciferin_score	13.64388	2UUY_rec	2UUY_lig
lightdock	luciferin_score	13.32154	2UUY_rec	2UUY_lig
lightdock	luciferin_score	12.91593	2UUY_rec	2UUY_lig
lightdock	luciferin_score	12.65284	2UUY_rec	2UUY_lig
lightdock	luciferin_score	12.5444	2UUY_rec	2UUY_lig
lightdock	luciferin_score	12.42147	2UUY_rec	2UUY_lig
lightdock	luciferin_score	12.3271	2UUY_rec	2UUY_lig
lightdock	luciferin_score	12.05124	2UUY_rec	2UUY_lig
lightdock	luciferin_score	11.67505	2UUY_rec	2UUY_lig
lightdock	luciferin_score	11.64528	2UUY_rec	2UUY_lig
lightdock	luciferin_score	11.22645	2UUY_rec	2UUY_lig
lightdock	luciferin_score	11.19628	2UUY_rec	2UUY_lig
lightdock	luciferin_score	11.13806	2UUY_rec	2UUY_lig
lightdock	luciferin_score	11.11652	2UUY_rec	2UUY_lig
lightdock	luciferin_score	10.24512	2UUY_rec	2UUY_lig
lightdock	luciferin_score	10.07292	2UUY_rec	2UUY_lig
lightdock	luciferin_score	10.0198	2UUY_rec	2UUY_lig
lightdock	luciferin_score	9.87573	2UUY_rec	2UUY_lig
lightdock	luciferin_score	9.31047	2UUY_rec	2UUY_lig
lightdock	luciferin_score	9.07924	2UUY_rec	2UUY_lig
lightdock	luciferin_score	8.60051	2UUY_rec	2UUY_lig
lightdock	luciferin_score	8.50494	2UUY_rec	2UUY_lig
lightdock	luciferin_score	8.47538	2UUY_rec	2UUY_lig
lightdock	luciferin_score	8.43107	2UUY_rec	2UUY_lig
lightdock	luciferin_score	8.34632	2UUY_rec	2UUY_lig
lightdock	luciferin_score	7.89503	2UUY_rec	2UUY_lig
lightdock	luciferin_score	7.51439	2UUY_rec	2UUY_lig
lightdock	luciferin_score	7.40923	2UUY_rec	2UUY_lig
lightdock	luciferin_score	7.30204	2UUY_rec	2UUY_lig
lightdock	luciferin_score	7.16802	2UUY_rec	2UUY_lig
lightdock	luciferin_score	6.25435	2UUY_rec	2UUY_lig
lightdock	luciferin_score	6.17962	2UUY_rec	2UUY_lig
lightdock	luciferin_score	5.88755	2UUY_rec	2UUY_lig
lightdock	luciferin_score	4.29555	2UUY_rec	2UUY_lig
lightdock	luciferin_score	3.20607	2UUY_rec	2UUY_lig
lightdock	luciferin_score	1.32048	2UUY_rec	2UUY_lig
lightdock	luciferin_score	-3.30529	2UUY_rec	2UUY_lig
lightdock	luciferin_score	-3.37609	2UUY_rec	2UUY_lig
lightdock	luciferin_score	-3.84716	2UUY_rec	2UUY_lig
lightdock	luciferin_score	-4.94172	2UUY_rec	2UUY_lig
lightdock	luciferin_score	-5.64561	2UUY_rec	2UUY_lig
lightdock	luciferin_score	-6.07381	2UUY_rec	2UUY_lig
lightdock	luciferin_score	-6.0751	2UUY_rec	2UUY_lig
lightdock	luciferin_score	-7.10914	2UUY_rec	2UUY_lig
lightdock	luciferin_score	-10.73817	2UUY_rec	2UUY_lig
lightdock	luciferin_score	-13.70061	2UUY_rec	2UUY_lig
lightdock	luciferin_score	-18.15699	2UUY_rec	2UUY_lig
lightdock	luciferin_score	-20.17303	2UUY_rec	2UUY_lig
lightdock	luciferin_score	-24.51504	2UUY_rec	2UUY_lig
lightdock	luciferin_score	-29.79951	2UUY_rec	2UUY_lig
lightdock	luciferin_score	-31.6159	2UUY_rec	2UUY_lig
lightdock	luciferin_score	-33.65243	2UUY_rec	2UUY_lig
lightdock	luciferin_score	-34.01909	2UUY_rec	2UUY_lig
lightdock	luciferin_score	-34.14398	2UUY_rec	2UUY_lig
lightdock	luciferin_score	-36.41047	2UUY_rec	2UUY_lig
lightdock	luciferin_score	-37.63781	2UUY_rec	2UUY_lig
lightdock	luciferin_score	-40.95561	2UUY_rec	2UUY_lig
lightdock	luciferin_score	-41.78129	2UUY_rec	2UUY_lig
lightdock	luciferin_score	-46.26383	2UUY_rec	2UUY_lig
lightdock	luciferin_score	-55.97586	2UUY_rec	2UUY_lig
lightdock	luciferin_score	-57.06238	2UUY_rec	2UUY_lig
lightdock	luciferin_score	-62.57068	2UUY_rec	2UUY_lig
lightdock	luciferin_score	-67.03246	2UUY_rec	2UUY_lig
lightdock	luciferin_score	17.5068	2UUY_rec	2UUY_lig
lightdock	luciferin_score	17.2869	2UUY_rec	2UUY_lig
lightdock	luciferin_score	14.97205	2UUY_rec	2UUY_lig
lightdock	luciferin_score	14.88801	2UUY_rec	2UUY_lig
lightdock	luciferin_score	14.37991	2UUY_rec	2UUY_lig
lightdock	luciferin_score	13.52544	2UUY_rec	2UUY_lig
lightdock	luciferin_score	13.40757	2UUY_rec	2UUY_lig
lightdock	luciferin_score	13.31615	2UUY_rec	2UUY_lig
lightdock	luciferin_score	13.26942	2UUY_rec	2UUY_lig
lightdock	luciferin_score	13.20228	2UUY_rec	2UUY_lig
lightdock	luciferin_score	13.17353	2UUY_rec	2UUY_lig
lightdock	luciferin_score	13.13611	2UUY_rec	2UUY_lig
lightdock	luciferin_score	12.99068	2UUY_rec	2UUY_lig
lightdock	luciferin_score	12.52711	2UUY_rec	2UUY_lig
lightdock	luciferin_score	12.52458	2UUY_rec	2UUY_lig
lightdock	luciferin_score	12.29361	2UUY_rec	2UUY_lig
lightdock	luciferin_score	12.08412	2UUY_rec	2UUY_lig
lightdock	luciferin_score	11.79087	2UUY_rec	2UUY_lig
lightdock	luciferin_score	11.61196	2UUY_rec	2UUY_lig
lightdock	luciferin_score	11.56694	2UUY_rec	2UUY_lig
lightdock	luciferin_score	11.51882	2UUY_rec	2UUY_lig
lightdock	luciferin_score	11.48172	2UUY_rec	2UUY_lig
lightdock	luciferin_score	11.38467	2UUY_rec	2UUY_lig
lightdock	luciferin_score	11.23873	2UUY_rec	2UUY_lig
lightdock	luciferin_score	10.66589	2UUY_rec	2UUY_lig
lightdock	luciferin_score	10.62896	2UUY_rec	2UUY_lig
lightdock	luciferin_score	10.51041	2UUY_rec	2UUY_lig
lightdock	luciferin_score	10.21098	2UUY_rec	2UUY_lig
lightdock	luciferin_score	9.86789	2UUY_rec	2UUY_lig
lightdock	luciferin_score	9.50836	2UUY_rec	2UUY_lig
lightdock	luciferin_score	8.95798	2UUY_rec	2UUY_lig
lightdock	luciferin_score	8.94896	2UUY_rec	2UUY_lig
lightdock	luciferin_score	8.26494	2UUY_rec	2UUY_lig
lightdock	luciferin_score	5.93013	2UUY_rec	2UUY_lig
lightdock	luciferin_score	2.83992	2UUY_rec	2UUY_lig
lightdock	luciferin_score	2.58363	2UUY_rec	2UUY_lig
lightdock	luciferin_score	-1.50979	2UUY_rec	2UUY_lig
lightdock	luciferin_score	-1.92174	2UUY_rec	2UUY_lig
lightdock	luciferin_score	-2.67927	2UUY_rec	2UUY_lig
lightdock	luciferin_score	-3.18131	2UUY_rec	2UUY_lig
lightdock	luciferin_score	-3.40614	2UUY_rec	2UUY_lig
lightdock	luciferin_score	-5.04487	2UUY_rec	2UUY_lig
lightdock	luciferin_score	-5.55105	2UUY_rec	2UUY_lig
lightdock	luciferin_score	-6.48778	2UUY_rec	2UUY_lig
lightdock	luciferin_score	-6.64837	2UUY_rec	2UUY_lig
lightdock	luciferin_score	-8.11743	2UUY_rec	2UUY_lig
lightdock	luciferin_score	-8.41046	2UUY_rec	2UUY_lig
lightdock	luciferin_score	-10.45084	2UUY_rec	2UUY_lig
lightdock	luciferin_score	-18.02467	2UUY_rec	2UUY_lig
lightdock	luciferin_score	-25.73501	2UUY_rec	2UUY_lig
lightdock	luciferin_score	-27.6235	2UUY_rec	2UUY_lig
lightdock	luciferin_score	-36.37919	2UUY_rec	2UUY_lig
lightdock	luciferin_score	-54.53163	2UUY_rec	2UUY_lig
lightdock	luciferin_score	-54.61794	2UUY_rec	2UUY_lig
lightdock	luciferin_score	-61.56763	2UUY_rec	2UUY_lig
lightdock	luciferin_score	-66.20853	2UUY_rec	2UUY_lig
lightdock	luciferin_score	-82.38312	2UUY_rec	2UUY_lig
lightdock	luciferin_score	-82.43505	2UUY_rec	2UUY_lig
lightdock	luciferin_score	19.67404	2UUY_rec	2UUY_lig
lightdock	luciferin_score	14.98458	2UUY_rec	2UUY_lig
lightdock	luciferin_score	13.94952	2UUY_rec	2UUY_lig
lightdock	luciferin_score	13.624	2UUY_rec	2UUY_lig
lightdock	luciferin_score	13.27722	2UUY_rec	2UUY_lig
lightdock	luciferin_score	13.00874	2UUY_rec	2UUY_lig
lightdock	luciferin_score	12.91294	2UUY_rec	2UUY_lig
lightdock	luciferin_score	12.73992	2UUY_rec	2UUY_lig
lightdock	luciferin_score	12.4544	2UUY_rec	2UUY_lig
lightdock	luciferin_score	12.39225	2UUY_rec	2UUY_lig
lightdock	luciferin_score	11.87691	2UUY_rec	2UUY_lig
lightdock	luciferin_score	11.76756	2UUY_rec	2UUY_lig
lightdock	luciferin_score	11.56283	2UUY_rec	2UUY_lig
lightdock	luciferin_score	11.53404	2UUY_rec	2UUY_lig
lightdock	luciferin_score	11.5099	2UUY_rec	2UUY_lig
lightdock	luciferin_score	11.45626	2UUY_rec	2UUY_lig
lightdock	luciferin_score	11.35275	2UUY_rec	2UUY_lig
lightdock	luciferin_score	11.19354	2UUY_rec	2UUY_lig
lightdock	luciferin_score	10.1297	2UUY_rec	2UUY_lig
lightdock	luciferin_score	9.46436	2UUY_rec	2UUY_lig
lightdock	luciferin_score	8.83125	2UUY_rec	2UUY_lig
lightdock	luciferin_score	8.35262	2UUY_rec	2UUY_lig
lightdock	luciferin_score	8.31343	2UUY_rec	2UUY_lig
lightdock	luciferin_score	7.81274	2UUY_rec	2UUY_lig
lightdock	luciferin_score	7.72459	2UUY_rec	2UUY_lig
lightdock	luciferin_score	7.70359	2UUY_rec	2UUY_lig
lightdock	luciferin_score	6.77777	2UUY_rec	2UUY_lig
lightdock	luciferin_score	6.58691	2UUY_rec	2UUY_lig
lightdock	luciferin_score	6.50379	2UUY_rec	2UUY_lig
lightdock	luciferin_score	6.31541	2UUY_rec	2UUY_lig
lightdock	luciferin_score	5.45282	2UUY_rec	2UUY_lig
lightdock	luciferin_score	4.17117	2UUY_rec	2UUY_lig
lightdock	luciferin_score	2.40336	2UUY_rec	2UUY_lig
lightdock	luciferin_score	2.29285	2UUY_rec	2UUY_lig
lightdock	luciferin_score	1.00732	2UUY_rec	2UUY_lig
lightdock	luciferin_score	-1.0322	2UUY_rec	2UUY_lig
lightdock	luciferin_score	-1.11213	2UUY_rec	2UUY_lig
lightdock	luciferin_score	-1.55178	2UUY_rec	2UUY_lig
lightdock	luciferin_score	-3.16279	2UUY_rec	2UUY_lig
lightdock	luciferin_score	-4.32238	2UUY_rec	2UUY_lig
lightdock	luciferin_score	-10.34775	2UUY_rec	2UUY_lig
lightdock	luciferin_score	-10.9707	2UUY_rec	2UUY_lig
lightdock	luciferin_score	-12.5932	2UUY_rec	2UUY_lig
lightdock	luciferin_score	-13.11369	2UUY_rec	2UUY_lig
lightdock	luciferin_score	-13.89133	2UUY_rec	2UUY_lig
lightdock	luciferin_score	-16.84721	2UUY_rec	2UUY_lig
lightdock	luciferin_score	-17.26119	2UUY_rec	2UUY_lig
lightdock	luciferin_score	-17.84533	2UUY_rec	2UUY_lig
lightdock	luciferin_score	-18.76659	2UUY_rec	2UUY_lig
lightdock	luciferin_score	-22.81851	2UUY_rec	2UUY_lig
lightdock	luciferin_score	-27.77167	2UUY_rec	2UUY_lig
lightdock	luciferin_score	-28.73256	2UUY_rec	2UUY_lig
lightdock	luciferin_score	-28.77504	2UUY_rec	2UUY_lig
lightdock	luciferin_score	-33.95643	2UUY_rec	2UUY_lig
lightdock	luciferin_score	-42.13854	2UUY_rec	2UUY_lig
lightdock	luciferin_score	-43.9087	2UUY_rec	2UUY_lig
lightdock	luciferin_score	-45.82144	2UUY_rec	2UUY_lig
lightdock	luciferin_score	-46.92367	2UUY_rec	2UUY_lig
lightdock	luciferin_score	-48.88758	2UUY_rec	2UUY_lig
lightdock	luciferin_score	-49.16336	2UUY_rec	2UUY_lig
lightdock	luciferin_score	-66.80153	2UUY_rec	2UUY_lig
lightdock	luciferin_score	-71.95061	2UUY_rec	2UUY_lig
lightdock	luciferin_score	16.45106	2UUY_rec	2UUY_lig
lightdock	luciferin_score	15.08489	2UUY_rec	2UUY_lig
lightdock	luciferin_score	14.20633	2UUY_rec	2UUY_lig
lightdock	luciferin_score	13.66572	2UUY_rec	2UUY_lig
lightdock	luciferin_score	12.90418	2UUY_rec	2UUY_lig
lightdock	luciferin_score	12.09666	2UUY_rec	2UUY_lig
lightdock	luciferin_score	11.532	2UUY_rec	2UUY_lig
lightdock	luciferin_score	11.32975	2UUY_rec	2UUY_lig
lightdock	luciferin_score	11.26434	2UUY_rec	2UUY_lig
lightdock	luciferin_score	10.89584	2UUY_rec	2UUY_lig
lightdock	luciferin_score	10.79735	2UUY_rec	2UUY_lig
lightdock	luciferin_score	10.4496	2UUY_rec	2UUY_lig
lightdock	luciferin_score	10.34985	2UUY_rec	2UUY_lig
lightdock	luciferin_score	10.31411	2UUY_rec	2UUY_lig
lightdock	luciferin_score	10.1757	2UUY_rec	2UUY_lig
lightdock	luciferin_score	10.15476	2UUY_rec	2UUY_lig
lightdock	luciferin_score	9.95765	2UUY_rec	2UUY_lig
lightdock	luciferin_score	9.85762	2UUY_rec	2UUY_lig
lightdock	luciferin_score	9.8568	2UUY_rec	2UUY_lig
lightdock	luciferin_score	9.72644	2UUY_rec	2UUY_lig
lightdock	luciferin_score	9.59299	2UUY_rec	2UUY_lig
lightdock	luciferin_score	9.29907	2UUY_rec	2UUY_lig
lightdock	luciferin_score	9.21348	2UUY_rec	2UUY_lig
lightdock	luciferin_score	9.06049	2UUY_rec	2UUY_lig
lightdock	luciferin_score	9.03888	2UUY_rec	2UUY_lig
lightdock	luciferin_score	9.03285	2UUY_rec	2UUY_lig
lightdock	luciferin_score	8.91281	2UUY_rec	2UUY_lig
lightdock	luciferin_score	8.70259	2UUY_rec	2UUY_lig
lightdock	luciferin_score	8.62727	2UUY_rec	2UUY_lig
lightdock	luciferin_score	8.33309	2UUY_rec	2UUY_lig
lightdock	luciferin_score	8.266	2UUY_rec	2UUY_lig
lightdock	luciferin_score	8.25057	2UUY_rec	2UUY_lig
lightdock	luciferin_score	8.08006	2UUY_rec	2UUY_lig
lightdock	luciferin_score	7.72489	2UUY_rec	2UUY_lig
lightdock	luciferin_score	7.59651	2UUY_rec	2UUY_lig
lightdock	luciferin_score	7.4439	2UUY_rec	2UUY_lig
lightdock	luciferin_score	7.4118	2UUY_rec	2UUY_lig
lightdock	luciferin_score	7.33634	2UUY_rec	2UUY_lig
lightdock	luciferin_score	7.10132	2UUY_rec	2UUY_lig
lightdock	luciferin_score	7.06691	2UUY_rec	2UUY_lig
lightdock	luciferin_score	7.00487	2UUY_rec	2UUY_lig
lightdock	luciferin_score	6.77287	2UUY_rec	2UUY_lig
lightdock	luciferin_score	6.76433	2UUY_rec	2UUY_lig
lightdock	luciferin_score	6.42993	2UUY_rec	2UUY_lig
lightdock	luciferin_score	6.35833	2UUY_rec	2UUY_lig
lightdock	luciferin_score	6.04575	2UUY_rec	2UUY_lig
lightdock	luciferin_score	5.92217	2UUY_rec	2UUY_lig
lightdock	luciferin_score	5.91611	2UUY_rec	2UUY_lig
lightdock	luciferin_score	5.75447	2UUY_rec	2UUY_lig
lightdock	luciferin_score	5.7536	2UUY_rec	2UUY_lig
lightdock	luciferin_score	5.72509	2UUY_rec	2UUY_lig
lightdock	luciferin_score	5.68809	2UUY_rec	2UUY_lig
lightdock	luciferin_score	5.65228	2UUY_rec	2UUY_lig
lightdock	luciferin_score	5.29966	2UUY_rec	2UUY_lig
lightdock	luciferin_score	4.9336	2UUY_rec	2UUY_lig
lightdock	luciferin_score	4.65006	2UUY_rec	2UUY_lig
lightdock	luciferin_score	4.01909	2UUY_rec	2UUY_lig
lightdock	luciferin_score	3.91718	2UUY_rec	2UUY_lig
lightdock	luciferin_score	2.21749	2UUY_rec	2UUY_lig
lightdock	luciferin_score	1.8673	2UUY_rec	2UUY_lig
lightdock	luciferin_score	0.75843	2UUY_rec	2UUY_lig
lightdock	luciferin_score	0.672	2UUY_rec	2UUY_lig
lightdock	luciferin_score	0.61776	2UUY_rec	2UUY_lig
lightdock	luciferin_score	-2.44144	2UUY_rec	2UUY_lig
lightdock	luciferin_score	-4.03427	2UUY_rec	2UUY_lig
lightdock	luciferin_score	-10.02258	2UUY_rec	2UUY_lig
lightdock	luciferin_score	-12.57647	2UUY_rec	2UUY_lig
lightdock	luciferin_score	-17.42979	2UUY_rec	2UUY_lig
lightdock	luciferin_score	-18.82584	2UUY_rec	2UUY_lig
lightdock	luciferin_score	-25.0679	2UUY_rec	2UUY_lig
lightdock	luciferin_score	-27.66313	2UUY_rec	2UUY_lig
lightdock	luciferin_score	-29.92286	2UUY_rec	2UUY_lig
lightdock	luciferin_score	-32.89808	2UUY_rec	2UUY_lig
lightdock	luciferin_score	-35.44072	2UUY_rec	2UUY_lig
lightdock	luciferin_score	19.29285	2UUY_rec	2UUY_lig
lightdock	luciferin_score	19.00785	2UUY_rec	2UUY_lig
lightdock	luciferin_score	15.98958	2UUY_rec	2UUY_lig
lightdock	luciferin_score	15.6285	2UUY_rec	2UUY_lig
lightdock	luciferin_score	14.66448	2UUY_rec	2UUY_lig
lightdock	luciferin_score	14.6267	2UUY_rec	2UUY_lig
lightdock	luciferin_score	13.36371	2UUY_rec	2UUY_lig
lightdock	luciferin_score	12.77911	2UUY_rec	2UUY_lig
lightdock	luciferin_score	12.75255	2UUY_rec	2UUY_lig
lightdock	luciferin_score	12.03866	2UUY_rec	2UUY_lig
lightdock	luciferin_score	11.83532	2UUY_rec	2UUY_lig
lightdock	luciferin_score	11.4188	2UUY_rec	2UUY_lig
lightdock	luciferin_score	11.28219	2UUY_rec	2UUY_lig
lightdock	luciferin_score	11.22682	2UUY_rec	2UUY_lig
lightdock	luciferin_score	11.06204	2UUY_rec	2UUY_lig
lightdock	luciferin_score	11.02337	2UUY_rec	2UUY_lig
lightdock	luciferin_score	10.94826	2UUY_rec	2UUY_lig
lightdock	luciferin_score	10.68784	2UUY_rec	2UUY_lig
lightdock	luciferin_score	10.66045	2UUY_rec	2UUY_lig
lightdock	luciferin_score	10.59369	2UUY_rec	2UUY_lig
lightdock	luciferin_score	10.59258	2UUY_rec	2UUY_lig
lightdock	luciferin_score	10.57216	2UUY_rec	2UUY_lig
lightdock	luciferin_score	10.53082	2UUY_rec	2UUY_lig
lightdock	luciferin_score	10.02083	2UUY_rec	2UUY_lig
lightdock	luciferin_score	9.62015	2UUY_rec	2UUY_lig
lightdock	luciferin_score	9.52786	2UUY_rec	2UUY_lig
lightdock	luciferin_score	9.4278	2UUY_rec	2UUY_lig
lightdock	luciferin_score	8.85392	2UUY_rec	2UUY_lig
lightdock	luciferin_score	7.94843	2UUY_rec	2UUY_lig
lightdock	luciferin_score	7.84473	2UUY_rec	2UUY_lig
lightdock	luciferin_score	7.71425	2UUY_rec	2UUY_lig
lightdock	luciferin_score	7.41077	2UUY_rec	2UUY_lig
lightdock	luciferin_score	7.04781	2UUY_rec	2UUY_lig
lightdock	luciferin_score	6.94955	2UUY_rec	2UUY_lig
lightdock	luciferin_score	6.74651	2UUY_rec	2UUY_lig
lightdock	luciferin_score	6.70675	2UUY_rec	2UUY_lig
lightdock	luciferin_score	6.68941	2UUY_rec	2UUY_lig
lightdock	luciferin_score	6.50692	2UUY_rec	2UUY_lig
lightdock	luciferin_score	6.37455	2UUY_rec	2UUY_lig
lightdock	luciferin_score	6.30589	2UUY_rec	2UUY_lig
lightdock	luciferin_score	5.55701	2UUY_rec	2UUY_lig
lightdock	luciferin_score	4.74807	2UUY_rec	2UUY_lig
lightdock	luciferin_score	3.93162	2UUY_rec	2UUY_lig
lightdock	luciferin_score	3.40794	2UUY_rec	2UUY_lig
lightdock	luciferin_score	2.94903	2UUY_rec	2UUY_lig
lightdock	luciferin_score	2.02317	2UUY_rec	2UUY_lig
lightdock	luciferin_score	0.77505	2UUY_rec	2UUY_lig
lightdock	luciferin_score	0.3321	2UUY_rec	2UUY_lig
lightdock	luciferin_score	-1.28099	2UUY_rec	2UUY_lig
lightdock	luciferin_score	-1.97173	2UUY_rec	2UUY_lig
lightdock	luciferin_score	-3.25625	2UUY_rec	2UUY_lig
lightdock	luciferin_score	-3.94131	2UUY_rec	2UUY_lig
lightdock	luciferin_score	-5.0155	2UUY_rec	2UUY_lig
lightdock	luciferin_score	-14.05942	2UUY_rec	2UUY_lig
lightdock	luciferin_score	-14.67595	2UUY_rec	2UUY_lig
lightdock	luciferin_score	-16.0148	2UUY_rec	2UUY_lig
lightdock	luciferin_score	-23.46432	2UUY_rec	2UUY_lig
lightdock	luciferin_score	-24.72015	2UUY_rec	2UUY_lig
lightdock	luciferin_score	-31.50809	2UUY_rec	2UUY_lig
lightdock	luciferin_score	-34.50461	2UUY_rec	2UUY_lig
lightdock	luciferin_score	-40.25128	2UUY_rec	2UUY_lig
lightdock	luciferin_score	-43.43251	2UUY_rec	2UUY_lig
lightdock	luciferin_score	-48.21227	2UUY_rec	2UUY_lig
lightdock	luciferin_score	-68.28303	2UUY_rec	2UUY_lig
lightdock	luciferin_score	23.92208	2UUY_rec	2UUY_lig
lightdock	luciferin_score	18.83858	2UUY_rec	2UUY_lig
lightdock	luciferin_score	18.07473	2UUY_rec	2UUY_lig
lightdock	luciferin_score	15.44749	2UUY_rec	2UUY_lig
lightdock	luciferin_score	15.34899	2UUY_rec	2UUY_lig
lightdock	luciferin_score	15.33971	2UUY_rec	2UUY_lig
lightdock	luciferin_score	15.11756	2UUY_rec	2UUY_lig
lightdock	luciferin_score	14.84569	2UUY_rec	2UUY_lig
lightdock	luciferin_score	14.16641	2UUY_rec	2UUY_lig
lightdock	luciferin_score	13.91544	2UUY_rec	2UUY_lig
lightdock	luciferin_score	13.51821	2UUY_rec	2UUY_lig
lightdock	luciferin_score	13.21319	2UUY_rec	2UUY_lig
lightdock	luciferin_score	13.0354	2UUY_rec	2UUY_lig
lightdock	luciferin_score	12.96608	2UUY_rec	2UUY_lig
lightdock	luciferin_score	12.87468	2UUY_rec	2UUY_lig
lightdock	luciferin_score	12.80469	2UUY_rec	2UUY_lig
lightdock	luciferin_score	12.78594	2UUY_rec	2UUY_lig
lightdock	luciferin_score	12.72405	2UUY_rec	2UUY_lig
lightdock	luciferin_score	12.45994	2UUY_rec	2UUY_lig
lightdock	luciferin_score	12.35998	2UUY_rec	2UUY_lig
lightdock	luciferin_score	11.2631	2UUY_rec	2UUY_lig
lightdock	luciferin_score	11.18185	2UUY_rec	2UUY_lig
lightdock	luciferin_score	11.10239	2UUY_rec	2UUY_lig
lightdock	luciferin_score	10.8631	2UUY_rec	2UUY_lig
lightdock	luciferin_score	10.63332	2UUY_rec	2UUY_lig
lightdock	luciferin_score	10.54913	2UUY_rec	2UUY_lig
lightdock	luciferin_score	10.14666	2UUY_rec	2UUY_lig
lightdock	luciferin_score	9.99785	2UUY_rec	2UUY_lig
lightdock	luciferin_score	9.80526	2UUY_rec	2UUY_lig
lightdock	luciferin_score	9.19268	2UUY_rec	2UUY_lig
lightdock	luciferin_score	9.1263	2UUY_rec	2UUY_lig
lightdock	luciferin_score	8.9106	2UUY_rec	2UUY_lig
lightdock	luciferin_score	8.80708	2UUY_rec	2UUY_lig
lightdock	luciferin_score	8.66302	2UUY_rec	2UUY_lig
lightdock	luciferin_score	8.13722	2UUY_rec	2UUY_lig
lightdock	luciferin_score	8.10892	2UUY_rec	2UUY_lig
lightdock	luciferin_score	8.00327	2UUY_rec	2UUY_lig
lightdock	luciferin_score	7.966	2UUY_rec	2UUY_lig
lightdock	luciferin_score	7.71874	2UUY_rec	2UUY_lig
lightdock	luciferin_score	7.58375	2UUY_rec	2UUY_lig
lightdock	luciferin_score	7.10786	2UUY_rec	2UUY_lig
lightdock	luciferin_score	6.7346	2UUY_rec	2UUY_lig
lightdock	luciferin_score	6.67737	2UUY_rec	2UUY_lig
lightdock	luciferin_score	6.0116	2UUY_rec	2UUY_lig
lightdock	luciferin_score	5.73391	2UUY_rec	2UUY_lig
lightdock	luciferin_score	4.95269	2UUY_rec	2UUY_lig
lightdock	luciferin_score	2.77886	2UUY_rec	2UUY_lig
lightdock	luciferin_score	-4.21468	2UUY_rec	2UUY_lig
lightdock	luciferin_score	-4.31863	2UUY_rec	2UUY_lig
lightdock	luciferin_score	-4.3627	2UUY_rec	2UUY_lig
lightdock	luciferin_score	-4.39553	2UUY_rec	2UUY_lig
lightdock	luciferin_score	-7.08284	2UUY_rec	2UUY_lig
lightdock	luciferin_score	-9.85871	2UUY_rec	2UUY_lig
lightdock	luciferin_score	-11.55101	2UUY_rec	2UUY_lig
lightdock	luciferin_score	-14.27464	2UUY_rec	2UUY_lig
lightdock	luciferin_score	-16.49284	2UUY_rec	2UUY_lig
lightdock	luciferin_score	-21.2808	2UUY_rec	2UUY_lig
lightdock	luciferin_score	-24.51563	2UUY_rec	2UUY_lig
lightdock	luciferin_score	-25.34442	2UUY_rec	2UUY_lig
lightdock	luciferin_score	-28.34488	2UUY_rec	2UUY_lig
lightdock	luciferin_score	-29.73125	2UUY_rec	2UUY_lig
lightdock	luciferin_score	-33.10783	2UUY_rec	2UUY_lig
lightdock	luciferin_score	-50.53643	2UUY_rec	2UUY_lig
lightdock	luciferin_score	-59.59009	2UUY_rec	2UUY_lig
lightdock	luciferin_score	-67.19246	2UUY_rec	2UUY_lig
lightdock	luciferin_score	-80.00864	2UUY_rec	2UUY_lig
lightdock	luciferin_score	16.77577	2UUY_rec	2UUY_lig
lightdock	luciferin_score	13.03063	2UUY_rec	2UUY_lig
lightdock	luciferin_score	12.60423	2UUY_rec	2UUY_lig
lightdock	luciferin_score	11.92283	2UUY_rec	2UUY_lig
lightdock	luciferin_score	11.90799	2UUY_rec	2UUY_lig
lightdock	luciferin_score	11.66202	2UUY_rec	2UUY_lig
lightdock	luciferin_score	11.35373	2UUY_rec	2UUY_lig
lightdock	luciferin_score	11.25918	2UUY_rec	2UUY_lig
lightdock	luciferin_score	11.23495	2UUY_rec	2UUY_lig
lightdock	luciferin_score	10.82238	2UUY_rec	2UUY_lig
lightdock	luciferin_score	10.42057	2UUY_rec	2UUY_lig
lightdock	luciferin_score	10.33208	2UUY_rec	2UUY_lig
lightdock	luciferin_score	9.67339	2UUY_rec	2UUY_lig
lightdock	luciferin_score	9.37338	2UUY_rec	2UUY_lig
lightdock	luciferin_score	9.0316	2UUY_rec	2UUY_lig
lightdock	luciferin_score	8.9325	2UUY_rec	2UUY_lig
lightdock	luciferin_score	8.86491	2UUY_rec	2UUY_lig
lightdock	luciferin_score	8.39294	2UUY_rec	2UUY_lig
lightdock	luciferin_score	8.38415	2UUY_rec	2UUY_lig
lightdock	luciferin_score	8.22883	2UUY_rec	2UUY_lig
lightdock	luciferin_score	7.93216	2UUY_rec	2UUY_lig
lightdock	luciferin_score	7.8257	2UUY_rec	2UUY_lig
lightdock	luciferin_score	7.68538	2UUY_rec	2UUY_lig
lightdock	luciferin_score	7.64236	2UUY_rec	2UUY_lig
lightdock	luciferin_score	7.61355	2UUY_rec	2UUY_lig
lightdock	luciferin_score	7.50759	2UUY_rec	2UUY_lig
lightdock	luciferin_score	7.50192	2UUY_rec	2UUY_lig
lightdock	luciferin_score	7.43434	2UUY_rec	2UUY_lig
lightdock	luciferin_score	7.33674	2UUY_rec	2UUY_lig
lightdock	luciferin_score	7.3353	2UUY_rec	2UUY_lig
lightdock	luciferin_score	7.24466	2UUY_rec	2UUY_lig
lightdock	luciferin_score	6.96132	2UUY_rec	2UUY_lig
lightdock	luciferin_score	6.86291	2UUY_rec	2UUY_lig
lightdock	luciferin_score	6.64747	2UUY_rec	2UUY_lig
lightdock	luciferin_score	6.57276	2UUY_rec	2UUY_lig
lightdock	luciferin_score	6.35494	2UUY_rec	2UUY_lig
lightdock	luciferin_score	5.9445	2UUY_rec	2UUY_lig
lightdock	luciferin_score	5.72438	2UUY_rec	2UUY_lig
lightdock	luciferin_score	5.3666	2UUY_rec	2UUY_lig
lightdock	luciferin_score	4.95488	2UUY_rec	2UUY_lig
lightdock	luciferin_score	4.82123	2UUY_rec	2UUY_lig
lightdock	luciferin_score	4.73762	2UUY_rec	2UUY_lig
lightdock	luciferin_score	4.70539	2UUY_rec	2UUY_lig
lightdock	luciferin_score	4.13014	2UUY_rec	2UUY_lig
lightdock	luciferin_score	3.44156	2UUY_rec	2UUY_lig
lightdock	luciferin_score	3.12706	2UUY_rec	2UUY_lig
lightdock	luciferin_score	2.61097	2UUY_rec	2UUY_lig
lightdock	luciferin_score	2.5408	2UUY_rec	2UUY_lig
lightdock	luciferin_score	1.15701	2UUY_rec	2UUY_lig
lightdock	luciferin_score	0.82247	2UUY_rec	2UUY_lig
lightdock	luciferin_score	-0.19513	2UUY_rec	2UUY_lig
lightdock	luciferin_score	-0.2495	2UUY_rec	2UUY_lig
lightdock	luciferin_score	-0.85272	2UUY_rec	2UUY_lig
lightdock	luciferin_score	-1.795	2UUY_rec	2UUY_lig
lightdock	luciferin_score	-11.94762	2UUY_rec	2UUY_lig
lightdock	luciferin_score	-17.21462	2UUY_rec	2UUY_lig
lightdock	luciferin_score	-22.65403	2UUY_rec	2UUY_lig
lightdock	luciferin_score	-27.79144	2UUY_rec	2UUY_lig
lightdock	luciferin_score	-30.99124	2UUY_rec	2UUY_lig
lightdock	luciferin_score	-32.65415	2UUY_rec	2UUY_lig
lightdock	luciferin_score	-44.9844	2UUY_rec	2UUY_lig
lightdock	luciferin_score	-45.52499	2UUY_rec	2UUY_lig
lightdock	luciferin_score	-48.48178	2UUY_rec	2UUY_lig
lightdock	luciferin_score	-57.90944	2UUY_rec	2UUY_lig
lightdock	luciferin_score	16.58415	2UUY_rec	2UUY_lig
lightdock	luciferin_score	15.27558	2UUY_rec	2UUY_lig
lightdock	luciferin_score	14.3828	2UUY_rec	2UUY_lig
lightdock	luciferin_score	14.02098	2UUY_rec	2UUY_lig
lightdock	luciferin_score	12.55243	2UUY_rec	2UUY_lig
lightdock	luciferin_score	11.8891	2UUY_rec	2UUY_lig
lightdock	luciferin_score	11.86485	2UUY_rec	2UUY_lig
lightdock	luciferin_score	11.70691	2UUY_rec	2UUY_lig
lightdock	luciferin_score	11.55884	2UUY_rec	2UUY_lig
lightdock	luciferin_score	11.5371	2UUY_rec	2UUY_lig
lightdock	luciferin_score	11.4601	2UUY_rec	2UUY_lig
lightdock	luciferin_score	11.4444	2UUY_rec	2UUY_lig
lightdock	luciferin_score	11.34583	2UUY_rec	2UUY_lig
lightdock	luciferin_score	11.33119	2UUY_rec	2UUY_lig
lightdock	luciferin_score	11.12077	2UUY_rec	2UUY_lig
lightdock	luciferin_score	10.41151	2UUY_rec	2UUY_lig
lightdock	luciferin_score	10.16642	2UUY_rec	2UUY_lig
lightdock	luciferin_score	9.85007	2UUY_rec	2UUY_lig
lightdock	luciferin_score	9.70381	2UUY_rec	2UUY_lig
lightdock	luciferin_score	9.54428	2UUY_rec	2UUY_lig
lightdock	luciferin_score	9.35641	2UUY_rec	2UUY_lig
lightdock	luciferin_score	8.9844	2UUY_rec	2UUY_lig
lightdock	luciferin_score	8.87429	2UUY_rec	2UUY_lig
lightdock	luciferin_score	8.8177	2UUY_rec	2UUY_lig
lightdock	luciferin_score	8.6343	2UUY_rec	2UUY_lig
lightdock	luciferin_score	8.50768	2UUY_rec	2UUY_lig
lightdock	luciferin_score	8.02173	2UUY_rec	2UUY_lig
lightdock	luciferin_score	7.9487	2UUY_rec	2UUY_lig
lightdock	luciferin_score	7.61261	2UUY_rec	2UUY_lig
lightdock	luciferin_score	7.60998	2UUY_rec	2UUY_lig
lightdock	luciferin_score	7.40714	2UUY_rec	2UUY_lig
lightdock	luciferin_score	7.38041	2UUY_rec	2UUY_lig
lightdock	luciferin_score	7.25903	2UUY_rec	2UUY_lig
lightdock	luciferin_score	7.1829	2UUY_rec	2UUY_lig
lightdock	luciferin_score	7.1008	2UUY_rec	2UUY_lig
lightdock	luciferin_score	6.85847	2UUY_rec	2UUY_lig
lightdock	luciferin_score	6.5862	2UUY_rec	2UUY_lig
lightdock	luciferin_score	6.51602	2UUY_rec	2UUY_lig
lightdock	luciferin_score	6.47739	2UUY_rec	2UUY_lig
lightdock	luciferin_score	6.31841	2UUY_rec	2UUY_lig
lightdock	luciferin_score	5.57175	2UUY_rec	2UUY_lig
lightdock	luciferin_score	5.33797	2UUY_rec	2UUY_lig
lightdock	luciferin_score	4.38582	2UUY_rec	2UUY_lig
lightdock	luciferin_score	3.74612	2UUY_rec	2UUY_lig
lightdock	luciferin_score	-2.28985	2UUY_rec	2UUY_lig
lightdock	luciferin_score	-2.64728	2UUY_rec	2UUY_lig
lightdock	luciferin_score	-5.83383	2UUY_rec	2UUY_lig
lightdock	luciferin_score	-7.44613	2UUY_rec	2UUY_lig
lightdock	luciferin_score	-7.45021	2UUY_rec	2UUY_lig
lightdock	luciferin_score	-11.28251	2UUY_rec	2UUY_lig
lightdock	luciferin_score	-14.2178	2UUY_rec	2UUY_lig
lightdock	luciferin_score	-14.29526	2UUY_rec	2UUY_lig
lightdock	luciferin_score	-15.54794	2UUY_rec	2UUY_lig
lightdock	luciferin_score	-16.58425	2UUY_rec	2UUY_lig
lightdock	luciferin_score	-17.65833	2UUY_rec	2UUY_lig
lightdock	luciferin_score	-26.15621	2UUY_rec	2UUY_lig
lightdock	luciferin_score	-26.7997	2UUY_rec	2UUY_lig
lightdock	luciferin_score	-51.82815	2UUY_rec	2UUY_lig
lightdock	luciferin_score	-58.53906	2UUY_rec	2UUY_lig
lightdock	luciferin_score	-59.87184	2UUY_rec	2UUY_lig
lightdock	luciferin_score	-62.90804	2UUY_rec	2UUY_lig
lightdock	luciferin_score	18.06254	2UUY_rec	2UUY_lig
lightdock	luciferin_score	13.80037	2UUY_rec	2UUY_lig
lightdock	luciferin_score	13.37676	2UUY_rec	2UUY_lig
lightdock	luciferin_score	13.20962	2UUY_rec	2UUY_lig
lightdock	luciferin_score	13.16738	2UUY_rec	2UUY_lig
lightdock	luciferin_score	12.99799	2UUY_rec	2UUY_lig
lightdock	luciferin_score	12.42665	2UUY_rec	2UUY_lig
lightdock	luciferin_score	12.30552	2UUY_rec	2UUY_lig
lightdock	luciferin_score	12.2559	2UUY_rec	2UUY_lig
lightdock	luciferin_score	12.18706	2UUY_rec	2UUY_lig
lightdock	luciferin_score	11.51469	2UUY_rec	2UUY_lig
lightdock	luciferin_score	11.03275	2UUY_rec	2UUY_lig
lightdock	luciferin_score	10.89768	2UUY_rec	2UUY_lig
lightdock	luciferin_score	10.87379	2UUY_rec	2UUY_lig
lightdock	luciferin_score	10.78439	2UUY_rec	2UUY_lig
lightdock	luciferin_score	10.69146	2UUY_rec	2UUY_lig
lightdock	luciferin_score	10.60864	2UUY_rec	2UUY_lig
lightdock	luciferin_score	10.48391	2UUY_rec	2UUY_lig
lightdock	luciferin_score	10.29625	2UUY_rec	2UUY_lig
lightdock	luciferin_score	10.28826	2UUY_rec	2UUY_lig
lightdock	luciferin_score	10.22276	2UUY_rec	2UUY_lig
lightdock	luciferin_score	9.51681	2UUY_rec	2UUY_lig
lightdock	luciferin_score	9.45552	2UUY_rec	2UUY_lig
lightdock	luciferin_score	9.27659	2UUY_rec	2UUY_lig
lightdock	luciferin_score	9.25546	2UUY_rec	2UUY_lig
lightdock	luciferin_score	9.05299	2UUY_rec	2UUY_lig
lightdock	luciferin_score	8.56348	2UUY_rec	2UUY_lig
lightdock	luciferin_score	8.09976	2UUY_rec	2UUY_lig
lightdock	luciferin_score	7.8638	2UUY_rec	2UUY_lig
lightdock	luciferin_score	7.74805	2UUY_rec	2UUY_lig
lightdock	luciferin_score	7.24616	2UUY_rec	2UUY_lig
lightdock	luciferin_score	6.94372	2UUY_rec	2UUY_lig
lightdock	luciferin_score	6.74569	2UUY_rec	2UUY_lig
lightdock	luciferin_score	6.72458	2UUY_rec	2UUY_lig
lightdock	luciferin_score	6.40751	2UUY_rec	2UUY_lig
lightdock	luciferin_score	6.38532	2UUY_rec	2UUY_lig
lightdock	luciferin_score	6.3586	2UUY_rec	2UUY_lig
lightdock	luciferin_score	6.11807	2UUY_rec	2UUY_lig
lightdock	luciferin_score	6.07657	2UUY_rec	2UUY_lig
lightdock	luciferin_score	6.07488	2UUY_rec	2UUY_lig
lightdock	luciferin_score	5.01307	2UUY_rec	2UUY_lig
lightdock	luciferin_score	2.54995	2UUY_rec	2UUY_lig
lightdock	luciferin_score	-0.03789	2UUY_rec	2UUY_lig
lightdock	luciferin_score	-0.38185	2UUY_rec	2UUY_lig
lightdock	luciferin_score	-0.89663	2UUY_rec	2UUY_lig
lightdock	luciferin_score	-2.64573	2UUY_rec	2UUY_lig
lightdock	luciferin_score	-2.97249	2UUY_rec	2UUY_lig
lightdock	luciferin_score	-2.97329	2UUY_rec	2UUY_lig
lightdock	luciferin_score	-3.33409	2UUY_rec	2UUY_lig
lightdock	luciferin_score	-5.73938	2UUY_rec	2UUY_lig
lightdock	luciferin_score	-6.73276	2UUY_rec	2UUY_lig
lightdock	luciferin_score	-7.8821	2UUY_rec	2UUY_lig
lightdock	luciferin_score	-9.64892	2UUY_rec	2UUY_lig
lightdock	luciferin_score	-12.04408	2UUY_rec	2UUY_lig
lightdock	luciferin_score	-13.6844	2UUY_rec	2UUY_lig
lightdock	luciferin_score	-15.30516	2UUY_rec	2UUY_lig
lightdock	luciferin_score	-15.56193	2UUY_rec	2UUY_lig
lightdock	luciferin_score	-16.40018	2UUY_rec	2UUY_lig
lightdock	luciferin_score	-16.50001	2UUY_rec	2UUY_lig
lightdock	luciferin_score	-20.5459	2UUY_rec	2UUY_lig
lightdock	luciferin_score	-21.35483	2UUY_rec	2UUY_lig
lightdock	luciferin_score	-23.04697	2UUY_rec	2UUY_lig
lightdock	luciferin_score	-25.56092	2UUY_rec	2UUY_lig
lightdock	luciferin_score	-33.72985	2UUY_rec	2UUY_lig
lightdock	luciferin_score	-35.16242	2UUY_rec	2UUY_lig
lightdock	luciferin_score	-35.44375	2UUY_rec	2UUY_lig
lightdock	luciferin_score	-36.0701	2UUY_rec	2UUY_lig
lightdock	luciferin_score	-39.10349	2UUY_rec	2UUY_lig
lightdock	luciferin_score	-50.53948	2UUY_rec	2UUY_lig
lightdock	luciferin_score	-51.75678	2UUY_rec	2UUY_lig
lightdock	luciferin_score	12.88682	2UUY_rec	2UUY_lig
lightdock	luciferin_score	12.61925	2UUY_rec	2UUY_lig
lightdock	luciferin_score	12.49865	2UUY_rec	2UUY_lig
lightdock	luciferin_score	11.51536	2UUY_rec	2UUY_lig
lightdock	luciferin_score	10.44271	2UUY_rec	2UUY_lig
lightdock	luciferin_score	10.38521	2UUY_rec	2UUY_lig
lightdock	luciferin_score	9.7485	2UUY_rec	2UUY_lig
lightdock	luciferin_score	9.66387	2UUY_rec	2UUY_lig
lightdock	luciferin_score	9.32121	2UUY_rec	2UUY_lig
lightdock	luciferin_score	9.031	2UUY_rec	2UUY_lig
lightdock	luciferin_score	8.91172	2UUY_rec	2UUY_lig
lightdock	luciferin_score	8.90092	2UUY_rec	2UUY_lig
lightdock	luciferin_score	8.78406	2UUY_rec	2UUY_lig
lightdock	luciferin_score	8.54481	2UUY_rec	2UUY_lig
lightdock	luciferin_score	8.53893	2UUY_rec	2UUY_lig
lightdock	luciferin_score	8.52155	2UUY_rec	2UUY_lig
lightdock	luciferin_score	8.48207	2UUY_rec	2UUY_lig
lightdock	luciferin_score	8.42768	2UUY_rec	2UUY_lig
lightdock	luciferin_score	8.34721	2UUY_rec	2UUY_lig
lightdock	luciferin_score	8.20531	2UUY_rec	2UUY_lig
lightdock	luciferin_score	8.06343	2UUY_rec	2UUY_lig
lightdock	luciferin_score	8.05256	2UUY_rec	2UUY_lig
lightdock	luciferin_score	7.74758	2UUY_rec	2UUY_lig
lightdock	luciferin_score	7.72042	2UUY_rec	2UUY_lig
lightdock	luciferin_score	7.61248	2UUY_rec	2UUY_lig
lightdock	luciferin_score	7.43134	2UUY_rec	2UUY_lig
lightdock	luciferin_score	7.42119	2UUY_rec	2UUY_lig
lightdock	luciferin_score	7.37769	2UUY_rec	2UUY_lig
lightdock	luciferin_score	7.33047	2UUY_rec	2UUY_lig
lightdock	luciferin_score	7.31341	2UUY_rec	2UUY_lig
lightdock	luciferin_score	7.22603	2UUY_rec	2UUY_lig
lightdock	luciferin_score	7.01195	2UUY_rec	2UUY_lig
lightdock	luciferin_score	6.99239	2UUY_rec	2UUY_lig
lightdock	luciferin_score	6.91602	2UUY_rec	2UUY_lig
lightdock	luciferin_score	6.82445	2UUY_rec	2UUY_lig
lightdock	luciferin_score	6.80087	2UUY_rec	2UUY_lig
lightdock	luciferin_score	6.79898	2UUY_rec	2UUY_lig
lightdock	luciferin_score	6.56342	2UUY_rec	2UUY_lig
lightdock	luciferin_score	6.43244	2UUY_rec	2UUY_lig
lightdock	luciferin_score	6.37913	2UUY_rec	2UUY_lig
lightdock	luciferin_score	6.16535	2UUY_rec	2UUY_lig
lightdock	luciferin_score	6.10863	2UUY_rec	2UUY_lig
lightdock	luciferin_score	5.985	2UUY_rec	2UUY_lig
lightdock	luciferin_score	5.90052	2UUY_rec	2UUY_lig
lightdock	luciferin_score	5.83317	2UUY_rec	2UUY_lig
lightdock	luciferin_score	5.64143	2UUY_rec	2UUY_lig
lightdock	luciferin_score	5.26047	2UUY_rec	2UUY_lig
lightdock	luciferin_score	5.17828	2UUY_rec	2UUY_lig
lightdock	luciferin_score	4.86716	2UUY_rec	2UUY_lig
lightdock	luciferin_score	4.80252	2UUY_rec	2UUY_lig
lightdock	luciferin_score	3.35847	2UUY_rec	2UUY_lig
lightdock	luciferin_score	2.86259	2UUY_rec	2UUY_lig
lightdock	luciferin_score	2.81171	2UUY_rec	2UUY_lig
lightdock	luciferin_score	-0.77606	2UUY_rec	2UUY_lig
lightdock	luciferin_score	-0.77974	2UUY_rec	2UUY_lig
lightdock	luciferin_score	-0.81291	2UUY_rec	2UUY_lig
lightdock	luciferin_score	-1.39594	2UUY_rec	2UUY_lig
lightdock	luciferin_score	-2.95721	2UUY_rec	2UUY_lig
lightdock	luciferin_score	-3.79799	2UUY_rec	2UUY_lig
lightdock	luciferin_score	-5.19642	2UUY_rec	2UUY_lig
lightdock	luciferin_score	-8.26216	2UUY_rec	2UUY_lig
lightdock	luciferin_score	-9.4071	2UUY_rec	2UUY_lig
lightdock	luciferin_score	-9.96031	2UUY_rec	2UUY_lig
lightdock	luciferin_score	-10.93665	2UUY_rec	2UUY_lig
lightdock	luciferin_score	-16.75037	2UUY_rec	2UUY_lig
lightdock	luciferin_score	-38.49737	2UUY_rec	2UUY_lig
lightdock	luciferin_score	-47.73498	2UUY_rec	2UUY_lig
lightdock	luciferin_score	-62.75055	2UUY_rec	2UUY_lig
lightdock	luciferin_score	15.57835	2UUY_rec	2UUY_lig
lightdock	luciferin_score	14.5937	2UUY_rec	2UUY_lig
lightdock	luciferin_score	14.42341	2UUY_rec	2UUY_lig
lightdock	luciferin_score	13.80644	2UUY_rec	2UUY_lig
lightdock	luciferin_score	13.71056	2UUY_rec	2UUY_lig
lightdock	luciferin_score	13.4077	2UUY_rec	2UUY_lig
lightdock	luciferin_score	13.1661	2UUY_rec	2UUY_lig
lightdock	luciferin_score	12.81919	2UUY_rec	2UUY_lig
lightdock	luciferin_score	12.81852	2UUY_rec	2UUY_lig
lightdock	luciferin_score	12.80138	2UUY_rec	2UUY_lig
lightdock	luciferin_score	12.7561	2UUY_rec	2UUY_lig
lightdock	luciferin_score	12.59295	2UUY_rec	2UUY_lig
lightdock	luciferin_score	12.4643	2UUY_rec	2UUY_lig
lightdock	luciferin_score	12.0879	2UUY_rec	2UUY_lig
lightdock	luciferin_score	12.05359	2UUY_rec	2UUY_lig
lightdock	luciferin_score	11.64552	2UUY_rec	2UUY_lig
lightdock	luciferin_score	11.58043	2UUY_rec	2UUY_lig
lightdock	luciferin_score	11.47802	2UUY_rec	2UUY_lig
lightdock	luciferin_score	10.7659	2UUY_rec	2UUY_lig
lightdock	luciferin_score	10.50761	2UUY_rec	2UUY_lig
lightdock	luciferin_score	10.32798	2UUY_rec	2UUY_lig
lightdock	luciferin_score	10.2231	2UUY_rec	2UUY_lig
lightdock	luciferin_score	10.07677	2UUY_rec	2UUY_lig
lightdock	luciferin_score	10.04126	2UUY_rec	2UUY_lig
lightdock	luciferin_score	9.97622	2UUY_rec	2UUY_lig
lightdock	luciferin_score	9.85211	2UUY_rec	2UUY_lig
lightdock	luciferin_score	9.75161	2UUY_rec	2UUY_lig
lightdock	luciferin_score	9.62584	2UUY_rec	2UUY_lig
lightdock	luciferin_score	9.17736	2UUY_rec	2UUY_lig
lightdock	luciferin_score	8.77945	2UUY_rec	2UUY_lig
lightdock	luciferin_score	8.56934	2UUY_rec	2UUY_lig
lightdock	luciferin_score	8.30725	2UUY_rec	2UUY_lig
lightdock	luciferin_score	8.14409	2UUY_rec	2UUY_lig
lightdock	luciferin_score	7.99554	2UUY_rec	2UUY_lig
lightdock	luciferin_score	7.89184	2UUY_rec	2UUY_lig
lightdock	luciferin_score	7.87678	2UUY_rec	2UUY_lig
lightdock	luciferin_score	7.32998	2UUY_rec	2UUY_lig
lightdock	luciferin_score	6.92163	2UUY_rec	2UUY_lig
lightdock	luciferin_score	6.79789	2UUY_rec	2UUY_lig
lightdock	luciferin_score	6.72856	2UUY_rec	2UUY_lig
lightdock	luciferin_score	6.48033	2UUY_rec	2UUY_lig
lightdock	luciferin_score	6.34755	2UUY_rec	2UUY_lig
lightdock	luciferin_score	6.1896	2UUY_rec	2UUY_lig
lightdock	luciferin_score	4.70894	2UUY_rec	2UUY_lig
lightdock	luciferin_score	4.10728	2UUY_rec	2UUY_lig
lightdock	luciferin_score	3.72135	2UUY_rec	2UUY_lig
lightdock	luciferin_score	2.0265	2UUY_rec	2UUY_lig
lightdock	luciferin_score	0.66085	2UUY_rec	2UUY_lig
lightdock	luciferin_score	0.32743	2UUY_rec	2UUY_lig
lightdock	luciferin_score	-0.22444	2UUY_rec	2UUY_lig
lightdock	luciferin_score	-3.26691	2UUY_rec	2UUY_lig
lightdock	luciferin_score	-4.64671	2UUY_rec	2UUY_lig
lightdock	luciferin_score	-7.62314	2UUY_rec	2UUY_lig
lightdock	luciferin_score	-15.99167	2UUY_rec	2UUY_lig
lightdock	luciferin_score	-16.05869	2UUY_rec	2UUY_lig
lightdock	luciferin_score	-16.56181	2UUY_rec	2UUY_lig
lightdock	luciferin_score	-21.05226	2UUY_rec	2UUY_lig
lightdock	luciferin_score	-25.67787	2UUY_rec	2UUY_lig
lightdock	luciferin_score	-26.11325	2UUY_rec	2UUY_lig
lightdock	luciferin_score	-27.386	2UUY_rec	2UUY_lig
lightdock	luciferin_score	-30.41695	2UUY_rec	2UUY_lig
lightdock	luciferin_score	-33.56855	2UUY_rec	2UUY_lig
lightdock	luciferin_score	-35.66765	2UUY_rec	2UUY_lig
lightdock	luciferin_score	-39.05027	2UUY_rec	2UUY_lig
lightdock	luciferin_score	-44.50887	2UUY_rec	2UUY_lig
lightdock	luciferin_score	-44.75223	2UUY_rec	2UUY_lig
lightdock	luciferin_score	-48.92346	2UUY_rec	2UUY_lig
lightdock	luciferin_score	-50.92074	2UUY_rec	2UUY_lig
lightdock	luciferin_score	-52.48768	2UUY_rec	2UUY_lig
lightdock	luciferin_score	19.09091	2UUY_rec	2UUY_lig
lightdock	luciferin_score	14.9149	2UUY_rec	2UUY_lig
lightdock	luciferin_score	13.8296	2UUY_rec	2UUY_lig
lightdock	luciferin_score	13.48513	2UUY_rec	2UUY_lig
lightdock	luciferin_score	13.12823	2UUY_rec	2UUY_lig
lightdock	luciferin_score	13.08523	2UUY_rec	2UUY_lig
lightdock	luciferin_score	12.44851	2UUY_rec	2UUY_lig
lightdock	luciferin_score	12.39803	2UUY_rec	2UUY_lig
lightdock	luciferin_score	12.13894	2UUY_rec	2UUY_lig
lightdock	luciferin_score	12.07426	2UUY_rec	2UUY_lig
lightdock	luciferin_score	11.95378	2UUY_rec	2UUY_lig
lightdock	luciferin_score	11.70248	2UUY_rec	2UUY_lig
lightdock	luciferin_score	11.55881	2UUY_rec	2UUY_lig
lightdock	luciferin_score	11.03384	2UUY_rec	2UUY_lig
lightdock	luciferin_score	10.90388	2UUY_rec	2UUY_lig
lightdock	luciferin_score	10.85476	2UUY_rec	2UUY_lig
lightdock	luciferin_score	10.63669	2UUY_rec	2UUY_lig
lightdock	luciferin_score	10.54459	2UUY_rec	2UUY_lig
lightdock	luciferin_score	10.49243	2UUY_rec	2UUY_lig
lightdock	luciferin_score	10.40692	2UUY_rec	2UUY_lig
lightdock	luciferin_score	10.23752	2UUY_rec	2UUY_lig
lightdock	luciferin_score	10.23188	2UUY_rec	2UUY_lig
lightdock	luciferin_score	10.20667	2UUY_rec	2UUY_lig
lightdock	luciferin_score	10.03489	2UUY_rec	2UUY_lig
lightdock	luciferin_score	9.9609	2UUY_rec	2UUY_lig
lightdock	luciferin_score	9.26245	2UUY_rec	2UUY_lig
lightdock	luciferin_score	9.23976	2UUY_rec	2UUY_lig
lightdock	luciferin_score	8.61543	2UUY_rec	2UUY_lig
lightdock	luciferin_score	8.28367	2UUY_rec	2UUY_lig
lightdock	luciferin_score	8.14937	2UUY_rec	2UUY_lig
lightdock	luciferin_score	8.13809	2UUY_rec	2UUY_lig
lightdock	luciferin_score	7.87299	2UUY_rec	2UUY_lig
lightdock	luciferin_score	7.71802	2UUY_rec	2UUY_lig
lightdock	luciferin_score	7.61611	2UUY_rec	2UUY_lig
lightdock	luciferin_score	7.51238	2UUY_rec	2UUY_lig
lightdock	luciferin_score	7.45463	2UUY_rec	2UUY_lig
lightdock	luciferin_score	7.28906	2UUY_rec	2UUY_lig
lightdock	luciferin_score	6.96261	2UUY_rec	2UUY_lig
lightdock	luciferin_score	6.93156	2UUY_rec	2UUY_lig
lightdock	luciferin_score	6.91307	2UUY_rec	2UUY_lig
lightdock	luciferin_score	6.71085	2UUY_rec	2UUY_lig
lightdock	luciferin_score	6.69951	2UUY_rec	2UUY_lig
lightdock	luciferin_score	6.55097	2UUY_rec	2UUY_lig
lightdock	luciferin_score	6.48889	2UUY_rec	2UUY_lig
lightdock	luciferin_score	6.40492	2UUY_rec	2UUY_lig
lightdock	luciferin_score	6.30528	2UUY_rec	2UUY_lig
lightdock	luciferin_score	6.19992	2UUY_rec	2UUY_lig
lightdock	luciferin_score	5.90818	2UUY_rec	2UUY_lig
lightdock	luciferin_score	5.6	2UUY_rec	2UUY_lig
lightdock	luciferin_score	5.23728	2UUY_rec	2UUY_lig
lightdock	luciferin_score	5.07523	2UUY_rec	2UUY_lig
lightdock	luciferin_score	3.45695	2UUY_rec	2UUY_lig
lightdock	luciferin_score	2.74732	2UUY_rec	2UUY_lig
lightdock	luciferin_score	2.43987	2UUY_rec	2UUY_lig
lightdock	luciferin_score	2.41523	2UUY_rec	2UUY_lig
lightdock	luciferin_score	0.71158	2UUY_rec	2UUY_lig
lightdock	luciferin_score	0.50798	2UUY_rec	2UUY_lig
lightdock	luciferin_score	-0.17644	2UUY_rec	2UUY_lig
lightdock	luciferin_score	-0.68859	2UUY_rec	2UUY_lig
lightdock	luciferin_score	-4.51836	2UUY_rec	2UUY_lig
lightdock	luciferin_score	-6.3796	2UUY_rec	2UUY_lig
lightdock	luciferin_score	-9.68569	2UUY_rec	2UUY_lig
lightdock	luciferin_score	-9.98746	2UUY_rec	2UUY_lig
lightdock	luciferin_score	-10.45654	2UUY_rec	2UUY_lig
lightdock	luciferin_score	-10.56826	2UUY_rec	2UUY_lig
lightdock	luciferin_score	-15.06877	2UUY_rec	2UUY_lig
lightdock	luciferin_score	-16.41298	2UUY_rec	2UUY_lig
lightdock	luciferin_score	-29.26478	2UUY_rec	2UUY_lig
lightdock	luciferin_score	-33.40271	2UUY_rec	2UUY_lig
lightdock	luciferin_score	-38.91847	2UUY_rec	2UUY_lig
lightdock	luciferin_score	16.91154	2UUY_rec	2UUY_lig
lightdock	luciferin_score	14.31009	2UUY_rec	2UUY_lig
lightdock	luciferin_score	12.99053	2UUY_rec	2UUY_lig
lightdock	luciferin_score	12.8909	2UUY_rec	2UUY_lig
lightdock	luciferin_score	12.28215	2UUY_rec	2UUY_lig
lightdock	luciferin_score	11.98673	2UUY_rec	2UUY_lig
lightdock	luciferin_score	11.86262	2UUY_rec	2UUY_lig
lightdock	luciferin_score	11.44682	2UUY_rec	2UUY_lig
lightdock	luciferin_score	10.53293	2UUY_rec	2UUY_lig
lightdock	luciferin_score	10.48956	2UUY_rec	2UUY_lig
lightdock	luciferin_score	10.45171	2UUY_rec	2UUY_lig
lightdock	luciferin_score	10.38112	2UUY_rec	2UUY_lig
lightdock	luciferin_score	10.33411	2UUY_rec	2UUY_lig
lightdock	luciferin_score	10.27334	2UUY_rec	2UUY_lig
lightdock	luciferin_score	10.2209	2UUY_rec	2UUY_lig
lightdock	luciferin_score	10.1941	2UUY_rec	2UUY_lig
lightdock	luciferin_score	9.86232	2UUY_rec	2UUY_lig
lightdock	luciferin_score	9.81409	2UUY_rec	2UUY_lig
lightdock	luciferin_score	9.7269	2UUY_rec	2UUY_lig
lightdock	luciferin_score	8.87477	2UUY_rec	2UUY_lig
lightdock	luciferin_score	8.64869	2UUY_rec	2UUY_lig
lightdock	luciferin_score	8.63925	2UUY_rec	2UUY_lig
lightdock	luciferin_score	8.53359	2UUY_rec	2UUY_lig
lightdock	luciferin_score	8.45934	2UUY_rec	2UUY_lig
lightdock	luciferin_score	8.23067	2UUY_rec	2UUY_lig
lightdock	luciferin_score	7.99007	2UUY_rec	2UUY_lig
lightdock	luciferin_score	7.82797	2UUY_rec	2UUY_lig
lightdock	luciferin_score	7.64671	2UUY_rec	2UUY_lig
lightdock	luciferin_score	7.60724	2UUY_rec	2UUY_lig
lightdock	luciferin_score	7.52789	2UUY_rec	2UUY_lig
lightdock	luciferin_score	7.45891	2UUY_rec	2UUY_lig
lightdock	luciferin_score	7.15168	2UUY_rec	2UUY_lig
lightdock	luciferin_score	7.11097	2UUY_rec	2UUY_lig
lightdock	luciferin_score	7.01025	2UUY_rec	2UUY_lig
lightdock	luciferin_score	6.91663	2UUY_rec	2UUY_lig
lightdock	luciferin_score	6.87272	2UUY_rec	2UUY_lig
lightdock	luciferin_score	5.51452	2UUY_rec	2UUY_lig
lightdock	luciferin_score	4.50318	2UUY_rec	2UUY_lig
lightdock	luciferin_score	4.24657	2UUY_rec	2UUY_lig
lightdock	luciferin_score	3.422	2UUY_rec	2UUY_lig
lightdock	luciferin_score	-0.12408	2UUY_rec	2UUY_lig
lightdock	luciferin_score	-1.31529	2UUY_rec	2UUY_lig
lightdock	luciferin_score	-1.76108	2UUY_rec	2UUY_lig
lightdock	luciferin_score	-3.10639	2UUY_rec	2UUY_lig
lightdock	luciferin_score	-8.99881	2UUY_rec	2UUY_lig
lightdock	luciferin_score	-11.34032	2UUY_rec	2UUY_lig
lightdock	luciferin_score	-11.90418	2UUY_rec	2UUY_lig
lightdock	luciferin_score	-14.16261	2UUY_rec	2UUY_lig
lightdock	luciferin_score	-18.20717	2UUY_rec	2UUY_lig
lightdock	luciferin_score	-18.59302	2UUY_rec	2UUY_lig
lightdock	luciferin_score	-23.37607	2UUY_rec	2UUY_lig
lightdock	luciferin_score	-24.43604	2UUY_rec	2UUY_lig
lightdock	luciferin_score	-24.54536	2UUY_rec	2UUY_lig
lightdock	luciferin_score	-31.13152	2UUY_rec	2UUY_lig
lightdock	luciferin_score	-40.15956	2UUY_rec	2UUY_lig
lightdock	luciferin_score	-45.0151	2UUY_rec	2UUY_lig
lightdock	luciferin_score	-49.77465	2UUY_rec	2UUY_lig
lightdock	luciferin_score	-57.05271	2UUY_rec	2UUY_lig
lightdock	luciferin_score	-62.23339	2UUY_rec	2UUY_lig
lightdock	luciferin_score	-64.21654	2UUY_rec	2UUY_lig
lightdock	luciferin_score	-71.41603	2UUY_rec	2UUY_lig
lightdock	luciferin_score	24.01136	2UUY_rec	2UUY_lig
lightdock	luciferin_score	22.29288	2UUY_rec	2UUY_lig
lightdock	luciferin_score	16.45002	2UUY_rec	2UUY_lig
lightdock	luciferin_score	16.35739	2UUY_rec	2UUY_lig
lightdock	luciferin_score	15.82202	2UUY_rec	2UUY_lig
lightdock	luciferin_score	14.90579	2UUY_rec	2UUY_lig
lightdock	luciferin_score	14.67319	2UUY_rec	2UUY_lig
lightdock	luciferin_score	14.58385	2UUY_rec	2UUY_lig
lightdock	luciferin_score	14.57199	2UUY_rec	2UUY_lig
lightdock	luciferin_score	14.12811	2UUY_rec	2UUY_lig
lightdock	luciferin_score	13.54264	2UUY_rec	2UUY_lig
lightdock	luciferin_score	13.22052	2UUY_rec	2UUY_lig
lightdock	luciferin_score	13.19138	2UUY_rec	2UUY_lig
lightdock	luciferin_score	13.15296	2UUY_rec	2UUY_lig
lightdock	luciferin_score	12.92494	2UUY_rec	2UUY_lig
lightdock	luciferin_score	12.62407	2UUY_rec	2UUY_lig
lightdock	luciferin_score	12.60674	2UUY_rec	2UUY_lig
lightdock	luciferin_score	12.57463	2UUY_rec	2UUY_lig
lightdock	luciferin_score	12.57244	2UUY_rec	2UUY_lig
lightdock	luciferin_score	12.29291	2UUY_rec	2UUY_lig
lightdock	luciferin_score	12.06723	2UUY_rec	2UUY_lig
lightdock	luciferin_score	12.01021	2UUY_rec	2UUY_lig
lightdock	luciferin_score	11.56846	2UUY_rec	2UUY_lig
lightdock	luciferin_score	11.2336	2UUY_rec	2UUY_lig
lightdock	luciferin_score	10.59608	2UUY_rec	2UUY_lig
lightdock	luciferin_score	10.39284	2UUY_rec	2UUY_lig
lightdock	luciferin_score	10.15069	2UUY_rec	2UUY_lig
lightdock	luciferin_score	10.12216	2UUY_rec	2UUY_lig
lightdock	luciferin_score	9.88678	2UUY_rec	2UUY_lig
lightdock	luciferin_score	9.71034	2UUY_rec	2UUY_lig
lightdock	luciferin_score	9.58451	2UUY_rec	2UUY_lig
lightdock	luciferin_score	9.27698	2UUY_rec	2UUY_lig
lightdock	luciferin_score	8.85522	2UUY_rec	2UUY_lig
lightdock	luciferin_score	8.82654	2UUY_rec	2UUY_lig
lightdock	luciferin_score	8.52481	2UUY_rec	2UUY_lig
lightdock	luciferin_score	7.74092	2UUY_rec	2UUY_lig
lightdock	luciferin_score	7.50459	2UUY_rec	2UUY_lig
lightdock	luciferin_score	6.98154	2UUY_rec	2UUY_lig
lightdock	luciferin_score	6.32417	2UUY_rec	2UUY_lig
lightdock	luciferin_score	6.05682	2UUY_rec	2UUY_lig
lightdock	luciferin_score	5.86417	2UUY_rec	2UUY_lig
lightdock	luciferin_score	5.82041	2UUY_rec	2UUY_lig
lightdock	luciferin_score	5.45244	2UUY_rec	2UUY_lig
lightdock	luciferin_score	5.42031	2UUY_rec	2UUY_lig
lightdock	luciferin_score	4.93218	2UUY_rec	2UUY_lig
lightdock	luciferin_score	4.16227	2UUY_rec	2UUY_lig
lightdock	luciferin_score	3.83247	2UUY_rec	2UUY_lig
lightdock	luciferin_score	2.80293	2UUY_rec	2UUY_lig
lightdock	luciferin_score	1.68643	2UUY_rec	2UUY_lig
lightdock	luciferin_score	0.12904	2UUY_rec	2UUY_lig
lightdock	luciferin_score	-1.286	2UUY_rec	2UUY_lig
lightdock	luciferin_score	-2.65925	2UUY_rec	2UUY_lig
lightdock	luciferin_score	-5.87739	2UUY_rec	2UUY_lig
lightdock	luciferin_score	-6.14448	2UUY_rec	2UUY_lig
lightdock	luciferin_score	-6.62068	2UUY_rec	2UUY_lig
lightdock	luciferin_score	-14.68347	2UUY_rec	2UUY_lig
lightdock	luciferin_score	-18.34881	2UUY_rec	2UUY_lig
lightdock	luciferin_score	-22.42276	2UUY_rec	2UUY_lig
lightdock	luciferin_score	-23.59692	2UUY_rec	2UUY_lig
lightdock	luciferin_score	-34.60059	2UUY_rec	2UUY_lig
lightdock	luciferin_score	-39.34362	2UUY_rec	2UUY_lig
lightdock	luciferin_score	-41.33972	2UUY_rec	2UUY_lig
lightdock	luciferin_score	-52.54484	2UUY_rec	2UUY_lig
lightdock	luciferin_score	-80.89541	2UUY_rec	2UUY_lig
lightdock	luciferin_score	19.25152	2UUY_rec	2UUY_lig
lightdock	luciferin_score	16.76486	2UUY_rec	2UUY_lig
lightdock	luciferin_score	16.13713	2UUY_rec	2UUY_lig
lightdock	luciferin_score	16.06097	2UUY_rec	2UUY_lig
lightdock	luciferin_score	15.8116	2UUY_rec	2UUY_lig
lightdock	luciferin_score	15.73565	2UUY_rec	2UUY_lig
lightdock	luciferin_score	15.65341	2UUY_rec	2UUY_lig
lightdock	luciferin_score	15.57065	2UUY_rec	2UUY_lig
lightdock	luciferin_score	15.51073	2UUY_rec	2UUY_lig
lightdock	luciferin_score	14.64819	2UUY_rec	2UUY_lig
lightdock	luciferin_score	14.11528	2UUY_rec	2UUY_lig
lightdock	luciferin_score	13.49319	2UUY_rec	2UUY_lig
lightdock	luciferin_score	13.02472	2UUY_rec	2UUY_lig
lightdock	luciferin_score	12.99579	2UUY_rec	2UUY_lig
lightdock	luciferin_score	12.82539	2UUY_rec	2UUY_lig
lightdock	luciferin_score	12.49136	2UUY_rec	2UUY_lig
lightdock	luciferin_score	12.47858	2UUY_rec	2UUY_lig
lightdock	luciferin_score	12.45612	2UUY_rec	2UUY_lig
lightdock	luciferin_score	11.91939	2UUY_rec	2UUY_lig
lightdock	luciferin_score	11.39037	2UUY_rec	2UUY_lig
lightdock	luciferin_score	10.95987	2UUY_rec	2UUY_lig
lightdock	luciferin_score	10.56148	2UUY_rec	2UUY_lig
lightdock	luciferin_score	10.35814	2UUY_rec	2UUY_lig
lightdock	luciferin_score	10.10852	2UUY_rec	2UUY_lig
lightdock	luciferin_score	9.99432	2UUY_rec	2UUY_lig
lightdock	luciferin_score	9.65026	2UUY_rec	2UUY_lig
lightdock	luciferin_score	9.42872	2UUY_rec	2UUY_lig
lightdock	luciferin_score	9.3446	2UUY_rec	2UUY_lig
lightdock	luciferin_score	9.32615	2UUY_rec	2UUY_lig
lightdock	luciferin_score	9.26528	2UUY_rec	2UUY_lig
lightdock	luciferin_score	9.10805	2UUY_rec	2UUY_lig
lightdock	luciferin_score	8.34263	2UUY_rec	2UUY_lig
lightdock	luciferin_score	7.57209	2UUY_rec	2UUY_lig
lightdock	luciferin_score	7.26798	2UUY_rec	2UUY_lig
lightdock	luciferin_score	7.11803	2UUY_rec	2UUY_lig
lightdock	luciferin_score	6.77084	2UUY_rec	2UUY_lig
lightdock	luciferin_score	6.60181	2UUY_rec	2UUY_lig
lightdock	luciferin_score	6.39971	2UUY_rec	2UUY_lig
lightdock	luciferin_score	6.16682	2UUY_rec	2UUY_lig
lightdock	luciferin_score	6.06937	2UUY_rec	2UUY_lig
lightdock	luciferin_score	5.84075	2UUY_rec	2UUY_lig
lightdock	luciferin_score	5.70192	2UUY_rec	2UUY_lig
lightdock	luciferin_score	1.5804	2UUY_rec	2UUY_lig
lightdock	luciferin_score	1.18491	2UUY_rec	2UUY_lig
lightdock	luciferin_score	0.48069	2UUY_rec	2UUY_lig
lightdock	luciferin_score	0.17586	2UUY_rec	2UUY_lig
lightdock	luciferin_score	0.17488	2UUY_rec	2UUY_lig
lightdock	luciferin_score	-0.16814	2UUY_rec	2UUY_lig
lightdock	luciferin_score	-2.26237	2UUY_rec	2UUY_lig
lightdock	luciferin_score	-6.38001	2UUY_rec	2UUY_lig
lightdock	luciferin_score	-7.77248	2UUY_rec	2UUY_lig
lightdock	luciferin_score	-8.20767	2UUY_rec	2UUY_lig
lightdock	luciferin_score	-12.81483	2UUY_rec	2UUY_lig
lightdock	luciferin_score	-13.04885	2UUY_rec	2UUY_lig
lightdock	luciferin_score	-18.23045	2UUY_rec	2UUY_lig
lightdock	luciferin_score	-20.2281	2UUY_rec	2UUY_lig
lightdock	luciferin_score	-23.95539	2UUY_rec	2UUY_lig
lightdock	luciferin_score	-27.66405	2UUY_rec	2UUY_lig
lightdock	luciferin_score	-30.35688	2UUY_rec	2UUY_lig
lightdock	luciferin_score	21.15803	2UUY_rec	2UUY_lig
lightdock	luciferin_score	16.48206	2UUY_rec	2UUY_lig
lightdock	luciferin_score	16.25189	2UUY_rec	2UUY_lig
lightdock	luciferin_score	16.2126	2UUY_rec	2UUY_lig
lightdock	luciferin_score	15.36457	2UUY_rec	2UUY_lig
lightdock	luciferin_score	15.27413	2UUY_rec	2UUY_lig
lightdock	luciferin_score	15.19171	2UUY_rec	2UUY_lig
lightdock	luciferin_score	15.0285	2UUY_rec	2UUY_lig
lightdock	luciferin_score	13.44478	2UUY_rec	2UUY_lig
lightdock	luciferin_score	12.8311	2UUY_rec	2UUY_lig
lightdock	luciferin_score	12.78191	2UUY_rec	2UUY_lig
lightdock	luciferin_score	12.66721	2UUY_rec	2UUY_lig
lightdock	luciferin_score	12.18946	2UUY_rec	2UUY_lig
lightdock	luciferin_score	11.82414	2UUY_rec	2UUY_lig
lightdock	luciferin_score	11.53179	2UUY_rec	2UUY_lig
lightdock	luciferin_score	10.9843	2UUY_rec	2UUY_lig
lightdock	luciferin_score	10.9825	2UUY_rec	2UUY_lig
lightdock	luciferin_score	10.95939	2UUY_rec	2UUY_lig
lightdock	luciferin_score	10.73697	2UUY_rec	2UUY_lig
lightdock	luciferin_score	10.6932	2UUY_rec	2UUY_lig
lightdock	luciferin_score	10.4254	2UUY_rec	2UUY_lig
lightdock	luciferin_score	10.08457	2UUY_rec	2UUY_lig
lightdock	luciferin_score	9.56015	2UUY_rec	2UUY_lig
lightdock	luciferin_score	9.5096	2UUY_rec	2UUY_lig
lightdock	luciferin_score	9.4725	2UUY_rec	2UUY_lig
lightdock	luciferin_score	8.37909	2UUY_rec	2UUY_lig
lightdock	luciferin_score	8.33242	2UUY_rec	2UUY_lig
lightdock	luciferin_score	8.32164	2UUY_rec	2UUY_lig
lightdock	luciferin_score	8.20291	2UUY_rec	2UUY_lig
lightdock	luciferin_score	7.5237	2UUY_rec	2UUY_lig
lightdock	luciferin_score	7.38811	2UUY_rec	2UUY_lig
lightdock	luciferin_score	7.19925	2UUY_rec	2UUY_lig
lightdock	luciferin_score	7.05927	2UUY_rec	2UUY_lig
lightdock	luciferin_score	6.6552	2UUY_rec	2UUY_lig
lightdock	luciferin_score	6.23243	2UUY_rec	2UUY_lig
lightdock	luciferin_score	5.53979	2UUY_rec	2UUY_lig
lightdock	luciferin_score	1.92157	2UUY_rec	2UUY_lig
lightdock	luciferin_score	0.79425	2UUY_rec	2UUY_lig
lightdock	luciferin_score	0.73469	2UUY_rec	2UUY_lig
lightdock	luciferin_score	0.48324	2UUY_rec	2UUY_lig
lightdock	luciferin_score	-0.21722	2UUY_rec	2UUY_lig
lightdock	luciferin_score	-1.54102	2UUY_rec	2UUY_lig
lightdock	luciferin_score	-1.76914	2UUY_rec	2UUY_lig
lightdock	luciferin_score	-3.14756	2UUY_rec	2UUY_lig
lightdock	luciferin_score	-4.47024	2UUY_rec	2UUY_lig
lightdock	luciferin_score	-6.55586	2UUY_rec	2UUY_lig
lightdock	luciferin_score	-6.92155	2UUY_rec	2UUY_lig
lightdock	luciferin_score	-20.06156	2UUY_rec	2UUY_lig
lightdock	luciferin_score	-20.3664	2UUY_rec	2UUY_lig
lightdock	luciferin_score	-25.20054	2UUY_rec	2UUY_lig
lightdock	luciferin_score	-28.85569	2UUY_rec	2UUY_lig
lightdock	luciferin_score	-32.34628	2UUY_rec	2UUY_lig
lightdock	luciferin_score	-39.83439	2UUY_rec	2UUY_lig
lightdock	luciferin_score	-44.02404	2UUY_rec	2UUY_lig
lightdock	luciferin_score	-45.57112	2UUY_rec	2UUY_lig
lightdock	luciferin_score	-55.5128	2UUY_rec	2UUY_lig
lightdock	luciferin_score	-84.06918	2UUY_rec	2UUY_lig
lightdock	luciferin_score	15.17231	2UUY_rec	2UUY_lig
lightdock	luciferin_score	13.8406	2UUY_rec	2UUY_lig
lightdock	luciferin_score	13.3067	2UUY_rec	2UUY_lig
lightdock	luciferin_score	13.28795	2UUY_rec	2UUY_lig
lightdock	luciferin_score	12.97658	2UUY_rec	2UUY_lig
lightdock	luciferin_score	12.92018	2UUY_rec	2UUY_lig
lightdock	luciferin_score	12.75026	2UUY_rec	2UUY_lig
lightdock	luciferin_score	12.41514	2UUY_rec	2UUY_lig
lightdock	luciferin_score	11.28478	2UUY_rec	2UUY_lig
lightdock	luciferin_score	11.17907	2UUY_rec	2UUY_lig
lightdock	luciferin_score	10.2711	2UUY_rec	2UUY_lig
lightdock	luciferin_score	10.16778	2UUY_rec	2UUY_lig
lightdock	luciferin_score	9.83751	2UUY_rec	2UUY_lig
lightdock	luciferin_score	9.72113	2UUY_rec	2UUY_lig
lightdock	luciferin_score	9.63562	2UUY_rec	2UUY_lig
lightdock	luciferin_score	9.59949	2UUY_rec	2UUY_lig
lightdock	luciferin_score	9.55458	2UUY_rec	2UUY_lig
lightdock	luciferin_score	9.53515	2UUY_rec	2UUY_lig
lightdock	luciferin_score	9.33546	2UUY_rec	2UUY_lig
lightdock	luciferin_score	9.14258	2UUY_rec	2UUY_lig
lightdock	luciferin_score	8.91074	2UUY_rec	2UUY_lig
lightdock	luciferin_score	8.85516	2UUY_rec	2UUY_lig
lightdock	luciferin_score	8.81635	2UUY_rec	2UUY_lig
lightdock	luciferin_score	8.80364	2UUY_rec	2UUY_lig
lightdock	luciferin_score	8.43701	2UUY_rec	2UUY_lig
lightdock	luciferin_score	8.15939	2UUY_rec	2UUY_lig
lightdock	luciferin_score	8.13223	2UUY_rec	2UUY_lig
lightdock	luciferin_score	7.77539	2UUY_rec	2UUY_lig
lightdock	luciferin_score	7.73297	2UUY_rec	2UUY_lig
lightdock	luciferin_score	7.66758	2UUY_rec	2UUY_lig
lightdock	luciferin_score	7.64225	2UUY_rec	2UUY_lig
lightdock	luciferin_score	7.3766	2UUY_rec	2UUY_lig
lightdock	luciferin_score	7.32364	2UUY_rec	2UUY_lig
lightdock	luciferin_score	7.13988	2UUY_rec	2UUY_lig
lightdock	luciferin_score	7.01105	2UUY_rec	2UUY_lig
lightdock	luciferin_score	6.95828	2UUY_rec	2UUY_lig
lightdock	luciferin_score	6.94936	2UUY_rec	2UUY_lig
lightdock	luciferin_score	6.8647	2UUY_rec	2UUY_lig
lightdock	luciferin_score	6.70936	2UUY_rec	2UUY_lig
lightdock	luciferin_score	6.67383	2UUY_rec	2UUY_lig
lightdock	luciferin_score	6.62939	2UUY_rec	2UUY_lig
lightdock	luciferin_score	6.50852	2UUY_rec	2UUY_lig
lightdock	luciferin_score	6.09253	2UUY_rec	2UUY_lig
lightdock	luciferin_score	5.97099	2UUY_rec	2UUY_lig
lightdock	luciferin_score	5.49161	2UUY_rec	2UUY_lig
lightdock	luciferin_score	5.37974	2UUY_rec	2UUY_lig
lightdock	luciferin_score	5.14698	2UUY_rec	2UUY_lig
lightdock	luciferin_score	5.13951	2UUY_rec	2UUY_lig
lightdock	luciferin_score	4.89838	2UUY_rec	2UUY_lig
lightdock	luciferin_score	4.88513	2UUY_rec	2UUY_lig
lightdock	luciferin_score	4.71615	2UUY_rec	2UUY_lig
lightdock	luciferin_score	4.68057	2UUY_rec	2UUY_lig
lightdock	luciferin_score	4.56558	2UUY_rec	2UUY_lig
lightdock	luciferin_score	2.27106	2UUY_rec	2UUY_lig
lightdock	luciferin_score	2.23044	2UUY_rec	2UUY_lig
lightdock	luciferin_score	1.52142	2UUY_rec	2UUY_lig
lightdock	luciferin_score	0.17488	2UUY_rec	2UUY_lig
lightdock	luciferin_score	-1.24689	2UUY_rec	2UUY_lig
lightdock	luciferin_score	-8.42814	2UUY_rec	2UUY_lig
lightdock	luciferin_score	-8.58988	2UUY_rec	2UUY_lig
lightdock	luciferin_score	-17.59479	2UUY_rec	2UUY_lig
lightdock	luciferin_score	-47.92329	2UUY_rec	2UUY_lig
lightdock	luciferin_score	-50.78601	2UUY_rec	2UUY_lig
lightdock	luciferin_score	19.99682	2UUY_rec	2UUY_lig
lightdock	luciferin_score	16.55317	2UUY_rec	2UUY_lig
lightdock	luciferin_score	14.86508	2UUY_rec	2UUY_lig
lightdock	luciferin_score	14.41048	2UUY_rec	2UUY_lig
lightdock	luciferin_score	14.21656	2UUY_rec	2UUY_lig
lightdock	luciferin_score	13.99737	2UUY_rec	2UUY_lig
lightdock	luciferin_score	13.84671	2UUY_rec	2UUY_lig
lightdock	luciferin_score	13.35498	2UUY_rec	2UUY_lig
lightdock	luciferin_score	12.97966	2UUY_rec	2UUY_lig
lightdock	luciferin_score	11.58128	2UUY_rec	2UUY_lig
lightdock	luciferin_score	11.54292	2UUY_rec	2UUY_lig
lightdock	luciferin_score	11.4353	2UUY_rec	2UUY_lig
lightdock	luciferin_score	11.17991	2UUY_rec	2UUY_lig
lightdock	luciferin_score	11.07709	2UUY_rec	2UUY_lig
lightdock	luciferin_score	10.63961	2UUY_rec	2UUY_lig
lightdock	luciferin_score	10.53819	2UUY_rec	2UUY_lig
lightdock	luciferin_score	10.46728	2UUY_rec	2UUY_lig
lightdock	luciferin_score	10.46175	2UUY_rec	2UUY_lig
lightdock	luciferin_score	10.24537	2UUY_rec	2UUY_lig
lightdock	luciferin_score	10.238	2UUY_rec	2UUY_lig
lightdock	luciferin_score	10.2026	2UUY_rec	2UUY_lig
lightdock	luciferin_score	9.96613	2UUY_rec	2UUY_lig
lightdock	luciferin_score	9.65129	2UUY_rec	2UUY_lig
lightdock	luciferin_score	9.42753	2UUY_rec	2UUY_lig
lightdock	luciferin_score	9.25358	2UUY_rec	2UUY_lig
lightdock	luciferin_score	8.95459	2UUY_rec	2UUY_lig
lightdock	luciferin_score	8.58943	2UUY_rec	2UUY_lig
lightdock	luciferin_score	8.56035	2UUY_rec	2UUY_lig
lightdock	luciferin_score	8.13818	2UUY_rec	2UUY_lig
lightdock	luciferin_score	7.98365	2UUY_rec	2UUY_lig
lightdock	luciferin_score	7.91425	2UUY_rec	2UUY_lig
lightdock	luciferin_score	6.81028	2UUY_rec	2UUY_lig
lightdock	luciferin_score	6.77282	2UUY_rec	2UUY_lig
lightdock	luciferin_score	6.41987	2UUY_rec	2UUY_lig
lightdock	luciferin_score	5.86108	2UUY_rec	2UUY_lig
lightdock	luciferin_score	5.81066	2UUY_rec	2UUY_lig
lightdock	luciferin_score	5.63929	2UUY_rec	2UUY_lig
lightdock	luciferin_score	5.35918	2UUY_rec	2UUY_lig
lightdock	luciferin_score	5.23428	2UUY_rec	2UUY_lig
lightdock	luciferin_score	4.90694	2UUY_rec	2UUY_lig
lightdock	luciferin_score	4.7497	2UUY_rec	2UUY_lig
lightdock	luciferin_score	4.66185	2UUY_rec	2UUY_lig
lightdock	luciferin_score	4.41517	2UUY_rec	2UUY_lig
lightdock	luciferin_score	2.15439	2UUY_rec	2UUY_lig
lightdock	luciferin_score	2.03844	2UUY_rec	2UUY_lig
lightdock	luciferin_score	0.63786	2UUY_rec	2UUY_lig
lightdock	luciferin_score	0.1966	2UUY_rec	2UUY_lig
lightdock	luciferin_score	-0.09053	2UUY_rec	2UUY_lig
lightdock	luciferin_score	-0.60732	2UUY_rec	2UUY_lig
lightdock	luciferin_score	-1.33451	2UUY_rec	2UUY_lig
lightdock	luciferin_score	-3.40501	2UUY_rec	2UUY_lig
lightdock	luciferin_score	-5.25307	2UUY_rec	2UUY_lig
lightdock	luciferin_score	-9.53525	2UUY_rec	2UUY_lig
lightdock	luciferin_score	-11.96883	2UUY_rec	2UUY_lig
lightdock	luciferin_score	-13.11323	2UUY_rec	2UUY_lig
lightdock	luciferin_score	-13.48311	2UUY_rec	2UUY_lig
lightdock	luciferin_score	-13.6358	2UUY_rec	2UUY_lig
lightdock	luciferin_score	-13.90638	2UUY_rec	2UUY_lig
lightdock	luciferin_score	-14.81558	2UUY_rec	2UUY_lig
lightdock	luciferin_score	-17.96012	2UUY_rec	2UUY_lig
lightdock	luciferin_score	-20.54788	2UUY_rec	2UUY_lig
lightdock	luciferin_score	-21.59893	2UUY_rec	2UUY_lig
lightdock	luciferin_score	-24.32024	2UUY_rec	2UUY_lig
lightdock	luciferin_score	-42.96646	2UUY_rec	2UUY_lig
lightdock	luciferin_score	-43.40223	2UUY_rec	2UUY_lig
lightdock	luciferin_score	17.49255	2UUY_rec	2UUY_lig
lightdock	luciferin_score	14.67921	2UUY_rec	2UUY_lig
lightdock	luciferin_score	14.16168	2UUY_rec	2UUY_lig
lightdock	luciferin_score	13.33067	2UUY_rec	2UUY_lig
lightdock	luciferin_score	13.12888	2UUY_rec	2UUY_lig
lightdock	luciferin_score	12.7077	2UUY_rec	2UUY_lig
lightdock	luciferin_score	12.50324	2UUY_rec	2UUY_lig
lightdock	luciferin_score	12.39961	2UUY_rec	2UUY_lig
lightdock	luciferin_score	11.77014	2UUY_rec	2UUY_lig
lightdock	luciferin_score	11.38901	2UUY_rec	2UUY_lig
lightdock	luciferin_score	11.18369	2UUY_rec	2UUY_lig
lightdock	luciferin_score	10.97544	2UUY_rec	2UUY_lig
lightdock	luciferin_score	10.933	2UUY_rec	2UUY_lig
lightdock	luciferin_score	10.49468	2UUY_rec	2UUY_lig
lightdock	luciferin_score	10.18812	2UUY_rec	2UUY_lig
lightdock	luciferin_score	10.11403	2UUY_rec	2UUY_lig
lightdock	luciferin_score	9.22333	2UUY_rec	2UUY_lig
lightdock	luciferin_score	9.1738	2UUY_rec	2UUY_lig
lightdock	luciferin_score	9.13365	2UUY_rec	2UUY_lig
lightdock	luciferin_score	8.74596	2UUY_rec	2UUY_lig
lightdock	luciferin_score	8.72118	2UUY_rec	2UUY_lig
lightdock	luciferin_score	8.581	2UUY_rec	2UUY_lig
lightdock	luciferin_score	8.37266	2UUY_rec	2UUY_lig
lightdock	luciferin_score	8.28569	2UUY_rec	2UUY_lig
lightdock	luciferin_score	8.14181	2UUY_rec	2UUY_lig
lightdock	luciferin_score	8.04669	2UUY_rec	2UUY_lig
lightdock	luciferin_score	7.90381	2UUY_rec	2UUY_lig
lightdock	luciferin_score	7.73121	2UUY_rec	2UUY_lig
lightdock	luciferin_score	7.68812	2UUY_rec	2UUY_lig
lightdock	luciferin_score	7.59999	2UUY_rec	2UUY_lig
lightdock	luciferin_score	7.42146	2UUY_rec	2UUY_lig
lightdock	luciferin_score	7.23859	2UUY_rec	2UUY_lig
lightdock	luciferin_score	6.93059	2UUY_rec	2UUY_lig
lightdock	luciferin_score	6.87834	2UUY_rec	2UUY_lig
lightdock	luciferin_score	6.85537	2UUY_rec	2UUY_lig
lightdock	luciferin_score	6.60101	2UUY_rec	2UUY_lig
lightdock	luciferin_score	6.56274	2UUY_rec	2UUY_lig
lightdock	luciferin_score	6.53904	2UUY_rec	2UUY_lig
lightdock	luciferin_score	6.07501	2UUY_rec	2UUY_lig
lightdock	luciferin_score	5.97688	2UUY_rec	2UUY_lig
lightdock	luciferin_score	5.53515	2UUY_rec	2UUY_lig
lightdock	luciferin_score	5.33095	2UUY_rec	2UUY_lig
lightdock	luciferin_score	5.30718	2UUY_rec	2UUY_lig
lightdock	luciferin_score	3.82473	2UUY_rec	2UUY_lig
lightdock	luciferin_score	2.81403	2UUY_rec	2UUY_lig
lightdock	luciferin_score	1.99939	2UUY_rec	2UUY_lig
lightdock	luciferin_score	1.68608	2UUY_rec	2UUY_lig
lightdock	luciferin_score	1.52329	2UUY_rec	2UUY_lig
lightdock	luciferin_score	1.2878	2UUY_rec	2UUY_lig
lightdock	luciferin_score	-5.3756	2UUY_rec	2UUY_lig
lightdock	luciferin_score	-8.09587	2UUY_rec	2UUY_lig
lightdock	luciferin_score	-9.23402	2UUY_rec	2UUY_lig
lightdock	luciferin_score	-13.65311	2UUY_rec	2UUY_lig
lightdock	luciferin_score	-18.99112	2UUY_rec	2UUY_lig
lightdock	luciferin_score	-19.5097	2UUY_rec	2UUY_lig
lightdock	luciferin_score	-26.42196	2UUY_rec	2UUY_lig
lightdock	luciferin_score	-53.54515	2UUY_rec	2UUY_lig
lightdock	luciferin_score	14.12538	2UUY_rec	2UUY_lig
lightdock	luciferin_score	13.62339	2UUY_rec	2UUY_lig
lightdock	luciferin_score	12.84187	2UUY_rec	2UUY_lig
lightdock	luciferin_score	12.72271	2UUY_rec	2UUY_lig
lightdock	luciferin_score	12.52612	2UUY_rec	2UUY_lig
lightdock	luciferin_score	12.41996	2UUY_rec	2UUY_lig
lightdock	luciferin_score	11.69352	2UUY_rec	2UUY_lig
lightdock	luciferin_score	11.67116	2UUY_rec	2UUY_lig
lightdock	luciferin_score	11.37381	2UUY_rec	2UUY_lig
lightdock	luciferin_score	11.34121	2UUY_rec	2UUY_lig
lightdock	luciferin_score	11.30727	2UUY_rec	2UUY_lig
lightdock	luciferin_score	11.07892	2UUY_rec	2UUY_lig
lightdock	luciferin_score	10.99984	2UUY_rec	2UUY_lig
lightdock	luciferin_score	10.97928	2UUY_rec	2UUY_lig
lightdock	luciferin_score	10.88086	2UUY_rec	2UUY_lig
lightdock	luciferin_score	10.56682	2UUY_rec	2UUY_lig
lightdock	luciferin_score	10.26017	2UUY_rec	2UUY_lig
lightdock	luciferin_score	9.74535	2UUY_rec	2UUY_lig
lightdock	luciferin_score	9.64023	2UUY_rec	2UUY_lig
lightdock	luciferin_score	9.61357	2UUY_rec	2UUY_lig
lightdock	luciferin_score	9.4872	2UUY_rec	2UUY_lig
lightdock	luciferin_score	9.15114	2UUY_rec	2UUY_lig
lightdock	luciferin_score	9.14452	2UUY_rec	2UUY_lig
lightdock	luciferin_score	8.7402	2UUY_rec	2UUY_lig
lightdock	luciferin_score	8.66394	2UUY_rec	2UUY_lig
lightdock	luciferin_score	8.43408	2UUY_rec	2UUY_lig
lightdock	luciferin_score	7.53438	2UUY_rec	2UUY_lig
lightdock	luciferin_score	7.19165	2UUY_rec	2UUY_lig
lightdock	luciferin_score	6.96702	2UUY_rec	2UUY_lig
lightdock	luciferin_score	6.10035	2UUY_rec	2UUY_lig
lightdock	luciferin_score	6.06205	2UUY_rec	2UUY_lig
lightdock	luciferin_score	5.7957	2UUY_rec	2UUY_lig
lightdock	luciferin_score	5.44977	2UUY_rec	2UUY_lig
lightdock	luciferin_score	5.24004	2UUY_rec	2UUY_lig
lightdock	luciferin_score	5.14855	2UUY_rec	2UUY_lig
lightdock	luciferin_score	4.9626	2UUY_rec	2UUY_lig
lightdock	luciferin_score	3.70798	2UUY_rec	2UUY_lig
lightdock	luciferin_score	2.63187	2UUY_rec	2UUY_lig
lightdock	luciferin_score	2.43749	2UUY_rec	2UUY_lig
lightdock	luciferin_score	-1.17495	2UUY_rec	2UUY_lig
lightdock	luciferin_score	-2.91171	2UUY_rec	2UUY_lig
lightdock	luciferin_score	-5.3121	2UUY_rec	2UUY_lig
lightdock	luciferin_score	-5.3618	2UUY_rec	2UUY_lig
lightdock	luciferin_score	-6.08201	2UUY_rec	2UUY_lig
lightdock	luciferin_score	-7.05207	2UUY_rec	2UUY_lig
lightdock	luciferin_score	-8.02464	2UUY_rec	2UUY_lig
lightdock	luciferin_score	-8.76936	2UUY_rec	2UUY_lig
lightdock	luciferin_score	-10.93672	2UUY_rec	2UUY_lig
lightdock	luciferin_score	-12.15047	2UUY_rec	2UUY_lig
lightdock	luciferin_score	-12.56595	2UUY_rec	2UUY_lig
lightdock	luciferin_score	-13.83742	2UUY_rec	2UUY_lig
lightdock	luciferin_score	-19.36044	2UUY_rec	2UUY_lig
lightdock	luciferin_score	-21.38631	2UUY_rec	2UUY_lig
lightdock	luciferin_score	-21.93087	2UUY_rec	2UUY_lig
lightdock	luciferin_score	-22.92162	2UUY_rec	2UUY_lig
lightdock	luciferin_score	-24.58478	2UUY_rec	2UUY_lig
lightdock	luciferin_score	-25.42993	2UUY_rec	2UUY_lig
lightdock	luciferin_score	-29.28205	2UUY_rec	2UUY_lig
lightdock	luciferin_score	-30.72833	2UUY_rec	2UUY_lig
lightdock	luciferin_score	-34.6255	2UUY_rec	2UUY_lig
lightdock	luciferin_score	-40.24446	2UUY_rec	2UUY_lig
lightdock	luciferin_score	-54.96417	2UUY_rec	2UUY_lig
lightdock	luciferin_score	14.02526	2UUY_rec	2UUY_lig
lightdock	luciferin_score	13.44045	2UUY_rec	2UUY_lig
lightdock	luciferin_score	12.35603	2UUY_rec	2UUY_lig
lightdock	luciferin_score	12.34589	2UUY_rec	2UUY_lig
lightdock	luciferin_score	11.82822	2UUY_rec	2UUY_lig
lightdock	luciferin_score	11.66465	2UUY_rec	2UUY_lig
lightdock	luciferin_score	11.64384	2UUY_rec	2UUY_lig
lightdock	luciferin_score	11.2328	2UUY_rec	2UUY_lig
lightdock	luciferin_score	10.86599	2UUY_rec	2UUY_lig
lightdock	luciferin_score	10.57719	2UUY_rec	2UUY_lig
lightdock	luciferin_score	10.18681	2UUY_rec	2UUY_lig
lightdock	luciferin_score	10.17165	2UUY_rec	2UUY_lig
lightdock	luciferin_score	10.08544	2UUY_rec	2UUY_lig
lightdock	luciferin_score	9.93906	2UUY_rec	2UUY_lig
lightdock	luciferin_score	9.73993	2UUY_rec	2UUY_lig
lightdock	luciferin_score	9.62019	2UUY_rec	2UUY_lig
lightdock	luciferin_score	9.44089	2UUY_rec	2UUY_lig
lightdock	luciferin_score	9.21881	2UUY_rec	2UUY_lig
lightdock	luciferin_score	9.19596	2UUY_rec	2UUY_lig
lightdock	luciferin_score	9.08148	2UUY_rec	2UUY_lig
lightdock	luciferin_score	8.8761	2UUY_rec	2UUY_lig
lightdock	luciferin_score	8.74245	2UUY_rec	2UUY_lig
lightdock	luciferin_score	8.73634	2UUY_rec	2UUY_lig
lightdock	luciferin_score	8.51907	2UUY_rec	2UUY_lig
lightdock	luciferin_score	8.31575	2UUY_rec	2UUY_lig
lightdock	luciferin_score	8.21425	2UUY_rec	2UUY_lig
lightdock	luciferin_score	8.16382	2UUY_rec	2UUY_lig
lightdock	luciferin_score	7.89975	2UUY_rec	2UUY_lig
lightdock	luciferin_score	7.82463	2UUY_rec	2UUY_lig
lightdock	luciferin_score	7.78379	2UUY_rec	2UUY_lig
lightdock	luciferin_score	7.17761	2UUY_rec	2UUY_lig
lightdock	luciferin_score	6.81088	2UUY_rec	2UUY_lig
lightdock	luciferin_score	6.31587	2UUY_rec	2UUY_lig
lightdock	luciferin_score	6.29894	2UUY_rec	2UUY_lig
lightdock	luciferin_score	6.25293	2UUY_rec	2UUY_lig
lightdock	luciferin_score	6.11308	2UUY_rec	2UUY_lig
lightdock	luciferin_score	5.46688	2UUY_rec	2UUY_lig
lightdock	luciferin_score	5.24463	2UUY_rec	2UUY_lig
lightdock	luciferin_score	4.03595	2UUY_rec	2UUY_lig
lightdock	luciferin_score	3.9269	2UUY_rec	2UUY_lig
lightdock	luciferin_score	3.23321	2UUY_rec	2UUY_lig
lightdock	luciferin_score	3.04021	2UUY_rec	2UUY_lig
lightdock	luciferin_score	2.83322	2UUY_rec	2UUY_lig
lightdock	luciferin_score	2.47129	2UUY_rec	2UUY_lig
lightdock	luciferin_score	2.21553	2UUY_rec	2UUY_lig
lightdock	luciferin_score	2.02824	2UUY_rec	2UUY_lig
lightdock	luciferin_score	1.23708	2UUY_rec	2UUY_lig
lightdock	luciferin_score	-0.46666	2UUY_rec	2UUY_lig
lightdock	luciferin_score	-1.26848	2UUY_rec	2UUY_lig
lightdock	luciferin_score	-1.9103	2UUY_rec	2UUY_lig
lightdock	luciferin_score	-1.98174	2UUY_rec	2UUY_lig
lightdock	luciferin_score	-2.32613	2UUY_rec	2UUY_lig
lightdock	luciferin_score	-2.34784	2UUY_rec	2UUY_lig
lightdock	luciferin_score	-4.32181	2UUY_rec	2UUY_lig
lightdock	luciferin_score	-5.30051	2UUY_rec	2UUY_lig
lightdock	luciferin_score	-8.50841	2UUY_rec	2UUY_lig
lightdock	luciferin_score	-8.51647	2UUY_rec	2UUY_lig
lightdock	luciferin_score	-9.01359	2UUY_rec	2UUY_lig
lightdock	luciferin_score	-14.26195	2UUY_rec	2UUY_lig
lightdock	luciferin_score	-19.44009	2UUY_rec	2UUY_lig
lightdock	luciferin_score	-20.24247	2UUY_rec	2UUY_lig
lightdock	luciferin_score	-20.65943	2UUY_rec	2UUY_lig
lightdock	luciferin_score	-21.85483	2UUY_rec	2UUY_lig
lightdock	luciferin_score	-23.43079	2UUY_rec	2UUY_lig
lightdock	luciferin_score	-23.58222	2UUY_rec	2UUY_lig
lightdock	luciferin_score	-24.69564	2UUY_rec	2UUY_lig
lightdock	luciferin_score	-24.97126	2UUY_rec	2UUY_lig
lightdock	luciferin_score	-27.41485	2UUY_rec	2UUY_lig
lightdock	luciferin_score	-31.0294	2UUY_rec	2UUY_lig
lightdock	luciferin_score	-32.10545	2UUY_rec	2UUY_lig
lightdock	luciferin_score	-32.91305	2UUY_rec	2UUY_lig
lightdock	luciferin_score	-62.11021	2UUY_rec	2UUY_lig
lightdock	luciferin_score	17.03799	2UUY_rec	2UUY_lig
lightdock	luciferin_score	16.03482	2UUY_rec	2UUY_lig
lightdock	luciferin_score	14.90265	2UUY_rec	2UUY_lig
lightdock	luciferin_score	14.55357	2UUY_rec	2UUY_lig
lightdock	luciferin_score	13.92702	2UUY_rec	2UUY_lig
lightdock	luciferin_score	13.69709	2UUY_rec	2UUY_lig
lightdock	luciferin_score	12.95179	2UUY_rec	2UUY_lig
lightdock	luciferin_score	12.69559	2UUY_rec	2UUY_lig
lightdock	luciferin_score	12.67376	2UUY_rec	2UUY_lig
lightdock	luciferin_score	12.19961	2UUY_rec	2UUY_lig
lightdock	luciferin_score	12.01496	2UUY_rec	2UUY_lig
lightdock	luciferin_score	11.93716	2UUY_rec	2UUY_lig
lightdock	luciferin_score	11.8765	2UUY_rec	2UUY_lig
lightdock	luciferin_score	11.68725	2UUY_rec	2UUY_lig
lightdock	luciferin_score	11.52854	2UUY_rec	2UUY_lig
lightdock	luciferin_score	11.17664	2UUY_rec	2UUY_lig
lightdock	luciferin_score	11.11244	2UUY_rec	2UUY_lig
lightdock	luciferin_score	10.8928	2UUY_rec	2UUY_lig
lightdock	luciferin_score	10.48611	2UUY_rec	2UUY_lig
lightdock	luciferin_score	10.32093	2UUY_rec	2UUY_lig
lightdock	luciferin_score	9.83716	2UUY_rec	2UUY_lig
lightdock	luciferin_score	9.80961	2UUY_rec	2UUY_lig
lightdock	luciferin_score	9.586	2UUY_rec	2UUY_lig
lightdock	luciferin_score	9.58299	2UUY_rec	2UUY_lig
lightdock	luciferin_score	9.4702	2UUY_rec	2UUY_lig
lightdock	luciferin_score	8.87398	2UUY_rec	2UUY_lig
lightdock	luciferin_score	8.39498	2UUY_rec	2UUY_lig
lightdock	luciferin_score	8.19725	2UUY_rec	2UUY_lig
lightdock	luciferin_score	7.85234	2UUY_rec	2UUY_lig
lightdock	luciferin_score	7.57036	2UUY_rec	2UUY_lig
lightdock	luciferin_score	7.49349	2UUY_rec	2UUY_lig
lightdock	luciferin_score	7.34146	2UUY_rec	2UUY_lig
lightdock	luciferin_score	6.98663	2UUY_rec	2UUY_lig
lightdock	luciferin_score	6.74473	2UUY_rec	2UUY_lig
lightdock	luciferin_score	6.09233	2UUY_rec	2UUY_lig
lightdock	luciferin_score	5.65233	2UUY_rec	2UUY_lig
lightdock	luciferin_score	5.57754	2UUY_rec	2UUY_lig
lightdock	luciferin_score	5.45549	2UUY_rec	2UUY_lig
lightdock	luciferin_score	5.21428	2UUY_rec	2UUY_lig
lightdock	luciferin_score	5.08254	2UUY_rec	2UUY_lig
lightdock	luciferin_score	3.89192	2UUY_rec	2UUY_lig
lightdock	luciferin_score	3.71445	2UUY_rec	2UUY_lig
lightdock	luciferin_score	3.2467	2UUY_rec	2UUY_lig
lightdock	luciferin_score	3.07906	2UUY_rec	2UUY_lig
lightdock	luciferin_score	2.96727	2UUY_rec	2UUY_lig
lightdock	luciferin_score	2.39946	2UUY_rec	2UUY_lig
lightdock	luciferin_score	1.70538	2UUY_rec	2UUY_lig
lightdock	luciferin_score	-0.34626	2UUY_rec	2UUY_lig
lightdock	luciferin_score	-0.7288	2UUY_rec	2UUY_lig
lightdock	luciferin_score	-0.85906	2UUY_rec	2UUY_lig
lightdock	luciferin_score	-1.19845	2UUY_rec	2UUY_lig
lightdock	luciferin_score	-5.29477	2UUY_rec	2UUY_lig
lightdock	luciferin_score	-5.34747	2UUY_rec	2UUY_lig
lightdock	luciferin_score	-7.56419	2UUY_rec	2UUY_lig
lightdock	luciferin_score	-8.7588	2UUY_rec	2UUY_lig
lightdock	luciferin_score	-9.16886	2UUY_rec	2UUY_lig
lightdock	luciferin_score	-12.31255	2UUY_rec	2UUY_lig
lightdock	luciferin_score	-14.99363	2UUY_rec	2UUY_lig
lightdock	luciferin_score	-24.70702	2UUY_rec	2UUY_lig
lightdock	luciferin_score	-25.9875	2UUY_rec	2UUY_lig
lightdock	luciferin_score	-27.46157	2UUY_rec	2UUY_lig
lightdock	luciferin_score	-29.03494	2UUY_rec	2UUY_lig
lightdock	luciferin_score	-29.19656	2UUY_rec	2UUY_lig
lightdock	luciferin_score	-29.44583	2UUY_rec	2UUY_lig
lightdock	luciferin_score	-30.64715	2UUY_rec	2UUY_lig
lightdock	luciferin_score	-32.31485	2UUY_rec	2UUY_lig
lightdock	luciferin_score	-34.76945	2UUY_rec	2UUY_lig
lightdock	luciferin_score	-41.23804	2UUY_rec	2UUY_lig
lightdock	luciferin_score	-59.75349	2UUY_rec	2UUY_lig
lightdock	luciferin_score	16.5716	2UUY_rec	2UUY_lig
lightdock	luciferin_score	14.09321	2UUY_rec	2UUY_lig
lightdock	luciferin_score	12.84458	2UUY_rec	2UUY_lig
lightdock	luciferin_score	12.12571	2UUY_rec	2UUY_lig
lightdock	luciferin_score	11.69198	2UUY_rec	2UUY_lig
lightdock	luciferin_score	11.63143	2UUY_rec	2UUY_lig
lightdock	luciferin_score	11.55874	2UUY_rec	2UUY_lig
lightdock	luciferin_score	11.33845	2UUY_rec	2UUY_lig
lightdock	luciferin_score	11.13652	2UUY_rec	2UUY_lig
lightdock	luciferin_score	11.04705	2UUY_rec	2UUY_lig
lightdock	luciferin_score	10.56119	2UUY_rec	2UUY_lig
lightdock	luciferin_score	10.51827	2UUY_rec	2UUY_lig
lightdock	luciferin_score	10.45172	2UUY_rec	2UUY_lig
lightdock	luciferin_score	10.16054	2UUY_rec	2UUY_lig
lightdock	luciferin_score	9.53762	2UUY_rec	2UUY_lig
lightdock	luciferin_score	9.46011	2UUY_rec	2UUY_lig
lightdock	luciferin_score	9.29847	2UUY_rec	2UUY_lig
lightdock	luciferin_score	8.91669	2UUY_rec	2UUY_lig
lightdock	luciferin_score	8.55841	2UUY_rec	2UUY_lig
lightdock	luciferin_score	8.13687	2UUY_rec	2UUY_lig
lightdock	luciferin_score	8.07246	2UUY_rec	2UUY_lig
lightdock	luciferin_score	8.07099	2UUY_rec	2UUY_lig
lightdock	luciferin_score	8.06091	2UUY_rec	2UUY_lig
lightdock	luciferin_score	7.58926	2UUY_rec	2UUY_lig
lightdock	luciferin_score	7.49241	2UUY_rec	2UUY_lig
lightdock	luciferin_score	7.29781	2UUY_rec	2UUY_lig
lightdock	luciferin_score	7.22228	2UUY_rec	2UUY_lig
lightdock	luciferin_score	7.2011	2UUY_rec	2UUY_lig
lightdock	luciferin_score	7.15051	2UUY_rec	2UUY_lig
lightdock	luciferin_score	6.99039	2UUY_rec	2UUY_lig
lightdock	luciferin_score	6.91689	2UUY_rec	2UUY_lig
lightdock	luciferin_score	6.87583	2UUY_rec	2UUY_lig
lightdock	luciferin_score	6.79107	2UUY_rec	2UUY_lig
lightdock	luciferin_score	6.51455	2UUY_rec	2UUY_lig
lightdock	luciferin_score	6.49625	2UUY_rec	2UUY_lig
lightdock	luciferin_score	6.47317	2UUY_rec	2UUY_lig
lightdock	luciferin_score	6.43839	2UUY_rec	2UUY_lig
lightdock	luciferin_score	6.26295	2UUY_rec	2UUY_lig
lightdock	luciferin_score	6.21886	2UUY_rec	2UUY_lig
lightdock	luciferin_score	6.15391	2UUY_rec	2UUY_lig
lightdock	luciferin_score	6.07028	2UUY_rec	2UUY_lig
lightdock	luciferin_score	6.01567	2UUY_rec	2UUY_lig
lightdock	luciferin_score	5.847	2UUY_rec	2UUY_lig
lightdock	luciferin_score	5.54219	2UUY_rec	2UUY_lig
lightdock	luciferin_score	5.49807	2UUY_rec	2UUY_lig
lightdock	luciferin_score	5.38245	2UUY_rec	2UUY_lig
lightdock	luciferin_score	5.33423	2UUY_rec	2UUY_lig
lightdock	luciferin_score	5.27451	2UUY_rec	2UUY_lig
lightdock	luciferin_score	5.25308	2UUY_rec	2UUY_lig
lightdock	luciferin_score	5.14217	2UUY_rec	2UUY_lig
lightdock	luciferin_score	4.83001	2UUY_rec	2UUY_lig
lightdock	luciferin_score	4.82854	2UUY_rec	2UUY_lig
lightdock	luciferin_score	3.94412	2UUY_rec	2UUY_lig
lightdock	luciferin_score	3.77412	2UUY_rec	2UUY_lig
lightdock	luciferin_score	1.51104	2UUY_rec	2UUY_lig
lightdock	luciferin_score	-0.34457	2UUY_rec	2UUY_lig
lightdock	luciferin_score	-2.15904	2UUY_rec	2UUY_lig
lightdock	luciferin_score	-2.45311	2UUY_rec	2UUY_lig
lightdock	luciferin_score	-2.66199	2UUY_rec	2UUY_lig
lightdock	luciferin_score	-3.35935	2UUY_rec	2UUY_lig
lightdock	luciferin_score	-6.11151	2UUY_rec	2UUY_lig
lightdock	luciferin_score	-9.30906	2UUY_rec	2UUY_lig
lightdock	luciferin_score	-9.72899	2UUY_rec	2UUY_lig
lightdock	luciferin_score	-17.41703	2UUY_rec	2UUY_lig
lightdock	luciferin_score	-17.72603	2UUY_rec	2UUY_lig
lightdock	luciferin_score	-22.47523	2UUY_rec	2UUY_lig
lightdock	luciferin_score	-33.73432	2UUY_rec	2UUY_lig
lightdock	luciferin_score	-40.44538	2UUY_rec	2UUY_lig
lightdock	luciferin_score	-51.5963	2UUY_rec	2UUY_lig
lightdock	luciferin_score	18.37619	2UUY_rec	2UUY_lig
lightdock	luciferin_score	15.04671	2UUY_rec	2UUY_lig
lightdock	luciferin_score	14.56502	2UUY_rec	2UUY_lig
lightdock	luciferin_score	13.9541	2UUY_rec	2UUY_lig
lightdock	luciferin_score	13.68711	2UUY_rec	2UUY_lig
lightdock	luciferin_score	13.50467	2UUY_rec	2UUY_lig
lightdock	luciferin_score	13.05136	2UUY_rec	2UUY_lig
lightdock	luciferin_score	12.83042	2UUY_rec	2UUY_lig
lightdock	luciferin_score	12.26511	2UUY_rec	2UUY_lig
lightdock	luciferin_score	11.99766	2UUY_rec	2UUY_lig
lightdock	luciferin_score	11.83178	2UUY_rec	2UUY_lig
lightdock	luciferin_score	11.81092	2UUY_rec	2UUY_lig
lightdock	luciferin_score	11.78518	2UUY_rec	2UUY_lig
lightdock	luciferin_score	11.66722	2UUY_rec	2UUY_lig
lightdock	luciferin_score	10.87657	2UUY_rec	2UUY_lig
lightdock	luciferin_score	10.75144	2UUY_rec	2UUY_lig
lightdock	luciferin_score	10.56375	2UUY_rec	2UUY_lig
lightdock	luciferin_score	10.46495	2UUY_rec	2UUY_lig
lightdock	luciferin_score	9.86019	2UUY_rec	2UUY_lig
lightdock	luciferin_score	9.68766	2UUY_rec	2UUY_lig
lightdock	luciferin_score	9.6642	2UUY_rec	2UUY_lig
lightdock	luciferin_score	9.32505	2UUY_rec	2UUY_lig
lightdock	luciferin_score	9.21176	2UUY_rec	2UUY_lig
lightdock	luciferin_score	9.08401	2UUY_rec	2UUY_lig
lightdock	luciferin_score	8.84898	2UUY_rec	2UUY_lig
lightdock	luciferin_score	8.40154	2UUY_rec	2UUY_lig
lightdock	luciferin_score	8.18886	2UUY_rec	2UUY_lig
lightdock	luciferin_score	8.06105	2UUY_rec	2UUY_lig
lightdock	luciferin_score	7.95081	2UUY_rec	2UUY_lig
lightdock	luciferin_score	7.46027	2UUY_rec	2UUY_lig
lightdock	luciferin_score	7.15509	2UUY_rec	2UUY_lig
lightdock	luciferin_score	6.08753	2UUY_rec	2UUY_lig
lightdock	luciferin_score	5.83491	2UUY_rec	2UUY_lig
lightdock	luciferin_score	5.74671	2UUY_rec	2UUY_lig
lightdock	luciferin_score	5.56751	2UUY_rec	2UUY_lig
lightdock	luciferin_score	4.20773	2UUY_rec	2UUY_lig
lightdock	luciferin_score	3.14347	2UUY_rec	2UUY_lig
lightdock	luciferin_score	2.65869	2UUY_rec	2UUY_lig
lightdock	luciferin_score	2.37891	2UUY_rec	2UUY_lig
lightdock	luciferin_score	2.00518	2UUY_rec	2UUY_lig
lightdock	luciferin_score	1.80913	2UUY_rec	2UUY_lig
lightdock	luciferin_score	-0.48889	2UUY_rec	2UUY_lig
lightdock	luciferin_score	-2.21437	2UUY_rec	2UUY_lig
lightdock	luciferin_score	-3.48071	2UUY_rec	2UUY_lig
lightdock	luciferin_score	-4.61924	2UUY_rec	2UUY_lig
lightdock	luciferin_score	-8.35249	2UUY_rec	2UUY_lig
lightdock	luciferin_score	-9.0871	2UUY_rec	2UUY_lig
lightdock	luciferin_score	-10.19348	2UUY_rec	2UUY_lig
lightdock	luciferin_score	-19.50233	2UUY_rec	2UUY_lig
lightdock	luciferin_score	-19.77233	2UUY_rec	2UUY_lig
lightdock	luciferin_score	-19.78649	2UUY_rec	2UUY_lig
lightdock	luciferin_score	-20.22754	2UUY_rec	2UUY_lig
lightdock	luciferin_score	-24.10521	2UUY_rec	2UUY_lig
lightdock	luciferin_score	-39.24879	2UUY_rec	2UUY_lig
lightdock	luciferin_score	-43.82497	2UUY_rec	2UUY_lig
lightdock	luciferin_score	-49.26405	2UUY_rec	2UUY_lig
lightdock	luciferin_score	-53.27705	2UUY_rec	2UUY_lig
lightdock	luciferin_score	-55.19397	2UUY_rec	2UUY_lig
lightdock	luciferin_score	-59.32498	2UUY_rec	2UUY_lig
lightdock	luciferin_score	-66.58324	2UUY_rec	2UUY_lig
lightdock	luciferin_score	-79.01514	2UUY_rec	2UUY_lig
lightdock	luciferin_score	-95.41833	2UUY_rec	2UUY_lig
lightdock	luciferin_score	14.43411	2UUY_rec	2UUY_lig
lightdock	luciferin_score	13.54455	2UUY_rec	2UUY_lig
lightdock	luciferin_score	12.8516	2UUY_rec	2UUY_lig
lightdock	luciferin_score	12.79722	2UUY_rec	2UUY_lig
lightdock	luciferin_score	12.30015	2UUY_rec	2UUY_lig
lightdock	luciferin_score	12.2998	2UUY_rec	2UUY_lig
lightdock	luciferin_score	12.22687	2UUY_rec	2UUY_lig
lightdock	luciferin_score	12.04717	2UUY_rec	2UUY_lig
lightdock	luciferin_score	11.15932	2UUY_rec	2UUY_lig
lightdock	luciferin_score	10.78005	2UUY_rec	2UUY_lig
lightdock	luciferin_score	10.29963	2UUY_rec	2UUY_lig
lightdock	luciferin_score	10.24134	2UUY_rec	2UUY_lig
lightdock	luciferin_score	10.23502	2UUY_rec	2UUY_lig
lightdock	luciferin_score	10.15282	2UUY_rec	2UUY_lig
lightdock	luciferin_score	10.06177	2UUY_rec	2UUY_lig
lightdock	luciferin_score	10.03827	2UUY_rec	2UUY_lig
lightdock	luciferin_score	9.91389	2UUY_rec	2UUY_lig
lightdock	luciferin_score	9.86432	2UUY_rec	2UUY_lig
lightdock	luciferin_score	9.75987	2UUY_rec	2UUY_lig
lightdock	luciferin_score	9.60116	2UUY_rec	2UUY_lig
lightdock	luciferin_score	9.27656	2UUY_rec	2UUY_lig
lightdock	luciferin_score	9.26351	2UUY_rec	2UUY_lig
lightdock	luciferin_score	9.17881	2UUY_rec	2UUY_lig
lightdock	luciferin_score	8.88407	2UUY_rec	2UUY_lig
lightdock	luciferin_score	8.71829	2UUY_rec	2UUY_lig
lightdock	luciferin_score	8.60718	2UUY_rec	2UUY_lig
lightdock	luciferin_score	8.35119	2UUY_rec	2UUY_lig
lightdock	luciferin_score	8.3494	2UUY_rec	2UUY_lig
lightdock	luciferin_score	8.24071	2UUY_rec	2UUY_lig
lightdock	luciferin_score	8.16843	2UUY_rec	2UUY_lig
lightdock	luciferin_score	7.94274	2UUY_rec	2UUY_lig
lightdock	luciferin_score	7.93588	2UUY_rec	2UUY_lig
lightdock	luciferin_score	7.82646	2UUY_rec	2UUY_lig
lightdock	luciferin_score	7.71032	2UUY_rec	2UUY_lig
lightdock	luciferin_score	7.65256	2UUY_rec	2UUY_lig
lightdock	luciferin_score	7.56771	2UUY_rec	2UUY_lig
lightdock	luciferin_score	7.49933	2UUY_rec	2UUY_lig
lightdock	luciferin_score	7.44531	2UUY_rec	2UUY_lig
lightdock	luciferin_score	6.64004	2UUY_rec	2UUY_lig
lightdock	luciferin_score	6.24186	2UUY_rec	2UUY_lig
lightdock	luciferin_score	5.97962	2UUY_rec	2UUY_lig
lightdock	luciferin_score	5.94689	2UUY_rec	2UUY_lig
lightdock	luciferin_score	5.73171	2UUY_rec	2UUY_lig
lightdock	luciferin_score	5.68063	2UUY_rec	2UUY_lig
lightdock	luciferin_score	5.55321	2UUY_rec	2UUY_lig
lightdock	luciferin_score	5.31097	2UUY_rec	2UUY_lig
lightdock	luciferin_score	5.03096	2UUY_rec	2UUY_lig
lightdock	luciferin_score	5.00292	2UUY_rec	2UUY_lig
lightdock	luciferin_score	4.96746	2UUY_rec	2UUY_lig
lightdock	luciferin_score	4.38582	2UUY_rec	2UUY_lig
lightdock	luciferin_score	3.87152	2UUY_rec	2UUY_lig
lightdock	luciferin_score	1.13619	2UUY_rec	2UUY_lig
lightdock	luciferin_score	-0.25476	2UUY_rec	2UUY_lig
lightdock	luciferin_score	-4.61805	2UUY_rec	2UUY_lig
lightdock	luciferin_score	-5.6585	2UUY_rec	2UUY_lig
lightdock	luciferin_score	-5.91884	2UUY_rec	2UUY_lig
lightdock	luciferin_score	-9.41749	2UUY_rec	2UUY_lig
lightdock	luciferin_score	-16.8045	2UUY_rec	2UUY_lig
lightdock	luciferin_score	-20.28804	2UUY_rec	2UUY_lig
lightdock	luciferin_score	-33.2672	2UUY_rec	2UUY_lig
lightdock	luciferin_score	-37.72813	2UUY_rec	2UUY_lig
lightdock	luciferin_score	-45.26515	2UUY_rec	2UUY_lig
lightdock	luciferin_score	-50.22049	2UUY_rec	2UUY_lig
lightdock	luciferin_score	22.41057	2UUY_rec	2UUY_lig
lightdock	luciferin_score	18.51697	2UUY_rec	2UUY_lig
lightdock	luciferin_score	17.71422	2UUY_rec	2UUY_lig
lightdock	luciferin_score	17.09788	2UUY_rec	2UUY_lig
lightdock	luciferin_score	16.75931	2UUY_rec	2UUY_lig
lightdock	luciferin_score	16.35043	2UUY_rec	2UUY_lig
lightdock	luciferin_score	15.97958	2UUY_rec	2UUY_lig
lightdock	luciferin_score	14.17012	2UUY_rec	2UUY_lig
lightdock	luciferin_score	12.96447	2UUY_rec	2UUY_lig
lightdock	luciferin_score	12.89115	2UUY_rec	2UUY_lig
lightdock	luciferin_score	12.88393	2UUY_rec	2UUY_lig
lightdock	luciferin_score	12.86825	2UUY_rec	2UUY_lig
lightdock	luciferin_score	12.78106	2UUY_rec	2UUY_lig
lightdock	luciferin_score	12.63387	2UUY_rec	2UUY_lig
lightdock	luciferin_score	12.59644	2UUY_rec	2UUY_lig
lightdock	luciferin_score	12.35898	2UUY_rec	2UUY_lig
lightdock	luciferin_score	12.27744	2UUY_rec	2UUY_lig
lightdock	luciferin_score	12.20769	2UUY_rec	2UUY_lig
lightdock	luciferin_score	11.8913	2UUY_rec	2UUY_lig
lightdock	luciferin_score	11.64354	2UUY_rec	2UUY_lig
lightdock	luciferin_score	11.32458	2UUY_rec	2UUY_lig
lightdock	luciferin_score	11.24792	2UUY_rec	2UUY_lig
lightdock	luciferin_score	10.86382	2UUY_rec	2UUY_lig
lightdock	luciferin_score	10.77198	2UUY_rec	2UUY_lig
lightdock	luciferin_score	10.75764	2UUY_rec	2UUY_lig
lightdock	luciferin_score	10.67759	2UUY_rec	2UUY_lig
lightdock	luciferin_score	10.36427	2UUY_rec	2UUY_lig
lightdock	luciferin_score	10.08561	2UUY_rec	2UUY_lig
lightdock	luciferin_score	9.02243	2UUY_rec	2UUY_lig
lightdock	luciferin_score	8.83391	2UUY_rec	2UUY_lig
lightdock	luciferin_score	8.09139	2UUY_rec	2UUY_lig
lightdock	luciferin_score	7.93353	2UUY_rec	2UUY_lig
lightdock	luciferin_score	7.52551	2UUY_rec	2UUY_lig
lightdock	luciferin_score	6.80622	2UUY_rec	2UUY_lig
lightdock	luciferin_score	6.7584	2UUY_rec	2UUY_lig
lightdock	luciferin_score	6.27756	2UUY_rec	2UUY_lig
lightdock	luciferin_score	5.66423	2UUY_rec	2UUY_lig
lightdock	luciferin_score	4.78466	2UUY_rec	2UUY_lig
lightdock	luciferin_score	4.25635	2UUY_rec	2UUY_lig
lightdock	luciferin_score	0.49369	2UUY_rec	2UUY_lig
lightdock	luciferin_score	-0.10821	2UUY_rec	2UUY_lig
lightdock	luciferin_score	-3.04286	2UUY_rec	2UUY_lig
lightdock	luciferin_score	-3.41025	2UUY_rec	2UUY_lig
lightdock	luciferin_score	-3.92771	2UUY_rec	2UUY_lig
lightdock	luciferin_score	-4.71125	2UUY_rec	2UUY_lig
lightdock	luciferin_score	-4.71532	2UUY_rec	2UUY_lig
lightdock	luciferin_score	-8.48126	2UUY_rec	2UUY_lig
lightdock	luciferin_score	-8.94505	2UUY_rec	2UUY_lig
lightdock	luciferin_score	-9.81812	2UUY_rec	2UUY_lig
lightdock	luciferin_score	-18.59139	2UUY_rec	2UUY_lig
lightdock	luciferin_score	-21.62421	2UUY_rec	2UUY_lig
lightdock	luciferin_score	-23.67595	2UUY_rec	2UUY_lig
lightdock	luciferin_score	-27.02748	2UUY_rec	2UUY_lig
lightdock	luciferin_score	-33.35063	2UUY_rec	2UUY_lig
lightdock	luciferin_score	-38.84242	2UUY_rec	2UUY_lig
lightdock	luciferin_score	-40.65139	2UUY_rec	2UUY_lig
lightdock	luciferin_score	-40.99688	2UUY_rec	2UUY_lig
lightdock	luciferin_score	16.60798	2UUY_rec	2UUY_lig
lightdock	luciferin_score	15.44539	2UUY_rec	2UUY_lig
lightdock	luciferin_score	14.82851	2UUY_rec	2UUY_lig
lightdock	luciferin_score	14.74088	2UUY_rec	2UUY_lig
lightdock	luciferin_score	14.17329	2UUY_rec	2UUY_lig
lightdock	luciferin_score	14.0519	2UUY_rec	2UUY_lig
lightdock	luciferin_score	13.87666	2UUY_rec	2UUY_lig
lightdock	luciferin_score	13.7586	2UUY_rec	2UUY_lig
lightdock	luciferin_score	13.28718	2UUY_rec	2UUY_lig
lightdock	luciferin_score	12.23132	2UUY_rec	2UUY_lig
lightdock	luciferin_score	12.13543	2UUY_rec	2UUY_lig
lightdock	luciferin_score	12.03887	2UUY_rec	2UUY_lig
lightdock	luciferin_score	11.96972	2UUY_rec	2UUY_lig
lightdock	luciferin_score	11.6528	2UUY_rec	2UUY_lig
lightdock	luciferin_score	11.16156	2UUY_rec	2UUY_lig
lightdock	luciferin_score	11.10963	2UUY_rec	2UUY_lig
lightdock	luciferin_score	11.03384	2UUY_rec	2UUY_lig
lightdock	luciferin_score	10.78282	2UUY_rec	2UUY_lig
lightdock	luciferin_score	10.63985	2UUY_rec	2UUY_lig
lightdock	luciferin_score	10.59299	2UUY_rec	2UUY_lig
lightdock	luciferin_score	10.30968	2UUY_rec	2UUY_lig
lightdock	luciferin_score	10.15698	2UUY_rec	2UUY_lig
lightdock	luciferin_score	10.07707	2UUY_rec	2UUY_lig
lightdock	luciferin_score	9.92574	2UUY_rec	2UUY_lig
lightdock	luciferin_score	9.91658	2UUY_rec	2UUY_lig
lightdock	luciferin_score	9.78776	2UUY_rec	2UUY_lig
lightdock	luciferin_score	8.98024	2UUY_rec	2UUY_lig
lightdock	luciferin_score	8.95015	2UUY_rec	2UUY_lig
lightdock	luciferin_score	8.4985	2UUY_rec	2UUY_lig
lightdock	luciferin_score	8.43496	2UUY_rec	2UUY_lig
lightdock	luciferin_score	8.14651	2UUY_rec	2UUY_lig
lightdock	luciferin_score	8.03257	2UUY_rec	2UUY_lig
lightdock	luciferin_score	7.94453	2UUY_rec	2UUY_lig
lightdock	luciferin_score	7.74387	2UUY_rec	2UUY_lig
lightdock	luciferin_score	7.31296	2UUY_rec	2UUY_lig
lightdock	luciferin_score	6.28238	2UUY_rec	2UUY_lig
lightdock	luciferin_score	6.17014	2UUY_rec	2UUY_lig
lightdock	luciferin_score	6.11395	2UUY_rec	2UUY_lig
lightdock	luciferin_score	6.03787	2UUY_rec	2UUY_lig
lightdock	luciferin_score	5.47827	2UUY_rec	2UUY_lig
lightdock	luciferin_score	5.02252	2UUY_rec	2UUY_lig
lightdock	luciferin_score	4.8907	2UUY_rec	2UUY_lig
lightdock	luciferin_score	4.86999	2UUY_rec	2UUY_lig
lightdock	luciferin_score	4.40875	2UUY_rec	2UUY_lig
lightdock	luciferin_score	3.4262	2UUY_rec	2UUY_lig
lightdock	luciferin_score	2.99161	2UUY_rec	2UUY_lig
lightdock	luciferin_score	2.16096	2UUY_rec	2UUY_lig
lightdock	luciferin_score	-0.64808	2UUY_rec	2UUY_lig
lightdock	luciferin_score	-1.11075	2UUY_rec	2UUY_lig
lightdock	luciferin_score	-2.40702	2UUY_rec	2UUY_lig
lightdock	luciferin_score	-2.60023	2UUY_rec	2UUY_lig
lightdock	luciferin_score	-2.90768	2UUY_rec	2UUY_lig
lightdock	luciferin_score	-4.63435	2UUY_rec	2UUY_lig
lightdock	luciferin_score	-4.93128	2UUY_rec	2UUY_lig
lightdock	luciferin_score	-6.07343	2UUY_rec	2UUY_lig
lightdock	luciferin_score	-6.96225	2UUY_rec	2UUY_lig
lightdock	luciferin_score	-8.53625	2UUY_rec	2UUY_lig
lightdock	luciferin_score	-10.71032	2UUY_rec	2UUY_lig
lightdock	luciferin_score	-12.91315	2UUY_rec	2UUY_lig
lightdock	luciferin_score	-14.36663	2UUY_rec	2UUY_lig
lightdock	luciferin_score	-14.38843	2UUY_rec	2UUY_lig
lightdock	luciferin_score	-31.58708	2UUY_rec	2UUY_lig
lightdock	luciferin_score	-38.13939	2UUY_rec	2UUY_lig
lightdock	luciferin_score	-41.17458	2UUY_rec	2UUY_lig
lightdock	luciferin_score	-43.72504	2UUY_rec	2UUY_lig
lightdock	luciferin_score	-46.13155	2UUY_rec	2UUY_lig
lightdock	luciferin_score	19.81982	2UUY_rec	2UUY_lig
lightdock	luciferin_score	18.24967	2UUY_rec	2UUY_lig
lightdock	luciferin_score	14.70816	2UUY_rec	2UUY_lig
lightdock	luciferin_score	14.23696	2UUY_rec	2UUY_lig
lightdock	luciferin_score	12.44565	2UUY_rec	2UUY_lig
lightdock	luciferin_score	12.21651	2UUY_rec	2UUY_lig
lightdock	luciferin_score	12.20639	2UUY_rec	2UUY_lig
lightdock	luciferin_score	11.47828	2UUY_rec	2UUY_lig
lightdock	luciferin_score	11.41853	2UUY_rec	2UUY_lig
lightdock	luciferin_score	11.16124	2UUY_rec	2UUY_lig
lightdock	luciferin_score	10.57942	2UUY_rec	2UUY_lig
lightdock	luciferin_score	10.55401	2UUY_rec	2UUY_lig
lightdock	luciferin_score	10.52382	2UUY_rec	2UUY_lig
lightdock	luciferin_score	10.49889	2UUY_rec	2UUY_lig
lightdock	luciferin_score	10.41112	2UUY_rec	2UUY_lig
lightdock	luciferin_score	10.38748	2UUY_rec	2UUY_lig
lightdock	luciferin_score	9.91044	2UUY_rec	2UUY_lig
lightdock	luciferin_score	9.73571	2UUY_rec	2UUY_lig
lightdock	luciferin_score	9.53278	2UUY_rec	2UUY_lig
lightdock	luciferin_score	9.5011	2UUY_rec	2UUY_lig
lightdock	luciferin_score	9.10531	2UUY_rec	2UUY_lig
lightdock	luciferin_score	9.04151	2UUY_rec	2UUY_lig
lightdock	luciferin_score	8.83445	2UUY_rec	2UUY_lig
lightdock	luciferin_score	8.79308	2UUY_rec	2UUY_lig
lightdock	luciferin_score	8.67581	2UUY_rec	2UUY_lig
lightdock	luciferin_score	8.46445	2UUY_rec	2UUY_lig
lightdock	luciferin_score	7.98324	2UUY_rec	2UUY_lig
lightdock	luciferin_score	7.85539	2UUY_rec	2UUY_lig
lightdock	luciferin_score	7.85325	2UUY_rec	2UUY_lig
lightdock	luciferin_score	7.80902	2UUY_rec	2UUY_lig
lightdock	luciferin_score	7.72986	2UUY_rec	2UUY_lig
lightdock	luciferin_score	7.62289	2UUY_rec	2UUY_lig
lightdock	luciferin_score	7.53986	2UUY_rec	2UUY_lig
lightdock	luciferin_score	7.48661	2UUY_rec	2UUY_lig
lightdock	luciferin_score	7.18763	2UUY_rec	2UUY_lig
lightdock	luciferin_score	7.13662	2UUY_rec	2UUY_lig
lightdock	luciferin_score	6.96434	2UUY_rec	2UUY_lig
lightdock	luciferin_score	6.94183	2UUY_rec	2UUY_lig
lightdock	luciferin_score	6.48269	2UUY_rec	2UUY_lig
lightdock	luciferin_score	6.33755	2UUY_rec	2UUY_lig
lightdock	luciferin_score	6.06355	2UUY_rec	2UUY_lig
lightdock	luciferin_score	6.01508	2UUY_rec	2UUY_lig
lightdock	luciferin_score	5.82578	2UUY_rec	2UUY_lig
lightdock	luciferin_score	5.75995	2UUY_rec	2UUY_lig
lightdock	luciferin_score	5.70363	2UUY_rec	2UUY_lig
lightdock	luciferin_score	5.49148	2UUY_rec	2UUY_lig
lightdock	luciferin_score	5.38601	2UUY_rec	2UUY_lig
lightdock	luciferin_score	4.85856	2UUY_rec	2UUY_lig
lightdock	luciferin_score	4.35264	2UUY_rec	2UUY_lig
lightdock	luciferin_score	4.27156	2UUY_rec	2UUY_lig
lightdock	luciferin_score	3.41723	2UUY_rec	2UUY_lig
lightdock	luciferin_score	0.86848	2UUY_rec	2UUY_lig
lightdock	luciferin_score	-0.93779	2UUY_rec	2UUY_lig
lightdock	luciferin_score	-2.20831	2UUY_rec	2UUY_lig
lightdock	luciferin_score	-2.98487	2UUY_rec	2UUY_lig
lightdock	luciferin_score	-3.80286	2UUY_rec	2UUY_lig
lightdock	luciferin_score	-4.03303	2UUY_rec	2UUY_lig
lightdock	luciferin_score	-6.70964	2UUY_rec	2UUY_lig
lightdock	luciferin_score	-9.37768	2UUY_rec	2UUY_lig
lightdock	luciferin_score	-9.94551	2UUY_rec	2UUY_lig
lightdock	luciferin_score	-11.89514	2UUY_rec	2UUY_lig
lightdock	luciferin_score	-12.84041	2UUY_rec	2UUY_lig
lightdock	luciferin_score	-14.44028	2UUY_rec	2UUY_lig
lightdock	luciferin_score	-26.26346	2UUY_rec	2UUY_lig
lightdock	luciferin_score	-28.7815	2UUY_rec	2UUY_lig
lightdock	luciferin_score	-35.89845	2UUY_rec	2UUY_lig
lightdock	luciferin_score	14.58539	2UUY_rec	2UUY_lig
lightdock	luciferin_score	14.15872	2UUY_rec	2UUY_lig
lightdock	luciferin_score	13.70773	2UUY_rec	2UUY_lig
lightdock	luciferin_score	13.11412	2UUY_rec	2UUY_lig
lightdock	luciferin_score	12.82629	2UUY_rec	2UUY_lig
lightdock	luciferin_score	12.56818	2UUY_rec	2UUY_lig
lightdock	luciferin_score	12.56695	2UUY_rec	2UUY_lig
lightdock	luciferin_score	11.87351	2UUY_rec	2UUY_lig
lightdock	luciferin_score	11.87316	2UUY_rec	2UUY_lig
lightdock	luciferin_score	11.51303	2UUY_rec	2UUY_lig
lightdock	luciferin_score	11.45339	2UUY_rec	2UUY_lig
lightdock	luciferin_score	11.36925	2UUY_rec	2UUY_lig
lightdock	luciferin_score	11.12421	2UUY_rec	2UUY_lig
lightdock	luciferin_score	11.02869	2UUY_rec	2UUY_lig
lightdock	luciferin_score	11.01294	2UUY_rec	2UUY_lig
lightdock	luciferin_score	10.84679	2UUY_rec	2UUY_lig
lightdock	luciferin_score	10.05047	2UUY_rec	2UUY_lig
lightdock	luciferin_score	9.84209	2UUY_rec	2UUY_lig
lightdock	luciferin_score	9.81186	2UUY_rec	2UUY_lig
lightdock	luciferin_score	9.69102	2UUY_rec	2UUY_lig
lightdock	luciferin_score	9.68651	2UUY_rec	2UUY_lig
lightdock	luciferin_score	9.64839	2UUY_rec	2UUY_lig
lightdock	luciferin_score	9.49911	2UUY_rec	2UUY_lig
lightdock	luciferin_score	9.32354	2UUY_rec	2UUY_lig
lightdock	luciferin_score	9.25794	2UUY_rec	2UUY_lig
lightdock	luciferin_score	9.14974	2UUY_rec	2UUY_lig
lightdock	luciferin_score	9.02292	2UUY_rec	2UUY_lig
lightdock	luciferin_score	8.88762	2UUY_rec	2UUY_lig
lightdock	luciferin_score	8.80495	2UUY_rec	2UUY_lig
lightdock	luciferin_score	8.64442	2UUY_rec	2UUY_lig
lightdock	luciferin_score	8.15901	2UUY_rec	2UUY_lig
lightdock	luciferin_score	8.09249	2UUY_rec	2UUY_lig
lightdock	luciferin_score	7.78426	2UUY_rec	2UUY_lig
lightdock	luciferin_score	7.48615	2UUY_rec	2UUY_lig
lightdock	luciferin_score	7.33946	2UUY_rec	2UUY_lig
lightdock	luciferin_score	7.21125	2UUY_rec	2UUY_lig
lightdock	luciferin_score	6.9804	2UUY_rec	2UUY_lig
lightdock	luciferin_score	6.84913	2UUY_rec	2UUY_lig
lightdock	luciferin_score	6.51401	2UUY_rec	2UUY_lig
lightdock	luciferin_score	6.29584	2UUY_rec	2UUY_lig
lightdock	luciferin_score	6.19656	2UUY_rec	2UUY_lig
lightdock	luciferin_score	5.85733	2UUY_rec	2UUY_lig
lightdock	luciferin_score	5.64266	2UUY_rec	2UUY_lig
lightdock	luciferin_score	5.08443	2UUY_rec	2UUY_lig
lightdock	luciferin_score	5.08271	2UUY_rec	2UUY_lig
lightdock	luciferin_score	4.12521	2UUY_rec	2UUY_lig
lightdock	luciferin_score	3.72847	2UUY_rec	2UUY_lig
lightdock	luciferin_score	3.29316	2UUY_rec	2UUY_lig
lightdock	luciferin_score	-0.00367	2UUY_rec	2UUY_lig
lightdock	luciferin_score	-0.65311	2UUY_rec	2UUY_lig
lightdock	luciferin_score	-0.77089	2UUY_rec	2UUY_lig
lightdock	luciferin_score	-1.31372	2UUY_rec	2UUY_lig
lightdock	luciferin_score	-1.89011	2UUY_rec	2UUY_lig
lightdock	luciferin_score	-3.83554	2UUY_rec	2UUY_lig
lightdock	luciferin_score	-4.42027	2UUY_rec	2UUY_lig
lightdock	luciferin_score	-5.91246	2UUY_rec	2UUY_lig
lightdock	luciferin_score	-8.96414	2UUY_rec	2UUY_lig
lightdock	luciferin_score	-10.22937	2UUY_rec	2UUY_lig
lightdock	luciferin_score	-11.46441	2UUY_rec	2UUY_lig
lightdock	luciferin_score	-11.82505	2UUY_rec	2UUY_lig
lightdock	luciferin_score	-12.99449	2UUY_rec	2UUY_lig
lightdock	luciferin_score	-15.29513	2UUY_rec	2UUY_lig
lightdock	luciferin_score	-18.04232	2UUY_rec	2UUY_lig
lightdock	luciferin_score	-20.93483	2UUY_rec	2UUY_lig
lightdock	luciferin_score	-44.51122	2UUY_rec	2UUY_lig
lightdock	luciferin_score	-53.68735	2UUY_rec	2UUY_lig
lightdock	luciferin_score	-58.6716	2UUY_rec	2UUY_lig
lightdock	luciferin_score	-68.29693	2UUY_rec	2UUY_lig
lightdock	luciferin_score	13.51692	2UUY_rec	2UUY_lig
lightdock	luciferin_score	13.17235	2UUY_rec	2UUY_lig
lightdock	luciferin_score	12.99443	2UUY_rec	2UUY_lig
lightdock	luciferin_score	12.83527	2UUY_rec	2UUY_lig
lightdock	luciferin_score	12.60427	2UUY_rec	2UUY_lig
lightdock	luciferin_score	12.32806	2UUY_rec	2UUY_lig
lightdock	luciferin_score	12.14524	2UUY_rec	2UUY_lig
lightdock	luciferin_score	11.61836	2UUY_rec	2UUY_lig
lightdock	luciferin_score	11.58131	2UUY_rec	2UUY_lig
lightdock	luciferin_score	11.54484	2UUY_rec	2UUY_lig
lightdock	luciferin_score	11.43826	2UUY_rec	2UUY_lig
lightdock	luciferin_score	11.32885	2UUY_rec	2UUY_lig
lightdock	luciferin_score	11.16224	2UUY_rec	2UUY_lig
lightdock	luciferin_score	11.02044	2UUY_rec	2UUY_lig
lightdock	luciferin_score	10.98812	2UUY_rec	2UUY_lig
lightdock	luciferin_score	10.97394	2UUY_rec	2UUY_lig
lightdock	luciferin_score	10.82092	2UUY_rec	2UUY_lig
lightdock	luciferin_score	10.8013	2UUY_rec	2UUY_lig
lightdock	luciferin_score	10.44918	2UUY_rec	2UUY_lig
lightdock	luciferin_score	9.95624	2UUY_rec	2UUY_lig
lightdock	luciferin_score	9.79129	2UUY_rec	2UUY_lig
lightdock	luciferin_score	9.65678	2UUY_rec	2UUY_lig
lightdock	luciferin_score	9.59711	2UUY_rec	2UUY_lig
lightdock	luciferin_score	9.59343	2UUY_rec	2UUY_lig
lightdock	luciferin_score	9.46239	2UUY_rec	2UUY_lig
lightdock	luciferin_score	9.08216	2UUY_rec	2UUY_lig
lightdock	luciferin_score	8.97795	2UUY_rec	2UUY_lig
lightdock	luciferin_score	8.916	2UUY_rec	2UUY_lig
lightdock	luciferin_score	8.58125	2UUY_rec	2UUY_lig
lightdock	luciferin_score	8.39254	2UUY_rec	2UUY_lig
lightdock	luciferin_score	7.68901	2UUY_rec	2UUY_lig
lightdock	luciferin_score	7.63217	2UUY_rec	2UUY_lig
lightdock	luciferin_score	7.47333	2UUY_rec	2UUY_lig
lightdock	luciferin_score	7.43992	2UUY_rec	2UUY_lig
lightdock	luciferin_score	7.37996	2UUY_rec	2UUY_lig
lightdock	luciferin_score	7.18295	2UUY_rec	2UUY_lig
lightdock	luciferin_score	6.94424	2UUY_rec	2UUY_lig
lightdock	luciferin_score	6.28381	2UUY_rec	2UUY_lig
lightdock	luciferin_score	6.09263	2UUY_rec	2UUY_lig
lightdock	luciferin_score	5.88162	2UUY_rec	2UUY_lig
lightdock	luciferin_score	5.26028	2UUY_rec	2UUY_lig
lightdock	luciferin_score	4.93992	2UUY_rec	2UUY_lig
lightdock	luciferin_score	4.68754	2UUY_rec	2UUY_lig
lightdock	luciferin_score	2.71875	2UUY_rec	2UUY_lig
lightdock	luciferin_score	1.92366	2UUY_rec	2UUY_lig
lightdock	luciferin_score	1.73302	2UUY_rec	2UUY_lig
lightdock	luciferin_score	0.05168	2UUY_rec	2UUY_lig
lightdock	luciferin_score	-1.27919	2UUY_rec	2UUY_lig
lightdock	luciferin_score	-2.03238	2UUY_rec	2UUY_lig
lightdock	luciferin_score	-3.14672	2UUY_rec	2UUY_lig
lightdock	luciferin_score	-4.35953	2UUY_rec	2UUY_lig
lightdock	luciferin_score	-6.44176	2UUY_rec	2UUY_lig
lightdock	luciferin_score	-7.40554	2UUY_rec	2UUY_lig
lightdock	luciferin_score	-9.77306	2UUY_rec	2UUY_lig
lightdock	luciferin_score	-9.82518	2UUY_rec	2UUY_lig
lightdock	luciferin_score	-10.97729	2UUY_rec	2UUY_lig
lightdock	luciferin_score	-11.96871	2UUY_rec	2UUY_lig
lightdock	luciferin_score	-15.9656	2UUY_rec	2UUY_lig
lightdock	luciferin_score	-17.63292	2UUY_rec	2UUY_lig
lightdock	luciferin_score	-20.22186	2UUY_rec	2UUY_lig
lightdock	luciferin_score	-28.10937	2UUY_rec	2UUY_lig
lightdock	luciferin_score	-28.3058	2UUY_rec	2UUY_lig
lightdock	luciferin_score	-31.00328	2UUY_rec	2UUY_lig
lightdock	luciferin_score	-31.958	2UUY_rec	2UUY_lig
lightdock	luciferin_score	-52.97468	2UUY_rec	2UUY_lig
lightdock	luciferin_score	-55.5712	2UUY_rec	2UUY_lig
lightdock	luciferin_score	17.44083	2UUY_rec	2UUY_lig
lightdock	luciferin_score	15.88401	2UUY_rec	2UUY_lig
lightdock	luciferin_score	13.69298	2UUY_rec	2UUY_lig
lightdock	luciferin_score	13.35171	2UUY_rec	2UUY_lig
lightdock	luciferin_score	12.63848	2UUY_rec	2UUY_lig
lightdock	luciferin_score	12.60297	2UUY_rec	2UUY_lig
lightdock	luciferin_score	12.11932	2UUY_rec	2UUY_lig
lightdock	luciferin_score	12.11082	2UUY_rec	2UUY_lig
lightdock	luciferin_score	11.7696	2UUY_rec	2UUY_lig
lightdock	luciferin_score	11.6251	2UUY_rec	2UUY_lig
lightdock	luciferin_score	11.26629	2UUY_rec	2UUY_lig
lightdock	luciferin_score	11.1159	2UUY_rec	2UUY_lig
lightdock	luciferin_score	10.59401	2UUY_rec	2UUY_lig
lightdock	luciferin_score	10.46001	2UUY_rec	2UUY_lig
lightdock	luciferin_score	10.00369	2UUY_rec	2UUY_lig
lightdock	luciferin_score	9.90189	2UUY_rec	2UUY_lig
lightdock	luciferin_score	9.8372	2UUY_rec	2UUY_lig
lightdock	luciferin_score	9.69324	2UUY_rec	2UUY_lig
lightdock	luciferin_score	9.57763	2UUY_rec	2UUY_lig
lightdock	luciferin_score	9.48576	2UUY_rec	2UUY_lig
lightdock	luciferin_score	9.41683	2UUY_rec	2UUY_lig
lightdock	luciferin_score	9.365	2UUY_rec	2UUY_lig
lightdock	luciferin_score	9.06638	2UUY_rec	2UUY_lig
lightdock	luciferin_score	8.6193	2UUY_rec	2UUY_lig
lightdock	luciferin_score	8.50067	2UUY_rec	2UUY_lig
lightdock	luciferin_score	8.36604	2UUY_rec	2UUY_lig
lightdock	luciferin_score	8.16306	2UUY_rec	2UUY_lig
lightdock	luciferin_score	7.81369	2UUY_rec	2UUY_lig
lightdock	luciferin_score	7.67135	2UUY_rec	2UUY_lig
lightdock	luciferin_score	7.62741	2UUY_rec	2UUY_lig
lightdock	luciferin_score	7.55659	2UUY_rec	2UUY_lig
lightdock	luciferin_score	7.23889	2UUY_rec	2UUY_lig
lightdock	luciferin_score	7.09148	2UUY_rec	2UUY_lig
lightdock	luciferin_score	7.0816	2UUY_rec	2UUY_lig
lightdock	luciferin_score	6.81574	2UUY_rec	2UUY_lig
lightdock	luciferin_score	6.64812	2UUY_rec	2UUY_lig
lightdock	luciferin_score	5.7203	2UUY_rec	2UUY_lig
lightdock	luciferin_score	5.52083	2UUY_rec	2UUY_lig
lightdock	luciferin_score	5.19664	2UUY_rec	2UUY_lig
lightdock	luciferin_score	3.4032	2UUY_rec	2UUY_lig
lightdock	luciferin_score	3.09282	2UUY_rec	2UUY_lig
lightdock	luciferin_score	2.53133	2UUY_rec	2UUY_lig
lightdock	luciferin_score	-0.66072	2UUY_rec	2UUY_lig
lightdock	luciferin_score	-1.62956	2UUY_rec	2UUY_lig
lightdock	luciferin_score	-1.86035	2UUY_rec	2UUY_lig
lightdock	luciferin_score	-1.96089	2UUY_rec	2UUY_lig
lightdock	luciferin_score	-3.51218	2UUY_rec	2UUY_lig
lightdock	luciferin_score	-4.78937	2UUY_rec	2UUY_lig
lightdock	luciferin_score	-4.83335	2UUY_rec	2UUY_lig
lightdock	luciferin_score	-8.70077	2UUY_rec	2UUY_lig
lightdock	luciferin_score	-8.73764	2UUY_rec	2UUY_lig
lightdock	luciferin_score	-8.81964	2UUY_rec	2UUY_lig
lightdock	luciferin_score	-13.19871	2UUY_rec	2UUY_lig
lightdock	luciferin_score	-13.45946	2UUY_rec	2UUY_lig
lightdock	luciferin_score	-16.86922	2UUY_rec	2UUY_lig
lightdock	luciferin_score	-19.08402	2UUY_rec	2UUY_lig
lightdock	luciferin_score	-34.80899	2UUY_rec	2UUY_lig
lightdock	luciferin_score	-39.4829	2UUY_rec	2UUY_lig
lightdock	luciferin_score	-40.48891	2UUY_rec	2UUY_lig
lightdock	luciferin_score	-49.55011	2UUY_rec	2UUY_lig
lightdock	luciferin_score	-66.30258	2UUY_rec	2UUY_lig
lightdock	luciferin_score	22.17425	2UUY_rec	2UUY_lig
lightdock	luciferin_score	19.95407	2UUY_rec	2UUY_lig
lightdock	luciferin_score	19.097	2UUY_rec	2UUY_lig
lightdock	luciferin_score	16.49501	2UUY_rec	2UUY_lig
lightdock	luciferin_score	16.40015	2UUY_rec	2UUY_lig
lightdock	luciferin_score	16.01155	2UUY_rec	2UUY_lig
lightdock	luciferin_score	15.65067	2UUY_rec	2UUY_lig
lightdock	luciferin_score	14.63843	2UUY_rec	2UUY_lig
lightdock	luciferin_score	14.56837	2UUY_rec	2UUY_lig
lightdock	luciferin_score	13.97459	2UUY_rec	2UUY_lig
lightdock	luciferin_score	13.82976	2UUY_rec	2UUY_lig
lightdock	luciferin_score	12.80109	2UUY_rec	2UUY_lig
lightdock	luciferin_score	12.45364	2UUY_rec	2UUY_lig
lightdock	luciferin_score	12.43318	2UUY_rec	2UUY_lig
lightdock	luciferin_score	11.79292	2UUY_rec	2UUY_lig
lightdock	luciferin_score	11.51762	2UUY_rec	2UUY_lig
lightdock	luciferin_score	11.29482	2UUY_rec	2UUY_lig
lightdock	luciferin_score	11.24699	2UUY_rec	2UUY_lig
lightdock	luciferin_score	10.5296	2UUY_rec	2UUY_lig
lightdock	luciferin_score	10.49008	2UUY_rec	2UUY_lig
lightdock	luciferin_score	9.887	2UUY_rec	2UUY_lig
lightdock	luciferin_score	9.64411	2UUY_rec	2UUY_lig
lightdock	luciferin_score	9.60378	2UUY_rec	2UUY_lig
lightdock	luciferin_score	8.81432	2UUY_rec	2UUY_lig
lightdock	luciferin_score	8.55665	2UUY_rec	2UUY_lig
lightdock	luciferin_score	7.94876	2UUY_rec	2UUY_lig
lightdock	luciferin_score	7.16757	2UUY_rec	2UUY_lig
lightdock	luciferin_score	7.10764	2UUY_rec	2UUY_lig
lightdock	luciferin_score	6.81058	2UUY_rec	2UUY_lig
lightdock	luciferin_score	6.22145	2UUY_rec	2UUY_lig
lightdock	luciferin_score	5.97962	2UUY_rec	2UUY_lig
lightdock	luciferin_score	5.58476	2UUY_rec	2UUY_lig
lightdock	luciferin_score	5.44445	2UUY_rec	2UUY_lig
lightdock	luciferin_score	5.21328	2UUY_rec	2UUY_lig
lightdock	luciferin_score	4.49602	2UUY_rec	2UUY_lig
lightdock	luciferin_score	3.76272	2UUY_rec	2UUY_lig
lightdock	luciferin_score	1.8434	2UUY_rec	2UUY_lig
lightdock	luciferin_score	0.91468	2UUY_rec	2UUY_lig
lightdock	luciferin_score	0.79669	2UUY_rec	2UUY_lig
lightdock	luciferin_score	0.13813	2UUY_rec	2UUY_lig
lightdock	luciferin_score	-2.44621	2UUY_rec	2UUY_lig
lightdock	luciferin_score	-3.14117	2UUY_rec	2UUY_lig
lightdock	luciferin_score	-5.64324	2UUY_rec	2UUY_lig
lightdock	luciferin_score	-5.9579	2UUY_rec	2UUY_lig
lightdock	luciferin_score	-9.28637	2UUY_rec	2UUY_lig
lightdock	luciferin_score	-9.57167	2UUY_rec	2UUY_lig
lightdock	luciferin_score	-14.01892	2UUY_rec	2UUY_lig
lightdock	luciferin_score	-14.18776	2UUY_rec	2UUY_lig
lightdock	luciferin_score	-14.43055	2UUY_rec	2UUY_lig
lightdock	luciferin_score	-14.50159	2UUY_rec	2UUY_lig
lightdock	luciferin_score	-20.55364	2UUY_rec	2UUY_lig
lightdock	luciferin_score	-23.23878	2UUY_rec	2UUY_lig
lightdock	luciferin_score	-26.32977	2UUY_rec	2UUY_lig
lightdock	luciferin_score	-30.26829	2UUY_rec	2UUY_lig
lightdock	luciferin_score	-39.54869	2UUY_rec	2UUY_lig
lightdock	luciferin_score	-66.64715	2UUY_rec	2UUY_lig
lightdock	luciferin_score	-76.80758	2UUY_rec	2UUY_lig
lightdock	luciferin_score	-86.89614	2UUY_rec	2UUY_lig
lightdock	luciferin_score	20.54164	2UUY_rec	2UUY_lig
lightdock	luciferin_score	19.61931	2UUY_rec	2UUY_lig
lightdock	luciferin_score	18.03528	2UUY_rec	2UUY_lig
lightdock	luciferin_score	16.99325	2UUY_rec	2UUY_lig
lightdock	luciferin_score	16.2645	2UUY_rec	2UUY_lig
lightdock	luciferin_score	14.85022	2UUY_rec	2UUY_lig
lightdock	luciferin_score	14.81942	2UUY_rec	2UUY_lig
lightdock	luciferin_score	14.25684	2UUY_rec	2UUY_lig
lightdock	luciferin_score	14.17285	2UUY_rec	2UUY_lig
lightdock	luciferin_score	13.92141	2UUY_rec	2UUY_lig
lightdock	luciferin_score	13.10306	2UUY_rec	2UUY_lig
lightdock	luciferin_score	13.04672	2UUY_rec	2UUY_lig
lightdock	luciferin_score	12.85913	2UUY_rec	2UUY_lig
lightdock	luciferin_score	12.5465	2UUY_rec	2UUY_lig
lightdock	luciferin_score	12.15383	2UUY_rec	2UUY_lig
lightdock	luciferin_score	11.8757	2UUY_rec	2UUY_lig
lightdock	luciferin_score	11.80917	2UUY_rec	2UUY_lig
lightdock	luciferin_score	11.72302	2UUY_rec	2UUY_lig
lightdock	luciferin_score	11.0566	2UUY_rec	2UUY_lig
lightdock	luciferin_score	10.66723	2UUY_rec	2UUY_lig
lightdock	luciferin_score	10.47925	2UUY_rec	2UUY_lig
lightdock	luciferin_score	10.38535	2UUY_rec	2UUY_lig
lightdock	luciferin_score	10.25078	2UUY_rec	2UUY_lig
lightdock	luciferin_score	9.7845	2UUY_rec	2UUY_lig
lightdock	luciferin_score	8.58572	2UUY_rec	2UUY_lig
lightdock	luciferin_score	6.68351	2UUY_rec	2UUY_lig
lightdock	luciferin_score	6.62166	2UUY_rec	2UUY_lig
lightdock	luciferin_score	6.5668	2UUY_rec	2UUY_lig
lightdock	luciferin_score	6.19648	2UUY_rec	2UUY_lig
lightdock	luciferin_score	6.12888	2UUY_rec	2UUY_lig
lightdock	luciferin_score	5.12327	2UUY_rec	2UUY_lig
lightdock	luciferin_score	4.53247	2UUY_rec	2UUY_lig
lightdock	luciferin_score	2.09849	2UUY_rec	2UUY_lig
lightdock	luciferin_score	-1.27078	2UUY_rec	2UUY_lig
lightdock	luciferin_score	-2.36415	2UUY_rec	2UUY_lig
lightdock	luciferin_score	-3.36436	2UUY_rec	2UUY_lig
lightdock	luciferin_score	-5.21188	2UUY_rec	2UUY_lig
lightdock	luciferin_score	-6.55472	2UUY_rec	2UUY_lig
lightdock	luciferin_score	-7.82661	2UUY_rec	2UUY_lig
lightdock	luciferin_score	-8.35303	2UUY_rec	2UUY_lig
lightdock	luciferin_score	-8.44604	2UUY_rec	2UUY_lig
lightdock	luciferin_score	-10.79275	2UUY_rec	2UUY_lig
lightdock	luciferin_score	-12.71258	2UUY_rec	2UUY_lig
lightdock	luciferin_score	-13.80284	2UUY_rec	2UUY_lig
lightdock	luciferin_score	-18.36783	2UUY_rec	2UUY_lig
lightdock	luciferin_score	-19.90838	2UUY_rec	2UUY_lig
lightdock	luciferin_score	-20.81151	2UUY_rec	2UUY_lig
lightdock	luciferin_score	-21.26851	2UUY_rec	2UUY_lig
lightdock	luciferin_score	-25.03229	2UUY_rec	2UUY_lig
lightdock	luciferin_score	-32.11067	2UUY_rec	2UUY_lig
lightdock	luciferin_score	-32.61336	2UUY_rec	2UUY_lig
lightdock	luciferin_score	-34.60012	2UUY_rec	2UUY_lig
lightdock	luciferin_score	-37.07465	2UUY_rec	2UUY_lig
lightdock	luciferin_score	-39.76043	2UUY_rec	2UUY_lig
lightdock	luciferin_score	-39.91677	2UUY_rec	2UUY_lig
lightdock	luciferin_score	-41.17121	2UUY_rec	2UUY_lig
lightdock	luciferin_score	-45.69688	2UUY_rec	2UUY_lig
lightdock	luciferin_score	-92.12231	2UUY_rec	2UUY_lig
lightdock	luciferin_score	21.5427	2UUY_rec	2UUY_lig
lightdock	luciferin_score	20.0293	2UUY_rec	2UUY_lig
lightdock	luciferin_score	16.60054	2UUY_rec	2UUY_lig
lightdock	luciferin_score	16.33042	2UUY_rec	2UUY_lig
lightdock	luciferin_score	16.01477	2UUY_rec	2UUY_lig
lightdock	luciferin_score	15.73641	2UUY_rec	2UUY_lig
lightdock	luciferin_score	14.45663	2UUY_rec	2UUY_lig
lightdock	luciferin_score	14.26838	2UUY_rec	2UUY_lig
lightdock	luciferin_score	13.60143	2UUY_rec	2UUY_lig
lightdock	luciferin_score	13.43603	2UUY_rec	2UUY_lig
lightdock	luciferin_score	12.8654	2UUY_rec	2UUY_lig
lightdock	luciferin_score	12.28671	2UUY_rec	2UUY_lig
lightdock	luciferin_score	12.01346	2UUY_rec	2UUY_lig
lightdock	luciferin_score	11.60943	2UUY_rec	2UUY_lig
lightdock	luciferin_score	11.60471	2UUY_rec	2UUY_lig
lightdock	luciferin_score	11.42644	2UUY_rec	2UUY_lig
lightdock	luciferin_score	11.25512	2UUY_rec	2UUY_lig
lightdock	luciferin_score	11.12759	2UUY_rec	2UUY_lig
lightdock	luciferin_score	11.07981	2UUY_rec	2UUY_lig
lightdock	luciferin_score	10.91287	2UUY_rec	2UUY_lig
lightdock	luciferin_score	10.84464	2UUY_rec	2UUY_lig
lightdock	luciferin_score	10.82676	2UUY_rec	2UUY_lig
lightdock	luciferin_score	10.74429	2UUY_rec	2UUY_lig
lightdock	luciferin_score	10.38463	2UUY_rec	2UUY_lig
lightdock	luciferin_score	10.15128	2UUY_rec	2UUY_lig
lightdock	luciferin_score	9.70767	2UUY_rec	2UUY_lig
lightdock	luciferin_score	9.543	2UUY_rec	2UUY_lig
lightdock	luciferin_score	9.37882	2UUY_rec	2UUY_lig
lightdock	luciferin_score	9.16001	2UUY_rec	2UUY_lig
lightdock	luciferin_score	8.94173	2UUY_rec	2UUY_lig
lightdock	luciferin_score	8.87349	2UUY_rec	2UUY_lig
lightdock	luciferin_score	8.37112	2UUY_rec	2UUY_lig
lightdock	luciferin_score	7.93082	2UUY_rec	2UUY_lig
lightdock	luciferin_score	7.78446	2UUY_rec	2UUY_lig
lightdock	luciferin_score	7.55949	2UUY_rec	2UUY_lig
lightdock	luciferin_score	7.55306	2UUY_rec	2UUY_lig
lightdock	luciferin_score	6.93905	2UUY_rec	2UUY_lig
lightdock	luciferin_score	5.93825	2UUY_rec	2UUY_lig
lightdock	luciferin_score	5.92959	2UUY_rec	2UUY_lig
lightdock	luciferin_score	5.88041	2UUY_rec	2UUY_lig
lightdock	luciferin_score	5.0969	2UUY_rec	2UUY_lig
lightdock	luciferin_score	4.65394	2UUY_rec	2UUY_lig
lightdock	luciferin_score	3.85209	2UUY_rec	2UUY_lig
lightdock	luciferin_score	2.2553	2UUY_rec	2UUY_lig
lightdock	luciferin_score	2.24003	2UUY_rec	2UUY_lig
lightdock	luciferin_score	1.5904	2UUY_rec	2UUY_lig
lightdock	luciferin_score	1.50604	2UUY_rec	2UUY_lig
lightdock	luciferin_score	1.35529	2UUY_rec	2UUY_lig
lightdock	luciferin_score	0.02948	2UUY_rec	2UUY_lig
lightdock	luciferin_score	-0.55489	2UUY_rec	2UUY_lig
lightdock	luciferin_score	-10.83212	2UUY_rec	2UUY_lig
lightdock	luciferin_score	-11.26863	2UUY_rec	2UUY_lig
lightdock	luciferin_score	-12.11892	2UUY_rec	2UUY_lig
lightdock	luciferin_score	-16.00967	2UUY_rec	2UUY_lig
lightdock	luciferin_score	-18.2533	2UUY_rec	2UUY_lig
lightdock	luciferin_score	-18.59767	2UUY_rec	2UUY_lig
lightdock	luciferin_score	-22.79997	2UUY_rec	2UUY_lig
lightdock	luciferin_score	-26.23687	2UUY_rec	2UUY_lig
lightdock	luciferin_score	-27.42292	2UUY_rec	2UUY_lig
lightdock	luciferin_score	-49.21842	2UUY_rec	2UUY_lig
lightdock	luciferin_score	-59.41486	2UUY_rec	2UUY_lig
lightdock	luciferin_score	18.05802	2UUY_rec	2UUY_lig
lightdock	luciferin_score	16.60997	2UUY_rec	2UUY_lig
lightdock	luciferin_score	15.97631	2UUY_rec	2UUY_lig
lightdock	luciferin_score	15.82214	2UUY_rec	2UUY_lig
lightdock	luciferin_score	15.68216	2UUY_rec	2UUY_lig
lightdock	luciferin_score	15.36647	2UUY_rec	2UUY_lig
lightdock	luciferin_score	14.9143	2UUY_rec	2UUY_lig
lightdock	luciferin_score	14.69367	2UUY_rec	2UUY_lig
lightdock	luciferin_score	13.98871	2UUY_rec	2UUY_lig
lightdock	luciferin_score	13.89838	2UUY_rec	2UUY_lig
lightdock	luciferin_score	13.43569	2UUY_rec	2UUY_lig
lightdock	luciferin_score	13.18106	2UUY_rec	2UUY_lig
lightdock	luciferin_score	11.97643	2UUY_rec	2UUY_lig
lightdock	luciferin_score	11.93947	2UUY_rec	2UUY_lig
lightdock	luciferin_score	11.90891	2UUY_rec	2UUY_lig
lightdock	luciferin_score	11.62931	2UUY_rec	2UUY_lig
lightdock	luciferin_score	11.58698	2UUY_rec	2UUY_lig
lightdock	luciferin_score	11.40904	2UUY_rec	2UUY_lig
lightdock	luciferin_score	11.33028	2UUY_rec	2UUY_lig
lightdock	luciferin_score	11.04268	2UUY_rec	2UUY_lig
lightdock	luciferin_score	10.64158	2UUY_rec	2UUY_lig
lightdock	luciferin_score	10.46038	2UUY_rec	2UUY_lig
lightdock	luciferin_score	10.26849	2UUY_rec	2UUY_lig
lightdock	luciferin_score	9.66006	2UUY_rec	2UUY_lig
lightdock	luciferin_score	9.57382	2UUY_rec	2UUY_lig
lightdock	luciferin_score	8.1866	2UUY_rec	2UUY_lig
lightdock	luciferin_score	7.94774	2UUY_rec	2UUY_lig
lightdock	luciferin_score	7.94613	2UUY_rec	2UUY_lig
lightdock	luciferin_score	7.85016	2UUY_rec	2UUY_lig
lightdock	luciferin_score	7.75088	2UUY_rec	2UUY_lig
lightdock	luciferin_score	7.62196	2UUY_rec	2UUY_lig
lightdock	luciferin_score	7.30812	2UUY_rec	2UUY_lig
lightdock	luciferin_score	7.24491	2UUY_rec	2UUY_lig
lightdock	luciferin_score	7.16064	2UUY_rec	2UUY_lig
lightdock	luciferin_score	6.91217	2UUY_rec	2UUY_lig
lightdock	luciferin_score	6.62014	2UUY_rec	2UUY_lig
lightdock	luciferin_score	6.52005	2UUY_rec	2UUY_lig
lightdock	luciferin_score	5.85612	2UUY_rec	2UUY_lig
lightdock	luciferin_score	5.30699	2UUY_rec	2UUY_lig
lightdock	luciferin_score	4.67878	2UUY_rec	2UUY_lig
lightdock	luciferin_score	3.02284	2UUY_rec	2UUY_lig
lightdock	luciferin_score	2.93751	2UUY_rec	2UUY_lig
lightdock	luciferin_score	0.53786	2UUY_rec	2UUY_lig
lightdock	luciferin_score	-3.02778	2UUY_rec	2UUY_lig
lightdock	luciferin_score	-3.95702	2UUY_rec	2UUY_lig
lightdock	luciferin_score	-5.28168	2UUY_rec	2UUY_lig
lightdock	luciferin_score	-7.13702	2UUY_rec	2UUY_lig
lightdock	luciferin_score	-7.82649	2UUY_rec	2UUY_lig
lightdock	luciferin_score	-9.17852	2UUY_rec	2UUY_lig
lightdock	luciferin_score	-10.19212	2UUY_rec	2UUY_lig
lightdock	luciferin_score	-13.9513	2UUY_rec	2UUY_lig
lightdock	luciferin_score	-14.73637	2UUY_rec	2UUY_lig
lightdock	luciferin_score	-37.17044	2UUY_rec	2UUY_lig
lightdock	luciferin_score	-45.84156	2UUY_rec	2UUY_lig
lightdock	luciferin_score	-50.65564	2UUY_rec	2UUY_lig
lightdock	luciferin_score	-52.0756	2UUY_rec	2UUY_lig
lightdock	luciferin_score	-58.03937	2UUY_rec	2UUY_lig
lightdock	luciferin_score	-69.34956	2UUY_rec	2UUY_lig
lightdock	luciferin_score	18.41927	2UUY_rec	2UUY_lig
lightdock	luciferin_score	18.15622	2UUY_rec	2UUY_lig
lightdock	luciferin_score	16.36236	2UUY_rec	2UUY_lig
lightdock	luciferin_score	16.24509	2UUY_rec	2UUY_lig
lightdock	luciferin_score	16.13732	2UUY_rec	2UUY_lig
lightdock	luciferin_score	15.48682	2UUY_rec	2UUY_lig
lightdock	luciferin_score	14.81302	2UUY_rec	2UUY_lig
lightdock	luciferin_score	13.03521	2UUY_rec	2UUY_lig
lightdock	luciferin_score	13.01945	2UUY_rec	2UUY_lig
lightdock	luciferin_score	12.91989	2UUY_rec	2UUY_lig
lightdock	luciferin_score	12.82906	2UUY_rec	2UUY_lig
lightdock	luciferin_score	12.62576	2UUY_rec	2UUY_lig
lightdock	luciferin_score	11.95939	2UUY_rec	2UUY_lig
lightdock	luciferin_score	11.62124	2UUY_rec	2UUY_lig
lightdock	luciferin_score	11.60523	2UUY_rec	2UUY_lig
lightdock	luciferin_score	11.2298	2UUY_rec	2UUY_lig
lightdock	luciferin_score	11.12081	2UUY_rec	2UUY_lig
lightdock	luciferin_score	11.00182	2UUY_rec	2UUY_lig
lightdock	luciferin_score	10.98911	2UUY_rec	2UUY_lig
lightdock	luciferin_score	10.96699	2UUY_rec	2UUY_lig
lightdock	luciferin_score	10.68331	2UUY_rec	2UUY_lig
lightdock	luciferin_score	10.01581	2UUY_rec	2UUY_lig
lightdock	luciferin_score	9.47687	2UUY_rec	2UUY_lig
lightdock	luciferin_score	9.01839	2UUY_rec	2UUY_lig
lightdock	luciferin_score	8.96819	2UUY_rec	2UUY_lig
lightdock	luciferin_score	8.74455	2UUY_rec	2UUY_lig
lightdock	luciferin_score	8.69403	2UUY_rec	2UUY_lig
lightdock	luciferin_score	8.66887	2UUY_rec	2UUY_lig
lightdock	luciferin_score	8.66355	2UUY_rec	2UUY_lig
lightdock	luciferin_score	8.28603	2UUY_rec	2UUY_lig
lightdock	luciferin_score	7.68202	2UUY_rec	2UUY_lig
lightdock	luciferin_score	7.49561	2UUY_rec	2UUY_lig
lightdock	luciferin_score	6.56284	2UUY_rec	2UUY_lig
lightdock	luciferin_score	5.58542	2UUY_rec	2UUY_lig
lightdock	luciferin_score	3.80224	2UUY_rec	2UUY_lig
lightdock	luciferin_score	1.7093	2UUY_rec	2UUY_lig
lightdock	luciferin_score	1.31595	2UUY_rec	2UUY_lig
lightdock	luciferin_score	0.5689	2UUY_rec	2UUY_lig
lightdock	luciferin_score	0.29274	2UUY_rec	2UUY_lig
lightdock	luciferin_score	-1.96837	2UUY_rec	2UUY_lig
lightdock	luciferin_score	-2.95385	2UUY_rec	2UUY_lig
lightdock	luciferin_score	-3.18294	2UUY_rec	2UUY_lig
lightdock	luciferin_score	-4.68076	2UUY_rec	2UUY_lig
lightdock	luciferin_score	-6.03121	2UUY_rec	2UUY_lig
lightdock	luciferin_score	-6.11629	2UUY_rec	2UUY_lig
lightdock	luciferin_score	-7.28875	2UUY_rec	2UUY_lig
lightdock	luciferin_score	-8.36679	2UUY_rec	2UUY_lig
lightdock	luciferin_score	-8.70302	2UUY_rec	2UUY_lig
lightdock	luciferin_score	-11.91257	2UUY_rec	2UUY_lig
lightdock	luciferin_score	-13.81968	2UUY_rec	2UUY_lig
lightdock	luciferin_score	-14.79327	2UUY_rec	2UUY_lig
lightdock	luciferin_score	-16.61672	2UUY_rec	2UUY_lig
lightdock	luciferin_score	-19.44043	2UUY_rec	2UUY_lig
lightdock	luciferin_score	-20.45724	2UUY_rec	2UUY_lig
lightdock	luciferin_score	-25.88176	2UUY_rec	2UUY_lig
lightdock	luciferin_score	-28.33865	2UUY_rec	2UUY_lig
lightdock	luciferin_score	-32.59407	2UUY_rec	2UUY_lig
lightdock	luciferin_score	-43.04413	2UUY_rec	2UUY_lig
lightdock	luciferin_score	-56.6438	2UUY_rec	2UUY_lig
lightdock	luciferin_score	-60.44711	2UUY_rec	2UUY_lig
lightdock	luciferin_score	-92.26136	2UUY_rec	2UUY_lig
lightdock	luciferin_score	15.77285	2UUY_rec	2UUY_lig
lightdock	luciferin_score	14.68172	2UUY_rec	2UUY_lig
lightdock	luciferin_score	13.5069	2UUY_rec	2UUY_lig
lightdock	luciferin_score	12.92123	2UUY_rec	2UUY_lig
lightdock	luciferin_score	12.25488	2UUY_rec	2UUY_lig
lightdock	luciferin_score	11.79738	2UUY_rec	2UUY_lig
lightdock	luciferin_score	11.72394	2UUY_rec	2UUY_lig
lightdock	luciferin_score	11.48598	2UUY_rec	2UUY_lig
lightdock	luciferin_score	11.46206	2UUY_rec	2UUY_lig
lightdock	luciferin_score	11.32548	2UUY_rec	2UUY_lig
lightdock	luciferin_score	11.22476	2UUY_rec	2UUY_lig
lightdock	luciferin_score	11.21903	2UUY_rec	2UUY_lig
lightdock	luciferin_score	11.13281	2UUY_rec	2UUY_lig
lightdock	luciferin_score	10.76171	2UUY_rec	2UUY_lig
lightdock	luciferin_score	10.75206	2UUY_rec	2UUY_lig
lightdock	luciferin_score	10.73143	2UUY_rec	2UUY_lig
lightdock	luciferin_score	10.63653	2UUY_rec	2UUY_lig
lightdock	luciferin_score	10.58053	2UUY_rec	2UUY_lig
lightdock	luciferin_score	10.02979	2UUY_rec	2UUY_lig
lightdock	luciferin_score	9.92714	2UUY_rec	2UUY_lig
lightdock	luciferin_score	9.92076	2UUY_rec	2UUY_lig
lightdock	luciferin_score	9.38491	2UUY_rec	2UUY_lig
lightdock	luciferin_score	9.21741	2UUY_rec	2UUY_lig
lightdock	luciferin_score	9.14476	2UUY_rec	2UUY_lig
lightdock	luciferin_score	9.01526	2UUY_rec	2UUY_lig
lightdock	luciferin_score	8.90034	2UUY_rec	2UUY_lig
lightdock	luciferin_score	8.65322	2UUY_rec	2UUY_lig
lightdock	luciferin_score	8.46479	2UUY_rec	2UUY_lig
lightdock	luciferin_score	8.14178	2UUY_rec	2UUY_lig
lightdock	luciferin_score	8.08831	2UUY_rec	2UUY_lig
lightdock	luciferin_score	8.06908	2UUY_rec	2UUY_lig
lightdock	luciferin_score	7.96031	2UUY_rec	2UUY_lig
lightdock	luciferin_score	7.76329	2UUY_rec	2UUY_lig
lightdock	luciferin_score	7.40337	2UUY_rec	2UUY_lig
lightdock	luciferin_score	7.23688	2UUY_rec	2UUY_lig
lightdock	luciferin_score	7.0323	2UUY_rec	2UUY_lig
lightdock	luciferin_score	6.97288	2UUY_rec	2UUY_lig
lightdock	luciferin_score	6.90303	2UUY_rec	2UUY_lig
lightdock	luciferin_score	6.61068	2UUY_rec	2UUY_lig
lightdock	luciferin_score	6.58309	2UUY_rec	2UUY_lig
lightdock	luciferin_score	6.53635	2UUY_rec	2UUY_lig
lightdock	luciferin_score	6.36137	2UUY_rec	2UUY_lig
lightdock	luciferin_score	6.34807	2UUY_rec	2UUY_lig
lightdock	luciferin_score	5.8696	2UUY_rec	2UUY_lig
lightdock	luciferin_score	5.46859	2UUY_rec	2UUY_lig
lightdock	luciferin_score	5.1032	2UUY_rec	2UUY_lig
lightdock	luciferin_score	4.96254	2UUY_rec	2UUY_lig
lightdock	luciferin_score	4.30815	2UUY_rec	2UUY_lig
lightdock	luciferin_score	0.71337	2UUY_rec	2UUY_lig
lightdock	luciferin_score	-0.81566	2UUY_rec	2UUY_lig
lightdock	luciferin_score	-1.94892	2UUY_rec	2UUY_lig
lightdock	luciferin_score	-5.61052	2UUY_rec	2UUY_lig
lightdock	luciferin_score	-5.86911	2UUY_rec	2UUY_lig
lightdock	luciferin_score	-8.3535	2UUY_rec	2UUY_lig
lightdock	luciferin_score	-8.37697	2UUY_rec	2UUY_lig
lightdock	luciferin_score	-17.11004	2UUY_rec	2UUY_lig
lightdock	luciferin_score	-17.62889	2UUY_rec	2UUY_lig
lightdock	luciferin_score	-18.32567	2UUY_rec	2UUY_lig
lightdock	luciferin_score	-19.46	2UUY_rec	2UUY_lig
lightdock	luciferin_score	-23.5186	2UUY_rec	2UUY_lig
lightdock	luciferin_score	-24.01449	2UUY_rec	2UUY_lig
lightdock	luciferin_score	-33.94696	2UUY_rec	2UUY_lig
lightdock	luciferin_score	-53.02986	2UUY_rec	2UUY_lig
lightdock	luciferin_score	-55.13301	2UUY_rec	2UUY_lig
lightdock	luciferin_score	18.28766	2UUY_rec	2UUY_lig
lightdock	luciferin_score	16.58359	2UUY_rec	2UUY_lig
lightdock	luciferin_score	16.24321	2UUY_rec	2UUY_lig
lightdock	luciferin_score	15.43906	2UUY_rec	2UUY_lig
lightdock	luciferin_score	15.40564	2UUY_rec	2UUY_lig
lightdock	luciferin_score	14.69453	2UUY_rec	2UUY_lig
lightdock	luciferin_score	13.9121	2UUY_rec	2UUY_lig
lightdock	luciferin_score	11.30171	2UUY_rec	2UUY_lig
lightdock	luciferin_score	11.14751	2UUY_rec	2UUY_lig
lightdock	luciferin_score	11.06066	2UUY_rec	2UUY_lig
lightdock	luciferin_score	11.03853	2UUY_rec	2UUY_lig
lightdock	luciferin_score	10.80598	2UUY_rec	2UUY_lig
lightdock	luciferin_score	10.71065	2UUY_rec	2UUY_lig
lightdock	luciferin_score	10.70681	2UUY_rec	2UUY_lig
lightdock	luciferin_score	10.53008	2UUY_rec	2UUY_lig
lightdock	luciferin_score	10.47528	2UUY_rec	2UUY_lig
lightdock	luciferin_score	10.02078	2UUY_rec	2UUY_lig
lightdock	luciferin_score	9.82828	2UUY_rec	2UUY_lig
lightdock	luciferin_score	9.72288	2UUY_rec	2UUY_lig
lightdock	luciferin_score	9.5713	2UUY_rec	2UUY_lig
lightdock	luciferin_score	9.52714	2UUY_rec	2UUY_lig
lightdock	luciferin_score	8.96708	2UUY_rec	2UUY_lig
lightdock	luciferin_score	8.91547	2UUY_rec	2UUY_lig
lightdock	luciferin_score	8.45132	2UUY_rec	2UUY_lig
lightdock	luciferin_score	8.23241	2UUY_rec	2UUY_lig
lightdock	luciferin_score	8.15955	2UUY_rec	2UUY_lig
lightdock	luciferin_score	8.07609	2UUY_rec	2UUY_lig
lightdock	luciferin_score	8.02246	2UUY_rec	2UUY_lig
lightdock	luciferin_score	7.90574	2UUY_rec	2UUY_lig
lightdock	luciferin_score	7.89156	2UUY_rec	2UUY_lig
lightdock	luciferin_score	7.87676	2UUY_rec	2UUY_lig
lightdock	luciferin_score	7.80238	2UUY_rec	2UUY_lig
lightdock	luciferin_score	7.58452	2UUY_rec	2UUY_lig
lightdock	luciferin_score	7.55085	2UUY_rec	2UUY_lig
lightdock	luciferin_score	7.54966	2UUY_rec	2UUY_lig
lightdock	luciferin_score	7.44681	2UUY_rec	2UUY_lig
lightdock	luciferin_score	6.93633	2UUY_rec	2UUY_lig
lightdock	luciferin_score	6.90734	2UUY_rec	2UUY_lig
lightdock	luciferin_score	6.72568	2UUY_rec	2UUY_lig
lightdock	luciferin_score	6.65163	2UUY_rec	2UUY_lig
lightdock	luciferin_score	6.31716	2UUY_rec	2UUY_lig
lightdock	luciferin_score	6.23285	2UUY_rec	2UUY_lig
lightdock	luciferin_score	6.10021	2UUY_rec	2UUY_lig
lightdock	luciferin_score	5.93189	2UUY_rec	2UUY_lig
lightdock	luciferin_score	5.90903	2UUY_rec	2UUY_lig
lightdock	luciferin_score	5.39509	2UUY_rec	2UUY_lig
lightdock	luciferin_score	4.22931	2UUY_rec	2UUY_lig
lightdock	luciferin_score	4.08839	2UUY_rec	2UUY_lig
lightdock	luciferin_score	2.77946	2UUY_rec	2UUY_lig
lightdock	luciferin_score	1.6525	2UUY_rec	2UUY_lig
lightdock	luciferin_score	1.63982	2UUY_rec	2UUY_lig
lightdock	luciferin_score	1.37925	2UUY_rec	2UUY_lig
lightdock	luciferin_score	-0.58329	2UUY_rec	2UUY_lig
lightdock	luciferin_score	-1.24525	2UUY_rec	2UUY_lig
lightdock	luciferin_score	-1.90365	2UUY_rec	2UUY_lig
lightdock	luciferin_score	-3.64399	2UUY_rec	2UUY_lig
lightdock	luciferin_score	-6.17603	2UUY_rec	2UUY_lig
lightdock	luciferin_score	-10.20239	2UUY_rec	2UUY_lig
lightdock	luciferin_score	-11.25516	2UUY_rec	2UUY_lig
lightdock	luciferin_score	-22.03402	2UUY_rec	2UUY_lig
lightdock	luciferin_score	-33.91205	2UUY_rec	2UUY_lig
lightdock	luciferin_score	-39.38798	2UUY_rec	2UUY_lig
lightdock	luciferin_score	15.63959	2UUY_rec	2UUY_lig
lightdock	luciferin_score	15.21835	2UUY_rec	2UUY_lig
lightdock	luciferin_score	14.70387	2UUY_rec	2UUY_lig
lightdock	luciferin_score	13.86425	2UUY_rec	2UUY_lig
lightdock	luciferin_score	13.63918	2UUY_rec	2UUY_lig
lightdock	luciferin_score	13.28919	2UUY_rec	2UUY_lig
lightdock	luciferin_score	12.33495	2UUY_rec	2UUY_lig
lightdock	luciferin_score	11.56829	2UUY_rec	2UUY_lig
lightdock	luciferin_score	10.72571	2UUY_rec	2UUY_lig
lightdock	luciferin_score	10.31226	2UUY_rec	2UUY_lig
lightdock	luciferin_score	9.96042	2UUY_rec	2UUY_lig
lightdock	luciferin_score	9.86833	2UUY_rec	2UUY_lig
lightdock	luciferin_score	9.74913	2UUY_rec	2UUY_lig
lightdock	luciferin_score	9.04402	2UUY_rec	2UUY_lig
lightdock	luciferin_score	8.67032	2UUY_rec	2UUY_lig
lightdock	luciferin_score	8.53004	2UUY_rec	2UUY_lig
lightdock	luciferin_score	8.51514	2UUY_rec	2UUY_lig
lightdock	luciferin_score	8.37202	2UUY_rec	2UUY_lig
lightdock	luciferin_score	8.15299	2UUY_rec	2UUY_lig
lightdock	luciferin_score	7.76015	2UUY_rec	2UUY_lig
lightdock	luciferin_score	7.75641	2UUY_rec	2UUY_lig
lightdock	luciferin_score	7.70457	2UUY_rec	2UUY_lig
lightdock	luciferin_score	7.64597	2UUY_rec	2UUY_lig
lightdock	luciferin_score	7.39443	2UUY_rec	2UUY_lig
lightdock	luciferin_score	7.3631	2UUY_rec	2UUY_lig
lightdock	luciferin_score	7.20515	2UUY_rec	2UUY_lig
lightdock	luciferin_score	6.87566	2UUY_rec	2UUY_lig
lightdock	luciferin_score	6.85385	2UUY_rec	2UUY_lig
lightdock	luciferin_score	6.437	2UUY_rec	2UUY_lig
lightdock	luciferin_score	5.50321	2UUY_rec	2UUY_lig
lightdock	luciferin_score	5.4958	2UUY_rec	2UUY_lig
lightdock	luciferin_score	5.47357	2UUY_rec	2UUY_lig
lightdock	luciferin_score	5.42907	2UUY_rec	2UUY_lig
lightdock	luciferin_score	5.42658	2UUY_rec	2UUY_lig
lightdock	luciferin_score	5.27758	2UUY_rec	2UUY_lig
lightdock	luciferin_score	5.19278	2UUY_rec	2UUY_lig
lightdock	luciferin_score	5.17278	2UUY_rec	2UUY_lig
lightdock	luciferin_score	4.64594	2UUY_rec	2UUY_lig
lightdock	luciferin_score	4.30961	2UUY_rec	2UUY_lig
lightdock	luciferin_score	4.30706	2UUY_rec	2UUY_lig
lightdock	luciferin_score	3.87125	2UUY_rec	2UUY_lig
lightdock	luciferin_score	3.65754	2UUY_rec	2UUY_lig
lightdock	luciferin_score	3.25575	2UUY_rec	2UUY_lig
lightdock	luciferin_score	3.05635	2UUY_rec	2UUY_lig
lightdock	luciferin_score	1.30395	2UUY_rec	2UUY_lig
lightdock	luciferin_score	0.20437	2UUY_rec	2UUY_lig
lightdock	luciferin_score	-0.24065	2UUY_rec	2UUY_lig
lightdock	luciferin_score	-1.44727	2UUY_rec	2UUY_lig
lightdock	luciferin_score	-2.11743	2UUY_rec	2UUY_lig
lightdock	luciferin_score	-2.56548	2UUY_rec	2UUY_lig
lightdock	luciferin_score	-2.71955	2UUY_rec	2UUY_lig
lightdock	luciferin_score	-3.29156	2UUY_rec	2UUY_lig
lightdock	luciferin_score	-3.71379	2UUY_rec	2UUY_lig
lightdock	luciferin_score	-4.16217	2UUY_rec	2UUY_lig
lightdock	luciferin_score	-6.9382	2UUY_rec	2UUY_lig
lightdock	luciferin_score	-7.6607	2UUY_rec	2UUY_lig
lightdock	luciferin_score	-8.8536	2UUY_rec	2UUY_lig
lightdock	luciferin_score	-8.96233	2UUY_rec	2UUY_lig
lightdock	luciferin_score	-9.00429	2UUY_rec	2UUY_lig
lightdock	luciferin_score	-13.2239	2UUY_rec	2UUY_lig
lightdock	luciferin_score	-13.36333	2UUY_rec	2UUY_lig
lightdock	luciferin_score	-17.10115	2UUY_rec	2UUY_lig
lightdock	luciferin_score	-22.28995	2UUY_rec	2UUY_lig
lightdock	luciferin_score	-23.63176	2UUY_rec	2UUY_lig
lightdock	luciferin_score	-25.40107	2UUY_rec	2UUY_lig
lightdock	luciferin_score	-29.7267	2UUY_rec	2UUY_lig
lightdock	luciferin_score	-31.49695	2UUY_rec	2UUY_lig
lightdock	luciferin_score	-31.84282	2UUY_rec	2UUY_lig
lightdock	luciferin_score	-35.57661	2UUY_rec	2UUY_lig
lightdock	luciferin_score	-36.00847	2UUY_rec	2UUY_lig
lightdock	luciferin_score	19.31779	2UUY_rec	2UUY_lig
lightdock	luciferin_score	19.17735	2UUY_rec	2UUY_lig
lightdock	luciferin_score	17.44226	2UUY_rec	2UUY_lig
lightdock	luciferin_score	16.83742	2UUY_rec	2UUY_lig
lightdock	luciferin_score	16.27862	2UUY_rec	2UUY_lig
lightdock	luciferin_score	15.86379	2UUY_rec	2UUY_lig
lightdock	luciferin_score	15.18294	2UUY_rec	2UUY_lig
lightdock	luciferin_score	14.13426	2UUY_rec	2UUY_lig
lightdock	luciferin_score	13.50735	2UUY_rec	2UUY_lig
lightdock	luciferin_score	12.87688	2UUY_rec	2UUY_lig
lightdock	luciferin_score	12.7941	2UUY_rec	2UUY_lig
lightdock	luciferin_score	12.39281	2UUY_rec	2UUY_lig
lightdock	luciferin_score	12.01043	2UUY_rec	2UUY_lig
lightdock	luciferin_score	11.42292	2UUY_rec	2UUY_lig
lightdock	luciferin_score	11.23202	2UUY_rec	2UUY_lig
lightdock	luciferin_score	11.1452	2UUY_rec	2UUY_lig
lightdock	luciferin_score	11.1017	2UUY_rec	2UUY_lig
lightdock	luciferin_score	10.95712	2UUY_rec	2UUY_lig
lightdock	luciferin_score	10.22501	2UUY_rec	2UUY_lig
lightdock	luciferin_score	9.09296	2UUY_rec	2UUY_lig
lightdock	luciferin_score	9.00705	2UUY_rec	2UUY_lig
lightdock	luciferin_score	8.57742	2UUY_rec	2UUY_lig
lightdock	luciferin_score	8.08384	2UUY_rec	2UUY_lig
lightdock	luciferin_score	7.87524	2UUY_rec	2UUY_lig
lightdock	luciferin_score	6.58049	2UUY_rec	2UUY_lig
lightdock	luciferin_score	6.49341	2UUY_rec	2UUY_lig
lightdock	luciferin_score	5.84905	2UUY_rec	2UUY_lig
lightdock	luciferin_score	3.85081	2UUY_rec	2UUY_lig
lightdock	luciferin_score	3.19034	2UUY_rec	2UUY_lig
lightdock	luciferin_score	3.03599	2UUY_rec	2UUY_lig
lightdock	luciferin_score	1.84407	2UUY_rec	2UUY_lig
lightdock	luciferin_score	-1.90964	2UUY_rec	2UUY_lig
lightdock	luciferin_score	-2.55685	2UUY_rec	2UUY_lig
lightdock	luciferin_score	-2.78428	2UUY_rec	2UUY_lig
lightdock	luciferin_score	-5.24443	2UUY_rec	2UUY_lig
lightdock	luciferin_score	-5.37746	2UUY_rec	2UUY_lig
lightdock	luciferin_score	-7.07959	2UUY_rec	2UUY_lig
lightdock	luciferin_score	-9.09874	2UUY_rec	2UUY_lig
lightdock	luciferin_score	-9.61896	2UUY_rec	2UUY_lig
lightdock	luciferin_score	-11.23453	2UUY_rec	2UUY_lig
lightdock	luciferin_score	-13.39169	2UUY_rec	2UUY_lig
lightdock	luciferin_score	-17.35939	2UUY_rec	2UUY_lig
lightdock	luciferin_score	-17.4062	2UUY_rec	2UUY_lig
lightdock	luciferin_score	-20.45324	2UUY_rec	2UUY_lig
lightdock	luciferin_score	-20.69934	2UUY_rec	2UUY_lig
lightdock	luciferin_score	-22.52395	2UUY_rec	2UUY_lig
lightdock	luciferin_score	-23.97556	2UUY_rec	2UUY_lig
lightdock	luciferin_score	-26.62038	2UUY_rec	2UUY_lig
lightdock	luciferin_score	-28.66476	2UUY_rec	2UUY_lig
lightdock	luciferin_score	-28.97077	2UUY_rec	2UUY_lig
lightdock	luciferin_score	-36.03261	2UUY_rec	2UUY_lig
lightdock	luciferin_score	-36.51272	2UUY_rec	2UUY_lig
lightdock	luciferin_score	-47.77843	2UUY_rec	2UUY_lig
lightdock	luciferin_score	-49.10181	2UUY_rec	2UUY_lig
lightdock	luciferin_score	-49.99427	2UUY_rec	2UUY_lig
lightdock	luciferin_score	-58.13674	2UUY_rec	2UUY_lig
lightdock	luciferin_score	-64.36619	2UUY_rec	2UUY_lig
lightdock	luciferin_score	-64.59452	2UUY_rec	2UUY_lig
lightdock	luciferin_score	-65.95945	2UUY_rec	2UUY_lig
lightdock	luciferin_score	-71.84952	2UUY_rec	2UUY_lig
lightdock	luciferin_score	-86.83883	2UUY_rec	2UUY_lig
lightdock	luciferin_score	18.14059	2UUY_rec	2UUY_lig
lightdock	luciferin_score	16.86027	2UUY_rec	2UUY_lig
lightdock	luciferin_score	15.95017	2UUY_rec	2UUY_lig
lightdock	luciferin_score	15.15688	2UUY_rec	2UUY_lig
lightdock	luciferin_score	15.13237	2UUY_rec	2UUY_lig
lightdock	luciferin_score	15.0697	2UUY_rec	2UUY_lig
lightdock	luciferin_score	14.48499	2UUY_rec	2UUY_lig
lightdock	luciferin_score	14.38245	2UUY_rec	2UUY_lig
lightdock	luciferin_score	13.84936	2UUY_rec	2UUY_lig
lightdock	luciferin_score	13.1641	2UUY_rec	2UUY_lig
lightdock	luciferin_score	13.12873	2UUY_rec	2UUY_lig
lightdock	luciferin_score	12.43504	2UUY_rec	2UUY_lig
lightdock	luciferin_score	12.22554	2UUY_rec	2UUY_lig
lightdock	luciferin_score	11.56727	2UUY_rec	2UUY_lig
lightdock	luciferin_score	11.36788	2UUY_rec	2UUY_lig
lightdock	luciferin_score	11.27143	2UUY_rec	2UUY_lig
lightdock	luciferin_score	11.17586	2UUY_rec	2UUY_lig
lightdock	luciferin_score	11.1689	2UUY_rec	2UUY_lig
lightdock	luciferin_score	10.52848	2UUY_rec	2UUY_lig
lightdock	luciferin_score	9.89068	2UUY_rec	2UUY_lig
lightdock	luciferin_score	9.86685	2UUY_rec	2UUY_lig
lightdock	luciferin_score	9.86216	2UUY_rec	2UUY_lig
lightdock	luciferin_score	9.84422	2UUY_rec	2UUY_lig
lightdock	luciferin_score	9.70457	2UUY_rec	2UUY_lig
lightdock	luciferin_score	9.64586	2UUY_rec	2UUY_lig
lightdock	luciferin_score	9.53817	2UUY_rec	2UUY_lig
lightdock	luciferin_score	9.23306	2UUY_rec	2UUY_lig
lightdock	luciferin_score	8.91476	2UUY_rec	2UUY_lig
lightdock	luciferin_score	8.91404	2UUY_rec	2UUY_lig
lightdock	luciferin_score	8.87079	2UUY_rec	2UUY_lig
lightdock	luciferin_score	8.60679	2UUY_rec	2UUY_lig
lightdock	luciferin_score	8.36771	2UUY_rec	2UUY_lig
lightdock	luciferin_score	8.08969	2UUY_rec	2UUY_lig
lightdock	luciferin_score	8.0239	2UUY_rec	2UUY_lig
lightdock	luciferin_score	7.97954	2UUY_rec	2UUY_lig
lightdock	luciferin_score	7.8101	2UUY_rec	2UUY_lig
lightdock	luciferin_score	7.61245	2UUY_rec	2UUY_lig
lightdock	luciferin_score	7.52632	2UUY_rec	2UUY_lig
lightdock	luciferin_score	7.32184	2UUY_rec	2UUY_lig
lightdock	luciferin_score	7.23787	2UUY_rec	2UUY_lig
lightdock	luciferin_score	7.17878	2UUY_rec	2UUY_lig
lightdock	luciferin_score	6.37814	2UUY_rec	2UUY_lig
lightdock	luciferin_score	6.22576	2UUY_rec	2UUY_lig
lightdock	luciferin_score	5.48774	2UUY_rec	2UUY_lig
lightdock	luciferin_score	5.46043	2UUY_rec	2UUY_lig
lightdock	luciferin_score	5.44802	2UUY_rec	2UUY_lig
lightdock	luciferin_score	5.24204	2UUY_rec	2UUY_lig
lightdock	luciferin_score	3.75495	2UUY_rec	2UUY_lig
lightdock	luciferin_score	3.21255	2UUY_rec	2UUY_lig
lightdock	luciferin_score	2.13384	2UUY_rec	2UUY_lig
lightdock	luciferin_score	0.62152	2UUY_rec	2UUY_lig
lightdock	luciferin_score	0.45058	2UUY_rec	2UUY_lig
lightdock	luciferin_score	0.14901	2UUY_rec	2UUY_lig
lightdock	luciferin_score	-0.16539	2UUY_rec	2UUY_lig
lightdock	luciferin_score	-0.21241	2UUY_rec	2UUY_lig
lightdock	luciferin_score	-1.34925	2UUY_rec	2UUY_lig
lightdock	luciferin_score	-3.05185	2UUY_rec	2UUY_lig
lightdock	luciferin_score	-3.08862	2UUY_rec	2UUY_lig
lightdock	luciferin_score	-4.21946	2UUY_rec	2UUY_lig
lightdock	luciferin_score	-5.57316	2UUY_rec	2UUY_lig
lightdock	luciferin_score	-7.27374	2UUY_rec	2UUY_lig
lightdock	luciferin_score	-10.20283	2UUY_rec	2UUY_lig
lightdock	luciferin_score	-14.98342	2UUY_rec	2UUY_lig
lightdock	luciferin_score	-19.44482	2UUY_rec	2UUY_lig
lightdock	luciferin_score	-19.93127	2UUY_rec	2UUY_lig
lightdock	luciferin_score	-20.52074	2UUY_rec	2UUY_lig
lightdock	luciferin_score	-24.93098	2UUY_rec	2UUY_lig
lightdock	luciferin_score	-28.16229	2UUY_rec	2UUY_lig
lightdock	luciferin_score	-29.39752	2UUY_rec	2UUY_lig
lightdock	luciferin_score	-33.3227	2UUY_rec	2UUY_lig
lightdock	luciferin_score	-40.67958	2UUY_rec	2UUY_lig
lightdock	luciferin_score	-47.16135	2UUY_rec	2UUY_lig
lightdock	luciferin_score	-52.98875	2UUY_rec	2UUY_lig
lightdock	luciferin_score	15.42513	2UUY_rec	2UUY_lig
lightdock	luciferin_score	14.73584	2UUY_rec	2UUY_lig
lightdock	luciferin_score	14.52147	2UUY_rec	2UUY_lig
lightdock	luciferin_score	14.42137	2UUY_rec	2UUY_lig
lightdock	luciferin_score	14.39099	2UUY_rec	2UUY_lig
lightdock	luciferin_score	13.9648	2UUY_rec	2UUY_lig
lightdock	luciferin_score	13.63933	2UUY_rec	2UUY_lig
lightdock	luciferin_score	13.36533	2UUY_rec	2UUY_lig
lightdock	luciferin_score	12.88342	2UUY_rec	2UUY_lig
lightdock	luciferin_score	12.18075	2UUY_rec	2UUY_lig
lightdock	luciferin_score	12.11302	2UUY_rec	2UUY_lig
lightdock	luciferin_score	12.08666	2UUY_rec	2UUY_lig
lightdock	luciferin_score	11.99162	2UUY_rec	2UUY_lig
lightdock	luciferin_score	11.86609	2UUY_rec	2UUY_lig
lightdock	luciferin_score	11.63764	2UUY_rec	2UUY_lig
lightdock	luciferin_score	11.2356	2UUY_rec	2UUY_lig
lightdock	luciferin_score	11.11199	2UUY_rec	2UUY_lig
lightdock	luciferin_score	10.87804	2UUY_rec	2UUY_lig
lightdock	luciferin_score	10.84006	2UUY_rec	2UUY_lig
lightdock	luciferin_score	10.64676	2UUY_rec	2UUY_lig
lightdock	luciferin_score	10.57846	2UUY_rec	2UUY_lig
lightdock	luciferin_score	10.47197	2UUY_rec	2UUY_lig
lightdock	luciferin_score	10.44588	2UUY_rec	2UUY_lig
lightdock	luciferin_score	9.85061	2UUY_rec	2UUY_lig
lightdock	luciferin_score	9.77741	2UUY_rec	2UUY_lig
lightdock	luciferin_score	9.62439	2UUY_rec	2UUY_lig
lightdock	luciferin_score	9.47815	2UUY_rec	2UUY_lig
lightdock	luciferin_score	9.44913	2UUY_rec	2UUY_lig
lightdock	luciferin_score	9.16839	2UUY_rec	2UUY_lig
lightdock	luciferin_score	8.60382	2UUY_rec	2UUY_lig
lightdock	luciferin_score	7.53581	2UUY_rec	2UUY_lig
lightdock	luciferin_score	7.15237	2UUY_rec	2UUY_lig
lightdock	luciferin_score	6.04597	2UUY_rec	2UUY_lig
lightdock	luciferin_score	5.56614	2UUY_rec	2UUY_lig
lightdock	luciferin_score	5.47878	2UUY_rec	2UUY_lig
lightdock	luciferin_score	5.36019	2UUY_rec	2UUY_lig
lightdock	luciferin_score	4.91065	2UUY_rec	2UUY_lig
lightdock	luciferin_score	3.81688	2UUY_rec	2UUY_lig
lightdock	luciferin_score	2.47101	2UUY_rec	2UUY_lig
lightdock	luciferin_score	1.94503	2UUY_rec	2UUY_lig
lightdock	luciferin_score	1.84499	2UUY_rec	2UUY_lig
lightdock	luciferin_score	1.55998	2UUY_rec	2UUY_lig
lightdock	luciferin_score	1.39364	2UUY_rec	2UUY_lig
lightdock	luciferin_score	0.80274	2UUY_rec	2UUY_lig
lightdock	luciferin_score	-2.99238	2UUY_rec	2UUY_lig
lightdock	luciferin_score	-4.08445	2UUY_rec	2UUY_lig
lightdock	luciferin_score	-4.53144	2UUY_rec	2UUY_lig
lightdock	luciferin_score	-7.54613	2UUY_rec	2UUY_lig
lightdock	luciferin_score	-9.37875	2UUY_rec	2UUY_lig
lightdock	luciferin_score	-9.84316	2UUY_rec	2UUY_lig
lightdock	luciferin_score	-10.83718	2UUY_rec	2UUY_lig
lightdock	luciferin_score	-13.15795	2UUY_rec	2UUY_lig
lightdock	luciferin_score	-16.48868	2UUY_rec	2UUY_lig
lightdock	luciferin_score	-16.59068	2UUY_rec	2UUY_lig
lightdock	luciferin_score	-23.10469	2UUY_rec	2UUY_lig
lightdock	luciferin_score	-26.18763	2UUY_rec	2UUY_lig
lightdock	luciferin_score	-30.57365	2UUY_rec	2UUY_lig
lightdock	luciferin_score	-31.57469	2UUY_rec	2UUY_lig
lightdock	luciferin_score	-31.83407	2UUY_rec	2UUY_lig
lightdock	luciferin_score	-34.15711	2UUY_rec	2UUY_lig
lightdock	luciferin_score	-34.48801	2UUY_rec	2UUY_lig
lightdock	luciferin_score	-36.86237	2UUY_rec	2UUY_lig
lightdock	luciferin_score	-37.34628	2UUY_rec	2UUY_lig
lightdock	luciferin_score	-40.11741	2UUY_rec	2UUY_lig
lightdock	luciferin_score	-41.01827	2UUY_rec	2UUY_lig
lightdock	luciferin_score	-41.56482	2UUY_rec	2UUY_lig
lightdock	luciferin_score	-48.32295	2UUY_rec	2UUY_lig
lightdock	luciferin_score	-53.39498	2UUY_rec	2UUY_lig
lightdock	luciferin_score	-63.99518	2UUY_rec	2UUY_lig
lightdock	luciferin_score	-69.47656	2UUY_rec	2UUY_lig
lightdock	luciferin_score	19.08606	2UUY_rec	2UUY_lig
lightdock	luciferin_score	18.31285	2UUY_rec	2UUY_lig
lightdock	luciferin_score	16.08976	2UUY_rec	2UUY_lig
lightdock	luciferin_score	14.89145	2UUY_rec	2UUY_lig
lightdock	luciferin_score	14.2102	2UUY_rec	2UUY_lig
lightdock	luciferin_score	13.91161	2UUY_rec	2UUY_lig
lightdock	luciferin_score	13.77544	2UUY_rec	2UUY_lig
lightdock	luciferin_score	13.61553	2UUY_rec	2UUY_lig
lightdock	luciferin_score	13.21654	2UUY_rec	2UUY_lig
lightdock	luciferin_score	12.95109	2UUY_rec	2UUY_lig
lightdock	luciferin_score	12.75105	2UUY_rec	2UUY_lig
lightdock	luciferin_score	11.8913	2UUY_rec	2UUY_lig
lightdock	luciferin_score	11.35075	2UUY_rec	2UUY_lig
lightdock	luciferin_score	11.14078	2UUY_rec	2UUY_lig
lightdock	luciferin_score	11.12384	2UUY_rec	2UUY_lig
lightdock	luciferin_score	10.58146	2UUY_rec	2UUY_lig
lightdock	luciferin_score	10.19725	2UUY_rec	2UUY_lig
lightdock	luciferin_score	10.13034	2UUY_rec	2UUY_lig
lightdock	luciferin_score	9.83139	2UUY_rec	2UUY_lig
lightdock	luciferin_score	9.7809	2UUY_rec	2UUY_lig
lightdock	luciferin_score	9.62033	2UUY_rec	2UUY_lig
lightdock	luciferin_score	9.60587	2UUY_rec	2UUY_lig
lightdock	luciferin_score	9.49894	2UUY_rec	2UUY_lig
lightdock	luciferin_score	9.42675	2UUY_rec	2UUY_lig
lightdock	luciferin_score	9.12099	2UUY_rec	2UUY_lig
lightdock	luciferin_score	9.07453	2UUY_rec	2UUY_lig
lightdock	luciferin_score	8.95878	2UUY_rec	2UUY_lig
lightdock	luciferin_score	8.89917	2UUY_rec	2UUY_lig
lightdock	luciferin_score	8.33465	2UUY_rec	2UUY_lig
lightdock	luciferin_score	8.15636	2UUY_rec	2UUY_lig
lightdock	luciferin_score	8.09082	2UUY_rec	2UUY_lig
lightdock	luciferin_score	7.52926	2UUY_rec	2UUY_lig
lightdock	luciferin_score	7.38686	2UUY_rec	2UUY_lig
lightdock	luciferin_score	7.05183	2UUY_rec	2UUY_lig
lightdock	luciferin_score	6.97681	2UUY_rec	2UUY_lig
lightdock	luciferin_score	6.72099	2UUY_rec	2UUY_lig
lightdock	luciferin_score	6.71219	2UUY_rec	2UUY_lig
lightdock	luciferin_score	6.69799	2UUY_rec	2UUY_lig
lightdock	luciferin_score	5.87349	2UUY_rec	2UUY_lig
lightdock	luciferin_score	5.6739	2UUY_rec	2UUY_lig
lightdock	luciferin_score	5.5542	2UUY_rec	2UUY_lig
lightdock	luciferin_score	3.17476	2UUY_rec	2UUY_lig
lightdock	luciferin_score	1.61546	2UUY_rec	2UUY_lig
lightdock	luciferin_score	1.59319	2UUY_rec	2UUY_lig
lightdock	luciferin_score	0.43144	2UUY_rec	2UUY_lig
lightdock	luciferin_score	-2.55321	2UUY_rec	2UUY_lig
lightdock	luciferin_score	-3.92565	2UUY_rec	2UUY_lig
lightdock	luciferin_score	-5.46468	2UUY_rec	2UUY_lig
lightdock	luciferin_score	-9.0547	2UUY_rec	2UUY_lig
lightdock	luciferin_score	-9.35025	2UUY_rec	2UUY_lig
lightdock	luciferin_score	-11.44578	2UUY_rec	2UUY_lig
lightdock	luciferin_score	-14.13345	2UUY_rec	2UUY_lig
lightdock	luciferin_score	-14.20295	2UUY_rec	2UUY_lig
lightdock	luciferin_score	-14.6457	2UUY_rec	2UUY_lig
lightdock	luciferin_score	-17.74074	2UUY_rec	2UUY_lig
lightdock	luciferin_score	-23.52589	2UUY_rec	2UUY_lig
lightdock	luciferin_score	-25.62788	2UUY_rec	2UUY_lig
lightdock	luciferin_score	-27.68622	2UUY_rec	2UUY_lig
lightdock	luciferin_score	-37.15714	2UUY_rec	2UUY_lig
lightdock	luciferin_score	-41.98281	2UUY_rec	2UUY_lig
lightdock	luciferin_score	-55.81435	2UUY_rec	2UUY_lig
lightdock	luciferin_score	17.19904	2UUY_rec	2UUY_lig
lightdock	luciferin_score	12.76514	2UUY_rec	2UUY_lig
lightdock	luciferin_score	12.72085	2UUY_rec	2UUY_lig
lightdock	luciferin_score	11.98243	2UUY_rec	2UUY_lig
lightdock	luciferin_score	11.15	2UUY_rec	2UUY_lig
lightdock	luciferin_score	10.58418	2UUY_rec	2UUY_lig
lightdock	luciferin_score	10.52344	2UUY_rec	2UUY_lig
lightdock	luciferin_score	10.37924	2UUY_rec	2UUY_lig
lightdock	luciferin_score	10.35784	2UUY_rec	2UUY_lig
lightdock	luciferin_score	10.28455	2UUY_rec	2UUY_lig
lightdock	luciferin_score	10.21504	2UUY_rec	2UUY_lig
lightdock	luciferin_score	10.15217	2UUY_rec	2UUY_lig
lightdock	luciferin_score	9.88696	2UUY_rec	2UUY_lig
lightdock	luciferin_score	9.86582	2UUY_rec	2UUY_lig
lightdock	luciferin_score	9.56417	2UUY_rec	2UUY_lig
lightdock	luciferin_score	9.39402	2UUY_rec	2UUY_lig
lightdock	luciferin_score	9.32286	2UUY_rec	2UUY_lig
lightdock	luciferin_score	9.21505	2UUY_rec	2UUY_lig
lightdock	luciferin_score	9.05038	2UUY_rec	2UUY_lig
lightdock	luciferin_score	8.91651	2UUY_rec	2UUY_lig
lightdock	luciferin_score	8.81597	2UUY_rec	2UUY_lig
lightdock	luciferin_score	8.77605	2UUY_rec	2UUY_lig
lightdock	luciferin_score	8.6066	2UUY_rec	2UUY_lig
lightdock	luciferin_score	8.53235	2UUY_rec	2UUY_lig
lightdock	luciferin_score	8.50261	2UUY_rec	2UUY_lig
lightdock	luciferin_score	8.49761	2UUY_rec	2UUY_lig
lightdock	luciferin_score	8.413	2UUY_rec	2UUY_lig
lightdock	luciferin_score	8.40889	2UUY_rec	2UUY_lig
lightdock	luciferin_score	8.25771	2UUY_rec	2UUY_lig
lightdock	luciferin_score	8.04262	2UUY_rec	2UUY_lig
lightdock	luciferin_score	8.0231	2UUY_rec	2UUY_lig
lightdock	luciferin_score	8.02257	2UUY_rec	2UUY_lig
lightdock	luciferin_score	7.922	2UUY_rec	2UUY_lig
lightdock	luciferin_score	7.90942	2UUY_rec	2UUY_lig
lightdock	luciferin_score	7.82208	2UUY_rec	2UUY_lig
lightdock	luciferin_score	7.63356	2UUY_rec	2UUY_lig
lightdock	luciferin_score	7.30689	2UUY_rec	2UUY_lig
lightdock	luciferin_score	7.23253	2UUY_rec	2UUY_lig
lightdock	luciferin_score	7.1694	2UUY_rec	2UUY_lig
lightdock	luciferin_score	6.96289	2UUY_rec	2UUY_lig
lightdock	luciferin_score	6.6776	2UUY_rec	2UUY_lig
lightdock	luciferin_score	6.12242	2UUY_rec	2UUY_lig
lightdock	luciferin_score	6.06692	2UUY_rec	2UUY_lig
lightdock	luciferin_score	6.02371	2UUY_rec	2UUY_lig
lightdock	luciferin_score	5.89864	2UUY_rec	2UUY_lig
lightdock	luciferin_score	5.77606	2UUY_rec	2UUY_lig
lightdock	luciferin_score	4.87789	2UUY_rec	2UUY_lig
lightdock	luciferin_score	1.45242	2UUY_rec	2UUY_lig
lightdock	luciferin_score	0.50342	2UUY_rec	2UUY_lig
lightdock	luciferin_score	-1.19733	2UUY_rec	2UUY_lig
lightdock	luciferin_score	-2.85214	2UUY_rec	2UUY_lig
lightdock	luciferin_score	-6.41751	2UUY_rec	2UUY_lig
lightdock	luciferin_score	-6.65452	2UUY_rec	2UUY_lig
lightdock	luciferin_score	-11.32962	2UUY_rec	2UUY_lig
lightdock	luciferin_score	-13.14242	2UUY_rec	2UUY_lig
lightdock	luciferin_score	-14.84849	2UUY_rec	2UUY_lig
lightdock	luciferin_score	-23.44503	2UUY_rec	2UUY_lig
lightdock	luciferin_score	-36.37594	2UUY_rec	2UUY_lig
lightdock	luciferin_score	-44.32976	2UUY_rec	2UUY_lig
lightdock	luciferin_score	-46.41837	2UUY_rec	2UUY_lig
lightdock	luciferin_score	-48.93148	2UUY_rec	2UUY_lig
lightdock	luciferin_score	-54.3928	2UUY_rec	2UUY_lig
lightdock	luciferin_score	19.32013	2UUY_rec	2UUY_lig
lightdock	luciferin_score	17.67697	2UUY_rec	2UUY_lig
lightdock	luciferin_score	16.63813	2UUY_rec	2UUY_lig
lightdock	luciferin_score	15.14477	2UUY_rec	2UUY_lig
lightdock	luciferin_score	13.91847	2UUY_rec	2UUY_lig
lightdock	luciferin_score	13.82611	2UUY_rec	2UUY_lig
lightdock	luciferin_score	13.34831	2UUY_rec	2UUY_lig
lightdock	luciferin_score	12.80499	2UUY_rec	2UUY_lig
lightdock	luciferin_score	12.76298	2UUY_rec	2UUY_lig
lightdock	luciferin_score	12.55581	2UUY_rec	2UUY_lig
lightdock	luciferin_score	12.49148	2UUY_rec	2UUY_lig
lightdock	luciferin_score	12.47956	2UUY_rec	2UUY_lig
lightdock	luciferin_score	12.24736	2UUY_rec	2UUY_lig
lightdock	luciferin_score	12.16055	2UUY_rec	2UUY_lig
lightdock	luciferin_score	11.57879	2UUY_rec	2UUY_lig
lightdock	luciferin_score	11.14316	2UUY_rec	2UUY_lig
lightdock	luciferin_score	11.11789	2UUY_rec	2UUY_lig
lightdock	luciferin_score	10.97043	2UUY_rec	2UUY_lig
lightdock	luciferin_score	10.94166	2UUY_rec	2UUY_lig
lightdock	luciferin_score	10.84209	2UUY_rec	2UUY_lig
lightdock	luciferin_score	10.84013	2UUY_rec	2UUY_lig
lightdock	luciferin_score	10.62608	2UUY_rec	2UUY_lig
lightdock	luciferin_score	9.96383	2UUY_rec	2UUY_lig
lightdock	luciferin_score	9.54383	2UUY_rec	2UUY_lig
lightdock	luciferin_score	9.48944	2UUY_rec	2UUY_lig
lightdock	luciferin_score	9.48861	2UUY_rec	2UUY_lig
lightdock	luciferin_score	9.48122	2UUY_rec	2UUY_lig
lightdock	luciferin_score	9.31896	2UUY_rec	2UUY_lig
lightdock	luciferin_score	8.85967	2UUY_rec	2UUY_lig
lightdock	luciferin_score	8.39131	2UUY_rec	2UUY_lig
lightdock	luciferin_score	7.9935	2UUY_rec	2UUY_lig
lightdock	luciferin_score	7.62891	2UUY_rec	2UUY_lig
lightdock	luciferin_score	6.83342	2UUY_rec	2UUY_lig
lightdock	luciferin_score	5.9679	2UUY_rec	2UUY_lig
lightdock	luciferin_score	5.92677	2UUY_rec	2UUY_lig
lightdock	luciferin_score	4.94228	2UUY_rec	2UUY_lig
lightdock	luciferin_score	3.35768	2UUY_rec	2UUY_lig
lightdock	luciferin_score	2.8975	2UUY_rec	2UUY_lig
lightdock	luciferin_score	2.66271	2UUY_rec	2UUY_lig
lightdock	luciferin_score	1.92533	2UUY_rec	2UUY_lig
lightdock	luciferin_score	1.84646	2UUY_rec	2UUY_lig
lightdock	luciferin_score	0.94343	2UUY_rec	2UUY_lig
lightdock	luciferin_score	0.47424	2UUY_rec	2UUY_lig
lightdock	luciferin_score	-0.35466	2UUY_rec	2UUY_lig
lightdock	luciferin_score	-2.42345	2UUY_rec	2UUY_lig
lightdock	luciferin_score	-4.06638	2UUY_rec	2UUY_lig
lightdock	luciferin_score	-4.15955	2UUY_rec	2UUY_lig
lightdock	luciferin_score	-4.56334	2UUY_rec	2UUY_lig
lightdock	luciferin_score	-8.02832	2UUY_rec	2UUY_lig
lightdock	luciferin_score	-8.69167	2UUY_rec	2UUY_lig
lightdock	luciferin_score	-12.01771	2UUY_rec	2UUY_lig
lightdock	luciferin_score	-15.77198	2UUY_rec	2UUY_lig
lightdock	luciferin_score	-16.96084	2UUY_rec	2UUY_lig
lightdock	luciferin_score	-17.54748	2UUY_rec	2UUY_lig
lightdock	luciferin_score	-17.92563	2UUY_rec	2UUY_lig
lightdock	luciferin_score	-20.04344	2UUY_rec	2UUY_lig
lightdock	luciferin_score	-22.09366	2UUY_rec	2UUY_lig
lightdock	luciferin_score	-22.71191	2UUY_rec	2UUY_lig
lightdock	luciferin_score	-30.41142	2UUY_rec	2UUY_lig
lightdock	luciferin_score	-31.97897	2UUY_rec	2UUY_lig
lightdock	luciferin_score	-33.52899	2UUY_rec	2UUY_lig
lightdock	luciferin_score	-33.7593	2UUY_rec	2UUY_lig
lightdock	luciferin_score	-39.55199	2UUY_rec	2UUY_lig
lightdock	luciferin_score	-59.1283	2UUY_rec	2UUY_lig
lightdock	luciferin_score	-64.679	2UUY_rec	2UUY_lig
lightdock	luciferin_score	-67.64935	2UUY_rec	2UUY_lig
lightdock	luciferin_score	-72.0766	2UUY_rec	2UUY_lig
lightdock	luciferin_score	-81.99945	2UUY_rec	2UUY_lig
lightdock	luciferin_score	-103.2492	2UUY_rec	2UUY_lig
lightdock	luciferin_score	16.80002	2UUY_rec	2UUY_lig
lightdock	luciferin_score	16.59912	2UUY_rec	2UUY_lig
lightdock	luciferin_score	15.6467	2UUY_rec	2UUY_lig
lightdock	luciferin_score	15.4568	2UUY_rec	2UUY_lig
lightdock	luciferin_score	14.75116	2UUY_rec	2UUY_lig
lightdock	luciferin_score	14.34955	2UUY_rec	2UUY_lig
lightdock	luciferin_score	14.13051	2UUY_rec	2UUY_lig
lightdock	luciferin_score	13.70173	2UUY_rec	2UUY_lig
lightdock	luciferin_score	13.29727	2UUY_rec	2UUY_lig
lightdock	luciferin_score	11.71553	2UUY_rec	2UUY_lig
lightdock	luciferin_score	11.53735	2UUY_rec	2UUY_lig
lightdock	luciferin_score	10.95109	2UUY_rec	2UUY_lig
lightdock	luciferin_score	10.61526	2UUY_rec	2UUY_lig
lightdock	luciferin_score	10.60362	2UUY_rec	2UUY_lig
lightdock	luciferin_score	10.35933	2UUY_rec	2UUY_lig
lightdock	luciferin_score	10.25397	2UUY_rec	2UUY_lig
lightdock	luciferin_score	10.16163	2UUY_rec	2UUY_lig
lightdock	luciferin_score	9.86075	2UUY_rec	2UUY_lig
lightdock	luciferin_score	9.80304	2UUY_rec	2UUY_lig
lightdock	luciferin_score	9.77869	2UUY_rec	2UUY_lig
lightdock	luciferin_score	9.27863	2UUY_rec	2UUY_lig
lightdock	luciferin_score	9.25316	2UUY_rec	2UUY_lig
lightdock	luciferin_score	9.0294	2UUY_rec	2UUY_lig
lightdock	luciferin_score	8.90191	2UUY_rec	2UUY_lig
lightdock	luciferin_score	8.27412	2UUY_rec	2UUY_lig
lightdock	luciferin_score	8.24714	2UUY_rec	2UUY_lig
lightdock	luciferin_score	8.22062	2UUY_rec	2UUY_lig
lightdock	luciferin_score	8.06175	2UUY_rec	2UUY_lig
lightdock	luciferin_score	7.81426	2UUY_rec	2UUY_lig
lightdock	luciferin_score	7.79132	2UUY_rec	2UUY_lig
lightdock	luciferin_score	7.69982	2UUY_rec	2UUY_lig
lightdock	luciferin_score	7.53649	2UUY_rec	2UUY_lig
lightdock	luciferin_score	6.56624	2UUY_rec	2UUY_lig
lightdock	luciferin_score	6.51291	2UUY_rec	2UUY_lig
lightdock	luciferin_score	5.38169	2UUY_rec	2UUY_lig
lightdock	luciferin_score	4.88815	2UUY_rec	2UUY_lig
lightdock	luciferin_score	4.59282	2UUY_rec	2UUY_lig
lightdock	luciferin_score	4.26554	2UUY_rec	2UUY_lig
lightdock	luciferin_score	3.52266	2UUY_rec	2UUY_lig
lightdock	luciferin_score	2.04332	2UUY_rec	2UUY_lig
lightdock	luciferin_score	0.37279	2UUY_rec	2UUY_lig
lightdock	luciferin_score	-0.8136	2UUY_rec	2UUY_lig
lightdock	luciferin_score	-2.09336	2UUY_rec	2UUY_lig
lightdock	luciferin_score	-2.13132	2UUY_rec	2UUY_lig
lightdock	luciferin_score	-3.33561	2UUY_rec	2UUY_lig
lightdock	luciferin_score	-5.10849	2UUY_rec	2UUY_lig
lightdock	luciferin_score	-7.79424	2UUY_rec	2UUY_lig
lightdock	luciferin_score	-9.89567	2UUY_rec	2UUY_lig
lightdock	luciferin_score	-12.5134	2UUY_rec	2UUY_lig
lightdock	luciferin_score	-15.45461	2UUY_rec	2UUY_lig
lightdock	luciferin_score	-21.10508	2UUY_rec	2UUY_lig
lightdock	luciferin_score	-21.14465	2UUY_rec	2UUY_lig
lightdock	luciferin_score	-28.81473	2UUY_rec	2UUY_lig
lightdock	luciferin_score	-30.83671	2UUY_rec	2UUY_lig
lightdock	luciferin_score	-32.797	2UUY_rec	2UUY_lig
lightdock	luciferin_score	-33.51119	2UUY_rec	2UUY_lig
lightdock	luciferin_score	-37.62635	2UUY_rec	2UUY_lig
lightdock	luciferin_score	-37.71187	2UUY_rec	2UUY_lig
lightdock	luciferin_score	-51.77323	2UUY_rec	2UUY_lig
lightdock	luciferin_score	-54.64306	2UUY_rec	2UUY_lig
lightdock	luciferin_score	-79.11234	2UUY_rec	2UUY_lig
lightdock	luciferin_score	14.61834	2UUY_rec	2UUY_lig
lightdock	luciferin_score	13.39917	2UUY_rec	2UUY_lig
lightdock	luciferin_score	13.12428	2UUY_rec	2UUY_lig
lightdock	luciferin_score	12.86279	2UUY_rec	2UUY_lig
lightdock	luciferin_score	12.43807	2UUY_rec	2UUY_lig
lightdock	luciferin_score	12.42706	2UUY_rec	2UUY_lig
lightdock	luciferin_score	12.13782	2UUY_rec	2UUY_lig
lightdock	luciferin_score	12.01441	2UUY_rec	2UUY_lig
lightdock	luciferin_score	11.79226	2UUY_rec	2UUY_lig
lightdock	luciferin_score	11.23636	2UUY_rec	2UUY_lig
lightdock	luciferin_score	11.16331	2UUY_rec	2UUY_lig
lightdock	luciferin_score	10.94327	2UUY_rec	2UUY_lig
lightdock	luciferin_score	10.62635	2UUY_rec	2UUY_lig
lightdock	luciferin_score	10.35956	2UUY_rec	2UUY_lig
lightdock	luciferin_score	10.24946	2UUY_rec	2UUY_lig
lightdock	luciferin_score	9.93657	2UUY_rec	2UUY_lig
lightdock	luciferin_score	9.86216	2UUY_rec	2UUY_lig
lightdock	luciferin_score	9.14084	2UUY_rec	2UUY_lig
lightdock	luciferin_score	9.13204	2UUY_rec	2UUY_lig
lightdock	luciferin_score	8.60417	2UUY_rec	2UUY_lig
lightdock	luciferin_score	8.58572	2UUY_rec	2UUY_lig
lightdock	luciferin_score	8.58098	2UUY_rec	2UUY_lig
lightdock	luciferin_score	8.54788	2UUY_rec	2UUY_lig
lightdock	luciferin_score	8.24561	2UUY_rec	2UUY_lig
lightdock	luciferin_score	7.8049	2UUY_rec	2UUY_lig
lightdock	luciferin_score	7.62589	2UUY_rec	2UUY_lig
lightdock	luciferin_score	7.45922	2UUY_rec	2UUY_lig
lightdock	luciferin_score	7.33943	2UUY_rec	2UUY_lig
lightdock	luciferin_score	7.25928	2UUY_rec	2UUY_lig
lightdock	luciferin_score	6.47946	2UUY_rec	2UUY_lig
lightdock	luciferin_score	6.35616	2UUY_rec	2UUY_lig
lightdock	luciferin_score	6.33729	2UUY_rec	2UUY_lig
lightdock	luciferin_score	6.22532	2UUY_rec	2UUY_lig
lightdock	luciferin_score	5.6122	2UUY_rec	2UUY_lig
lightdock	luciferin_score	4.72471	2UUY_rec	2UUY_lig
lightdock	luciferin_score	4.06063	2UUY_rec	2UUY_lig
lightdock	luciferin_score	3.45885	2UUY_rec	2UUY_lig
lightdock	luciferin_score	2.84366	2UUY_rec	2UUY_lig
lightdock	luciferin_score	0.06365	2UUY_rec	2UUY_lig
lightdock	luciferin_score	-0.76999	2UUY_rec	2UUY_lig
lightdock	luciferin_score	-1.34566	2UUY_rec	2UUY_lig
lightdock	luciferin_score	-3.16749	2UUY_rec	2UUY_lig
lightdock	luciferin_score	-3.94347	2UUY_rec	2UUY_lig
lightdock	luciferin_score	-5.01655	2UUY_rec	2UUY_lig
lightdock	luciferin_score	-5.86524	2UUY_rec	2UUY_lig
lightdock	luciferin_score	-6.24208	2UUY_rec	2UUY_lig
lightdock	luciferin_score	-10.39531	2UUY_rec	2UUY_lig
lightdock	luciferin_score	-11.17701	2UUY_rec	2UUY_lig
lightdock	luciferin_score	-11.39112	2UUY_rec	2UUY_lig
lightdock	luciferin_score	-26.96498	2UUY_rec	2UUY_lig
lightdock	luciferin_score	-27.87268	2UUY_rec	2UUY_lig
lightdock	luciferin_score	-30.12084	2UUY_rec	2UUY_lig
lightdock	luciferin_score	-30.89522	2UUY_rec	2UUY_lig
lightdock	luciferin_score	-41.44082	2UUY_rec	2UUY_lig
lightdock	luciferin_score	-43.72439	2UUY_rec	2UUY_lig
lightdock	luciferin_score	-50.69367	2UUY_rec	2UUY_lig
lightdock	luciferin_score	-58.40566	2UUY_rec	2UUY_lig
lightdock	luciferin_score	-66.67611	2UUY_rec	2UUY_lig
lightdock	luciferin_score	16.60372	2UUY_rec	2UUY_lig
lightdock	luciferin_score	16.23772	2UUY_rec	2UUY_lig
lightdock	luciferin_score	13.71514	2UUY_rec	2UUY_lig
lightdock	luciferin_score	13.26333	2UUY_rec	2UUY_lig
lightdock	luciferin_score	12.88687	2UUY_rec	2UUY_lig
lightdock	luciferin_score	12.7965	2UUY_rec	2UUY_lig
lightdock	luciferin_score	12.53894	2UUY_rec	2UUY_lig
lightdock	luciferin_score	12.45788	2UUY_rec	2UUY_lig
lightdock	luciferin_score	12.39219	2UUY_rec	2UUY_lig
lightdock	luciferin_score	12.23112	2UUY_rec	2UUY_lig
lightdock	luciferin_score	11.80688	2UUY_rec	2UUY_lig
lightdock	luciferin_score	11.79282	2UUY_rec	2UUY_lig
lightdock	luciferin_score	11.18554	2UUY_rec	2UUY_lig
lightdock	luciferin_score	11.08256	2UUY_rec	2UUY_lig
lightdock	luciferin_score	10.74315	2UUY_rec	2UUY_lig
lightdock	luciferin_score	10.3881	2UUY_rec	2UUY_lig
lightdock	luciferin_score	10.11319	2UUY_rec	2UUY_lig
lightdock	luciferin_score	10.11057	2UUY_rec	2UUY_lig
lightdock	luciferin_score	10.02733	2UUY_rec	2UUY_lig
lightdock	luciferin_score	9.98268	2UUY_rec	2UUY_lig
lightdock	luciferin_score	9.85522	2UUY_rec	2UUY_lig
lightdock	luciferin_score	9.83805	2UUY_rec	2UUY_lig
lightdock	luciferin_score	9.6713	2UUY_rec	2UUY_lig
lightdock	luciferin_score	9.48624	2UUY_rec	2UUY_lig
lightdock	luciferin_score	9.42788	2UUY_rec	2UUY_lig
lightdock	luciferin_score	9.28185	2UUY_rec	2UUY_lig
lightdock	luciferin_score	9.2531	2UUY_rec	2UUY_lig
lightdock	luciferin_score	9.09842	2UUY_rec	2UUY_lig
lightdock	luciferin_score	8.24162	2UUY_rec	2UUY_lig
lightdock	luciferin_score	8.00486	2UUY_rec	2UUY_lig
lightdock	luciferin_score	7.83499	2UUY_rec	2UUY_lig
lightdock	luciferin_score	7.80077	2UUY_rec	2UUY_lig
lightdock	luciferin_score	7.59996	2UUY_rec	2UUY_lig
lightdock	luciferin_score	7.52687	2UUY_rec	2UUY_lig
lightdock	luciferin_score	7.48668	2UUY_rec	2UUY_lig
lightdock	luciferin_score	7.43738	2UUY_rec	2UUY_lig
lightdock	luciferin_score	7.31297	2UUY_rec	2UUY_lig
lightdock	luciferin_score	7.00153	2UUY_rec	2UUY_lig
lightdock	luciferin_score	6.96318	2UUY_rec	2UUY_lig
lightdock	luciferin_score	6.86744	2UUY_rec	2UUY_lig
lightdock	luciferin_score	6.8433	2UUY_rec	2UUY_lig
lightdock	luciferin_score	6.66501	2UUY_rec	2UUY_lig
lightdock	luciferin_score	6.63323	2UUY_rec	2UUY_lig
lightdock	luciferin_score	6.01725	2UUY_rec	2UUY_lig
lightdock	luciferin_score	5.93222	2UUY_rec	2UUY_lig
lightdock	luciferin_score	3.63425	2UUY_rec	2UUY_lig
lightdock	luciferin_score	3.26311	2UUY_rec	2UUY_lig
lightdock	luciferin_score	3.05056	2UUY_rec	2UUY_lig
lightdock	luciferin_score	1.00022	2UUY_rec	2UUY_lig
lightdock	luciferin_score	-0.81249	2UUY_rec	2UUY_lig
lightdock	luciferin_score	-5.74882	2UUY_rec	2UUY_lig
lightdock	luciferin_score	-11.1051	2UUY_rec	2UUY_lig
lightdock	luciferin_score	-19.55934	2UUY_rec	2UUY_lig
lightdock	luciferin_score	-34.9542	2UUY_rec	2UUY_lig
lightdock	luciferin_score	-45.16785	2UUY_rec	2UUY_lig
lightdock	luciferin_score	-52.91015	2UUY_rec	2UUY_lig
lightdock	luciferin_score	20.20509	2UUY_rec	2UUY_lig
lightdock	luciferin_score	17.99622	2UUY_rec	2UUY_lig
lightdock	luciferin_score	16.821	2UUY_rec	2UUY_lig
lightdock	luciferin_score	13.2311	2UUY_rec	2UUY_lig
lightdock	luciferin_score	12.68532	2UUY_rec	2UUY_lig
lightdock	luciferin_score	11.8458	2UUY_rec	2UUY_lig
lightdock	luciferin_score	11.75006	2UUY_rec	2UUY_lig
lightdock	luciferin_score	11.47861	2UUY_rec	2UUY_lig
lightdock	luciferin_score	11.42349	2UUY_rec	2UUY_lig
lightdock	luciferin_score	11.35657	2UUY_rec	2UUY_lig
lightdock	luciferin_score	11.27959	2UUY_rec	2UUY_lig
lightdock	luciferin_score	10.74211	2UUY_rec	2UUY_lig
lightdock	luciferin_score	10.53989	2UUY_rec	2UUY_lig
lightdock	luciferin_score	10.45205	2UUY_rec	2UUY_lig
lightdock	luciferin_score	10.3945	2UUY_rec	2UUY_lig
lightdock	luciferin_score	10.38432	2UUY_rec	2UUY_lig
lightdock	luciferin_score	10.23265	2UUY_rec	2UUY_lig
lightdock	luciferin_score	10.11415	2UUY_rec	2UUY_lig
lightdock	luciferin_score	9.93997	2UUY_rec	2UUY_lig
lightdock	luciferin_score	9.89992	2UUY_rec	2UUY_lig
lightdock	luciferin_score	9.73104	2UUY_rec	2UUY_lig
lightdock	luciferin_score	9.72776	2UUY_rec	2UUY_lig
lightdock	luciferin_score	9.13817	2UUY_rec	2UUY_lig
lightdock	luciferin_score	9.07456	2UUY_rec	2UUY_lig
lightdock	luciferin_score	8.857	2UUY_rec	2UUY_lig
lightdock	luciferin_score	8.79358	2UUY_rec	2UUY_lig
lightdock	luciferin_score	8.65559	2UUY_rec	2UUY_lig
lightdock	luciferin_score	8.64324	2UUY_rec	2UUY_lig
lightdock	luciferin_score	8.54938	2UUY_rec	2UUY_lig
lightdock	luciferin_score	8.44949	2UUY_rec	2UUY_lig
lightdock	luciferin_score	8.41445	2UUY_rec	2UUY_lig
lightdock	luciferin_score	8.37052	2UUY_rec	2UUY_lig
lightdock	luciferin_score	8.27974	2UUY_rec	2UUY_lig
lightdock	luciferin_score	8.24801	2UUY_rec	2UUY_lig
lightdock	luciferin_score	7.97211	2UUY_rec	2UUY_lig
lightdock	luciferin_score	7.67596	2UUY_rec	2UUY_lig
lightdock	luciferin_score	7.60025	2UUY_rec	2UUY_lig
lightdock	luciferin_score	7.42688	2UUY_rec	2UUY_lig
lightdock	luciferin_score	7.19565	2UUY_rec	2UUY_lig
lightdock	luciferin_score	7.09497	2UUY_rec	2UUY_lig
lightdock	luciferin_score	6.9572	2UUY_rec	2UUY_lig
lightdock	luciferin_score	6.81124	2UUY_rec	2UUY_lig
lightdock	luciferin_score	6.72888	2UUY_rec	2UUY_lig
lightdock	luciferin_score	6.61488	2UUY_rec	2UUY_lig
lightdock	luciferin_score	6.3975	2UUY_rec	2UUY_lig
lightdock	luciferin_score	6.10176	2UUY_rec	2UUY_lig
lightdock	luciferin_score	5.6901	2UUY_rec	2UUY_lig
lightdock	luciferin_score	5.20955	2UUY_rec	2UUY_lig
lightdock	luciferin_score	5.05552	2UUY_rec	2UUY_lig
lightdock	luciferin_score	5.03274	2UUY_rec	2UUY_lig
lightdock	luciferin_score	4.08968	2UUY_rec	2UUY_lig
lightdock	luciferin_score	3.6653	2UUY_rec	2UUY_lig
lightdock	luciferin_score	3.56849	2UUY_rec	2UUY_lig
lightdock	luciferin_score	2.39299	2UUY_rec	2UUY_lig
lightdock	luciferin_score	1.90049	2UUY_rec	2UUY_lig
lightdock	luciferin_score	1.8404	2UUY_rec	2UUY_lig
lightdock	luciferin_score	0.50147	2UUY_rec	2UUY_lig
lightdock	luciferin_score	-1.0461	2UUY_rec	2UUY_lig
lightdock	luciferin_score	-1.42565	2UUY_rec	2UUY_lig
lightdock	luciferin_score	-3.11725	2UUY_rec	2UUY_lig
lightdock	luciferin_score	-3.68199	2UUY_rec	2UUY_lig
lightdock	luciferin_score	-6.38532	2UUY_rec	2UUY_lig
lightdock	luciferin_score	-13.19368	2UUY_rec	2UUY_lig
lightdock	luciferin_score	-14.71925	2UUY_rec	2UUY_lig
lightdock	luciferin_score	-15.91467	2UUY_rec	2UUY_lig
lightdock	luciferin_score	-21.9871	2UUY_rec	2UUY_lig
lightdock	luciferin_score	-22.99962	2UUY_rec	2UUY_lig
lightdock	luciferin_score	-24.47587	2UUY_rec	2UUY_lig
lightdock	luciferin_score	-31.3159	2UUY_rec	2UUY_lig
lightdock	luciferin_score	-31.99305	2UUY_rec	2UUY_lig
lightdock	luciferin_score	-32.4292	2UUY_rec	2UUY_lig
lightdock	luciferin_score	-33.68952	2UUY_rec	2UUY_lig
lightdock	luciferin_score	-37.95087	2UUY_rec	2UUY_lig
lightdock	luciferin_score	-42.35437	2UUY_rec	2UUY_lig
lightdock	luciferin_score	-44.59527	2UUY_rec	2UUY_lig
lightdock	luciferin_score	12.85742	2UUY_rec	2UUY_lig
lightdock	luciferin_score	12.53625	2UUY_rec	2UUY_lig
lightdock	luciferin_score	11.80879	2UUY_rec	2UUY_lig
lightdock	luciferin_score	10.92369	2UUY_rec	2UUY_lig
lightdock	luciferin_score	9.3849	2UUY_rec	2UUY_lig
lightdock	luciferin_score	9.12427	2UUY_rec	2UUY_lig
lightdock	luciferin_score	9.0607	2UUY_rec	2UUY_lig
lightdock	luciferin_score	8.831	2UUY_rec	2UUY_lig
lightdock	luciferin_score	8.28205	2UUY_rec	2UUY_lig
lightdock	luciferin_score	8.22321	2UUY_rec	2UUY_lig
lightdock	luciferin_score	8.17918	2UUY_rec	2UUY_lig
lightdock	luciferin_score	8.06347	2UUY_rec	2UUY_lig
lightdock	luciferin_score	7.9287	2UUY_rec	2UUY_lig
lightdock	luciferin_score	7.92763	2UUY_rec	2UUY_lig
lightdock	luciferin_score	7.81637	2UUY_rec	2UUY_lig
lightdock	luciferin_score	7.72743	2UUY_rec	2UUY_lig
lightdock	luciferin_score	7.70266	2UUY_rec	2UUY_lig
lightdock	luciferin_score	7.55393	2UUY_rec	2UUY_lig
lightdock	luciferin_score	7.53057	2UUY_rec	2UUY_lig
lightdock	luciferin_score	7.29491	2UUY_rec	2UUY_lig
lightdock	luciferin_score	7.23952	2UUY_rec	2UUY_lig
lightdock	luciferin_score	7.21968	2UUY_rec	2UUY_lig
lightdock	luciferin_score	7.21799	2UUY_rec	2UUY_lig
lightdock	luciferin_score	7.15967	2UUY_rec	2UUY_lig
lightdock	luciferin_score	6.90596	2UUY_rec	2UUY_lig
lightdock	luciferin_score	6.81785	2UUY_rec	2UUY_lig
lightdock	luciferin_score	6.67335	2UUY_rec	2UUY_lig
lightdock	luciferin_score	6.59851	2UUY_rec	2UUY_lig
lightdock	luciferin_score	6.5378	2UUY_rec	2UUY_lig
lightdock	luciferin_score	6.2942	2UUY_rec	2UUY_lig
lightdock	luciferin_score	6.2267	2UUY_rec	2UUY_lig
lightdock	luciferin_score	6.20167	2UUY_rec	2UUY_lig
lightdock	luciferin_score	6.15214	2UUY_rec	2UUY_lig
lightdock	luciferin_score	6.08164	2UUY_rec	2UUY_lig
lightdock	luciferin_score	6.03154	2UUY_rec	2UUY_lig
lightdock	luciferin_score	6.00743	2UUY_rec	2UUY_lig
lightdock	luciferin_score	5.93259	2UUY_rec	2UUY_lig
lightdock	luciferin_score	5.86034	2UUY_rec	2UUY_lig
lightdock	luciferin_score	5.71916	2UUY_rec	2UUY_lig
lightdock	luciferin_score	5.62802	2UUY_rec	2UUY_lig
lightdock	luciferin_score	5.56774	2UUY_rec	2UUY_lig
lightdock	luciferin_score	5.53476	2UUY_rec	2UUY_lig
lightdock	luciferin_score	5.52019	2UUY_rec	2UUY_lig
lightdock	luciferin_score	5.31036	2UUY_rec	2UUY_lig
lightdock	luciferin_score	5.16345	2UUY_rec	2UUY_lig
lightdock	luciferin_score	4.79053	2UUY_rec	2UUY_lig
lightdock	luciferin_score	4.74655	2UUY_rec	2UUY_lig
lightdock	luciferin_score	3.94281	2UUY_rec	2UUY_lig
lightdock	luciferin_score	0.2463	2UUY_rec	2UUY_lig
lightdock	luciferin_score	-2.08302	2UUY_rec	2UUY_lig
lightdock	luciferin_score	-4.60412	2UUY_rec	2UUY_lig
lightdock	luciferin_score	-7.7724	2UUY_rec	2UUY_lig
lightdock	luciferin_score	-12.81167	2UUY_rec	2UUY_lig
lightdock	luciferin_score	-13.01485	2UUY_rec	2UUY_lig
lightdock	luciferin_score	-14.00303	2UUY_rec	2UUY_lig
lightdock	luciferin_score	-26.17129	2UUY_rec	2UUY_lig
lightdock	luciferin_score	-42.36407	2UUY_rec	2UUY_lig
lightdock	luciferin_score	-50.08951	2UUY_rec	2UUY_lig
lightdock	luciferin_score	14.7717	2UUY_rec	2UUY_lig
lightdock	luciferin_score	14.76759	2UUY_rec	2UUY_lig
lightdock	luciferin_score	14.45595	2UUY_rec	2UUY_lig
lightdock	luciferin_score	13.29345	2UUY_rec	2UUY_lig
lightdock	luciferin_score	12.77383	2UUY_rec	2UUY_lig
lightdock	luciferin_score	12.64675	2UUY_rec	2UUY_lig
lightdock	luciferin_score	11.76053	2UUY_rec	2UUY_lig
lightdock	luciferin_score	11.30902	2UUY_rec	2UUY_lig
lightdock	luciferin_score	11.29212	2UUY_rec	2UUY_lig
lightdock	luciferin_score	10.86281	2UUY_rec	2UUY_lig
lightdock	luciferin_score	10.86136	2UUY_rec	2UUY_lig
lightdock	luciferin_score	10.14264	2UUY_rec	2UUY_lig
lightdock	luciferin_score	10.04304	2UUY_rec	2UUY_lig
lightdock	luciferin_score	10.02313	2UUY_rec	2UUY_lig
lightdock	luciferin_score	9.95238	2UUY_rec	2UUY_lig
lightdock	luciferin_score	9.42818	2UUY_rec	2UUY_lig
lightdock	luciferin_score	9.42182	2UUY_rec	2UUY_lig
lightdock	luciferin_score	9.34744	2UUY_rec	2UUY_lig
lightdock	luciferin_score	9.29676	2UUY_rec	2UUY_lig
lightdock	luciferin_score	9.22511	2UUY_rec	2UUY_lig
lightdock	luciferin_score	8.50041	2UUY_rec	2UUY_lig
lightdock	luciferin_score	8.4389	2UUY_rec	2UUY_lig
lightdock	luciferin_score	8.07928	2UUY_rec	2UUY_lig
lightdock	luciferin_score	8.06082	2UUY_rec	2UUY_lig
lightdock	luciferin_score	7.98681	2UUY_rec	2UUY_lig
lightdock	luciferin_score	7.66962	2UUY_rec	2UUY_lig
lightdock	luciferin_score	7.6237	2UUY_rec	2UUY_lig
lightdock	luciferin_score	7.60661	2UUY_rec	2UUY_lig
lightdock	luciferin_score	7.56687	2UUY_rec	2UUY_lig
lightdock	luciferin_score	7.52097	2UUY_rec	2UUY_lig
lightdock	luciferin_score	7.4027	2UUY_rec	2UUY_lig
lightdock	luciferin_score	7.2306	2UUY_rec	2UUY_lig
lightdock	luciferin_score	7.2082	2UUY_rec	2UUY_lig
lightdock	luciferin_score	7.17561	2UUY_rec	2UUY_lig
lightdock	luciferin_score	6.90096	2UUY_rec	2UUY_lig
lightdock	luciferin_score	6.82461	2UUY_rec	2UUY_lig
lightdock	luciferin_score	6.51486	2UUY_rec	2UUY_lig
lightdock	luciferin_score	6.40162	2UUY_rec	2UUY_lig
lightdock	luciferin_score	6.24159	2UUY_rec	2UUY_lig
lightdock	luciferin_score	6.13667	2UUY_rec	2UUY_lig
lightdock	luciferin_score	6.06882	2UUY_rec	2UUY_lig
lightdock	luciferin_score	6.05573	2UUY_rec	2UUY_lig
lightdock	luciferin_score	6.01773	2UUY_rec	2UUY_lig
lightdock	luciferin_score	5.97046	2UUY_rec	2UUY_lig
lightdock	luciferin_score	5.96265	2UUY_rec	2UUY_lig
lightdock	luciferin_score	5.85665	2UUY_rec	2UUY_lig
lightdock	luciferin_score	5.79445	2UUY_rec	2UUY_lig
lightdock	luciferin_score	5.56823	2UUY_rec	2UUY_lig
lightdock	luciferin_score	5.48987	2UUY_rec	2UUY_lig
lightdock	luciferin_score	5.4676	2UUY_rec	2UUY_lig
lightdock	luciferin_score	5.38707	2UUY_rec	2UUY_lig
lightdock	luciferin_score	5.37614	2UUY_rec	2UUY_lig
lightdock	luciferin_score	5.32536	2UUY_rec	2UUY_lig
lightdock	luciferin_score	5.23196	2UUY_rec	2UUY_lig
lightdock	luciferin_score	5.14422	2UUY_rec	2UUY_lig
lightdock	luciferin_score	5.03683	2UUY_rec	2UUY_lig
lightdock	luciferin_score	4.68359	2UUY_rec	2UUY_lig
lightdock	luciferin_score	3.92901	2UUY_rec	2UUY_lig
lightdock	luciferin_score	3.71706	2UUY_rec	2UUY_lig
lightdock	luciferin_score	3.56756	2UUY_rec	2UUY_lig
lightdock	luciferin_score	0.79167	2UUY_rec	2UUY_lig
lightdock	luciferin_score	-4.55549	2UUY_rec	2UUY_lig
lightdock	luciferin_score	-8.13754	2UUY_rec	2UUY_lig
lightdock	luciferin_score	-13.36673	2UUY_rec	2UUY_lig
lightdock	luciferin_score	-13.68447	2UUY_rec	2UUY_lig
lightdock	luciferin_score	-19.76697	2UUY_rec	2UUY_lig
lightdock	luciferin_score	-23.7986	2UUY_rec	2UUY_lig
lightdock	luciferin_score	-34.52751	2UUY_rec	2UUY_lig
lightdock	luciferin_score	-37.60046	2UUY_rec	2UUY_lig
lightdock	luciferin_score	-38.28793	2UUY_rec	2UUY_lig
lightdock	luciferin_score	-57.35498	2UUY_rec	2UUY_lig
lightdock	luciferin_score	14.32714	2UUY_rec	2UUY_lig
lightdock	luciferin_score	13.67686	2UUY_rec	2UUY_lig
lightdock	luciferin_score	12.85282	2UUY_rec	2UUY_lig
lightdock	luciferin_score	12.28917	2UUY_rec	2UUY_lig
lightdock	luciferin_score	12.24896	2UUY_rec	2UUY_lig
lightdock	luciferin_score	12.12806	2UUY_rec	2UUY_lig
lightdock	luciferin_score	11.77477	2UUY_rec	2UUY_lig
lightdock	luciferin_score	11.09081	2UUY_rec	2UUY_lig
lightdock	luciferin_score	10.54527	2UUY_rec	2UUY_lig
lightdock	luciferin_score	10.50321	2UUY_rec	2UUY_lig
lightdock	luciferin_score	9.89488	2UUY_rec	2UUY_lig
lightdock	luciferin_score	9.88927	2UUY_rec	2UUY_lig
lightdock	luciferin_score	9.87066	2UUY_rec	2UUY_lig
lightdock	luciferin_score	9.68878	2UUY_rec	2UUY_lig
lightdock	luciferin_score	9.64759	2UUY_rec	2UUY_lig
lightdock	luciferin_score	9.40681	2UUY_rec	2UUY_lig
lightdock	luciferin_score	9.22511	2UUY_rec	2UUY_lig
lightdock	luciferin_score	9.1185	2UUY_rec	2UUY_lig
lightdock	luciferin_score	9.0533	2UUY_rec	2UUY_lig
lightdock	luciferin_score	9.03094	2UUY_rec	2UUY_lig
lightdock	luciferin_score	8.76859	2UUY_rec	2UUY_lig
lightdock	luciferin_score	8.68339	2UUY_rec	2UUY_lig
lightdock	luciferin_score	8.06381	2UUY_rec	2UUY_lig
lightdock	luciferin_score	7.95289	2UUY_rec	2UUY_lig
lightdock	luciferin_score	7.92964	2UUY_rec	2UUY_lig
lightdock	luciferin_score	7.90614	2UUY_rec	2UUY_lig
lightdock	luciferin_score	7.80443	2UUY_rec	2UUY_lig
lightdock	luciferin_score	7.75985	2UUY_rec	2UUY_lig
lightdock	luciferin_score	7.68408	2UUY_rec	2UUY_lig
lightdock	luciferin_score	7.65722	2UUY_rec	2UUY_lig
lightdock	luciferin_score	7.61863	2UUY_rec	2UUY_lig
lightdock	luciferin_score	7.53956	2UUY_rec	2UUY_lig
lightdock	luciferin_score	7.49663	2UUY_rec	2UUY_lig
lightdock	luciferin_score	7.47587	2UUY_rec	2UUY_lig
lightdock	luciferin_score	7.30322	2UUY_rec	2UUY_lig
lightdock	luciferin_score	7.2088	2UUY_rec	2UUY_lig
lightdock	luciferin_score	6.94529	2UUY_rec	2UUY_lig
lightdock	luciferin_score	6.86447	2UUY_rec	2UUY_lig
lightdock	luciferin_score	6.86286	2UUY_rec	2UUY_lig
lightdock	luciferin_score	6.75236	2UUY_rec	2UUY_lig
lightdock	luciferin_score	6.7185	2UUY_rec	2UUY_lig
lightdock	luciferin_score	6.62433	2UUY_rec	2UUY_lig
lightdock	luciferin_score	6.25379	2UUY_rec	2UUY_lig
lightdock	luciferin_score	5.98633	2UUY_rec	2UUY_lig
lightdock	luciferin_score	5.79244	2UUY_rec	2UUY_lig
lightdock	luciferin_score	5.73863	2UUY_rec	2UUY_lig
lightdock	luciferin_score	5.44728	2UUY_rec	2UUY_lig
lightdock	luciferin_score	4.84236	2UUY_rec	2UUY_lig
lightdock	luciferin_score	4.52023	2UUY_rec	2UUY_lig
lightdock	luciferin_score	3.89754	2UUY_rec	2UUY_lig
lightdock	luciferin_score	3.78031	2UUY_rec	2UUY_lig
lightdock	luciferin_score	2.59858	2UUY_rec	2UUY_lig
lightdock	luciferin_score	-0.70122	2UUY_rec	2UUY_lig
lightdock	luciferin_score	-1.33981	2UUY_rec	2UUY_lig
lightdock	luciferin_score	-1.79691	2UUY_rec	2UUY_lig
lightdock	luciferin_score	-2.52525	2UUY_rec	2UUY_lig
lightdock	luciferin_score	-4.15698	2UUY_rec	2UUY_lig
lightdock	luciferin_score	-6.31282	2UUY_rec	2UUY_lig
lightdock	luciferin_score	-11.61892	2UUY_rec	2UUY_lig
lightdock	luciferin_score	-18.07291	2UUY_rec	2UUY_lig
lightdock	luciferin_score	-18.1376	2UUY_rec	2UUY_lig
lightdock	luciferin_score	-21.27819	2UUY_rec	2UUY_lig
lightdock	luciferin_score	-22.72488	2UUY_rec	2UUY_lig
lightdock	luciferin_score	-23.725	2UUY_rec	2UUY_lig
lightdock	luciferin_score	-27.61943	2UUY_rec	2UUY_lig
lightdock	luciferin_score	17.40436	2UUY_rec	2UUY_lig
lightdock	luciferin_score	15.23663	2UUY_rec	2UUY_lig
lightdock	luciferin_score	14.33483	2UUY_rec	2UUY_lig
lightdock	luciferin_score	13.65017	2UUY_rec	2UUY_lig
lightdock	luciferin_score	13.27869	2UUY_rec	2UUY_lig
lightdock	luciferin_score	13.06708	2UUY_rec	2UUY_lig
lightdock	luciferin_score	13.02502	2UUY_rec	2UUY_lig
lightdock	luciferin_score	11.75167	2UUY_rec	2UUY_lig
lightdock	luciferin_score	11.45773	2UUY_rec	2UUY_lig
lightdock	luciferin_score	11.14289	2UUY_rec	2UUY_lig
lightdock	luciferin_score	11.08	2UUY_rec	2UUY_lig
lightdock	luciferin_score	11.05588	2UUY_rec	2UUY_lig
lightdock	luciferin_score	10.95442	2UUY_rec	2UUY_lig
lightdock	luciferin_score	10.76905	2UUY_rec	2UUY_lig
lightdock	luciferin_score	10.21891	2UUY_rec	2UUY_lig
lightdock	luciferin_score	9.80949	2UUY_rec	2UUY_lig
lightdock	luciferin_score	9.75479	2UUY_rec	2UUY_lig
lightdock	luciferin_score	9.44365	2UUY_rec	2UUY_lig
lightdock	luciferin_score	9.33237	2UUY_rec	2UUY_lig
lightdock	luciferin_score	9.31047	2UUY_rec	2UUY_lig
lightdock	luciferin_score	9.30929	2UUY_rec	2UUY_lig
lightdock	luciferin_score	9.17664	2UUY_rec	2UUY_lig
lightdock	luciferin_score	8.86469	2UUY_rec	2UUY_lig
lightdock	luciferin_score	8.83907	2UUY_rec	2UUY_lig
lightdock	luciferin_score	8.79758	2UUY_rec	2UUY_lig
lightdock	luciferin_score	8.75921	2UUY_rec	2UUY_lig
lightdock	luciferin_score	8.63157	2UUY_rec	2UUY_lig
lightdock	luciferin_score	8.43425	2UUY_rec	2UUY_lig
lightdock	luciferin_score	8.21695	2UUY_rec	2UUY_lig
lightdock	luciferin_score	8.20006	2UUY_rec	2UUY_lig
lightdock	luciferin_score	8.10587	2UUY_rec	2UUY_lig
lightdock	luciferin_score	7.96493	2UUY_rec	2UUY_lig
lightdock	luciferin_score	7.71882	2UUY_rec	2UUY_lig
lightdock	luciferin_score	7.51658	2UUY_rec	2UUY_lig
lightdock	luciferin_score	7.4448	2UUY_rec	2UUY_lig
lightdock	luciferin_score	7.23317	2UUY_rec	2UUY_lig
lightdock	luciferin_score	7.00791	2UUY_rec	2UUY_lig
lightdock	luciferin_score	6.80423	2UUY_rec	2UUY_lig
lightdock	luciferin_score	6.76534	2UUY_rec	2UUY_lig
lightdock	luciferin_score	6.74846	2UUY_rec	2UUY_lig
lightdock	luciferin_score	6.48901	2UUY_rec	2UUY_lig
lightdock	luciferin_score	6.46583	2UUY_rec	2UUY_lig
lightdock	luciferin_score	5.79583	2UUY_rec	2UUY_lig
lightdock	luciferin_score	5.68073	2UUY_rec	2UUY_lig
lightdock	luciferin_score	5.06225	2UUY_rec	2UUY_lig
lightdock	luciferin_score	4.80085	2UUY_rec	2UUY_lig
lightdock	luciferin_score	3.25352	2UUY_rec	2UUY_lig
lightdock	luciferin_score	2.41591	2UUY_rec	2UUY_lig
lightdock	luciferin_score	1.67235	2UUY_rec	2UUY_lig
lightdock	luciferin_score	1.594	2UUY_rec	2UUY_lig
lightdock	luciferin_score	1.20352	2UUY_rec	2UUY_lig
lightdock	luciferin_score	1.05403	2UUY_rec	2UUY_lig
lightdock	luciferin_score	-1.21587	2UUY_rec	2UUY_lig
lightdock	luciferin_score	-1.56375	2UUY_rec	2UUY_lig
lightdock	luciferin_score	-1.90291	2UUY_rec	2UUY_lig
lightdock	luciferin_score	-2.88464	2UUY_rec	2UUY_lig
lightdock	luciferin_score	-3.12328	2UUY_rec	2UUY_lig
lightdock	luciferin_score	-5.87373	2UUY_rec	2UUY_lig
lightdock	luciferin_score	-11.82603	2UUY_rec	2UUY_lig
lightdock	luciferin_score	-12.39665	2UUY_rec	2UUY_lig
lightdock	luciferin_score	-14.81323	2UUY_rec	2UUY_lig
lightdock	luciferin_score	-28.76323	2UUY_rec	2UUY_lig
lightdock	luciferin_score	-29.29242	2UUY_rec	2UUY_lig
lightdock	luciferin_score	-29.88425	2UUY_rec	2UUY_lig
lightdock	luciferin_score	-45.31268	2UUY_rec	2UUY_lig
lightdock	luciferin_score	-47.69559	2UUY_rec	2UUY_lig
lightdock	luciferin_score	-52.20504	2UUY_rec	2UUY_lig
lightdock	luciferin_score	-59.24918	2UUY_rec	2UUY_lig
lightdock	luciferin_score	-100.40275	2UUY_rec	2UUY_lig
lightdock	luciferin_score	17.35686	2UUY_rec	2UUY_lig
lightdock	luciferin_score	17.08607	2UUY_rec	2UUY_lig
lightdock	luciferin_score	15.95436	2UUY_rec	2UUY_lig
lightdock	luciferin_score	14.97141	2UUY_rec	2UUY_lig
lightdock	luciferin_score	14.28794	2UUY_rec	2UUY_lig
lightdock	luciferin_score	13.89669	2UUY_rec	2UUY_lig
lightdock	luciferin_score	13.32592	2UUY_rec	2UUY_lig
lightdock	luciferin_score	13.23573	2UUY_rec	2UUY_lig
lightdock	luciferin_score	12.83537	2UUY_rec	2UUY_lig
lightdock	luciferin_score	12.31632	2UUY_rec	2UUY_lig
lightdock	luciferin_score	12.04059	2UUY_rec	2UUY_lig
lightdock	luciferin_score	11.62804	2UUY_rec	2UUY_lig
lightdock	luciferin_score	11.45465	2UUY_rec	2UUY_lig
lightdock	luciferin_score	11.19044	2UUY_rec	2UUY_lig
lightdock	luciferin_score	10.95913	2UUY_rec	2UUY_lig
lightdock	luciferin_score	10.51618	2UUY_rec	2UUY_lig
lightdock	luciferin_score	10.50492	2UUY_rec	2UUY_lig
lightdock	luciferin_score	10.47462	2UUY_rec	2UUY_lig
lightdock	luciferin_score	10.19477	2UUY_rec	2UUY_lig
lightdock	luciferin_score	10.01022	2UUY_rec	2UUY_lig
lightdock	luciferin_score	9.91795	2UUY_rec	2UUY_lig
lightdock	luciferin_score	9.84587	2UUY_rec	2UUY_lig
lightdock	luciferin_score	9.77504	2UUY_rec	2UUY_lig
lightdock	luciferin_score	9.76159	2UUY_rec	2UUY_lig
lightdock	luciferin_score	9.49981	2UUY_rec	2UUY_lig
lightdock	luciferin_score	8.89309	2UUY_rec	2UUY_lig
lightdock	luciferin_score	8.83343	2UUY_rec	2UUY_lig
lightdock	luciferin_score	8.8168	2UUY_rec	2UUY_lig
lightdock	luciferin_score	8.39151	2UUY_rec	2UUY_lig
lightdock	luciferin_score	8.33666	2UUY_rec	2UUY_lig
lightdock	luciferin_score	8.14598	2UUY_rec	2UUY_lig
lightdock	luciferin_score	7.97945	2UUY_rec	2UUY_lig
lightdock	luciferin_score	7.87324	2UUY_rec	2UUY_lig
lightdock	luciferin_score	7.35056	2UUY_rec	2UUY_lig
lightdock	luciferin_score	7.25913	2UUY_rec	2UUY_lig
lightdock	luciferin_score	6.70815	2UUY_rec	2UUY_lig
lightdock	luciferin_score	5.94391	2UUY_rec	2UUY_lig
lightdock	luciferin_score	5.24917	2UUY_rec	2UUY_lig
lightdock	luciferin_score	2.35826	2UUY_rec	2UUY_lig
lightdock	luciferin_score	1.43208	2UUY_rec	2UUY_lig
lightdock	luciferin_score	0.83907	2UUY_rec	2UUY_lig
lightdock	luciferin_score	0.66509	2UUY_rec	2UUY_lig
lightdock	luciferin_score	-0.17942	2UUY_rec	2UUY_lig
lightdock	luciferin_score	-1.73447	2UUY_rec	2UUY_lig
lightdock	luciferin_score	-4.81585	2UUY_rec	2UUY_lig
lightdock	luciferin_score	-6.32121	2UUY_rec	2UUY_lig
lightdock	luciferin_score	-6.68473	2UUY_rec	2UUY_lig
lightdock	luciferin_score	-7.7434	2UUY_rec	2UUY_lig
lightdock	luciferin_score	-7.93093	2UUY_rec	2UUY_lig
lightdock	luciferin_score	-8.90416	2UUY_rec	2UUY_lig
lightdock	luciferin_score	-10.3712	2UUY_rec	2UUY_lig
lightdock	luciferin_score	-12.03009	2UUY_rec	2UUY_lig
lightdock	luciferin_score	-18.50204	2UUY_rec	2UUY_lig
lightdock	luciferin_score	-19.88748	2UUY_rec	2UUY_lig
lightdock	luciferin_score	-26.95691	2UUY_rec	2UUY_lig
lightdock	luciferin_score	-28.65327	2UUY_rec	2UUY_lig
lightdock	luciferin_score	-32.94503	2UUY_rec	2UUY_lig
lightdock	luciferin_score	-33.28854	2UUY_rec	2UUY_lig
lightdock	luciferin_score	-36.201	2UUY_rec	2UUY_lig
lightdock	luciferin_score	-36.62442	2UUY_rec	2UUY_lig
lightdock	luciferin_score	-42.19409	2UUY_rec	2UUY_lig
lightdock	luciferin_score	-43.97982	2UUY_rec	2UUY_lig
lightdock	luciferin_score	-52.34198	2UUY_rec	2UUY_lig
lightdock	luciferin_score	-53.56179	2UUY_rec	2UUY_lig
lightdock	luciferin_score	-56.31731	2UUY_rec	2UUY_lig
lightdock	luciferin_score	17.9607	2UUY_rec	2UUY_lig
lightdock	luciferin_score	15.14376	2UUY_rec	2UUY_lig
lightdock	luciferin_score	14.41442	2UUY_rec	2UUY_lig
lightdock	luciferin_score	13.59922	2UUY_rec	2UUY_lig
lightdock	luciferin_score	13.45528	2UUY_rec	2UUY_lig
lightdock	luciferin_score	13.4414	2UUY_rec	2UUY_lig
lightdock	luciferin_score	13.0112	2UUY_rec	2UUY_lig
lightdock	luciferin_score	12.64859	2UUY_rec	2UUY_lig
lightdock	luciferin_score	12.42834	2UUY_rec	2UUY_lig
lightdock	luciferin_score	12.36363	2UUY_rec	2UUY_lig
lightdock	luciferin_score	12.10957	2UUY_rec	2UUY_lig
lightdock	luciferin_score	11.16463	2UUY_rec	2UUY_lig
lightdock	luciferin_score	10.65621	2UUY_rec	2UUY_lig
lightdock	luciferin_score	10.57159	2UUY_rec	2UUY_lig
lightdock	luciferin_score	10.2952	2UUY_rec	2UUY_lig
lightdock	luciferin_score	9.55538	2UUY_rec	2UUY_lig
lightdock	luciferin_score	9.38578	2UUY_rec	2UUY_lig
lightdock	luciferin_score	9.10836	2UUY_rec	2UUY_lig
lightdock	luciferin_score	9.06225	2UUY_rec	2UUY_lig
lightdock	luciferin_score	9.04377	2UUY_rec	2UUY_lig
lightdock	luciferin_score	8.95206	2UUY_rec	2UUY_lig
lightdock	luciferin_score	8.76932	2UUY_rec	2UUY_lig
lightdock	luciferin_score	8.66517	2UUY_rec	2UUY_lig
lightdock	luciferin_score	8.40193	2UUY_rec	2UUY_lig
lightdock	luciferin_score	8.2561	2UUY_rec	2UUY_lig
lightdock	luciferin_score	8.24065	2UUY_rec	2UUY_lig
lightdock	luciferin_score	8.14247	2UUY_rec	2UUY_lig
lightdock	luciferin_score	8.06516	2UUY_rec	2UUY_lig
lightdock	luciferin_score	7.91905	2UUY_rec	2UUY_lig
lightdock	luciferin_score	7.87989	2UUY_rec	2UUY_lig
lightdock	luciferin_score	7.65849	2UUY_rec	2UUY_lig
lightdock	luciferin_score	7.41176	2UUY_rec	2UUY_lig
lightdock	luciferin_score	7.38055	2UUY_rec	2UUY_lig
lightdock	luciferin_score	7.25795	2UUY_rec	2UUY_lig
lightdock	luciferin_score	7.11713	2UUY_rec	2UUY_lig
lightdock	luciferin_score	6.90091	2UUY_rec	2UUY_lig
lightdock	luciferin_score	6.81135	2UUY_rec	2UUY_lig
lightdock	luciferin_score	6.62969	2UUY_rec	2UUY_lig
lightdock	luciferin_score	6.61278	2UUY_rec	2UUY_lig
lightdock	luciferin_score	6.60077	2UUY_rec	2UUY_lig
lightdock	luciferin_score	6.41601	2UUY_rec	2UUY_lig
lightdock	luciferin_score	6.35788	2UUY_rec	2UUY_lig
lightdock	luciferin_score	6.1653	2UUY_rec	2UUY_lig
lightdock	luciferin_score	6.1603	2UUY_rec	2UUY_lig
lightdock	luciferin_score	5.96165	2UUY_rec	2UUY_lig
lightdock	luciferin_score	5.71788	2UUY_rec	2UUY_lig
lightdock	luciferin_score	4.92444	2UUY_rec	2UUY_lig
lightdock	luciferin_score	4.62958	2UUY_rec	2UUY_lig
lightdock	luciferin_score	3.23216	2UUY_rec	2UUY_lig
lightdock	luciferin_score	-0.66663	2UUY_rec	2UUY_lig
lightdock	luciferin_score	-3.37191	2UUY_rec	2UUY_lig
lightdock	luciferin_score	-5.83081	2UUY_rec	2UUY_lig
lightdock	luciferin_score	-5.84375	2UUY_rec	2UUY_lig
lightdock	luciferin_score	-12.63163	2UUY_rec	2UUY_lig
lightdock	luciferin_score	-16.56207	2UUY_rec	2UUY_lig
lightdock	luciferin_score	-16.617	2UUY_rec	2UUY_lig
lightdock	luciferin_score	-20.12624	2UUY_rec	2UUY_lig
lightdock	luciferin_score	-22.90338	2UUY_rec	2UUY_lig
lightdock	luciferin_score	-24.5406	2UUY_rec	2UUY_lig
lightdock	luciferin_score	-26.8657	2UUY_rec	2UUY_lig
lightdock	luciferin_score	-53.27883	2UUY_rec	2UUY_lig
lightdock	luciferin_score	17.91868	2UUY_rec	2UUY_lig
lightdock	luciferin_score	15.47739	2UUY_rec	2UUY_lig
lightdock	luciferin_score	14.47412	2UUY_rec	2UUY_lig
lightdock	luciferin_score	13.78919	2UUY_rec	2UUY_lig
lightdock	luciferin_score	13.52393	2UUY_rec	2UUY_lig
lightdock	luciferin_score	13.27539	2UUY_rec	2UUY_lig
lightdock	luciferin_score	12.66903	2UUY_rec	2UUY_lig
lightdock	luciferin_score	12.46473	2UUY_rec	2UUY_lig
lightdock	luciferin_score	11.9821	2UUY_rec	2UUY_lig
lightdock	luciferin_score	11.48063	2UUY_rec	2UUY_lig
lightdock	luciferin_score	11.25969	2UUY_rec	2UUY_lig
lightdock	luciferin_score	10.7266	2UUY_rec	2UUY_lig
lightdock	luciferin_score	10.0278	2UUY_rec	2UUY_lig
lightdock	luciferin_score	9.49231	2UUY_rec	2UUY_lig
lightdock	luciferin_score	9.42274	2UUY_rec	2UUY_lig
lightdock	luciferin_score	9.40216	2UUY_rec	2UUY_lig
lightdock	luciferin_score	9.25059	2UUY_rec	2UUY_lig
lightdock	luciferin_score	9.17415	2UUY_rec	2UUY_lig
lightdock	luciferin_score	9.16534	2UUY_rec	2UUY_lig
lightdock	luciferin_score	9.09952	2UUY_rec	2UUY_lig
lightdock	luciferin_score	8.87765	2UUY_rec	2UUY_lig
lightdock	luciferin_score	8.78009	2UUY_rec	2UUY_lig
lightdock	luciferin_score	8.25417	2UUY_rec	2UUY_lig
lightdock	luciferin_score	7.5552	2UUY_rec	2UUY_lig
lightdock	luciferin_score	7.44514	2UUY_rec	2UUY_lig
lightdock	luciferin_score	7.34154	2UUY_rec	2UUY_lig
lightdock	luciferin_score	7.31621	2UUY_rec	2UUY_lig
lightdock	luciferin_score	7.16345	2UUY_rec	2UUY_lig
lightdock	luciferin_score	6.88381	2UUY_rec	2UUY_lig
lightdock	luciferin_score	6.84626	2UUY_rec	2UUY_lig
lightdock	luciferin_score	6.56938	2UUY_rec	2UUY_lig
lightdock	luciferin_score	6.04613	2UUY_rec	2UUY_lig
lightdock	luciferin_score	5.9577	2UUY_rec	2UUY_lig
lightdock	luciferin_score	3.14282	2UUY_rec	2UUY_lig
lightdock	luciferin_score	3.0213	2UUY_rec	2UUY_lig
lightdock	luciferin_score	2.53113	2UUY_rec	2UUY_lig
lightdock	luciferin_score	2.22802	2UUY_rec	2UUY_lig
lightdock	luciferin_score	1.98216	2UUY_rec	2UUY_lig
lightdock	luciferin_score	0.7893	2UUY_rec	2UUY_lig
lightdock	luciferin_score	-0.11887	2UUY_rec	2UUY_lig
lightdock	luciferin_score	-0.41177	2UUY_rec	2UUY_lig
lightdock	luciferin_score	-1.97104	2UUY_rec	2UUY_lig
lightdock	luciferin_score	-3.97467	2UUY_rec	2UUY_lig
lightdock	luciferin_score	-5.58864	2UUY_rec	2UUY_lig
lightdock	luciferin_score	-8.48773	2UUY_rec	2UUY_lig
lightdock	luciferin_score	-8.82151	2UUY_rec	2UUY_lig
lightdock	luciferin_score	-9.13868	2UUY_rec	2UUY_lig
lightdock	luciferin_score	-10.06149	2UUY_rec	2UUY_lig
lightdock	luciferin_score	-10.10469	2UUY_rec	2UUY_lig
lightdock	luciferin_score	-10.79288	2UUY_rec	2UUY_lig
lightdock	luciferin_score	-11.80768	2UUY_rec	2UUY_lig
lightdock	luciferin_score	-12.02293	2UUY_rec	2UUY_lig
lightdock	luciferin_score	-12.39925	2UUY_rec	2UUY_lig
lightdock	luciferin_score	-15.71738	2UUY_rec	2UUY_lig
lightdock	luciferin_score	-23.64221	2UUY_rec	2UUY_lig
lightdock	luciferin_score	-25.90665	2UUY_rec	2UUY_lig
lightdock	luciferin_score	-31.76724	2UUY_rec	2UUY_lig
lightdock	luciferin_score	-31.77903	2UUY_rec	2UUY_lig
lightdock	luciferin_score	-40.16289	2UUY_rec	2UUY_lig
lightdock	luciferin_score	-40.85022	2UUY_rec	2UUY_lig
lightdock	luciferin_score	-41.45344	2UUY_rec	2UUY_lig
lightdock	luciferin_score	-42.18699	2UUY_rec	2UUY_lig
lightdock	luciferin_score	-56.09248	2UUY_rec	2UUY_lig
lightdock	luciferin_score	21.76948	2UUY_rec	2UUY_lig
lightdock	luciferin_score	18.38331	2UUY_rec	2UUY_lig
lightdock	luciferin_score	15.95189	2UUY_rec	2UUY_lig
lightdock	luciferin_score	15.90524	2UUY_rec	2UUY_lig
lightdock	luciferin_score	15.22892	2UUY_rec	2UUY_lig
lightdock	luciferin_score	13.84453	2UUY_rec	2UUY_lig
lightdock	luciferin_score	13.79783	2UUY_rec	2UUY_lig
lightdock	luciferin_score	13.45578	2UUY_rec	2UUY_lig
lightdock	luciferin_score	12.90471	2UUY_rec	2UUY_lig
lightdock	luciferin_score	12.82994	2UUY_rec	2UUY_lig
lightdock	luciferin_score	12.56173	2UUY_rec	2UUY_lig
lightdock	luciferin_score	11.46566	2UUY_rec	2UUY_lig
lightdock	luciferin_score	11.33927	2UUY_rec	2UUY_lig
lightdock	luciferin_score	11.28426	2UUY_rec	2UUY_lig
lightdock	luciferin_score	11.20998	2UUY_rec	2UUY_lig
lightdock	luciferin_score	10.62183	2UUY_rec	2UUY_lig
lightdock	luciferin_score	10.49327	2UUY_rec	2UUY_lig
lightdock	luciferin_score	10.47098	2UUY_rec	2UUY_lig
lightdock	luciferin_score	10.45296	2UUY_rec	2UUY_lig
lightdock	luciferin_score	10.13215	2UUY_rec	2UUY_lig
lightdock	luciferin_score	9.93924	2UUY_rec	2UUY_lig
lightdock	luciferin_score	9.19597	2UUY_rec	2UUY_lig
lightdock	luciferin_score	9.12293	2UUY_rec	2UUY_lig
lightdock	luciferin_score	8.98678	2UUY_rec	2UUY_lig
lightdock	luciferin_score	8.6619	2UUY_rec	2UUY_lig
lightdock	luciferin_score	8.50877	2UUY_rec	2UUY_lig
lightdock	luciferin_score	8.41199	2UUY_rec	2UUY_lig
lightdock	luciferin_score	8.39613	2UUY_rec	2UUY_lig
lightdock	luciferin_score	8.31913	2UUY_rec	2UUY_lig
lightdock	luciferin_score	8.28635	2UUY_rec	2UUY_lig
lightdock	luciferin_score	8.23384	2UUY_rec	2UUY_lig
lightdock	luciferin_score	7.95673	2UUY_rec	2UUY_lig
lightdock	luciferin_score	7.73486	2UUY_rec	2UUY_lig
lightdock	luciferin_score	7.64388	2UUY_rec	2UUY_lig
lightdock	luciferin_score	7.28246	2UUY_rec	2UUY_lig
lightdock	luciferin_score	6.37622	2UUY_rec	2UUY_lig
lightdock	luciferin_score	6.19716	2UUY_rec	2UUY_lig
lightdock	luciferin_score	5.82007	2UUY_rec	2UUY_lig
lightdock	luciferin_score	4.73221	2UUY_rec	2UUY_lig
lightdock	luciferin_score	4.3829	2UUY_rec	2UUY_lig
lightdock	luciferin_score	4.25497	2UUY_rec	2UUY_lig
lightdock	luciferin_score	1.04752	2UUY_rec	2UUY_lig
lightdock	luciferin_score	-0.68976	2UUY_rec	2UUY_lig
lightdock	luciferin_score	-1.69362	2UUY_rec	2UUY_lig
lightdock	luciferin_score	-2.26821	2UUY_rec	2UUY_lig
lightdock	luciferin_score	-7.23696	2UUY_rec	2UUY_lig
lightdock	luciferin_score	-8.32369	2UUY_rec	2UUY_lig
lightdock	luciferin_score	-8.52468	2UUY_rec	2UUY_lig
lightdock	luciferin_score	-8.93492	2UUY_rec	2UUY_lig
lightdock	luciferin_score	-9.885	2UUY_rec	2UUY_lig
lightdock	luciferin_score	-11.53636	2UUY_rec	2UUY_lig
lightdock	luciferin_score	-17.19879	2UUY_rec	2UUY_lig
lightdock	luciferin_score	-19.80503	2UUY_rec	2UUY_lig
lightdock	luciferin_score	-19.86683	2UUY_rec	2UUY_lig
lightdock	luciferin_score	-22.36799	2UUY_rec	2UUY_lig
lightdock	luciferin_score	-36.83028	2UUY_rec	2UUY_lig
lightdock	luciferin_score	-37.35476	2UUY_rec	2UUY_lig
lightdock	luciferin_score	-41.58235	2UUY_rec	2UUY_lig
lightdock	luciferin_score	-53.86744	2UUY_rec	2UUY_lig
lightdock	luciferin_score	-59.94603	2UUY_rec	2UUY_lig
lightdock	luciferin_score	16.08412	2UUY_rec	2UUY_lig
lightdock	luciferin_score	14.66617	2UUY_rec	2UUY_lig
lightdock	luciferin_score	14.24783	2UUY_rec	2UUY_lig
lightdock	luciferin_score	13.14802	2UUY_rec	2UUY_lig
lightdock	luciferin_score	12.75656	2UUY_rec	2UUY_lig
lightdock	luciferin_score	12.69427	2UUY_rec	2UUY_lig
lightdock	luciferin_score	11.95388	2UUY_rec	2UUY_lig
lightdock	luciferin_score	11.37204	2UUY_rec	2UUY_lig
lightdock	luciferin_score	11.17595	2UUY_rec	2UUY_lig
lightdock	luciferin_score	11.15098	2UUY_rec	2UUY_lig
lightdock	luciferin_score	10.89154	2UUY_rec	2UUY_lig
lightdock	luciferin_score	10.79248	2UUY_rec	2UUY_lig
lightdock	luciferin_score	10.78009	2UUY_rec	2UUY_lig
lightdock	luciferin_score	10.77475	2UUY_rec	2UUY_lig
lightdock	luciferin_score	10.4523	2UUY_rec	2UUY_lig
lightdock	luciferin_score	10.41353	2UUY_rec	2UUY_lig
lightdock	luciferin_score	10.19113	2UUY_rec	2UUY_lig
lightdock	luciferin_score	10.18247	2UUY_rec	2UUY_lig
lightdock	luciferin_score	9.92102	2UUY_rec	2UUY_lig
lightdock	luciferin_score	9.70521	2UUY_rec	2UUY_lig
lightdock	luciferin_score	9.67845	2UUY_rec	2UUY_lig
lightdock	luciferin_score	9.56105	2UUY_rec	2UUY_lig
lightdock	luciferin_score	9.28623	2UUY_rec	2UUY_lig
lightdock	luciferin_score	9.19857	2UUY_rec	2UUY_lig
lightdock	luciferin_score	8.98814	2UUY_rec	2UUY_lig
lightdock	luciferin_score	8.88099	2UUY_rec	2UUY_lig
lightdock	luciferin_score	8.86459	2UUY_rec	2UUY_lig
lightdock	luciferin_score	8.81635	2UUY_rec	2UUY_lig
lightdock	luciferin_score	8.73265	2UUY_rec	2UUY_lig
lightdock	luciferin_score	8.4496	2UUY_rec	2UUY_lig
lightdock	luciferin_score	8.36848	2UUY_rec	2UUY_lig
lightdock	luciferin_score	8.33788	2UUY_rec	2UUY_lig
lightdock	luciferin_score	8.09933	2UUY_rec	2UUY_lig
lightdock	luciferin_score	8.0099	2UUY_rec	2UUY_lig
lightdock	luciferin_score	7.86538	2UUY_rec	2UUY_lig
lightdock	luciferin_score	7.35606	2UUY_rec	2UUY_lig
lightdock	luciferin_score	7.30295	2UUY_rec	2UUY_lig
lightdock	luciferin_score	7.26165	2UUY_rec	2UUY_lig
lightdock	luciferin_score	7.07748	2UUY_rec	2UUY_lig
lightdock	luciferin_score	7.0045	2UUY_rec	2UUY_lig
lightdock	luciferin_score	5.68842	2UUY_rec	2UUY_lig
lightdock	luciferin_score	5.45702	2UUY_rec	2UUY_lig
lightdock	luciferin_score	5.10093	2UUY_rec	2UUY_lig
lightdock	luciferin_score	4.59464	2UUY_rec	2UUY_lig
lightdock	luciferin_score	4.17629	2UUY_rec	2UUY_lig
lightdock	luciferin_score	-0.12382	2UUY_rec	2UUY_lig
lightdock	luciferin_score	-0.9603	2UUY_rec	2UUY_lig
lightdock	luciferin_score	-1.96364	2UUY_rec	2UUY_lig
lightdock	luciferin_score	-3.41841	2UUY_rec	2UUY_lig
lightdock	luciferin_score	-5.73018	2UUY_rec	2UUY_lig
lightdock	luciferin_score	-7.48681	2UUY_rec	2UUY_lig
lightdock	luciferin_score	-8.20257	2UUY_rec	2UUY_lig
lightdock	luciferin_score	-9.8254	2UUY_rec	2UUY_lig
lightdock	luciferin_score	-12.94911	2UUY_rec	2UUY_lig
lightdock	luciferin_score	-16.04502	2UUY_rec	2UUY_lig
lightdock	luciferin_score	-18.20396	2UUY_rec	2UUY_lig
lightdock	luciferin_score	-20.93514	2UUY_rec	2UUY_lig
lightdock	luciferin_score	-21.89311	2UUY_rec	2UUY_lig
lightdock	luciferin_score	-22.13814	2UUY_rec	2UUY_lig
lightdock	luciferin_score	-23.39087	2UUY_rec	2UUY_lig
lightdock	luciferin_score	-24.70688	2UUY_rec	2UUY_lig
lightdock	luciferin_score	-26.24822	2UUY_rec	2UUY_lig
lightdock	luciferin_score	-33.32782	2UUY_rec	2UUY_lig
lightdock	luciferin_score	-36.20675	2UUY_rec	2UUY_lig
lightdock	luciferin_score	-43.32707	2UUY_rec	2UUY_lig
lightdock	luciferin_score	-44.95207	2UUY_rec	2UUY_lig
lightdock	luciferin_score	24.10555	2UUY_rec	2UUY_lig
lightdock	luciferin_score	19.97377	2UUY_rec	2UUY_lig
lightdock	luciferin_score	16.43012	2UUY_rec	2UUY_lig
lightdock	luciferin_score	15.69117	2UUY_rec	2UUY_lig
lightdock	luciferin_score	14.64218	2UUY_rec	2UUY_lig
lightdock	luciferin_score	14.62004	2UUY_rec	2UUY_lig
lightdock	luciferin_score	14.4352	2UUY_rec	2UUY_lig
lightdock	luciferin_score	13.84054	2UUY_rec	2UUY_lig
lightdock	luciferin_score	13.65708	2UUY_rec	2UUY_lig
lightdock	luciferin_score	12.26501	2UUY_rec	2UUY_lig
lightdock	luciferin_score	12.16206	2UUY_rec	2UUY_lig
lightdock	luciferin_score	12.11744	2UUY_rec	2UUY_lig
lightdock	luciferin_score	11.97643	2UUY_rec	2UUY_lig
lightdock	luciferin_score	11.95292	2UUY_rec	2UUY_lig
lightdock	luciferin_score	11.73257	2UUY_rec	2UUY_lig
lightdock	luciferin_score	11.64607	2UUY_rec	2UUY_lig
lightdock	luciferin_score	11.58003	2UUY_rec	2UUY_lig
lightdock	luciferin_score	11.0381	2UUY_rec	2UUY_lig
lightdock	luciferin_score	10.99523	2UUY_rec	2UUY_lig
lightdock	luciferin_score	10.98459	2UUY_rec	2UUY_lig
lightdock	luciferin_score	10.96904	2UUY_rec	2UUY_lig
lightdock	luciferin_score	10.76745	2UUY_rec	2UUY_lig
lightdock	luciferin_score	10.46181	2UUY_rec	2UUY_lig
lightdock	luciferin_score	10.35027	2UUY_rec	2UUY_lig
lightdock	luciferin_score	9.87924	2UUY_rec	2UUY_lig
lightdock	luciferin_score	9.1937	2UUY_rec	2UUY_lig
lightdock	luciferin_score	9.10794	2UUY_rec	2UUY_lig
lightdock	luciferin_score	8.84567	2UUY_rec	2UUY_lig
lightdock	luciferin_score	8.7443	2UUY_rec	2UUY_lig
lightdock	luciferin_score	8.46953	2UUY_rec	2UUY_lig
lightdock	luciferin_score	8.32494	2UUY_rec	2UUY_lig
lightdock	luciferin_score	8.08226	2UUY_rec	2UUY_lig
lightdock	luciferin_score	7.78122	2UUY_rec	2UUY_lig
lightdock	luciferin_score	7.59626	2UUY_rec	2UUY_lig
lightdock	luciferin_score	7.38886	2UUY_rec	2UUY_lig
lightdock	luciferin_score	7.38153	2UUY_rec	2UUY_lig
lightdock	luciferin_score	5.98481	2UUY_rec	2UUY_lig
lightdock	luciferin_score	5.35641	2UUY_rec	2UUY_lig
lightdock	luciferin_score	5.10465	2UUY_rec	2UUY_lig
lightdock	luciferin_score	4.34673	2UUY_rec	2UUY_lig
lightdock	luciferin_score	3.73968	2UUY_rec	2UUY_lig
lightdock	luciferin_score	3.44226	2UUY_rec	2UUY_lig
lightdock	luciferin_score	2.38168	2UUY_rec	2UUY_lig
lightdock	luciferin_score	1.96665	2UUY_rec	2UUY_lig
lightdock	luciferin_score	1.46091	2UUY_rec	2UUY_lig
lightdock	luciferin_score	1.39199	2UUY_rec	2UUY_lig
lightdock	luciferin_score	0.44141	2UUY_rec	2UUY_lig
lightdock	luciferin_score	-1.05546	2UUY_rec	2UUY_lig
lightdock	luciferin_score	-2.02457	2UUY_rec	2UUY_lig
lightdock	luciferin_score	-2.21317	2UUY_rec	2UUY_lig
lightdock	luciferin_score	-2.72533	2UUY_rec	2UUY_lig
lightdock	luciferin_score	-2.90943	2UUY_rec	2UUY_lig
lightdock	luciferin_score	-3.67064	2UUY_rec	2UUY_lig
lightdock	luciferin_score	-3.68555	2UUY_rec	2UUY_lig
lightdock	luciferin_score	-4.22498	2UUY_rec	2UUY_lig
lightdock	luciferin_score	-5.49224	2UUY_rec	2UUY_lig
lightdock	luciferin_score	-6.34314	2UUY_rec	2UUY_lig
lightdock	luciferin_score	-6.52944	2UUY_rec	2UUY_lig
lightdock	luciferin_score	-6.7139	2UUY_rec	2UUY_lig
lightdock	luciferin_score	-15.19702	2UUY_rec	2UUY_lig
lightdock	luciferin_score	-15.52955	2UUY_rec	2UUY_lig
lightdock	luciferin_score	-19.43868	2UUY_rec	2UUY_lig
lightdock	luciferin_score	-22.04943	2UUY_rec	2UUY_lig
lightdock	luciferin_score	-24.6249	2UUY_rec	2UUY_lig
lightdock	luciferin_score	-27.78545	2UUY_rec	2UUY_lig
lightdock	luciferin_score	-48.30878	2UUY_rec	2UUY_lig
lightdock	luciferin_score	-55.11842	2UUY_rec	2UUY_lig
lightdock	luciferin_score	-58.69693	2UUY_rec	2UUY_lig
lightdock	luciferin_score	-63.73877	2UUY_rec	2UUY_lig
lightdock	luciferin_score	-68.10911	2UUY_rec	2UUY_lig
lightdock	luciferin_score	19.38205	2UUY_rec	2UUY_lig
lightdock	luciferin_score	15.53967	2UUY_rec	2UUY_lig
lightdock	luciferin_score	15.4324	2UUY_rec	2UUY_lig
lightdock	luciferin_score	15.32792	2UUY_rec	2UUY_lig
lightdock	luciferin_score	14.92232	2UUY_rec	2UUY_lig
lightdock	luciferin_score	14.71144	2UUY_rec	2UUY_lig
lightdock	luciferin_score	13.80919	2UUY_rec	2UUY_lig
lightdock	luciferin_score	13.58331	2UUY_rec	2UUY_lig
lightdock	luciferin_score	12.84691	2UUY_rec	2UUY_lig
lightdock	luciferin_score	12.70327	2UUY_rec	2UUY_lig
lightdock	luciferin_score	12.45579	2UUY_rec	2UUY_lig
lightdock	luciferin_score	12.22182	2UUY_rec	2UUY_lig
lightdock	luciferin_score	11.63966	2UUY_rec	2UUY_lig
lightdock	luciferin_score	11.42364	2UUY_rec	2UUY_lig
lightdock	luciferin_score	11.29651	2UUY_rec	2UUY_lig
lightdock	luciferin_score	11.08359	2UUY_rec	2UUY_lig
lightdock	luciferin_score	10.57881	2UUY_rec	2UUY_lig
lightdock	luciferin_score	10.02119	2UUY_rec	2UUY_lig
lightdock	luciferin_score	9.92976	2UUY_rec	2UUY_lig
lightdock	luciferin_score	9.87311	2UUY_rec	2UUY_lig
lightdock	luciferin_score	9.82413	2UUY_rec	2UUY_lig
lightdock	luciferin_score	9.53821	2UUY_rec	2UUY_lig
lightdock	luciferin_score	9.37369	2UUY_rec	2UUY_lig
lightdock	luciferin_score	9.26784	2UUY_rec	2UUY_lig
lightdock	luciferin_score	9.02684	2UUY_rec	2UUY_lig
lightdock	luciferin_score	8.99787	2UUY_rec	2UUY_lig
lightdock	luciferin_score	8.77595	2UUY_rec	2UUY_lig
lightdock	luciferin_score	8.56524	2UUY_rec	2UUY_lig
lightdock	luciferin_score	8.37714	2UUY_rec	2UUY_lig
lightdock	luciferin_score	8.3698	2UUY_rec	2UUY_lig
lightdock	luciferin_score	7.97086	2UUY_rec	2UUY_lig
lightdock	luciferin_score	7.82924	2UUY_rec	2UUY_lig
lightdock	luciferin_score	7.04199	2UUY_rec	2UUY_lig
lightdock	luciferin_score	6.94504	2UUY_rec	2UUY_lig
lightdock	luciferin_score	6.60447	2UUY_rec	2UUY_lig
lightdock	luciferin_score	6.18317	2UUY_rec	2UUY_lig
lightdock	luciferin_score	5.92552	2UUY_rec	2UUY_lig
lightdock	luciferin_score	5.52031	2UUY_rec	2UUY_lig
lightdock	luciferin_score	5.43967	2UUY_rec	2UUY_lig
lightdock	luciferin_score	5.06755	2UUY_rec	2UUY_lig
lightdock	luciferin_score	4.67612	2UUY_rec	2UUY_lig
lightdock	luciferin_score	4.46777	2UUY_rec	2UUY_lig
lightdock	luciferin_score	1.58954	2UUY_rec	2UUY_lig
lightdock	luciferin_score	-0.98121	2UUY_rec	2UUY_lig
lightdock	luciferin_score	-1.86528	2UUY_rec	2UUY_lig
lightdock	luciferin_score	-2.68274	2UUY_rec	2UUY_lig
lightdock	luciferin_score	-2.77745	2UUY_rec	2UUY_lig
lightdock	luciferin_score	-3.03183	2UUY_rec	2UUY_lig
lightdock	luciferin_score	-3.17332	2UUY_rec	2UUY_lig
lightdock	luciferin_score	-3.50633	2UUY_rec	2UUY_lig
lightdock	luciferin_score	-4.58844	2UUY_rec	2UUY_lig
lightdock	luciferin_score	-4.88898	2UUY_rec	2UUY_lig
lightdock	luciferin_score	-4.96716	2UUY_rec	2UUY_lig
lightdock	luciferin_score	-12.06496	2UUY_rec	2UUY_lig
lightdock	luciferin_score	-13.69257	2UUY_rec	2UUY_lig
lightdock	luciferin_score	-14.30863	2UUY_rec	2UUY_lig
lightdock	luciferin_score	-14.9855	2UUY_rec	2UUY_lig
lightdock	luciferin_score	-17.87824	2UUY_rec	2UUY_lig
lightdock	luciferin_score	-17.91756	2UUY_rec	2UUY_lig
lightdock	luciferin_score	-20.49076	2UUY_rec	2UUY_lig
lightdock	luciferin_score	-20.78184	2UUY_rec	2UUY_lig
lightdock	luciferin_score	-23.60642	2UUY_rec	2UUY_lig
lightdock	luciferin_score	-25.64656	2UUY_rec	2UUY_lig
lightdock	luciferin_score	-30.09903	2UUY_rec	2UUY_lig
lightdock	luciferin_score	-30.74827	2UUY_rec	2UUY_lig
lightdock	luciferin_score	-36.63048	2UUY_rec	2UUY_lig
lightdock	luciferin_score	-38.84723	2UUY_rec	2UUY_lig
lightdock	luciferin_score	-41.2602	2UUY_rec	2UUY_lig
lightdock	luciferin_score	-45.72102	2UUY_rec	2UUY_lig
lightdock	luciferin_score	-54.19495	2UUY_rec	2UUY_lig
lightdock	luciferin_score	-66.16762	2UUY_rec	2UUY_lig
lightdock	luciferin_score	-75.72561	2UUY_rec	2UUY_lig
lightdock	luciferin_score	15.09786	2UUY_rec	2UUY_lig
lightdock	luciferin_score	14.87513	2UUY_rec	2UUY_lig
lightdock	luciferin_score	13.44685	2UUY_rec	2UUY_lig
lightdock	luciferin_score	12.9476	2UUY_rec	2UUY_lig
lightdock	luciferin_score	12.33681	2UUY_rec	2UUY_lig
lightdock	luciferin_score	12.17325	2UUY_rec	2UUY_lig
lightdock	luciferin_score	11.99836	2UUY_rec	2UUY_lig
lightdock	luciferin_score	11.87552	2UUY_rec	2UUY_lig
lightdock	luciferin_score	11.74119	2UUY_rec	2UUY_lig
lightdock	luciferin_score	11.56549	2UUY_rec	2UUY_lig
lightdock	luciferin_score	11.12033	2UUY_rec	2UUY_lig
lightdock	luciferin_score	10.92666	2UUY_rec	2UUY_lig
lightdock	luciferin_score	10.71285	2UUY_rec	2UUY_lig
lightdock	luciferin_score	10.659	2UUY_rec	2UUY_lig
lightdock	luciferin_score	10.552	2UUY_rec	2UUY_lig
lightdock	luciferin_score	10.50841	2UUY_rec	2UUY_lig
lightdock	luciferin_score	9.89701	2UUY_rec	2UUY_lig
lightdock	luciferin_score	9.79165	2UUY_rec	2UUY_lig
lightdock	luciferin_score	9.75052	2UUY_rec	2UUY_lig
lightdock	luciferin_score	9.05063	2UUY_rec	2UUY_lig
lightdock	luciferin_score	9.01006	2UUY_rec	2UUY_lig
lightdock	luciferin_score	8.81764	2UUY_rec	2UUY_lig
lightdock	luciferin_score	8.57692	2UUY_rec	2UUY_lig
lightdock	luciferin_score	8.10183	2UUY_rec	2UUY_lig
lightdock	luciferin_score	7.83108	2UUY_rec	2UUY_lig
lightdock	luciferin_score	7.51886	2UUY_rec	2UUY_lig
lightdock	luciferin_score	7.41203	2UUY_rec	2UUY_lig
lightdock	luciferin_score	6.66523	2UUY_rec	2UUY_lig
lightdock	luciferin_score	6.41785	2UUY_rec	2UUY_lig
lightdock	luciferin_score	6.3554	2UUY_rec	2UUY_lig
lightdock	luciferin_score	5.9533	2UUY_rec	2UUY_lig
lightdock	luciferin_score	5.23503	2UUY_rec	2UUY_lig
lightdock	luciferin_score	3.56959	2UUY_rec	2UUY_lig
lightdock	luciferin_score	2.3917	2UUY_rec	2UUY_lig
lightdock	luciferin_score	1.74003	2UUY_rec	2UUY_lig
lightdock	luciferin_score	-0.48122	2UUY_rec	2UUY_lig
lightdock	luciferin_score	-0.92978	2UUY_rec	2UUY_lig
lightdock	luciferin_score	-1.74616	2UUY_rec	2UUY_lig
lightdock	luciferin_score	-2.682	2UUY_rec	2UUY_lig
lightdock	luciferin_score	-5.30317	2UUY_rec	2UUY_lig
lightdock	luciferin_score	-6.52238	2UUY_rec	2UUY_lig
lightdock	luciferin_score	-8.01049	2UUY_rec	2UUY_lig
lightdock	luciferin_score	-15.09835	2UUY_rec	2UUY_lig
lightdock	luciferin_score	-26.92991	2UUY_rec	2UUY_lig
lightdock	luciferin_score	-30.10719	2UUY_rec	2UUY_lig
lightdock	luciferin_score	-31.25567	2UUY_rec	2UUY_lig
lightdock	luciferin_score	-31.97305	2UUY_rec	2UUY_lig
lightdock	luciferin_score	-33.14751	2UUY_rec	2UUY_lig
lightdock	luciferin_score	-35.83701	2UUY_rec	2UUY_lig
lightdock	luciferin_score	-37.77337	2UUY_rec	2UUY_lig
lightdock	luciferin_score	-40.61813	2UUY_rec	2UUY_lig
lightdock	luciferin_score	-41.68135	2UUY_rec	2UUY_lig
lightdock	luciferin_score	-53.46345	2UUY_rec	2UUY_lig
lightdock	luciferin_score	-57.96087	2UUY_rec	2UUY_lig
lightdock	luciferin_score	-59.00573	2UUY_rec	2UUY_lig
lightdock	luciferin_score	-65.32516	2UUY_rec	2UUY_lig
lightdock	luciferin_score	-66.7518	2UUY_rec	2UUY_lig
lightdock	luciferin_score	-74.63535	2UUY_rec	2UUY_lig
lightdock	luciferin_score	-78.02935	2UUY_rec	2UUY_lig
lightdock	luciferin_score	19.51236	2UUY_rec	2UUY_lig
lightdock	luciferin_score	18.56064	2UUY_rec	2UUY_lig
lightdock	luciferin_score	17.11575	2UUY_rec	2UUY_lig
lightdock	luciferin_score	16.80837	2UUY_rec	2UUY_lig
lightdock	luciferin_score	16.42427	2UUY_rec	2UUY_lig
lightdock	luciferin_score	15.73919	2UUY_rec	2UUY_lig
lightdock	luciferin_score	15.10924	2UUY_rec	2UUY_lig
lightdock	luciferin_score	14.16292	2UUY_rec	2UUY_lig
lightdock	luciferin_score	14.08126	2UUY_rec	2UUY_lig
lightdock	luciferin_score	13.94235	2UUY_rec	2UUY_lig
lightdock	luciferin_score	13.39409	2UUY_rec	2UUY_lig
lightdock	luciferin_score	13.34724	2UUY_rec	2UUY_lig
lightdock	luciferin_score	13.30892	2UUY_rec	2UUY_lig
lightdock	luciferin_score	13.22191	2UUY_rec	2UUY_lig
lightdock	luciferin_score	13.10609	2UUY_rec	2UUY_lig
lightdock	luciferin_score	12.57914	2UUY_rec	2UUY_lig
lightdock	luciferin_score	12.22754	2UUY_rec	2UUY_lig
lightdock	luciferin_score	11.99456	2UUY_rec	2UUY_lig
lightdock	luciferin_score	11.95798	2UUY_rec	2UUY_lig
lightdock	luciferin_score	11.75588	2UUY_rec	2UUY_lig
lightdock	luciferin_score	11.51175	2UUY_rec	2UUY_lig
lightdock	luciferin_score	11.25749	2UUY_rec	2UUY_lig
lightdock	luciferin_score	10.34409	2UUY_rec	2UUY_lig
lightdock	luciferin_score	9.98032	2UUY_rec	2UUY_lig
lightdock	luciferin_score	9.84611	2UUY_rec	2UUY_lig
lightdock	luciferin_score	9.82536	2UUY_rec	2UUY_lig
lightdock	luciferin_score	9.03283	2UUY_rec	2UUY_lig
lightdock	luciferin_score	8.49942	2UUY_rec	2UUY_lig
lightdock	luciferin_score	8.08392	2UUY_rec	2UUY_lig
lightdock	luciferin_score	7.88086	2UUY_rec	2UUY_lig
lightdock	luciferin_score	7.81048	2UUY_rec	2UUY_lig
lightdock	luciferin_score	7.34892	2UUY_rec	2UUY_lig
lightdock	luciferin_score	7.32433	2UUY_rec	2UUY_lig
lightdock	luciferin_score	7.2525	2UUY_rec	2UUY_lig
lightdock	luciferin_score	7.24258	2UUY_rec	2UUY_lig
lightdock	luciferin_score	7.04638	2UUY_rec	2UUY_lig
lightdock	luciferin_score	7.04563	2UUY_rec	2UUY_lig
lightdock	luciferin_score	6.61575	2UUY_rec	2UUY_lig
lightdock	luciferin_score	6.43656	2UUY_rec	2UUY_lig
lightdock	luciferin_score	6.17386	2UUY_rec	2UUY_lig
lightdock	luciferin_score	5.42925	2UUY_rec	2UUY_lig
lightdock	luciferin_score	5.12331	2UUY_rec	2UUY_lig
lightdock	luciferin_score	4.63441	2UUY_rec	2UUY_lig
lightdock	luciferin_score	4.21031	2UUY_rec	2UUY_lig
lightdock	luciferin_score	4.08993	2UUY_rec	2UUY_lig
lightdock	luciferin_score	0.4214	2UUY_rec	2UUY_lig
lightdock	luciferin_score	0.11712	2UUY_rec	2UUY_lig
lightdock	luciferin_score	-0.18986	2UUY_rec	2UUY_lig
lightdock	luciferin_score	-2.79392	2UUY_rec	2UUY_lig
lightdock	luciferin_score	-2.84457	2UUY_rec	2UUY_lig
lightdock	luciferin_score	-4.66874	2UUY_rec	2UUY_lig
lightdock	luciferin_score	-10.60366	2UUY_rec	2UUY_lig
lightdock	luciferin_score	-11.31706	2UUY_rec	2UUY_lig
lightdock	luciferin_score	-13.32724	2UUY_rec	2UUY_lig
lightdock	luciferin_score	-13.72612	2UUY_rec	2UUY_lig
lightdock	luciferin_score	-17.32271	2UUY_rec	2UUY_lig
lightdock	luciferin_score	-19.60837	2UUY_rec	2UUY_lig
lightdock	luciferin_score	-25.70667	2UUY_rec	2UUY_lig
lightdock	luciferin_score	-31.66752	2UUY_rec	2UUY_lig
lightdock	luciferin_score	-32.64587	2UUY_rec	2UUY_lig
lightdock	luciferin_score	-38.41516	2UUY_rec	2UUY_lig
lightdock	luciferin_score	-42.11559	2UUY_rec	2UUY_lig
lightdock	luciferin_score	-45.45962	2UUY_rec	2UUY_lig
lightdock	luciferin_score	-47.85459	2UUY_rec	2UUY_lig
lightdock	luciferin_score	-48.80237	2UUY_rec	2UUY_lig
lightdock	luciferin_score	-49.47795	2UUY_rec	2UUY_lig
lightdock	luciferin_score	-50.74746	2UUY_rec	2UUY_lig
lightdock	luciferin_score	-50.9292	2UUY_rec	2UUY_lig
lightdock	luciferin_score	-57.71585	2UUY_rec	2UUY_lig
lightdock	luciferin_score	-66.3697	2UUY_rec	2UUY_lig
lightdock	luciferin_score	18.15517	2UUY_rec	2UUY_lig
lightdock	luciferin_score	17.2686	2UUY_rec	2UUY_lig
lightdock	luciferin_score	13.73873	2UUY_rec	2UUY_lig
lightdock	luciferin_score	13.13434	2UUY_rec	2UUY_lig
lightdock	luciferin_score	12.41535	2UUY_rec	2UUY_lig
lightdock	luciferin_score	11.08563	2UUY_rec	2UUY_lig
lightdock	luciferin_score	10.75738	2UUY_rec	2UUY_lig
lightdock	luciferin_score	10.71304	2UUY_rec	2UUY_lig
lightdock	luciferin_score	10.50389	2UUY_rec	2UUY_lig
lightdock	luciferin_score	10.50159	2UUY_rec	2UUY_lig
lightdock	luciferin_score	10.49057	2UUY_rec	2UUY_lig
lightdock	luciferin_score	10.34492	2UUY_rec	2UUY_lig
lightdock	luciferin_score	10.30043	2UUY_rec	2UUY_lig
lightdock	luciferin_score	10.2937	2UUY_rec	2UUY_lig
lightdock	luciferin_score	10.27369	2UUY_rec	2UUY_lig
lightdock	luciferin_score	10.09195	2UUY_rec	2UUY_lig
lightdock	luciferin_score	10.09136	2UUY_rec	2UUY_lig
lightdock	luciferin_score	10.07124	2UUY_rec	2UUY_lig
lightdock	luciferin_score	10.05522	2UUY_rec	2UUY_lig
lightdock	luciferin_score	9.58571	2UUY_rec	2UUY_lig
lightdock	luciferin_score	9.46631	2UUY_rec	2UUY_lig
lightdock	luciferin_score	9.28626	2UUY_rec	2UUY_lig
lightdock	luciferin_score	9.18217	2UUY_rec	2UUY_lig
lightdock	luciferin_score	9.17688	2UUY_rec	2UUY_lig
lightdock	luciferin_score	9.11018	2UUY_rec	2UUY_lig
lightdock	luciferin_score	8.94379	2UUY_rec	2UUY_lig
lightdock	luciferin_score	8.8945	2UUY_rec	2UUY_lig
lightdock	luciferin_score	8.65106	2UUY_rec	2UUY_lig
lightdock	luciferin_score	8.43794	2UUY_rec	2UUY_lig
lightdock	luciferin_score	8.17644	2UUY_rec	2UUY_lig
lightdock	luciferin_score	7.92543	2UUY_rec	2UUY_lig
lightdock	luciferin_score	7.87544	2UUY_rec	2UUY_lig
lightdock	luciferin_score	7.68557	2UUY_rec	2UUY_lig
lightdock	luciferin_score	7.6284	2UUY_rec	2UUY_lig
lightdock	luciferin_score	7.48108	2UUY_rec	2UUY_lig
lightdock	luciferin_score	7.36932	2UUY_rec	2UUY_lig
lightdock	luciferin_score	7.16989	2UUY_rec	2UUY_lig
lightdock	luciferin_score	7.07152	2UUY_rec	2UUY_lig
lightdock	luciferin_score	6.61231	2UUY_rec	2UUY_lig
lightdock	luciferin_score	6.52221	2UUY_rec	2UUY_lig
lightdock	luciferin_score	6.43498	2UUY_rec	2UUY_lig
lightdock	luciferin_score	5.66572	2UUY_rec	2UUY_lig
lightdock	luciferin_score	5.28208	2UUY_rec	2UUY_lig
lightdock	luciferin_score	5.24246	2UUY_rec	2UUY_lig
lightdock	luciferin_score	4.0075	2UUY_rec	2UUY_lig
lightdock	luciferin_score	2.33621	2UUY_rec	2UUY_lig
lightdock	luciferin_score	1.46528	2UUY_rec	2UUY_lig
lightdock	luciferin_score	-0.10774	2UUY_rec	2UUY_lig
lightdock	luciferin_score	-1.13508	2UUY_rec	2UUY_lig
lightdock	luciferin_score	-1.69303	2UUY_rec	2UUY_lig
lightdock	luciferin_score	-6.6284	2UUY_rec	2UUY_lig
lightdock	luciferin_score	-7.00947	2UUY_rec	2UUY_lig
lightdock	luciferin_score	-8.39376	2UUY_rec	2UUY_lig
lightdock	luciferin_score	-10.09278	2UUY_rec	2UUY_lig
lightdock	luciferin_score	-11.20103	2UUY_rec	2UUY_lig
lightdock	luciferin_score	-11.44404	2UUY_rec	2UUY_lig
lightdock	luciferin_score	-15.87958	2UUY_rec	2UUY_lig
lightdock	luciferin_score	-18.03776	2UUY_rec	2UUY_lig
lightdock	luciferin_score	-18.14266	2UUY_rec	2UUY_lig
lightdock	luciferin_score	-31.88584	2UUY_rec	2UUY_lig
lightdock	luciferin_score	-33.65482	2UUY_rec	2UUY_lig
lightdock	luciferin_score	-35.40823	2UUY_rec	2UUY_lig
lightdock	luciferin_score	-47.60778	2UUY_rec	2UUY_lig
lightdock	luciferin_score	-54.72593	2UUY_rec	2UUY_lig
lightdock	luciferin_score	21.8797	2UUY_rec	2UUY_lig
lightdock	luciferin_score	15.78381	2UUY_rec	2UUY_lig
lightdock	luciferin_score	15.4215	2UUY_rec	2UUY_lig
lightdock	luciferin_score	14.75102	2UUY_rec	2UUY_lig
lightdock	luciferin_score	14.08026	2UUY_rec	2UUY_lig
lightdock	luciferin_score	13.40387	2UUY_rec	2UUY_lig
lightdock	luciferin_score	12.79432	2UUY_rec	2UUY_lig
lightdock	luciferin_score	12.70562	2UUY_rec	2UUY_lig
lightdock	luciferin_score	12.30736	2UUY_rec	2UUY_lig
lightdock	luciferin_score	12.24661	2UUY_rec	2UUY_lig
lightdock	luciferin_score	11.53441	2UUY_rec	2UUY_lig
lightdock	luciferin_score	11.42317	2UUY_rec	2UUY_lig
lightdock	luciferin_score	11.13381	2UUY_rec	2UUY_lig
lightdock	luciferin_score	10.88301	2UUY_rec	2UUY_lig
lightdock	luciferin_score	10.29652	2UUY_rec	2UUY_lig
lightdock	luciferin_score	10.29547	2UUY_rec	2UUY_lig
lightdock	luciferin_score	9.89082	2UUY_rec	2UUY_lig
lightdock	luciferin_score	9.8244	2UUY_rec	2UUY_lig
lightdock	luciferin_score	9.81366	2UUY_rec	2UUY_lig
lightdock	luciferin_score	9.69673	2UUY_rec	2UUY_lig
lightdock	luciferin_score	8.82031	2UUY_rec	2UUY_lig
lightdock	luciferin_score	8.52152	2UUY_rec	2UUY_lig
lightdock	luciferin_score	8.40323	2UUY_rec	2UUY_lig
lightdock	luciferin_score	8.33776	2UUY_rec	2UUY_lig
lightdock	luciferin_score	8.07139	2UUY_rec	2UUY_lig
lightdock	luciferin_score	8.03496	2UUY_rec	2UUY_lig
lightdock	luciferin_score	7.65834	2UUY_rec	2UUY_lig
lightdock	luciferin_score	7.55115	2UUY_rec	2UUY_lig
lightdock	luciferin_score	7.26458	2UUY_rec	2UUY_lig
lightdock	luciferin_score	6.97162	2UUY_rec	2UUY_lig
lightdock	luciferin_score	6.68697	2UUY_rec	2UUY_lig
lightdock	luciferin_score	6.51471	2UUY_rec	2UUY_lig
lightdock	luciferin_score	5.59977	2UUY_rec	2UUY_lig
lightdock	luciferin_score	5.41531	2UUY_rec	2UUY_lig
lightdock	luciferin_score	5.21464	2UUY_rec	2UUY_lig
lightdock	luciferin_score	4.78474	2UUY_rec	2UUY_lig
lightdock	luciferin_score	3.55464	2UUY_rec	2UUY_lig
lightdock	luciferin_score	3.09331	2UUY_rec	2UUY_lig
lightdock	luciferin_score	1.95355	2UUY_rec	2UUY_lig
lightdock	luciferin_score	1.61665	2UUY_rec	2UUY_lig
lightdock	luciferin_score	1.12536	2UUY_rec	2UUY_lig
lightdock	luciferin_score	-0.30865	2UUY_rec	2UUY_lig
lightdock	luciferin_score	-1.28193	2UUY_rec	2UUY_lig
lightdock	luciferin_score	-3.83528	2UUY_rec	2UUY_lig
lightdock	luciferin_score	-5.24518	2UUY_rec	2UUY_lig
lightdock	luciferin_score	-11.94375	2UUY_rec	2UUY_lig
lightdock	luciferin_score	-12.90683	2UUY_rec	2UUY_lig
lightdock	luciferin_score	-15.35502	2UUY_rec	2UUY_lig
lightdock	luciferin_score	-18.55124	2UUY_rec	2UUY_lig
lightdock	luciferin_score	-19.88017	2UUY_rec	2UUY_lig
lightdock	luciferin_score	-23.34885	2UUY_rec	2UUY_lig
lightdock	luciferin_score	-25.35457	2UUY_rec	2UUY_lig
lightdock	luciferin_score	-30.04664	2UUY_rec	2UUY_lig
lightdock	luciferin_score	-30.25164	2UUY_rec	2UUY_lig
lightdock	luciferin_score	-38.8055	2UUY_rec	2UUY_lig
lightdock	luciferin_score	-39.29493	2UUY_rec	2UUY_lig
lightdock	luciferin_score	-63.71443	2UUY_rec	2UUY_lig
lightdock	luciferin_score	-64.3467	2UUY_rec	2UUY_lig
lightdock	luciferin_score	-66.0737	2UUY_rec	2UUY_lig
lightdock	luciferin_score	-66.33573	2UUY_rec	2UUY_lig
lightdock	luciferin_score	-84.31644	2UUY_rec	2UUY_lig
lightdock	luciferin_score	22.49466	2UUY_rec	2UUY_lig
lightdock	luciferin_score	19.37476	2UUY_rec	2UUY_lig
lightdock	luciferin_score	16.18183	2UUY_rec	2UUY_lig
lightdock	luciferin_score	15.98972	2UUY_rec	2UUY_lig
lightdock	luciferin_score	14.68313	2UUY_rec	2UUY_lig
lightdock	luciferin_score	14.66401	2UUY_rec	2UUY_lig
lightdock	luciferin_score	14.40989	2UUY_rec	2UUY_lig
lightdock	luciferin_score	14.33916	2UUY_rec	2UUY_lig
lightdock	luciferin_score	14.18779	2UUY_rec	2UUY_lig
lightdock	luciferin_score	13.36343	2UUY_rec	2UUY_lig
lightdock	luciferin_score	13.22931	2UUY_rec	2UUY_lig
lightdock	luciferin_score	13.05668	2UUY_rec	2UUY_lig
lightdock	luciferin_score	13.00763	2UUY_rec	2UUY_lig
lightdock	luciferin_score	12.60587	2UUY_rec	2UUY_lig
lightdock	luciferin_score	12.42956	2UUY_rec	2UUY_lig
lightdock	luciferin_score	11.36101	2UUY_rec	2UUY_lig
lightdock	luciferin_score	11.29249	2UUY_rec	2UUY_lig
lightdock	luciferin_score	11.16175	2UUY_rec	2UUY_lig
lightdock	luciferin_score	10.94789	2UUY_rec	2UUY_lig
lightdock	luciferin_score	10.94458	2UUY_rec	2UUY_lig
lightdock	luciferin_score	10.93568	2UUY_rec	2UUY_lig
lightdock	luciferin_score	10.78055	2UUY_rec	2UUY_lig
lightdock	luciferin_score	10.66973	2UUY_rec	2UUY_lig
lightdock	luciferin_score	10.34129	2UUY_rec	2UUY_lig
lightdock	luciferin_score	10.19443	2UUY_rec	2UUY_lig
lightdock	luciferin_score	10.1298	2UUY_rec	2UUY_lig
lightdock	luciferin_score	9.9944	2UUY_rec	2UUY_lig
lightdock	luciferin_score	9.94777	2UUY_rec	2UUY_lig
lightdock	luciferin_score	9.79003	2UUY_rec	2UUY_lig
lightdock	luciferin_score	9.33912	2UUY_rec	2UUY_lig
lightdock	luciferin_score	9.07265	2UUY_rec	2UUY_lig
lightdock	luciferin_score	8.26229	2UUY_rec	2UUY_lig
lightdock	luciferin_score	7.81062	2UUY_rec	2UUY_lig
lightdock	luciferin_score	7.34694	2UUY_rec	2UUY_lig
lightdock	luciferin_score	7.15561	2UUY_rec	2UUY_lig
lightdock	luciferin_score	7.0606	2UUY_rec	2UUY_lig
lightdock	luciferin_score	6.25351	2UUY_rec	2UUY_lig
lightdock	luciferin_score	6.07605	2UUY_rec	2UUY_lig
lightdock	luciferin_score	5.83842	2UUY_rec	2UUY_lig
lightdock	luciferin_score	5.25437	2UUY_rec	2UUY_lig
lightdock	luciferin_score	5.06937	2UUY_rec	2UUY_lig
lightdock	luciferin_score	1.75008	2UUY_rec	2UUY_lig
lightdock	luciferin_score	1.4129	2UUY_rec	2UUY_lig
lightdock	luciferin_score	0.38432	2UUY_rec	2UUY_lig
lightdock	luciferin_score	-1.38394	2UUY_rec	2UUY_lig
lightdock	luciferin_score	-2.9584	2UUY_rec	2UUY_lig
lightdock	luciferin_score	-7.81621	2UUY_rec	2UUY_lig
lightdock	luciferin_score	-7.90402	2UUY_rec	2UUY_lig
lightdock	luciferin_score	-9.29167	2UUY_rec	2UUY_lig
lightdock	luciferin_score	-10.46372	2UUY_rec	2UUY_lig
lightdock	luciferin_score	-12.68903	2UUY_rec	2UUY_lig
lightdock	luciferin_score	-16.54351	2UUY_rec	2UUY_lig
lightdock	luciferin_score	-16.68593	2UUY_rec	2UUY_lig
lightdock	luciferin_score	-16.78228	2UUY_rec	2UUY_lig
lightdock	luciferin_score	-16.87842	2UUY_rec	2UUY_lig
lightdock	luciferin_score	-18.74202	2UUY_rec	2UUY_lig
lightdock	luciferin_score	-22.68863	2UUY_rec	2UUY_lig
lightdock	luciferin_score	-27.32704	2UUY_rec	2UUY_lig
lightdock	luciferin_score	-27.39154	2UUY_rec	2UUY_lig
lightdock	luciferin_score	-28.52319	2UUY_rec	2UUY_lig
lightdock	luciferin_score	-31.81951	2UUY_rec	2UUY_lig
lightdock	luciferin_score	-35.17567	2UUY_rec	2UUY_lig
lightdock	luciferin_score	-37.85694	2UUY_rec	2UUY_lig
lightdock	luciferin_score	-41.34422	2UUY_rec	2UUY_lig
lightdock	luciferin_score	-44.28519	2UUY_rec	2UUY_lig
lightdock	luciferin_score	-46.6081	2UUY_rec	2UUY_lig
lightdock	luciferin_score	-47.9831	2UUY_rec	2UUY_lig
lightdock	luciferin_score	-50.15719	2UUY_rec	2UUY_lig
lightdock	luciferin_score	-51.13824	2UUY_rec	2UUY_lig
lightdock	luciferin_score	-62.83185	2UUY_rec	2UUY_lig
lightdock	luciferin_score	-63.96413	2UUY_rec	2UUY_lig
lightdock	luciferin_score	-76.34081	2UUY_rec	2UUY_lig
lightdock	luciferin_score	-105.6349	2UUY_rec	2UUY_lig
lightdock	luciferin_score	19.28013	2UUY_rec	2UUY_lig
lightdock	luciferin_score	17.76254	2UUY_rec	2UUY_lig
lightdock	luciferin_score	15.04384	2UUY_rec	2UUY_lig
lightdock	luciferin_score	14.73154	2UUY_rec	2UUY_lig
lightdock	luciferin_score	14.49657	2UUY_rec	2UUY_lig
lightdock	luciferin_score	14.48368	2UUY_rec	2UUY_lig
lightdock	luciferin_score	14.20288	2UUY_rec	2UUY_lig
lightdock	luciferin_score	14.12227	2UUY_rec	2UUY_lig
lightdock	luciferin_score	14.07094	2UUY_rec	2UUY_lig
lightdock	luciferin_score	13.67223	2UUY_rec	2UUY_lig
lightdock	luciferin_score	13.42048	2UUY_rec	2UUY_lig
lightdock	luciferin_score	13.36108	2UUY_rec	2UUY_lig
lightdock	luciferin_score	13.29643	2UUY_rec	2UUY_lig
lightdock	luciferin_score	12.8913	2UUY_rec	2UUY_lig
lightdock	luciferin_score	12.72093	2UUY_rec	2UUY_lig
lightdock	luciferin_score	12.7089	2UUY_rec	2UUY_lig
lightdock	luciferin_score	12.21737	2UUY_rec	2UUY_lig
lightdock	luciferin_score	11.63916	2UUY_rec	2UUY_lig
lightdock	luciferin_score	11.1484	2UUY_rec	2UUY_lig
lightdock	luciferin_score	10.91433	2UUY_rec	2UUY_lig
lightdock	luciferin_score	10.49166	2UUY_rec	2UUY_lig
lightdock	luciferin_score	10.02151	2UUY_rec	2UUY_lig
lightdock	luciferin_score	9.928	2UUY_rec	2UUY_lig
lightdock	luciferin_score	9.90016	2UUY_rec	2UUY_lig
lightdock	luciferin_score	9.82962	2UUY_rec	2UUY_lig
lightdock	luciferin_score	9.81579	2UUY_rec	2UUY_lig
lightdock	luciferin_score	9.62196	2UUY_rec	2UUY_lig
lightdock	luciferin_score	9.45535	2UUY_rec	2UUY_lig
lightdock	luciferin_score	9.4438	2UUY_rec	2UUY_lig
lightdock	luciferin_score	9.38363	2UUY_rec	2UUY_lig
lightdock	luciferin_score	9.26039	2UUY_rec	2UUY_lig
lightdock	luciferin_score	8.92599	2UUY_rec	2UUY_lig
lightdock	luciferin_score	8.40316	2UUY_rec	2UUY_lig
lightdock	luciferin_score	8.30936	2UUY_rec	2UUY_lig
lightdock	luciferin_score	7.86679	2UUY_rec	2UUY_lig
lightdock	luciferin_score	7.80443	2UUY_rec	2UUY_lig
lightdock	luciferin_score	7.55718	2UUY_rec	2UUY_lig
lightdock	luciferin_score	6.52002	2UUY_rec	2UUY_lig
lightdock	luciferin_score	6.30134	2UUY_rec	2UUY_lig
lightdock	luciferin_score	5.92289	2UUY_rec	2UUY_lig
lightdock	luciferin_score	5.70606	2UUY_rec	2UUY_lig
lightdock	luciferin_score	4.86297	2UUY_rec	2UUY_lig
lightdock	luciferin_score	4.56232	2UUY_rec	2UUY_lig
lightdock	luciferin_score	2.95103	2UUY_rec	2UUY_lig
lightdock	luciferin_score	1.6947	2UUY_rec	2UUY_lig
lightdock	luciferin_score	-0.01061	2UUY_rec	2UUY_lig
lightdock	luciferin_score	-0.51778	2UUY_rec	2UUY_lig
lightdock	luciferin_score	-1.26873	2UUY_rec	2UUY_lig
lightdock	luciferin_score	-2.35918	2UUY_rec	2UUY_lig
lightdock	luciferin_score	-3.77969	2UUY_rec	2UUY_lig
lightdock	luciferin_score	-4.20627	2UUY_rec	2UUY_lig
lightdock	luciferin_score	-4.67101	2UUY_rec	2UUY_lig
lightdock	luciferin_score	-8.16909	2UUY_rec	2UUY_lig
lightdock	luciferin_score	-12.43298	2UUY_rec	2UUY_lig
lightdock	luciferin_score	-14.50313	2UUY_rec	2UUY_lig
lightdock	luciferin_score	-16.0421	2UUY_rec	2UUY_lig
lightdock	luciferin_score	-24.72954	2UUY_rec	2UUY_lig
lightdock	luciferin_score	-26.41241	2UUY_rec	2UUY_lig
lightdock	luciferin_score	-33.35463	2UUY_rec	2UUY_lig
lightdock	luciferin_score	-59.09154	2UUY_rec	2UUY_lig
lightdock	luciferin_score	-74.81319	2UUY_rec	2UUY_lig
lightdock	luciferin_score	16.09921	2UUY_rec	2UUY_lig
lightdock	luciferin_score	15.46542	2UUY_rec	2UUY_lig
lightdock	luciferin_score	15.20534	2UUY_rec	2UUY_lig
lightdock	luciferin_score	14.7312	2UUY_rec	2UUY_lig
lightdock	luciferin_score	14.52191	2UUY_rec	2UUY_lig
lightdock	luciferin_score	13.55589	2UUY_rec	2UUY_lig
lightdock	luciferin_score	13.47189	2UUY_rec	2UUY_lig
lightdock	luciferin_score	13.25436	2UUY_rec	2UUY_lig
lightdock	luciferin_score	12.74338	2UUY_rec	2UUY_lig
lightdock	luciferin_score	12.37804	2UUY_rec	2UUY_lig
lightdock	luciferin_score	12.26454	2UUY_rec	2UUY_lig
lightdock	luciferin_score	11.51778	2UUY_rec	2UUY_lig
lightdock	luciferin_score	11.48991	2UUY_rec	2UUY_lig
lightdock	luciferin_score	11.1374	2UUY_rec	2UUY_lig
lightdock	luciferin_score	10.79912	2UUY_rec	2UUY_lig
lightdock	luciferin_score	10.78139	2UUY_rec	2UUY_lig
lightdock	luciferin_score	10.19627	2UUY_rec	2UUY_lig
lightdock	luciferin_score	10.01238	2UUY_rec	2UUY_lig
lightdock	luciferin_score	9.82263	2UUY_rec	2UUY_lig
lightdock	luciferin_score	9.64011	2UUY_rec	2UUY_lig
lightdock	luciferin_score	9.63435	2UUY_rec	2UUY_lig
lightdock	luciferin_score	9.61856	2UUY_rec	2UUY_lig
lightdock	luciferin_score	9.212	2UUY_rec	2UUY_lig
lightdock	luciferin_score	9.1872	2UUY_rec	2UUY_lig
lightdock	luciferin_score	8.6872	2UUY_rec	2UUY_lig
lightdock	luciferin_score	8.63254	2UUY_rec	2UUY_lig
lightdock	luciferin_score	8.33637	2UUY_rec	2UUY_lig
lightdock	luciferin_score	8.23945	2UUY_rec	2UUY_lig
lightdock	luciferin_score	8.18701	2UUY_rec	2UUY_lig
lightdock	luciferin_score	7.9626	2UUY_rec	2UUY_lig
lightdock	luciferin_score	7.64643	2UUY_rec	2UUY_lig
lightdock	luciferin_score	7.49644	2UUY_rec	2UUY_lig
lightdock	luciferin_score	7.38357	2UUY_rec	2UUY_lig
lightdock	luciferin_score	7.32615	2UUY_rec	2UUY_lig
lightdock	luciferin_score	7.27641	2UUY_rec	2UUY_lig
lightdock	luciferin_score	6.7275	2UUY_rec	2UUY_lig
lightdock	luciferin_score	6.483	2UUY_rec	2UUY_lig
lightdock	luciferin_score	6.33794	2UUY_rec	2UUY_lig
lightdock	luciferin_score	6.12223	2UUY_rec	2UUY_lig
lightdock	luciferin_score	5.82557	2UUY_rec	2UUY_lig
lightdock	luciferin_score	5.16187	2UUY_rec	2UUY_lig
lightdock	luciferin_score	4.02664	2UUY_rec	2UUY_lig
lightdock	luciferin_score	3.9942	2UUY_rec	2UUY_lig
lightdock	luciferin_score	3.9038	2UUY_rec	2UUY_lig
lightdock	luciferin_score	2.99844	2UUY_rec	2UUY_lig
lightdock	luciferin_score	2.96915	2UUY_rec	2UUY_lig
lightdock	luciferin_score	2.17274	2UUY_rec	2UUY_lig
lightdock	luciferin_score	2.03565	2UUY_rec	2UUY_lig
lightdock	luciferin_score	1.715	2UUY_rec	2UUY_lig
lightdock	luciferin_score	1.70922	2UUY_rec	2UUY_lig
lightdock	luciferin_score	0.46643	2UUY_rec	2UUY_lig
lightdock	luciferin_score	-0.31824	2UUY_rec	2UUY_lig
lightdock	luciferin_score	-0.76407	2UUY_rec	2UUY_lig
lightdock	luciferin_score	-4.62485	2UUY_rec	2UUY_lig
lightdock	luciferin_score	-6.29302	2UUY_rec	2UUY_lig
lightdock	luciferin_score	-7.57062	2UUY_rec	2UUY_lig
lightdock	luciferin_score	-10.6858	2UUY_rec	2UUY_lig
lightdock	luciferin_score	-11.23969	2UUY_rec	2UUY_lig
lightdock	luciferin_score	-17.79435	2UUY_rec	2UUY_lig
lightdock	luciferin_score	-19.60365	2UUY_rec	2UUY_lig
lightdock	luciferin_score	-25.2411	2UUY_rec	2UUY_lig
lightdock	luciferin_score	-26.42847	2UUY_rec	2UUY_lig
lightdock	luciferin_score	-41.84087	2UUY_rec	2UUY_lig
lightdock	luciferin_score	14.68067	2UUY_rec	2UUY_lig
lightdock	luciferin_score	14.51053	2UUY_rec	2UUY_lig
lightdock	luciferin_score	13.49578	2UUY_rec	2UUY_lig
lightdock	luciferin_score	13.0259	2UUY_rec	2UUY_lig
lightdock	luciferin_score	12.15591	2UUY_rec	2UUY_lig
lightdock	luciferin_score	11.82022	2UUY_rec	2UUY_lig
lightdock	luciferin_score	11.45614	2UUY_rec	2UUY_lig
lightdock	luciferin_score	11.19924	2UUY_rec	2UUY_lig
lightdock	luciferin_score	11.06623	2UUY_rec	2UUY_lig
lightdock	luciferin_score	11.06051	2UUY_rec	2UUY_lig
lightdock	luciferin_score	10.64633	2UUY_rec	2UUY_lig
lightdock	luciferin_score	10.37517	2UUY_rec	2UUY_lig
lightdock	luciferin_score	9.74237	2UUY_rec	2UUY_lig
lightdock	luciferin_score	9.26389	2UUY_rec	2UUY_lig
lightdock	luciferin_score	9.01098	2UUY_rec	2UUY_lig
lightdock	luciferin_score	8.81415	2UUY_rec	2UUY_lig
lightdock	luciferin_score	8.79216	2UUY_rec	2UUY_lig
lightdock	luciferin_score	8.71206	2UUY_rec	2UUY_lig
lightdock	luciferin_score	8.55784	2UUY_rec	2UUY_lig
lightdock	luciferin_score	8.53919	2UUY_rec	2UUY_lig
lightdock	luciferin_score	8.20847	2UUY_rec	2UUY_lig
lightdock	luciferin_score	8.01056	2UUY_rec	2UUY_lig
lightdock	luciferin_score	7.80449	2UUY_rec	2UUY_lig
lightdock	luciferin_score	7.66148	2UUY_rec	2UUY_lig
lightdock	luciferin_score	7.07573	2UUY_rec	2UUY_lig
lightdock	luciferin_score	6.86717	2UUY_rec	2UUY_lig
lightdock	luciferin_score	6.83226	2UUY_rec	2UUY_lig
lightdock	luciferin_score	6.52311	2UUY_rec	2UUY_lig
lightdock	luciferin_score	6.48282	2UUY_rec	2UUY_lig
lightdock	luciferin_score	6.4046	2UUY_rec	2UUY_lig
lightdock	luciferin_score	6.07352	2UUY_rec	2UUY_lig
lightdock	luciferin_score	6.06905	2UUY_rec	2UUY_lig
lightdock	luciferin_score	5.77465	2UUY_rec	2UUY_lig
lightdock	luciferin_score	5.59237	2UUY_rec	2UUY_lig
lightdock	luciferin_score	5.51257	2UUY_rec	2UUY_lig
lightdock	luciferin_score	4.8524	2UUY_rec	2UUY_lig
lightdock	luciferin_score	4.0326	2UUY_rec	2UUY_lig
lightdock	luciferin_score	1.35549	2UUY_rec	2UUY_lig
lightdock	luciferin_score	-0.74567	2UUY_rec	2UUY_lig
lightdock	luciferin_score	-1.78385	2UUY_rec	2UUY_lig
lightdock	luciferin_score	-3.715	2UUY_rec	2UUY_lig
lightdock	luciferin_score	-3.85864	2UUY_rec	2UUY_lig
lightdock	luciferin_score	-6.03502	2UUY_rec	2UUY_lig
lightdock	luciferin_score	-6.46731	2UUY_rec	2UUY_lig
lightdock	luciferin_score	-10.28803	2UUY_rec	2UUY_lig
lightdock	luciferin_score	-10.59882	2UUY_rec	2UUY_lig
lightdock	luciferin_score	-11.0585	2UUY_rec	2UUY_lig
lightdock	luciferin_score	-12.01172	2UUY_rec	2UUY_lig
lightdock	luciferin_score	-13.36216	2UUY_rec	2UUY_lig
lightdock	luciferin_score	-13.92736	2UUY_rec	2UUY_lig
lightdock	luciferin_score	-22.49486	2UUY_rec	2UUY_lig
lightdock	luciferin_score	-23.20113	2UUY_rec	2UUY_lig
lightdock	luciferin_score	-39.24233	2UUY_rec	2UUY_lig
lightdock	luciferin_score	15.50079	2UUY_rec	2UUY_lig
lightdock	luciferin_score	14.25012	2UUY_rec	2UUY_lig
lightdock	luciferin_score	14.18395	2UUY_rec	2UUY_lig
lightdock	luciferin_score	13.27698	2UUY_rec	2UUY_lig
lightdock	luciferin_score	12.58459	2UUY_rec	2UUY_lig
lightdock	luciferin_score	12.43877	2UUY_rec	2UUY_lig
lightdock	luciferin_score	11.53182	2UUY_rec	2UUY_lig
lightdock	luciferin_score	11.52068	2UUY_rec	2UUY_lig
lightdock	luciferin_score	11.41334	2UUY_rec	2UUY_lig
lightdock	luciferin_score	11.3893	2UUY_rec	2UUY_lig
lightdock	luciferin_score	11.20784	2UUY_rec	2UUY_lig
lightdock	luciferin_score	10.98482	2UUY_rec	2UUY_lig
lightdock	luciferin_score	10.93201	2UUY_rec	2UUY_lig
lightdock	luciferin_score	10.61947	2UUY_rec	2UUY_lig
lightdock	luciferin_score	10.61375	2UUY_rec	2UUY_lig
lightdock	luciferin_score	10.56214	2UUY_rec	2UUY_lig
lightdock	luciferin_score	10.42754	2UUY_rec	2UUY_lig
lightdock	luciferin_score	10.24595	2UUY_rec	2UUY_lig
lightdock	luciferin_score	9.73653	2UUY_rec	2UUY_lig
lightdock	luciferin_score	9.32935	2UUY_rec	2UUY_lig
lightdock	luciferin_score	9.07582	2UUY_rec	2UUY_lig
lightdock	luciferin_score	8.77855	2UUY_rec	2UUY_lig
lightdock	luciferin_score	8.72622	2UUY_rec	2UUY_lig
lightdock	luciferin_score	8.59358	2UUY_rec	2UUY_lig
lightdock	luciferin_score	8.53749	2UUY_rec	2UUY_lig
lightdock	luciferin_score	8.24519	2UUY_rec	2UUY_lig
lightdock	luciferin_score	8.10336	2UUY_rec	2UUY_lig
lightdock	luciferin_score	8.06436	2UUY_rec	2UUY_lig
lightdock	luciferin_score	7.86451	2UUY_rec	2UUY_lig
lightdock	luciferin_score	7.61489	2UUY_rec	2UUY_lig
lightdock	luciferin_score	7.17082	2UUY_rec	2UUY_lig
lightdock	luciferin_score	6.64143	2UUY_rec	2UUY_lig
lightdock	luciferin_score	6.53185	2UUY_rec	2UUY_lig
lightdock	luciferin_score	6.50833	2UUY_rec	2UUY_lig
lightdock	luciferin_score	6.25925	2UUY_rec	2UUY_lig
lightdock	luciferin_score	5.95007	2UUY_rec	2UUY_lig
lightdock	luciferin_score	5.32427	2UUY_rec	2UUY_lig
lightdock	luciferin_score	4.7102	2UUY_rec	2UUY_lig
lightdock	luciferin_score	4.70593	2UUY_rec	2UUY_lig
lightdock	luciferin_score	4.39949	2UUY_rec	2UUY_lig
lightdock	luciferin_score	4.37248	2UUY_rec	2UUY_lig
lightdock	luciferin_score	3.82122	2UUY_rec	2UUY_lig
lightdock	luciferin_score	3.24045	2UUY_rec	2UUY_lig
lightdock	luciferin_score	2.15138	2UUY_rec	2UUY_lig
lightdock	luciferin_score	1.47493	2UUY_rec	2UUY_lig
lightdock	luciferin_score	1.44855	2UUY_rec	2UUY_lig
lightdock	luciferin_score	1.00864	2UUY_rec	2UUY_lig
lightdock	luciferin_score	0.50501	2UUY_rec	2UUY_lig
lightdock	luciferin_score	-1.67613	2UUY_rec	2UUY_lig
lightdock	luciferin_score	-2.55915	2UUY_rec	2UUY_lig
lightdock	luciferin_score	-2.72925	2UUY_rec	2UUY_lig
lightdock	luciferin_score	-4.83695	2UUY_rec	2UUY_lig
lightdock	luciferin_score	-5.99429	2UUY_rec	2UUY_lig
lightdock	luciferin_score	-6.4038	2UUY_rec	2UUY_lig
lightdock	luciferin_score	-10.66518	2UUY_rec	2UUY_lig
lightdock	luciferin_score	-10.86597	2UUY_rec	2UUY_lig
lightdock	luciferin_score	-17.05578	2UUY_rec	2UUY_lig
lightdock	luciferin_score	-18.97309	2UUY_rec	2UUY_lig
lightdock	luciferin_score	-21.00131	2UUY_rec	2UUY_lig
lightdock	luciferin_score	-22.44886	2UUY_rec	2UUY_lig
lightdock	luciferin_score	-24.9686	2UUY_rec	2UUY_lig
lightdock	luciferin_score	-27.90811	2UUY_rec	2UUY_lig
lightdock	luciferin_score	-28.12997	2UUY_rec	2UUY_lig
lightdock	luciferin_score	-32.51028	2UUY_rec	2UUY_lig
lightdock	luciferin_score	-32.57658	2UUY_rec	2UUY_lig
lightdock	luciferin_score	-35.30343	2UUY_rec	2UUY_lig
lightdock	luciferin_score	-49.63285	2UUY_rec	2UUY_lig
lightdock	luciferin_score	-62.40008	2UUY_rec	2UUY_lig
lightdock	luciferin_score	20.81867	2UUY_rec	2UUY_lig
lightdock	luciferin_score	20.73326	2UUY_rec	2UUY_lig
lightdock	luciferin_score	16.24378	2UUY_rec	2UUY_lig
lightdock	luciferin_score	14.49068	2UUY_rec	2UUY_lig
lightdock	luciferin_score	14.15884	2UUY_rec	2UUY_lig
lightdock	luciferin_score	13.90575	2UUY_rec	2UUY_lig
lightdock	luciferin_score	13.73362	2UUY_rec	2UUY_lig
lightdock	luciferin_score	13.16313	2UUY_rec	2UUY_lig
lightdock	luciferin_score	12.41925	2UUY_rec	2UUY_lig
lightdock	luciferin_score	11.97349	2UUY_rec	2UUY_lig
lightdock	luciferin_score	11.70265	2UUY_rec	2UUY_lig
lightdock	luciferin_score	11.49632	2UUY_rec	2UUY_lig
lightdock	luciferin_score	11.44236	2UUY_rec	2UUY_lig
lightdock	luciferin_score	11.20884	2UUY_rec	2UUY_lig
lightdock	luciferin_score	11.18781	2UUY_rec	2UUY_lig
lightdock	luciferin_score	10.91278	2UUY_rec	2UUY_lig
lightdock	luciferin_score	10.7674	2UUY_rec	2UUY_lig
lightdock	luciferin_score	10.75071	2UUY_rec	2UUY_lig
lightdock	luciferin_score	10.52939	2UUY_rec	2UUY_lig
lightdock	luciferin_score	10.44001	2UUY_rec	2UUY_lig
lightdock	luciferin_score	9.85234	2UUY_rec	2UUY_lig
lightdock	luciferin_score	9.66965	2UUY_rec	2UUY_lig
lightdock	luciferin_score	9.53876	2UUY_rec	2UUY_lig
lightdock	luciferin_score	9.46002	2UUY_rec	2UUY_lig
lightdock	luciferin_score	8.84633	2UUY_rec	2UUY_lig
lightdock	luciferin_score	8.73342	2UUY_rec	2UUY_lig
lightdock	luciferin_score	8.6695	2UUY_rec	2UUY_lig
lightdock	luciferin_score	8.58918	2UUY_rec	2UUY_lig
lightdock	luciferin_score	8.31486	2UUY_rec	2UUY_lig
lightdock	luciferin_score	8.05774	2UUY_rec	2UUY_lig
lightdock	luciferin_score	8.03527	2UUY_rec	2UUY_lig
lightdock	luciferin_score	8.02417	2UUY_rec	2UUY_lig
lightdock	luciferin_score	7.95025	2UUY_rec	2UUY_lig
lightdock	luciferin_score	7.80288	2UUY_rec	2UUY_lig
lightdock	luciferin_score	7.6359	2UUY_rec	2UUY_lig
lightdock	luciferin_score	7.04	2UUY_rec	2UUY_lig
lightdock	luciferin_score	7.01597	2UUY_rec	2UUY_lig
lightdock	luciferin_score	6.48497	2UUY_rec	2UUY_lig
lightdock	luciferin_score	6.35593	2UUY_rec	2UUY_lig
lightdock	luciferin_score	6.0967	2UUY_rec	2UUY_lig
lightdock	luciferin_score	6.08347	2UUY_rec	2UUY_lig
lightdock	luciferin_score	5.39249	2UUY_rec	2UUY_lig
lightdock	luciferin_score	5.00905	2UUY_rec	2UUY_lig
lightdock	luciferin_score	4.08045	2UUY_rec	2UUY_lig
lightdock	luciferin_score	3.82348	2UUY_rec	2UUY_lig
lightdock	luciferin_score	3.65689	2UUY_rec	2UUY_lig
lightdock	luciferin_score	3.45441	2UUY_rec	2UUY_lig
lightdock	luciferin_score	2.92488	2UUY_rec	2UUY_lig
lightdock	luciferin_score	0.66312	2UUY_rec	2UUY_lig
lightdock	luciferin_score	0.36151	2UUY_rec	2UUY_lig
lightdock	luciferin_score	0.2079	2UUY_rec	2UUY_lig
lightdock	luciferin_score	-0.81573	2UUY_rec	2UUY_lig
lightdock	luciferin_score	-3.18498	2UUY_rec	2UUY_lig
lightdock	luciferin_score	-5.88762	2UUY_rec	2UUY_lig
lightdock	luciferin_score	-6.5862	2UUY_rec	2UUY_lig
lightdock	luciferin_score	-10.28079	2UUY_rec	2UUY_lig
lightdock	luciferin_score	-20.50781	2UUY_rec	2UUY_lig
lightdock	luciferin_score	-23.27718	2UUY_rec	2UUY_lig
lightdock	luciferin_score	-26.66223	2UUY_rec	2UUY_lig
lightdock	luciferin_score	-29.59051	2UUY_rec	2UUY_lig
lightdock	luciferin_score	-37.16146	2UUY_rec	2UUY_lig
lightdock	luciferin_score	-41.88361	2UUY_rec	2UUY_lig
lightdock	luciferin_score	-51.96729	2UUY_rec	2UUY_lig
lightdock	luciferin_score	-55.75884	2UUY_rec	2UUY_lig
lightdock	luciferin_score	-68.28724	2UUY_rec	2UUY_lig
lightdock	luciferin_score	19.58766	2UUY_rec	2UUY_lig
lightdock	luciferin_score	19.02139	2UUY_rec	2UUY_lig
lightdock	luciferin_score	17.08127	2UUY_rec	2UUY_lig
lightdock	luciferin_score	15.28433	2UUY_rec	2UUY_lig
lightdock	luciferin_score	15.09893	2UUY_rec	2UUY_lig
lightdock	luciferin_score	14.8753	2UUY_rec	2UUY_lig
lightdock	luciferin_score	14.49105	2UUY_rec	2UUY_lig
lightdock	luciferin_score	14.41478	2UUY_rec	2UUY_lig
lightdock	luciferin_score	14.01918	2UUY_rec	2UUY_lig
lightdock	luciferin_score	13.99289	2UUY_rec	2UUY_lig
lightdock	luciferin_score	12.86995	2UUY_rec	2UUY_lig
lightdock	luciferin_score	12.85544	2UUY_rec	2UUY_lig
lightdock	luciferin_score	12.76969	2UUY_rec	2UUY_lig
lightdock	luciferin_score	12.05529	2UUY_rec	2UUY_lig
lightdock	luciferin_score	11.95456	2UUY_rec	2UUY_lig
lightdock	luciferin_score	11.64675	2UUY_rec	2UUY_lig
lightdock	luciferin_score	11.57614	2UUY_rec	2UUY_lig
lightdock	luciferin_score	11.37233	2UUY_rec	2UUY_lig
lightdock	luciferin_score	11.17405	2UUY_rec	2UUY_lig
lightdock	luciferin_score	11.16596	2UUY_rec	2UUY_lig
lightdock	luciferin_score	11.13051	2UUY_rec	2UUY_lig
lightdock	luciferin_score	10.62414	2UUY_rec	2UUY_lig
lightdock	luciferin_score	10.60704	2UUY_rec	2UUY_lig
lightdock	luciferin_score	10.56557	2UUY_rec	2UUY_lig
lightdock	luciferin_score	9.81051	2UUY_rec	2UUY_lig
lightdock	luciferin_score	9.65665	2UUY_rec	2UUY_lig
lightdock	luciferin_score	9.31647	2UUY_rec	2UUY_lig
lightdock	luciferin_score	9.1139	2UUY_rec	2UUY_lig
lightdock	luciferin_score	8.94365	2UUY_rec	2UUY_lig
lightdock	luciferin_score	8.55749	2UUY_rec	2UUY_lig
lightdock	luciferin_score	8.29027	2UUY_rec	2UUY_lig
lightdock	luciferin_score	8.14944	2UUY_rec	2UUY_lig
lightdock	luciferin_score	7.94463	2UUY_rec	2UUY_lig
lightdock	luciferin_score	7.731	2UUY_rec	2UUY_lig
lightdock	luciferin_score	6.79654	2UUY_rec	2UUY_lig
lightdock	luciferin_score	5.32425	2UUY_rec	2UUY_lig
lightdock	luciferin_score	5.1356	2UUY_rec	2UUY_lig
lightdock	luciferin_score	4.11489	2UUY_rec	2UUY_lig
lightdock	luciferin_score	3.07751	2UUY_rec	2UUY_lig
lightdock	luciferin_score	2.95595	2UUY_rec	2UUY_lig
lightdock	luciferin_score	2.70391	2UUY_rec	2UUY_lig
lightdock	luciferin_score	1.92939	2UUY_rec	2UUY_lig
lightdock	luciferin_score	0.68856	2UUY_rec	2UUY_lig
lightdock	luciferin_score	-0.43783	2UUY_rec	2UUY_lig
lightdock	luciferin_score	-0.9415	2UUY_rec	2UUY_lig
lightdock	luciferin_score	-1.97199	2UUY_rec	2UUY_lig
lightdock	luciferin_score	-2.01808	2UUY_rec	2UUY_lig
lightdock	luciferin_score	-5.34791	2UUY_rec	2UUY_lig
lightdock	luciferin_score	-6.49057	2UUY_rec	2UUY_lig
lightdock	luciferin_score	-10.22533	2UUY_rec	2UUY_lig
lightdock	luciferin_score	-14.06304	2UUY_rec	2UUY_lig
lightdock	luciferin_score	-16.47266	2UUY_rec	2UUY_lig
lightdock	luciferin_score	-31.22991	2UUY_rec	2UUY_lig
lightdock	luciferin_score	-32.12679	2UUY_rec	2UUY_lig
lightdock	luciferin_score	-32.2454	2UUY_rec	2UUY_lig
lightdock	luciferin_score	-34.26372	2UUY_rec	2UUY_lig
lightdock	luciferin_score	-34.88144	2UUY_rec	2UUY_lig
lightdock	luciferin_score	-37.54903	2UUY_rec	2UUY_lig
lightdock	luciferin_score	-44.08987	2UUY_rec	2UUY_lig
lightdock	luciferin_score	-44.18009	2UUY_rec	2UUY_lig
lightdock	luciferin_score	-58.73874	2UUY_rec	2UUY_lig
lightdock	luciferin_score	-61.72842	2UUY_rec	2UUY_lig
lightdock	luciferin_score	-72.80024	2UUY_rec	2UUY_lig
lightdock	luciferin_score	-94.8016	2UUY_rec	2UUY_lig
lightdock	luciferin_score	16.70681	2UUY_rec	2UUY_lig
lightdock	luciferin_score	16.15936	2UUY_rec	2UUY_lig
lightdock	luciferin_score	15.10144	2UUY_rec	2UUY_lig
lightdock	luciferin_score	14.36376	2UUY_rec	2UUY_lig
lightdock	luciferin_score	13.86129	2UUY_rec	2UUY_lig
lightdock	luciferin_score	13.79522	2UUY_rec	2UUY_lig
lightdock	luciferin_score	13.7444	2UUY_rec	2UUY_lig
lightdock	luciferin_score	13.404	2UUY_rec	2UUY_lig
lightdock	luciferin_score	13.35243	2UUY_rec	2UUY_lig
lightdock	luciferin_score	13.17834	2UUY_rec	2UUY_lig
lightdock	luciferin_score	13.07604	2UUY_rec	2UUY_lig
lightdock	luciferin_score	12.79199	2UUY_rec	2UUY_lig
lightdock	luciferin_score	12.67794	2UUY_rec	2UUY_lig
lightdock	luciferin_score	12.35064	2UUY_rec	2UUY_lig
lightdock	luciferin_score	12.08438	2UUY_rec	2UUY_lig
lightdock	luciferin_score	12.05524	2UUY_rec	2UUY_lig
lightdock	luciferin_score	11.97849	2UUY_rec	2UUY_lig
lightdock	luciferin_score	11.85312	2UUY_rec	2UUY_lig
lightdock	luciferin_score	11.7481	2UUY_rec	2UUY_lig
lightdock	luciferin_score	11.54161	2UUY_rec	2UUY_lig
lightdock	luciferin_score	11.2907	2UUY_rec	2UUY_lig
lightdock	luciferin_score	11.01984	2UUY_rec	2UUY_lig
lightdock	luciferin_score	10.84961	2UUY_rec	2UUY_lig
lightdock	luciferin_score	10.70824	2UUY_rec	2UUY_lig
lightdock	luciferin_score	10.68162	2UUY_rec	2UUY_lig
lightdock	luciferin_score	10.62933	2UUY_rec	2UUY_lig
lightdock	luciferin_score	10.36974	2UUY_rec	2UUY_lig
lightdock	luciferin_score	10.29643	2UUY_rec	2UUY_lig
lightdock	luciferin_score	9.92862	2UUY_rec	2UUY_lig
lightdock	luciferin_score	9.88801	2UUY_rec	2UUY_lig
lightdock	luciferin_score	9.79573	2UUY_rec	2UUY_lig
lightdock	luciferin_score	9.62648	2UUY_rec	2UUY_lig
lightdock	luciferin_score	9.39719	2UUY_rec	2UUY_lig
lightdock	luciferin_score	9.37468	2UUY_rec	2UUY_lig
lightdock	luciferin_score	9.07918	2UUY_rec	2UUY_lig
lightdock	luciferin_score	8.1651	2UUY_rec	2UUY_lig
lightdock	luciferin_score	8.15411	2UUY_rec	2UUY_lig
lightdock	luciferin_score	7.93204	2UUY_rec	2UUY_lig
lightdock	luciferin_score	7.84278	2UUY_rec	2UUY_lig
lightdock	luciferin_score	7.63641	2UUY_rec	2UUY_lig
lightdock	luciferin_score	6.73189	2UUY_rec	2UUY_lig
lightdock	luciferin_score	6.53582	2UUY_rec	2UUY_lig
lightdock	luciferin_score	6.31205	2UUY_rec	2UUY_lig
lightdock	luciferin_score	6.08907	2UUY_rec	2UUY_lig
lightdock	luciferin_score	6.00188	2UUY_rec	2UUY_lig
lightdock	luciferin_score	5.90806	2UUY_rec	2UUY_lig
lightdock	luciferin_score	5.47462	2UUY_rec	2UUY_lig
lightdock	luciferin_score	5.00979	2UUY_rec	2UUY_lig
lightdock	luciferin_score	4.85483	2UUY_rec	2UUY_lig
lightdock	luciferin_score	4.85268	2UUY_rec	2UUY_lig
lightdock	luciferin_score	3.78453	2UUY_rec	2UUY_lig
lightdock	luciferin_score	3.75265	2UUY_rec	2UUY_lig
lightdock	luciferin_score	3.25241	2UUY_rec	2UUY_lig
lightdock	luciferin_score	0.49536	2UUY_rec	2UUY_lig
lightdock	luciferin_score	-0.20961	2UUY_rec	2UUY_lig
lightdock	luciferin_score	-1.23304	2UUY_rec	2UUY_lig
lightdock	luciferin_score	-1.30006	2UUY_rec	2UUY_lig
lightdock	luciferin_score	-3.6974	2UUY_rec	2UUY_lig
lightdock	luciferin_score	-7.91945	2UUY_rec	2UUY_lig
lightdock	luciferin_score	-8.6643	2UUY_rec	2UUY_lig
lightdock	luciferin_score	-9.19281	2UUY_rec	2UUY_lig
lightdock	luciferin_score	-14.40123	2UUY_rec	2UUY_lig
lightdock	luciferin_score	-21.18807	2UUY_rec	2UUY_lig
lightdock	luciferin_score	-22.20006	2UUY_rec	2UUY_lig
lightdock	luciferin_score	-26.35188	2UUY_rec	2UUY_lig
lightdock	luciferin_score	-27.74463	2UUY_rec	2UUY_lig
lightdock	luciferin_score	-39.97932	2UUY_rec	2UUY_lig
lightdock	luciferin_score	-52.24779	2UUY_rec	2UUY_lig
lightdock	luciferin_score	15.77	2UUY_rec	2UUY_lig
lightdock	luciferin_score	14.73872	2UUY_rec	2UUY_lig
lightdock	luciferin_score	14.3091	2UUY_rec	2UUY_lig
lightdock	luciferin_score	14.16774	2UUY_rec	2UUY_lig
lightdock	luciferin_score	13.46378	2UUY_rec	2UUY_lig
lightdock	luciferin_score	13.35041	2UUY_rec	2UUY_lig
lightdock	luciferin_score	12.80579	2UUY_rec	2UUY_lig
lightdock	luciferin_score	12.64391	2UUY_rec	2UUY_lig
lightdock	luciferin_score	12.3986	2UUY_rec	2UUY_lig
lightdock	luciferin_score	12.39814	2UUY_rec	2UUY_lig
lightdock	luciferin_score	12.32459	2UUY_rec	2UUY_lig
lightdock	luciferin_score	11.76605	2UUY_rec	2UUY_lig
lightdock	luciferin_score	11.61446	2UUY_rec	2UUY_lig
lightdock	luciferin_score	11.33726	2UUY_rec	2UUY_lig
lightdock	luciferin_score	11.11737	2UUY_rec	2UUY_lig
lightdock	luciferin_score	10.56517	2UUY_rec	2UUY_lig
lightdock	luciferin_score	10.48989	2UUY_rec	2UUY_lig
lightdock	luciferin_score	10.34098	2UUY_rec	2UUY_lig
lightdock	luciferin_score	10.20276	2UUY_rec	2UUY_lig
lightdock	luciferin_score	10.14595	2UUY_rec	2UUY_lig
lightdock	luciferin_score	9.98765	2UUY_rec	2UUY_lig
lightdock	luciferin_score	9.70538	2UUY_rec	2UUY_lig
lightdock	luciferin_score	9.69205	2UUY_rec	2UUY_lig
lightdock	luciferin_score	9.56988	2UUY_rec	2UUY_lig
lightdock	luciferin_score	9.53708	2UUY_rec	2UUY_lig
lightdock	luciferin_score	9.46141	2UUY_rec	2UUY_lig
lightdock	luciferin_score	9.4162	2UUY_rec	2UUY_lig
lightdock	luciferin_score	8.48747	2UUY_rec	2UUY_lig
lightdock	luciferin_score	8.47579	2UUY_rec	2UUY_lig
lightdock	luciferin_score	8.47064	2UUY_rec	2UUY_lig
lightdock	luciferin_score	8.15611	2UUY_rec	2UUY_lig
lightdock	luciferin_score	6.07505	2UUY_rec	2UUY_lig
lightdock	luciferin_score	5.92877	2UUY_rec	2UUY_lig
lightdock	luciferin_score	5.86691	2UUY_rec	2UUY_lig
lightdock	luciferin_score	5.19562	2UUY_rec	2UUY_lig
lightdock	luciferin_score	3.49142	2UUY_rec	2UUY_lig
lightdock	luciferin_score	2.0531	2UUY_rec	2UUY_lig
lightdock	luciferin_score	-0.24628	2UUY_rec	2UUY_lig
lightdock	luciferin_score	-1.19738	2UUY_rec	2UUY_lig
lightdock	luciferin_score	-1.80743	2UUY_rec	2UUY_lig
lightdock	luciferin_score	-1.96493	2UUY_rec	2UUY_lig
lightdock	luciferin_score	-2.1279	2UUY_rec	2UUY_lig
lightdock	luciferin_score	-3.39835	2UUY_rec	2UUY_lig
lightdock	luciferin_score	-3.90352	2UUY_rec	2UUY_lig
lightdock	luciferin_score	-4.1476	2UUY_rec	2UUY_lig
lightdock	luciferin_score	-5.3486	2UUY_rec	2UUY_lig
lightdock	luciferin_score	-6.1798	2UUY_rec	2UUY_lig
lightdock	luciferin_score	-6.9662	2UUY_rec	2UUY_lig
lightdock	luciferin_score	-7.24943	2UUY_rec	2UUY_lig
lightdock	luciferin_score	-7.45217	2UUY_rec	2UUY_lig
lightdock	luciferin_score	-8.4463	2UUY_rec	2UUY_lig
lightdock	luciferin_score	-8.50717	2UUY_rec	2UUY_lig
lightdock	luciferin_score	-10.64883	2UUY_rec	2UUY_lig
lightdock	luciferin_score	-11.92878	2UUY_rec	2UUY_lig
lightdock	luciferin_score	-13.32284	2UUY_rec	2UUY_lig
lightdock	luciferin_score	-14.75427	2UUY_rec	2UUY_lig
lightdock	luciferin_score	-15.93622	2UUY_rec	2UUY_lig
lightdock	luciferin_score	-17.2279	2UUY_rec	2UUY_lig
lightdock	luciferin_score	-17.65169	2UUY_rec	2UUY_lig
lightdock	luciferin_score	-18.31554	2UUY_rec	2UUY_lig
lightdock	luciferin_score	-21.2409	2UUY_rec	2UUY_lig
lightdock	luciferin_score	-21.97204	2UUY_rec	2UUY_lig
lightdock	luciferin_score	-23.63626	2UUY_rec	2UUY_lig
lightdock	luciferin_score	-23.99676	2UUY_rec	2UUY_lig
lightdock	luciferin_score	-25.78575	2UUY_rec	2UUY_lig
lightdock	luciferin_score	-27.91123	2UUY_rec	2UUY_lig
lightdock	luciferin_score	-31.5959	2UUY_rec	2UUY_lig
lightdock	luciferin_score	-36.09613	2UUY_rec	2UUY_lig
lightdock	luciferin_score	-43.60824	2UUY_rec	2UUY_lig
lightdock	luciferin_score	-45.15717	2UUY_rec	2UUY_lig
lightdock	luciferin_score	-49.74973	2UUY_rec	2UUY_lig
lightdock	luciferin_score	-53.05859	2UUY_rec	2UUY_lig
lightdock	luciferin_score	-53.44292	2UUY_rec	2UUY_lig
lightdock	luciferin_score	-57.14092	2UUY_rec	2UUY_lig
lightdock	luciferin_score	-72.63285	2UUY_rec	2UUY_lig
lightdock	luciferin_score	13.87328	2UUY_rec	2UUY_lig
lightdock	luciferin_score	12.85754	2UUY_rec	2UUY_lig
lightdock	luciferin_score	12.65273	2UUY_rec	2UUY_lig
lightdock	luciferin_score	12.59324	2UUY_rec	2UUY_lig
lightdock	luciferin_score	12.35825	2UUY_rec	2UUY_lig
lightdock	luciferin_score	12.04373	2UUY_rec	2UUY_lig
lightdock	luciferin_score	11.90695	2UUY_rec	2UUY_lig
lightdock	luciferin_score	11.54511	2UUY_rec	2UUY_lig
lightdock	luciferin_score	11.09603	2UUY_rec	2UUY_lig
lightdock	luciferin_score	10.71788	2UUY_rec	2UUY_lig
lightdock	luciferin_score	10.50125	2UUY_rec	2UUY_lig
lightdock	luciferin_score	10.42742	2UUY_rec	2UUY_lig
lightdock	luciferin_score	10.15968	2UUY_rec	2UUY_lig
lightdock	luciferin_score	10.10073	2UUY_rec	2UUY_lig
lightdock	luciferin_score	9.86752	2UUY_rec	2UUY_lig
lightdock	luciferin_score	9.78437	2UUY_rec	2UUY_lig
lightdock	luciferin_score	9.69741	2UUY_rec	2UUY_lig
lightdock	luciferin_score	9.69164	2UUY_rec	2UUY_lig
lightdock	luciferin_score	9.53036	2UUY_rec	2UUY_lig
lightdock	luciferin_score	9.33874	2UUY_rec	2UUY_lig
lightdock	luciferin_score	9.17979	2UUY_rec	2UUY_lig
lightdock	luciferin_score	8.98613	2UUY_rec	2UUY_lig
lightdock	luciferin_score	8.81678	2UUY_rec	2UUY_lig
lightdock	luciferin_score	8.72209	2UUY_rec	2UUY_lig
lightdock	luciferin_score	8.59249	2UUY_rec	2UUY_lig
lightdock	luciferin_score	8.55418	2UUY_rec	2UUY_lig
lightdock	luciferin_score	8.48327	2UUY_rec	2UUY_lig
lightdock	luciferin_score	8.48266	2UUY_rec	2UUY_lig
lightdock	luciferin_score	8.25171	2UUY_rec	2UUY_lig
lightdock	luciferin_score	8.11424	2UUY_rec	2UUY_lig
lightdock	luciferin_score	8.01725	2UUY_rec	2UUY_lig
lightdock	luciferin_score	7.62268	2UUY_rec	2UUY_lig
lightdock	luciferin_score	7.52782	2UUY_rec	2UUY_lig
lightdock	luciferin_score	7.52495	2UUY_rec	2UUY_lig
lightdock	luciferin_score	7.12056	2UUY_rec	2UUY_lig
lightdock	luciferin_score	7.02375	2UUY_rec	2UUY_lig
lightdock	luciferin_score	6.82312	2UUY_rec	2UUY_lig
lightdock	luciferin_score	6.80888	2UUY_rec	2UUY_lig
lightdock	luciferin_score	6.51188	2UUY_rec	2UUY_lig
lightdock	luciferin_score	6.40499	2UUY_rec	2UUY_lig
lightdock	luciferin_score	6.3704	2UUY_rec	2UUY_lig
lightdock	luciferin_score	6.3116	2UUY_rec	2UUY_lig
lightdock	luciferin_score	6.05153	2UUY_rec	2UUY_lig
lightdock	luciferin_score	5.50743	2UUY_rec	2UUY_lig
lightdock	luciferin_score	4.83274	2UUY_rec	2UUY_lig
lightdock	luciferin_score	4.34444	2UUY_rec	2UUY_lig
lightdock	luciferin_score	4.31415	2UUY_rec	2UUY_lig
lightdock	luciferin_score	3.10549	2UUY_rec	2UUY_lig
lightdock	luciferin_score	2.50225	2UUY_rec	2UUY_lig
lightdock	luciferin_score	2.4775	2UUY_rec	2UUY_lig
lightdock	luciferin_score	0.37627	2UUY_rec	2UUY_lig
lightdock	luciferin_score	0.0091	2UUY_rec	2UUY_lig
lightdock	luciferin_score	-3.36706	2UUY_rec	2UUY_lig
lightdock	luciferin_score	-3.67543	2UUY_rec	2UUY_lig
lightdock	luciferin_score	-7.12828	2UUY_rec	2UUY_lig
lightdock	luciferin_score	-7.8563	2UUY_rec	2UUY_lig
lightdock	luciferin_score	-10.83864	2UUY_rec	2UUY_lig
lightdock	luciferin_score	-11.6864	2UUY_rec	2UUY_lig
lightdock	luciferin_score	-12.79832	2UUY_rec	2UUY_lig
lightdock	luciferin_score	-14.78121	2UUY_rec	2UUY_lig
lightdock	luciferin_score	-16.56097	2UUY_rec	2UUY_lig
lightdock	luciferin_score	-19.1756	2UUY_rec	2UUY_lig
lightdock	luciferin_score	-19.25319	2UUY_rec	2UUY_lig
lightdock	luciferin_score	-19.88931	2UUY_rec	2UUY_lig
lightdock	luciferin_score	-21.32257	2UUY_rec	2UUY_lig
lightdock	luciferin_score	-28.42223	2UUY_rec	2UUY_lig
lightdock	luciferin_score	-32.89718	2UUY_rec	2UUY_lig
lightdock	luciferin_score	-42.93398	2UUY_rec	2UUY_lig
lightdock	luciferin_score	-44.83613	2UUY_rec	2UUY_lig
lightdock	luciferin_score	-55.88749	2UUY_rec	2UUY_lig
lightdock	luciferin_score	-70.36117	2UUY_rec	2UUY_lig
lightdock	luciferin_score	19.25483	2UUY_rec	2UUY_lig
lightdock	luciferin_score	19.20672	2UUY_rec	2UUY_lig
lightdock	luciferin_score	15.71999	2UUY_rec	2UUY_lig
lightdock	luciferin_score	13.26863	2UUY_rec	2UUY_lig
lightdock	luciferin_score	13.11546	2UUY_rec	2UUY_lig
lightdock	luciferin_score	12.81892	2UUY_rec	2UUY_lig
lightdock	luciferin_score	12.53957	2UUY_rec	2UUY_lig
lightdock	luciferin_score	12.42441	2UUY_rec	2UUY_lig
lightdock	luciferin_score	12.36522	2UUY_rec	2UUY_lig
lightdock	luciferin_score	12.18207	2UUY_rec	2UUY_lig
lightdock	luciferin_score	12.18098	2UUY_rec	2UUY_lig
lightdock	luciferin_score	12.17789	2UUY_rec	2UUY_lig
lightdock	luciferin_score	11.911	2UUY_rec	2UUY_lig
lightdock	luciferin_score	11.89918	2UUY_rec	2UUY_lig
lightdock	luciferin_score	10.89967	2UUY_rec	2UUY_lig
lightdock	luciferin_score	10.54367	2UUY_rec	2UUY_lig
lightdock	luciferin_score	10.38032	2UUY_rec	2UUY_lig
lightdock	luciferin_score	10.20632	2UUY_rec	2UUY_lig
lightdock	luciferin_score	10.17376	2UUY_rec	2UUY_lig
lightdock	luciferin_score	10.16089	2UUY_rec	2UUY_lig
lightdock	luciferin_score	9.4806	2UUY_rec	2UUY_lig
lightdock	luciferin_score	9.33036	2UUY_rec	2UUY_lig
lightdock	luciferin_score	9.01127	2UUY_rec	2UUY_lig
lightdock	luciferin_score	8.89233	2UUY_rec	2UUY_lig
lightdock	luciferin_score	8.68241	2UUY_rec	2UUY_lig
lightdock	luciferin_score	8.38841	2UUY_rec	2UUY_lig
lightdock	luciferin_score	8.36259	2UUY_rec	2UUY_lig
lightdock	luciferin_score	8.25909	2UUY_rec	2UUY_lig
lightdock	luciferin_score	8.09066	2UUY_rec	2UUY_lig
lightdock	luciferin_score	8.05364	2UUY_rec	2UUY_lig
lightdock	luciferin_score	8.03992	2UUY_rec	2UUY_lig
lightdock	luciferin_score	7.92253	2UUY_rec	2UUY_lig
lightdock	luciferin_score	7.40693	2UUY_rec	2UUY_lig
lightdock	luciferin_score	6.87695	2UUY_rec	2UUY_lig
lightdock	luciferin_score	6.86217	2UUY_rec	2UUY_lig
lightdock	luciferin_score	6.57595	2UUY_rec	2UUY_lig
lightdock	luciferin_score	6.18362	2UUY_rec	2UUY_lig
lightdock	luciferin_score	6.13187	2UUY_rec	2UUY_lig
lightdock	luciferin_score	6.01656	2UUY_rec	2UUY_lig
lightdock	luciferin_score	5.64508	2UUY_rec	2UUY_lig
lightdock	luciferin_score	5.33838	2UUY_rec	2UUY_lig
lightdock	luciferin_score	4.9286	2UUY_rec	2UUY_lig
lightdock	luciferin_score	4.06192	2UUY_rec	2UUY_lig
lightdock	luciferin_score	3.80225	2UUY_rec	2UUY_lig
lightdock	luciferin_score	3.56398	2UUY_rec	2UUY_lig
lightdock	luciferin_score	1.0246	2UUY_rec	2UUY_lig
lightdock	luciferin_score	-3.89257	2UUY_rec	2UUY_lig
lightdock	luciferin_score	-4.05493	2UUY_rec	2UUY_lig
lightdock	luciferin_score	-5.73197	2UUY_rec	2UUY_lig
lightdock	luciferin_score	-5.73919	2UUY_rec	2UUY_lig
lightdock	luciferin_score	-6.3619	2UUY_rec	2UUY_lig
lightdock	luciferin_score	-6.85899	2UUY_rec	2UUY_lig
lightdock	luciferin_score	-9.65125	2UUY_rec	2UUY_lig
lightdock	luciferin_score	-10.17858	2UUY_rec	2UUY_lig
lightdock	luciferin_score	-10.75063	2UUY_rec	2UUY_lig
lightdock	luciferin_score	-12.72276	2UUY_rec	2UUY_lig
lightdock	luciferin_score	-21.99429	2UUY_rec	2UUY_lig
lightdock	luciferin_score	-27.42992	2UUY_rec	2UUY_lig
lightdock	luciferin_score	-30.5382	2UUY_rec	2UUY_lig
lightdock	luciferin_score	-33.35685	2UUY_rec	2UUY_lig
lightdock	luciferin_score	-45.81285	2UUY_rec	2UUY_lig
lightdock	luciferin_score	18.39661	2UUY_rec	2UUY_lig
lightdock	luciferin_score	13.02014	2UUY_rec	2UUY_lig
lightdock	luciferin_score	12.85037	2UUY_rec	2UUY_lig
lightdock	luciferin_score	12.71564	2UUY_rec	2UUY_lig
lightdock	luciferin_score	12.52666	2UUY_rec	2UUY_lig
lightdock	luciferin_score	12.04206	2UUY_rec	2UUY_lig
lightdock	luciferin_score	11.65062	2UUY_rec	2UUY_lig
lightdock	luciferin_score	11.55255	2UUY_rec	2UUY_lig
lightdock	luciferin_score	11.4238	2UUY_rec	2UUY_lig
lightdock	luciferin_score	11.13639	2UUY_rec	2UUY_lig
lightdock	luciferin_score	10.84275	2UUY_rec	2UUY_lig
lightdock	luciferin_score	10.33177	2UUY_rec	2UUY_lig
lightdock	luciferin_score	10.31836	2UUY_rec	2UUY_lig
lightdock	luciferin_score	10.22111	2UUY_rec	2UUY_lig
lightdock	luciferin_score	10.08416	2UUY_rec	2UUY_lig
lightdock	luciferin_score	9.61934	2UUY_rec	2UUY_lig
lightdock	luciferin_score	9.56913	2UUY_rec	2UUY_lig
lightdock	luciferin_score	9.52858	2UUY_rec	2UUY_lig
lightdock	luciferin_score	9.21183	2UUY_rec	2UUY_lig
lightdock	luciferin_score	9.08658	2UUY_rec	2UUY_lig
lightdock	luciferin_score	9.02011	2UUY_rec	2UUY_lig
lightdock	luciferin_score	9.01895	2UUY_rec	2UUY_lig
lightdock	luciferin_score	8.51153	2UUY_rec	2UUY_lig
lightdock	luciferin_score	8.08865	2UUY_rec	2UUY_lig
lightdock	luciferin_score	7.89666	2UUY_rec	2UUY_lig
lightdock	luciferin_score	7.85962	2UUY_rec	2UUY_lig
lightdock	luciferin_score	7.47246	2UUY_rec	2UUY_lig
lightdock	luciferin_score	7.26159	2UUY_rec	2UUY_lig
lightdock	luciferin_score	7.20737	2UUY_rec	2UUY_lig
lightdock	luciferin_score	7.10536	2UUY_rec	2UUY_lig
lightdock	luciferin_score	6.77233	2UUY_rec	2UUY_lig
lightdock	luciferin_score	6.61425	2UUY_rec	2UUY_lig
lightdock	luciferin_score	6.57147	2UUY_rec	2UUY_lig
lightdock	luciferin_score	6.04372	2UUY_rec	2UUY_lig
lightdock	luciferin_score	6.02886	2UUY_rec	2UUY_lig
lightdock	luciferin_score	5.60551	2UUY_rec	2UUY_lig
lightdock	luciferin_score	5.50959	2UUY_rec	2UUY_lig
lightdock	luciferin_score	4.77204	2UUY_rec	2UUY_lig
lightdock	luciferin_score	3.67832	2UUY_rec	2UUY_lig
lightdock	luciferin_score	3.05152	2UUY_rec	2UUY_lig
lightdock	luciferin_score	2.77966	2UUY_rec	2UUY_lig
lightdock	luciferin_score	2.64769	2UUY_rec	2UUY_lig
lightdock	luciferin_score	1.87359	2UUY_rec	2UUY_lig
lightdock	luciferin_score	0.53498	2UUY_rec	2UUY_lig
lightdock	luciferin_score	-0.37617	2UUY_rec	2UUY_lig
lightdock	luciferin_score	-4.99891	2UUY_rec	2UUY_lig
lightdock	luciferin_score	-7.76209	2UUY_rec	2UUY_lig
lightdock	luciferin_score	-8.00664	2UUY_rec	2UUY_lig
lightdock	luciferin_score	-8.49175	2UUY_rec	2UUY_lig
lightdock	luciferin_score	-20.22532	2UUY_rec	2UUY_lig
lightdock	luciferin_score	-20.60898	2UUY_rec	2UUY_lig
lightdock	luciferin_score	-26.63042	2UUY_rec	2UUY_lig
lightdock	luciferin_score	-28.83592	2UUY_rec	2UUY_lig
lightdock	luciferin_score	-29.15354	2UUY_rec	2UUY_lig
lightdock	luciferin_score	-34.18404	2UUY_rec	2UUY_lig
lightdock	luciferin_score	-34.50733	2UUY_rec	2UUY_lig
lightdock	luciferin_score	-47.6998	2UUY_rec	2UUY_lig
lightdock	luciferin_score	-53.5992	2UUY_rec	2UUY_lig
lightdock	luciferin_score	-58.63832	2UUY_rec	2UUY_lig
lightdock	luciferin_score	-65.52794	2UUY_rec	2UUY_lig
lightdock	luciferin_score	18.0961	2UUY_rec	2UUY_lig
lightdock	luciferin_score	15.93191	2UUY_rec	2UUY_lig
lightdock	luciferin_score	14.48944	2UUY_rec	2UUY_lig
lightdock	luciferin_score	14.28328	2UUY_rec	2UUY_lig
lightdock	luciferin_score	14.23057	2UUY_rec	2UUY_lig
lightdock	luciferin_score	13.14513	2UUY_rec	2UUY_lig
lightdock	luciferin_score	12.94247	2UUY_rec	2UUY_lig
lightdock	luciferin_score	12.75427	2UUY_rec	2UUY_lig
lightdock	luciferin_score	12.22232	2UUY_rec	2UUY_lig
lightdock	luciferin_score	12.19998	2UUY_rec	2UUY_lig
lightdock	luciferin_score	11.61383	2UUY_rec	2UUY_lig
lightdock	luciferin_score	11.17158	2UUY_rec	2UUY_lig
lightdock	luciferin_score	10.95942	2UUY_rec	2UUY_lig
lightdock	luciferin_score	10.64349	2UUY_rec	2UUY_lig
lightdock	luciferin_score	10.6155	2UUY_rec	2UUY_lig
lightdock	luciferin_score	10.41521	2UUY_rec	2UUY_lig
lightdock	luciferin_score	10.25023	2UUY_rec	2UUY_lig
lightdock	luciferin_score	10.17037	2UUY_rec	2UUY_lig
lightdock	luciferin_score	10.16038	2UUY_rec	2UUY_lig
lightdock	luciferin_score	10.09816	2UUY_rec	2UUY_lig
lightdock	luciferin_score	10.07756	2UUY_rec	2UUY_lig
lightdock	luciferin_score	10.04244	2UUY_rec	2UUY_lig
lightdock	luciferin_score	9.94534	2UUY_rec	2UUY_lig
lightdock	luciferin_score	9.82248	2UUY_rec	2UUY_lig
lightdock	luciferin_score	9.80089	2UUY_rec	2UUY_lig
lightdock	luciferin_score	9.4465	2UUY_rec	2UUY_lig
lightdock	luciferin_score	9.15466	2UUY_rec	2UUY_lig
lightdock	luciferin_score	9.00576	2UUY_rec	2UUY_lig
lightdock	luciferin_score	8.93122	2UUY_rec	2UUY_lig
lightdock	luciferin_score	8.8421	2UUY_rec	2UUY_lig
lightdock	luciferin_score	8.64771	2UUY_rec	2UUY_lig
lightdock	luciferin_score	8.59093	2UUY_rec	2UUY_lig
lightdock	luciferin_score	8.51432	2UUY_rec	2UUY_lig
lightdock	luciferin_score	8.1583	2UUY_rec	2UUY_lig
lightdock	luciferin_score	7.95045	2UUY_rec	2UUY_lig
lightdock	luciferin_score	6.868	2UUY_rec	2UUY_lig
lightdock	luciferin_score	6.56904	2UUY_rec	2UUY_lig
lightdock	luciferin_score	6.51356	2UUY_rec	2UUY_lig
lightdock	luciferin_score	6.39106	2UUY_rec	2UUY_lig
lightdock	luciferin_score	6.27473	2UUY_rec	2UUY_lig
lightdock	luciferin_score	5.40987	2UUY_rec	2UUY_lig
lightdock	luciferin_score	4.0035	2UUY_rec	2UUY_lig
lightdock	luciferin_score	3.36505	2UUY_rec	2UUY_lig
lightdock	luciferin_score	3.27386	2UUY_rec	2UUY_lig
lightdock	luciferin_score	2.44251	2UUY_rec	2UUY_lig
lightdock	luciferin_score	1.58741	2UUY_rec	2UUY_lig
lightdock	luciferin_score	-0.6701	2UUY_rec	2UUY_lig
lightdock	luciferin_score	-2.88515	2UUY_rec	2UUY_lig
lightdock	luciferin_score	-3.50904	2UUY_rec	2UUY_lig
lightdock	luciferin_score	-4.01173	2UUY_rec	2UUY_lig
lightdock	luciferin_score	-5.6096	2UUY_rec	2UUY_lig
lightdock	luciferin_score	-5.92374	2UUY_rec	2UUY_lig
lightdock	luciferin_score	-12.51432	2UUY_rec	2UUY_lig
lightdock	luciferin_score	-14.91394	2UUY_rec	2UUY_lig
lightdock	luciferin_score	-15.23096	2UUY_rec	2UUY_lig
lightdock	luciferin_score	-15.80978	2UUY_rec	2UUY_lig
lightdock	luciferin_score	-17.15127	2UUY_rec	2UUY_lig
lightdock	luciferin_score	-19.68323	2UUY_rec	2UUY_lig
lightdock	luciferin_score	-29.86731	2UUY_rec	2UUY_lig
lightdock	luciferin_score	-52.37678	2UUY_rec	2UUY_lig
lightdock	luciferin_score	17.97922	2UUY_rec	2UUY_lig
lightdock	luciferin_score	17.07332	2UUY_rec	2UUY_lig
lightdock	luciferin_score	16.33899	2UUY_rec	2UUY_lig
lightdock	luciferin_score	15.64989	2UUY_rec	2UUY_lig
lightdock	luciferin_score	15.31311	2UUY_rec	2UUY_lig
lightdock	luciferin_score	14.69953	2UUY_rec	2UUY_lig
lightdock	luciferin_score	14.68554	2UUY_rec	2UUY_lig
lightdock	luciferin_score	13.96982	2UUY_rec	2UUY_lig
lightdock	luciferin_score	13.62323	2UUY_rec	2UUY_lig
lightdock	luciferin_score	13.4884	2UUY_rec	2UUY_lig
lightdock	luciferin_score	13.29563	2UUY_rec	2UUY_lig
lightdock	luciferin_score	12.1075	2UUY_rec	2UUY_lig
lightdock	luciferin_score	11.99516	2UUY_rec	2UUY_lig
lightdock	luciferin_score	11.6795	2UUY_rec	2UUY_lig
lightdock	luciferin_score	11.60072	2UUY_rec	2UUY_lig
lightdock	luciferin_score	11.43175	2UUY_rec	2UUY_lig
lightdock	luciferin_score	11.11274	2UUY_rec	2UUY_lig
lightdock	luciferin_score	11.02667	2UUY_rec	2UUY_lig
lightdock	luciferin_score	10.8908	2UUY_rec	2UUY_lig
lightdock	luciferin_score	10.78075	2UUY_rec	2UUY_lig
lightdock	luciferin_score	10.73357	2UUY_rec	2UUY_lig
lightdock	luciferin_score	9.95707	2UUY_rec	2UUY_lig
lightdock	luciferin_score	9.82256	2UUY_rec	2UUY_lig
lightdock	luciferin_score	9.71856	2UUY_rec	2UUY_lig
lightdock	luciferin_score	9.51092	2UUY_rec	2UUY_lig
lightdock	luciferin_score	9.44366	2UUY_rec	2UUY_lig
lightdock	luciferin_score	9.4056	2UUY_rec	2UUY_lig
lightdock	luciferin_score	9.28597	2UUY_rec	2UUY_lig
lightdock	luciferin_score	8.78975	2UUY_rec	2UUY_lig
lightdock	luciferin_score	8.37733	2UUY_rec	2UUY_lig
lightdock	luciferin_score	8.24338	2UUY_rec	2UUY_lig
lightdock	luciferin_score	8.16769	2UUY_rec	2UUY_lig
lightdock	luciferin_score	7.84811	2UUY_rec	2UUY_lig
lightdock	luciferin_score	7.79674	2UUY_rec	2UUY_lig
lightdock	luciferin_score	7.1988	2UUY_rec	2UUY_lig
lightdock	luciferin_score	7.18441	2UUY_rec	2UUY_lig
lightdock	luciferin_score	7.0049	2UUY_rec	2UUY_lig
lightdock	luciferin_score	6.96023	2UUY_rec	2UUY_lig
lightdock	luciferin_score	6.92104	2UUY_rec	2UUY_lig
lightdock	luciferin_score	6.86464	2UUY_rec	2UUY_lig
lightdock	luciferin_score	6.86334	2UUY_rec	2UUY_lig
lightdock	luciferin_score	5.81859	2UUY_rec	2UUY_lig
lightdock	luciferin_score	5.13719	2UUY_rec	2UUY_lig
lightdock	luciferin_score	4.94926	2UUY_rec	2UUY_lig
lightdock	luciferin_score	4.84799	2UUY_rec	2UUY_lig
lightdock	luciferin_score	4.84793	2UUY_rec	2UUY_lig
lightdock	luciferin_score	4.84712	2UUY_rec	2UUY_lig
lightdock	luciferin_score	3.89637	2UUY_rec	2UUY_lig
lightdock	luciferin_score	3.87728	2UUY_rec	2UUY_lig
lightdock	luciferin_score	0.0536	2UUY_rec	2UUY_lig
lightdock	luciferin_score	-4.98989	2UUY_rec	2UUY_lig
lightdock	luciferin_score	-9.69941	2UUY_rec	2UUY_lig
lightdock	luciferin_score	-11.3409	2UUY_rec	2UUY_lig
lightdock	luciferin_score	-12.61268	2UUY_rec	2UUY_lig
lightdock	luciferin_score	-24.88638	2UUY_rec	2UUY_lig
lightdock	luciferin_score	-26.5147	2UUY_rec	2UUY_lig
lightdock	luciferin_score	-27.35319	2UUY_rec	2UUY_lig
lightdock	luciferin_score	-33.06371	2UUY_rec	2UUY_lig
lightdock	luciferin_score	-37.16637	2UUY_rec	2UUY_lig
lightdock	luciferin_score	-42.3214	2UUY_rec	2UUY_lig
lightdock	luciferin_score	-43.85615	2UUY_rec	2UUY_lig
lightdock	luciferin_score	-45.73153	2UUY_rec	2UUY_lig
lightdock	luciferin_score	14.79352	2UUY_rec	2UUY_lig
lightdock	luciferin_score	13.66497	2UUY_rec	2UUY_lig
lightdock	luciferin_score	13.03355	2UUY_rec	2UUY_lig
lightdock	luciferin_score	12.61295	2UUY_rec	2UUY_lig
lightdock	luciferin_score	12.58276	2UUY_rec	2UUY_lig
lightdock	luciferin_score	12.45316	2UUY_rec	2UUY_lig
lightdock	luciferin_score	12.36047	2UUY_rec	2UUY_lig
lightdock	luciferin_score	12.36	2UUY_rec	2UUY_lig
lightdock	luciferin_score	11.97717	2UUY_rec	2UUY_lig
lightdock	luciferin_score	11.66916	2UUY_rec	2UUY_lig
lightdock	luciferin_score	11.55383	2UUY_rec	2UUY_lig
lightdock	luciferin_score	11.42627	2UUY_rec	2UUY_lig
lightdock	luciferin_score	11.42059	2UUY_rec	2UUY_lig
lightdock	luciferin_score	11.02898	2UUY_rec	2UUY_lig
lightdock	luciferin_score	11.02115	2UUY_rec	2UUY_lig
lightdock	luciferin_score	10.57155	2UUY_rec	2UUY_lig
lightdock	luciferin_score	9.89196	2UUY_rec	2UUY_lig
lightdock	luciferin_score	9.81605	2UUY_rec	2UUY_lig
lightdock	luciferin_score	9.58467	2UUY_rec	2UUY_lig
lightdock	luciferin_score	9.53245	2UUY_rec	2UUY_lig
lightdock	luciferin_score	9.10445	2UUY_rec	2UUY_lig
lightdock	luciferin_score	8.96123	2UUY_rec	2UUY_lig
lightdock	luciferin_score	8.89756	2UUY_rec	2UUY_lig
lightdock	luciferin_score	8.76568	2UUY_rec	2UUY_lig
lightdock	luciferin_score	8.72097	2UUY_rec	2UUY_lig
lightdock	luciferin_score	8.32409	2UUY_rec	2UUY_lig
lightdock	luciferin_score	7.83512	2UUY_rec	2UUY_lig
lightdock	luciferin_score	7.43893	2UUY_rec	2UUY_lig
lightdock	luciferin_score	7.2266	2UUY_rec	2UUY_lig
lightdock	luciferin_score	6.73288	2UUY_rec	2UUY_lig
lightdock	luciferin_score	5.89385	2UUY_rec	2UUY_lig
lightdock	luciferin_score	5.55299	2UUY_rec	2UUY_lig
lightdock	luciferin_score	4.93617	2UUY_rec	2UUY_lig
lightdock	luciferin_score	4.73666	2UUY_rec	2UUY_lig
lightdock	luciferin_score	4.28398	2UUY_rec	2UUY_lig
lightdock	luciferin_score	3.31035	2UUY_rec	2UUY_lig
lightdock	luciferin_score	2.82872	2UUY_rec	2UUY_lig
lightdock	luciferin_score	2.28292	2UUY_rec	2UUY_lig
lightdock	luciferin_score	2.12719	2UUY_rec	2UUY_lig
lightdock	luciferin_score	-0.47373	2UUY_rec	2UUY_lig
lightdock	luciferin_score	-0.68284	2UUY_rec	2UUY_lig
lightdock	luciferin_score	-3.15014	2UUY_rec	2UUY_lig
lightdock	luciferin_score	-4.55831	2UUY_rec	2UUY_lig
lightdock	luciferin_score	-5.40919	2UUY_rec	2UUY_lig
lightdock	luciferin_score	-6.19122	2UUY_rec	2UUY_lig
lightdock	luciferin_score	-7.3989	2UUY_rec	2UUY_lig
lightdock	luciferin_score	-10.30679	2UUY_rec	2UUY_lig
lightdock	luciferin_score	-10.87658	2UUY_rec	2UUY_lig
lightdock	luciferin_score	-13.54718	2UUY_rec	2UUY_lig
lightdock	luciferin_score	-14.06693	2UUY_rec	2UUY_lig
lightdock	luciferin_score	-14.4154	2UUY_rec	2UUY_lig
lightdock	luciferin_score	-16.36685	2UUY_rec	2UUY_lig
lightdock	luciferin_score	-17.2208	2UUY_rec	2UUY_lig
lightdock	luciferin_score	-17.45712	2UUY_rec	2UUY_lig
lightdock	luciferin_score	-21.0415	2UUY_rec	2UUY_lig
lightdock	luciferin_score	-30.68061	2UUY_rec	2UUY_lig
lightdock	luciferin_score	-30.68512	2UUY_rec	2UUY_lig
lightdock	luciferin_score	-31.01401	2UUY_rec	2UUY_lig
lightdock	luciferin_score	-34.4325	2UUY_rec	2UUY_lig
lightdock	luciferin_score	-36.14762	2UUY_rec	2UUY_lig
lightdock	luciferin_score	-46.09876	2UUY_rec	2UUY_lig
lightdock	luciferin_score	-46.92782	2UUY_rec	2UUY_lig
lightdock	luciferin_score	-50.18617	2UUY_rec	2UUY_lig
lightdock	luciferin_score	21.55688	2UUY_rec	2UUY_lig
lightdock	luciferin_score	21.22123	2UUY_rec	2UUY_lig
lightdock	luciferin_score	19.26413	2UUY_rec	2UUY_lig
lightdock	luciferin_score	17.0044	2UUY_rec	2UUY_lig
lightdock	luciferin_score	16.19793	2UUY_rec	2UUY_lig
lightdock	luciferin_score	15.59951	2UUY_rec	2UUY_lig
lightdock	luciferin_score	15.13824	2UUY_rec	2UUY_lig
lightdock	luciferin_score	14.88593	2UUY_rec	2UUY_lig
lightdock	luciferin_score	14.13258	2UUY_rec	2UUY_lig
lightdock	luciferin_score	13.69029	2UUY_rec	2UUY_lig
lightdock	luciferin_score	13.05893	2UUY_rec	2UUY_lig
lightdock	luciferin_score	12.91726	2UUY_rec	2UUY_lig
lightdock	luciferin_score	12.58821	2UUY_rec	2UUY_lig
lightdock	luciferin_score	12.13793	2UUY_rec	2UUY_lig
lightdock	luciferin_score	11.95843	2UUY_rec	2UUY_lig
lightdock	luciferin_score	11.91635	2UUY_rec	2UUY_lig
lightdock	luciferin_score	11.6413	2UUY_rec	2UUY_lig
lightdock	luciferin_score	11.52829	2UUY_rec	2UUY_lig
lightdock	luciferin_score	11.46088	2UUY_rec	2UUY_lig
lightdock	luciferin_score	11.3622	2UUY_rec	2UUY_lig
lightdock	luciferin_score	11.27244	2UUY_rec	2UUY_lig
lightdock	luciferin_score	11.24445	2UUY_rec	2UUY_lig
lightdock	luciferin_score	10.92505	2UUY_rec	2UUY_lig
lightdock	luciferin_score	10.79951	2UUY_rec	2UUY_lig
lightdock	luciferin_score	10.5825	2UUY_rec	2UUY_lig
lightdock	luciferin_score	10.15717	2UUY_rec	2UUY_lig
lightdock	luciferin_score	10.15087	2UUY_rec	2UUY_lig
lightdock	luciferin_score	9.9891	2UUY_rec	2UUY_lig
lightdock	luciferin_score	9.51639	2UUY_rec	2UUY_lig
lightdock	luciferin_score	8.85097	2UUY_rec	2UUY_lig
lightdock	luciferin_score	8.82814	2UUY_rec	2UUY_lig
lightdock	luciferin_score	8.65025	2UUY_rec	2UUY_lig
lightdock	luciferin_score	8.53426	2UUY_rec	2UUY_lig
lightdock	luciferin_score	8.48357	2UUY_rec	2UUY_lig
lightdock	luciferin_score	8.05899	2UUY_rec	2UUY_lig
lightdock	luciferin_score	7.2403	2UUY_rec	2UUY_lig
lightdock	luciferin_score	7.23213	2UUY_rec	2UUY_lig
lightdock	luciferin_score	6.48871	2UUY_rec	2UUY_lig
lightdock	luciferin_score	5.8443	2UUY_rec	2UUY_lig
lightdock	luciferin_score	5.66605	2UUY_rec	2UUY_lig
lightdock	luciferin_score	5.51555	2UUY_rec	2UUY_lig
lightdock	luciferin_score	5.16423	2UUY_rec	2UUY_lig
lightdock	luciferin_score	4.87919	2UUY_rec	2UUY_lig
lightdock	luciferin_score	4.59557	2UUY_rec	2UUY_lig
lightdock	luciferin_score	4.47946	2UUY_rec	2UUY_lig
lightdock	luciferin_score	4.43271	2UUY_rec	2UUY_lig
lightdock	luciferin_score	3.67678	2UUY_rec	2UUY_lig
lightdock	luciferin_score	1.104	2UUY_rec	2UUY_lig
lightdock	luciferin_score	-2.94773	2UUY_rec	2UUY_lig
lightdock	luciferin_score	-4.5326	2UUY_rec	2UUY_lig
lightdock	luciferin_score	-6.58458	2UUY_rec	2UUY_lig
lightdock	luciferin_score	-7.09399	2UUY_rec	2UUY_lig
lightdock	luciferin_score	-7.74685	2UUY_rec	2UUY_lig
lightdock	luciferin_score	-9.93903	2UUY_rec	2UUY_lig
lightdock	luciferin_score	-12.87268	2UUY_rec	2UUY_lig
lightdock	luciferin_score	-18.02079	2UUY_rec	2UUY_lig
lightdock	luciferin_score	-19.3982	2UUY_rec	2UUY_lig
lightdock	luciferin_score	-19.67788	2UUY_rec	2UUY_lig
lightdock	luciferin_score	-29.45526	2UUY_rec	2UUY_lig
lightdock	luciferin_score	-31.21895	2UUY_rec	2UUY_lig
lightdock	luciferin_score	-88.58268	2UUY_rec	2UUY_lig
lightdock	luciferin_score	19.7498	2UUY_rec	2UUY_lig
lightdock	luciferin_score	16.64351	2UUY_rec	2UUY_lig
lightdock	luciferin_score	16.43562	2UUY_rec	2UUY_lig
lightdock	luciferin_score	16.26994	2UUY_rec	2UUY_lig
lightdock	luciferin_score	13.63608	2UUY_rec	2UUY_lig
lightdock	luciferin_score	13.62381	2UUY_rec	2UUY_lig
lightdock	luciferin_score	13.47958	2UUY_rec	2UUY_lig
lightdock	luciferin_score	13.32851	2UUY_rec	2UUY_lig
lightdock	luciferin_score	13.29996	2UUY_rec	2UUY_lig
lightdock	luciferin_score	13.06048	2UUY_rec	2UUY_lig
lightdock	luciferin_score	13.0463	2UUY_rec	2UUY_lig
lightdock	luciferin_score	12.96625	2UUY_rec	2UUY_lig
lightdock	luciferin_score	12.95809	2UUY_rec	2UUY_lig
lightdock	luciferin_score	12.95278	2UUY_rec	2UUY_lig
lightdock	luciferin_score	12.5475	2UUY_rec	2UUY_lig
lightdock	luciferin_score	12.39937	2UUY_rec	2UUY_lig
lightdock	luciferin_score	11.96266	2UUY_rec	2UUY_lig
lightdock	luciferin_score	11.59545	2UUY_rec	2UUY_lig
lightdock	luciferin_score	11.52724	2UUY_rec	2UUY_lig
lightdock	luciferin_score	10.51609	2UUY_rec	2UUY_lig
lightdock	luciferin_score	10.38054	2UUY_rec	2UUY_lig
lightdock	luciferin_score	10.2014	2UUY_rec	2UUY_lig
lightdock	luciferin_score	10.07851	2UUY_rec	2UUY_lig
lightdock	luciferin_score	9.92701	2UUY_rec	2UUY_lig
lightdock	luciferin_score	9.54102	2UUY_rec	2UUY_lig
lightdock	luciferin_score	8.85402	2UUY_rec	2UUY_lig
lightdock	luciferin_score	7.50414	2UUY_rec	2UUY_lig
lightdock	luciferin_score	7.43652	2UUY_rec	2UUY_lig
lightdock	luciferin_score	7.2674	2UUY_rec	2UUY_lig
lightdock	luciferin_score	6.65403	2UUY_rec	2UUY_lig
lightdock	luciferin_score	6.22999	2UUY_rec	2UUY_lig
lightdock	luciferin_score	5.01918	2UUY_rec	2UUY_lig
lightdock	luciferin_score	4.98321	2UUY_rec	2UUY_lig
lightdock	luciferin_score	4.08508	2UUY_rec	2UUY_lig
lightdock	luciferin_score	3.69412	2UUY_rec	2UUY_lig
lightdock	luciferin_score	3.21549	2UUY_rec	2UUY_lig
lightdock	luciferin_score	0.58909	2UUY_rec	2UUY_lig
lightdock	luciferin_score	-0.11498	2UUY_rec	2UUY_lig
lightdock	luciferin_score	-0.62201	2UUY_rec	2UUY_lig
lightdock	luciferin_score	-3.94436	2UUY_rec	2UUY_lig
lightdock	luciferin_score	-4.67847	2UUY_rec	2UUY_lig
lightdock	luciferin_score	-14.42699	2UUY_rec	2UUY_lig
lightdock	luciferin_score	-14.50519	2UUY_rec	2UUY_lig
lightdock	luciferin_score	-18.70848	2UUY_rec	2UUY_lig
lightdock	luciferin_score	-19.57664	2UUY_rec	2UUY_lig
lightdock	luciferin_score	-20.40522	2UUY_rec	2UUY_lig
lightdock	luciferin_score	-22.58338	2UUY_rec	2UUY_lig
lightdock	luciferin_score	-25.48461	2UUY_rec	2UUY_lig
lightdock	luciferin_score	-45.8281	2UUY_rec	2UUY_lig
lightdock	luciferin_score	-48.64133	2UUY_rec	2UUY_lig
lightdock	luciferin_score	-49.77154	2UUY_rec	2UUY_lig
lightdock	luciferin_score	-63.45621	2UUY_rec	2UUY_lig
lightdock	luciferin_score	-94.26089	2UUY_rec	2UUY_lig
lightdock	luciferin_score	18.45994	2UUY_rec	2UUY_lig
lightdock	luciferin_score	17.9921	2UUY_rec	2UUY_lig
lightdock	luciferin_score	16.57639	2UUY_rec	2UUY_lig
lightdock	luciferin_score	13.30212	2UUY_rec	2UUY_lig
lightdock	luciferin_score	13.21453	2UUY_rec	2UUY_lig
lightdock	luciferin_score	12.92662	2UUY_rec	2UUY_lig
lightdock	luciferin_score	12.83349	2UUY_rec	2UUY_lig
lightdock	luciferin_score	12.71821	2UUY_rec	2UUY_lig
lightdock	luciferin_score	12.48715	2UUY_rec	2UUY_lig
lightdock	luciferin_score	12.3126	2UUY_rec	2UUY_lig
lightdock	luciferin_score	12.17032	2UUY_rec	2UUY_lig
lightdock	luciferin_score	12.00113	2UUY_rec	2UUY_lig
lightdock	luciferin_score	11.89778	2UUY_rec	2UUY_lig
lightdock	luciferin_score	11.60116	2UUY_rec	2UUY_lig
lightdock	luciferin_score	11.19503	2UUY_rec	2UUY_lig
lightdock	luciferin_score	11.08642	2UUY_rec	2UUY_lig
lightdock	luciferin_score	11.05966	2UUY_rec	2UUY_lig
lightdock	luciferin_score	10.99551	2UUY_rec	2UUY_lig
lightdock	luciferin_score	10.91207	2UUY_rec	2UUY_lig
lightdock	luciferin_score	10.52634	2UUY_rec	2UUY_lig
lightdock	luciferin_score	10.49507	2UUY_rec	2UUY_lig
lightdock	luciferin_score	10.45415	2UUY_rec	2UUY_lig
lightdock	luciferin_score	10.22265	2UUY_rec	2UUY_lig
lightdock	luciferin_score	10.16337	2UUY_rec	2UUY_lig
lightdock	luciferin_score	9.83576	2UUY_rec	2UUY_lig
lightdock	luciferin_score	9.72661	2UUY_rec	2UUY_lig
lightdock	luciferin_score	9.58719	2UUY_rec	2UUY_lig
lightdock	luciferin_score	9.54729	2UUY_rec	2UUY_lig
lightdock	luciferin_score	9.1299	2UUY_rec	2UUY_lig
lightdock	luciferin_score	8.59427	2UUY_rec	2UUY_lig
lightdock	luciferin_score	8.54517	2UUY_rec	2UUY_lig
lightdock	luciferin_score	8.48068	2UUY_rec	2UUY_lig
lightdock	luciferin_score	8.38	2UUY_rec	2UUY_lig
lightdock	luciferin_score	8.12495	2UUY_rec	2UUY_lig
lightdock	luciferin_score	8.07284	2UUY_rec	2UUY_lig
lightdock	luciferin_score	7.95433	2UUY_rec	2UUY_lig
lightdock	luciferin_score	7.9466	2UUY_rec	2UUY_lig
lightdock	luciferin_score	7.91465	2UUY_rec	2UUY_lig
lightdock	luciferin_score	7.89418	2UUY_rec	2UUY_lig
lightdock	luciferin_score	7.87638	2UUY_rec	2UUY_lig
lightdock	luciferin_score	7.76471	2UUY_rec	2UUY_lig
lightdock	luciferin_score	7.53274	2UUY_rec	2UUY_lig
lightdock	luciferin_score	7.0603	2UUY_rec	2UUY_lig
lightdock	luciferin_score	6.86538	2UUY_rec	2UUY_lig
lightdock	luciferin_score	6.64937	2UUY_rec	2UUY_lig
lightdock	luciferin_score	6.30143	2UUY_rec	2UUY_lig
lightdock	luciferin_score	6.05423	2UUY_rec	2UUY_lig
lightdock	luciferin_score	5.45101	2UUY_rec	2UUY_lig
lightdock	luciferin_score	4.84082	2UUY_rec	2UUY_lig
lightdock	luciferin_score	4.69011	2UUY_rec	2UUY_lig
lightdock	luciferin_score	2.85775	2UUY_rec	2UUY_lig
lightdock	luciferin_score	2.3708	2UUY_rec	2UUY_lig
lightdock	luciferin_score	-0.62362	2UUY_rec	2UUY_lig
lightdock	luciferin_score	-0.95224	2UUY_rec	2UUY_lig
lightdock	luciferin_score	-1.1506	2UUY_rec	2UUY_lig
lightdock	luciferin_score	-3.26604	2UUY_rec	2UUY_lig
lightdock	luciferin_score	-7.74282	2UUY_rec	2UUY_lig
lightdock	luciferin_score	-8.02958	2UUY_rec	2UUY_lig
lightdock	luciferin_score	-10.87983	2UUY_rec	2UUY_lig
lightdock	luciferin_score	-12.63564	2UUY_rec	2UUY_lig
lightdock	luciferin_score	-15.71189	2UUY_rec	2UUY_lig
lightdock	luciferin_score	-17.35246	2UUY_rec	2UUY_lig
lightdock	luciferin_score	-20.68731	2UUY_rec	2UUY_lig
lightdock	luciferin_score	-21.64747	2UUY_rec	2UUY_lig
lightdock	luciferin_score	-29.04928	2UUY_rec	2UUY_lig
lightdock	luciferin_score	-42.29281	2UUY_rec	2UUY_lig
lightdock	luciferin_score	-43.83058	2UUY_rec	2UUY_lig
lightdock	luciferin_score	-58.39845	2UUY_rec	2UUY_lig
lightdock	luciferin_score	-63.3439	2UUY_rec	2UUY_lig
lightdock	luciferin_score	15.22612	2UUY_rec	2UUY_lig
lightdock	luciferin_score	15.03073	2UUY_rec	2UUY_lig
lightdock	luciferin_score	14.7321	2UUY_rec	2UUY_lig
lightdock	luciferin_score	14.69853	2UUY_rec	2UUY_lig
lightdock	luciferin_score	14.64803	2UUY_rec	2UUY_lig
lightdock	luciferin_score	14.64275	2UUY_rec	2UUY_lig
lightdock	luciferin_score	14.50028	2UUY_rec	2UUY_lig
lightdock	luciferin_score	13.95184	2UUY_rec	2UUY_lig
lightdock	luciferin_score	12.40593	2UUY_rec	2UUY_lig
lightdock	luciferin_score	12.11647	2UUY_rec	2UUY_lig
lightdock	luciferin_score	12.10957	2UUY_rec	2UUY_lig
lightdock	luciferin_score	11.73227	2UUY_rec	2UUY_lig
lightdock	luciferin_score	11.16899	2UUY_rec	2UUY_lig
lightdock	luciferin_score	10.64707	2UUY_rec	2UUY_lig
lightdock	luciferin_score	10.50201	2UUY_rec	2UUY_lig
lightdock	luciferin_score	9.99416	2UUY_rec	2UUY_lig
lightdock	luciferin_score	9.97045	2UUY_rec	2UUY_lig
lightdock	luciferin_score	9.36707	2UUY_rec	2UUY_lig
lightdock	luciferin_score	8.99384	2UUY_rec	2UUY_lig
lightdock	luciferin_score	8.71022	2UUY_rec	2UUY_lig
lightdock	luciferin_score	8.6606	2UUY_rec	2UUY_lig
lightdock	luciferin_score	8.48585	2UUY_rec	2UUY_lig
lightdock	luciferin_score	8.4831	2UUY_rec	2UUY_lig
lightdock	luciferin_score	8.09677	2UUY_rec	2UUY_lig
lightdock	luciferin_score	7.98367	2UUY_rec	2UUY_lig
lightdock	luciferin_score	7.59483	2UUY_rec	2UUY_lig
lightdock	luciferin_score	7.56531	2UUY_rec	2UUY_lig
lightdock	luciferin_score	7.21106	2UUY_rec	2UUY_lig
lightdock	luciferin_score	7.20424	2UUY_rec	2UUY_lig
lightdock	luciferin_score	7.09072	2UUY_rec	2UUY_lig
lightdock	luciferin_score	7.03443	2UUY_rec	2UUY_lig
lightdock	luciferin_score	7.01288	2UUY_rec	2UUY_lig
lightdock	luciferin_score	6.54331	2UUY_rec	2UUY_lig
lightdock	luciferin_score	6.53269	2UUY_rec	2UUY_lig
lightdock	luciferin_score	6.52649	2UUY_rec	2UUY_lig
lightdock	luciferin_score	6.43556	2UUY_rec	2UUY_lig
lightdock	luciferin_score	6.24703	2UUY_rec	2UUY_lig
lightdock	luciferin_score	6.06493	2UUY_rec	2UUY_lig
lightdock	luciferin_score	5.97625	2UUY_rec	2UUY_lig
lightdock	luciferin_score	5.69679	2UUY_rec	2UUY_lig
lightdock	luciferin_score	5.08998	2UUY_rec	2UUY_lig
lightdock	luciferin_score	5.01614	2UUY_rec	2UUY_lig
lightdock	luciferin_score	4.80083	2UUY_rec	2UUY_lig
lightdock	luciferin_score	1.74274	2UUY_rec	2UUY_lig
lightdock	luciferin_score	0.92166	2UUY_rec	2UUY_lig
lightdock	luciferin_score	-0.92901	2UUY_rec	2UUY_lig
lightdock	luciferin_score	-4.12726	2UUY_rec	2UUY_lig
lightdock	luciferin_score	-5.26912	2UUY_rec	2UUY_lig
lightdock	luciferin_score	-6.60103	2UUY_rec	2UUY_lig
lightdock	luciferin_score	-7.23457	2UUY_rec	2UUY_lig
lightdock	luciferin_score	-7.81817	2UUY_rec	2UUY_lig
lightdock	luciferin_score	-9.97293	2UUY_rec	2UUY_lig
lightdock	luciferin_score	-11.95456	2UUY_rec	2UUY_lig
lightdock	luciferin_score	-24.10067	2UUY_rec	2UUY_lig
lightdock	luciferin_score	-24.34613	2UUY_rec	2UUY_lig
lightdock	luciferin_score	-26.02707	2UUY_rec	2UUY_lig
lightdock	luciferin_score	-31.81627	2UUY_rec	2UUY_lig
lightdock	luciferin_score	-36.00202	2UUY_rec	2UUY_lig
lightdock	luciferin_score	-36.59295	2UUY_rec	2UUY_lig
lightdock	luciferin_score	-38.84347	2UUY_rec	2UUY_lig
lightdock	luciferin_score	-41.56829	2UUY_rec	2UUY_lig
lightdock	luciferin_score	-42.5471	2UUY_rec	2UUY_lig
lightdock	luciferin_score	-46.25581	2UUY_rec	2UUY_lig
lightdock	luciferin_score	-47.99621	2UUY_rec	2UUY_lig
lightdock	luciferin_score	-53.75016	2UUY_rec	2UUY_lig
lightdock	luciferin_score	-60.36603	2UUY_rec	2UUY_lig
lightdock	luciferin_score	-65.07543	2UUY_rec	2UUY_lig
lightdock	luciferin_score	15.84833	2UUY_rec	2UUY_lig
lightdock	luciferin_score	15.67355	2UUY_rec	2UUY_lig
lightdock	luciferin_score	13.80474	2UUY_rec	2UUY_lig
lightdock	luciferin_score	13.68416	2UUY_rec	2UUY_lig
lightdock	luciferin_score	13.56153	2UUY_rec	2UUY_lig
lightdock	luciferin_score	13.13776	2UUY_rec	2UUY_lig
lightdock	luciferin_score	13.06836	2UUY_rec	2UUY_lig
lightdock	luciferin_score	12.81	2UUY_rec	2UUY_lig
lightdock	luciferin_score	12.48703	2UUY_rec	2UUY_lig
lightdock	luciferin_score	11.68081	2UUY_rec	2UUY_lig
lightdock	luciferin_score	11.60442	2UUY_rec	2UUY_lig
lightdock	luciferin_score	11.37988	2UUY_rec	2UUY_lig
lightdock	luciferin_score	11.35446	2UUY_rec	2UUY_lig
lightdock	luciferin_score	11.29359	2UUY_rec	2UUY_lig
lightdock	luciferin_score	11.23186	2UUY_rec	2UUY_lig
lightdock	luciferin_score	10.98166	2UUY_rec	2UUY_lig
lightdock	luciferin_score	10.97477	2UUY_rec	2UUY_lig
lightdock	luciferin_score	10.31375	2UUY_rec	2UUY_lig
lightdock	luciferin_score	10.29515	2UUY_rec	2UUY_lig
lightdock	luciferin_score	10.28672	2UUY_rec	2UUY_lig
lightdock	luciferin_score	9.8837	2UUY_rec	2UUY_lig
lightdock	luciferin_score	9.84052	2UUY_rec	2UUY_lig
lightdock	luciferin_score	9.55534	2UUY_rec	2UUY_lig
lightdock	luciferin_score	9.34859	2UUY_rec	2UUY_lig
lightdock	luciferin_score	9.34466	2UUY_rec	2UUY_lig
lightdock	luciferin_score	9.04004	2UUY_rec	2UUY_lig
lightdock	luciferin_score	8.86005	2UUY_rec	2UUY_lig
lightdock	luciferin_score	8.65616	2UUY_rec	2UUY_lig
lightdock	luciferin_score	8.52124	2UUY_rec	2UUY_lig
lightdock	luciferin_score	8.50009	2UUY_rec	2UUY_lig
lightdock	luciferin_score	8.34203	2UUY_rec	2UUY_lig
lightdock	luciferin_score	8.31494	2UUY_rec	2UUY_lig
lightdock	luciferin_score	8.28524	2UUY_rec	2UUY_lig
lightdock	luciferin_score	7.71743	2UUY_rec	2UUY_lig
lightdock	luciferin_score	6.82449	2UUY_rec	2UUY_lig
lightdock	luciferin_score	6.74725	2UUY_rec	2UUY_lig
lightdock	luciferin_score	6.28337	2UUY_rec	2UUY_lig
lightdock	luciferin_score	6.24737	2UUY_rec	2UUY_lig
lightdock	luciferin_score	5.76505	2UUY_rec	2UUY_lig
lightdock	luciferin_score	5.24177	2UUY_rec	2UUY_lig
lightdock	luciferin_score	4.90533	2UUY_rec	2UUY_lig
lightdock	luciferin_score	4.85764	2UUY_rec	2UUY_lig
lightdock	luciferin_score	4.50844	2UUY_rec	2UUY_lig
lightdock	luciferin_score	4.36575	2UUY_rec	2UUY_lig
lightdock	luciferin_score	4.13026	2UUY_rec	2UUY_lig
lightdock	luciferin_score	2.64912	2UUY_rec	2UUY_lig
lightdock	luciferin_score	0.17289	2UUY_rec	2UUY_lig
lightdock	luciferin_score	-0.42585	2UUY_rec	2UUY_lig
lightdock	luciferin_score	-1.54167	2UUY_rec	2UUY_lig
lightdock	luciferin_score	-2.27598	2UUY_rec	2UUY_lig
lightdock	luciferin_score	-3.53967	2UUY_rec	2UUY_lig
lightdock	luciferin_score	-3.77988	2UUY_rec	2UUY_lig
lightdock	luciferin_score	-5.67542	2UUY_rec	2UUY_lig
lightdock	luciferin_score	-6.04811	2UUY_rec	2UUY_lig
lightdock	luciferin_score	-6.74053	2UUY_rec	2UUY_lig
lightdock	luciferin_score	-7.06948	2UUY_rec	2UUY_lig
lightdock	luciferin_score	-8.23248	2UUY_rec	2UUY_lig
lightdock	luciferin_score	-8.57926	2UUY_rec	2UUY_lig
lightdock	luciferin_score	-18.57322	2UUY_rec	2UUY_lig
lightdock	luciferin_score	-21.39868	2UUY_rec	2UUY_lig
lightdock	luciferin_score	-30.63544	2UUY_rec	2UUY_lig
lightdock	luciferin_score	-31.04858	2UUY_rec	2UUY_lig
lightdock	luciferin_score	-33.08543	2UUY_rec	2UUY_lig
lightdock	luciferin_score	-35.9627	2UUY_rec	2UUY_lig
lightdock	luciferin_score	-36.00555	2UUY_rec	2UUY_lig
lightdock	luciferin_score	-49.20328	2UUY_rec	2UUY_lig
lightdock	luciferin_score	-59.22919	2UUY_rec	2UUY_lig
lightdock	luciferin_score	22.9822	2UUY_rec	2UUY_lig
lightdock	luciferin_score	15.8811	2UUY_rec	2UUY_lig
lightdock	luciferin_score	15.84252	2UUY_rec	2UUY_lig
lightdock	luciferin_score	15.03173	2UUY_rec	2UUY_lig
lightdock	luciferin_score	14.57027	2UUY_rec	2UUY_lig
lightdock	luciferin_score	13.8698	2UUY_rec	2UUY_lig
lightdock	luciferin_score	13.65429	2UUY_rec	2UUY_lig
lightdock	luciferin_score	13.30144	2UUY_rec	2UUY_lig
lightdock	luciferin_score	12.97968	2UUY_rec	2UUY_lig
lightdock	luciferin_score	12.56395	2UUY_rec	2UUY_lig
lightdock	luciferin_score	12.1972	2UUY_rec	2UUY_lig
lightdock	luciferin_score	11.80348	2UUY_rec	2UUY_lig
lightdock	luciferin_score	11.48333	2UUY_rec	2UUY_lig
lightdock	luciferin_score	11.28773	2UUY_rec	2UUY_lig
lightdock	luciferin_score	11.14458	2UUY_rec	2UUY_lig
lightdock	luciferin_score	10.88833	2UUY_rec	2UUY_lig
lightdock	luciferin_score	10.37274	2UUY_rec	2UUY_lig
lightdock	luciferin_score	10.34182	2UUY_rec	2UUY_lig
lightdock	luciferin_score	10.07336	2UUY_rec	2UUY_lig
lightdock	luciferin_score	9.80513	2UUY_rec	2UUY_lig
lightdock	luciferin_score	9.50638	2UUY_rec	2UUY_lig
lightdock	luciferin_score	9.41141	2UUY_rec	2UUY_lig
lightdock	luciferin_score	9.33063	2UUY_rec	2UUY_lig
lightdock	luciferin_score	8.96968	2UUY_rec	2UUY_lig
lightdock	luciferin_score	8.796	2UUY_rec	2UUY_lig
lightdock	luciferin_score	8.54475	2UUY_rec	2UUY_lig
lightdock	luciferin_score	8.4761	2UUY_rec	2UUY_lig
lightdock	luciferin_score	8.22487	2UUY_rec	2UUY_lig
lightdock	luciferin_score	8.12315	2UUY_rec	2UUY_lig
lightdock	luciferin_score	7.94528	2UUY_rec	2UUY_lig
lightdock	luciferin_score	7.86265	2UUY_rec	2UUY_lig
lightdock	luciferin_score	7.83727	2UUY_rec	2UUY_lig
lightdock	luciferin_score	7.56217	2UUY_rec	2UUY_lig
lightdock	luciferin_score	7.52591	2UUY_rec	2UUY_lig
lightdock	luciferin_score	7.47813	2UUY_rec	2UUY_lig
lightdock	luciferin_score	6.90214	2UUY_rec	2UUY_lig
lightdock	luciferin_score	6.76598	2UUY_rec	2UUY_lig
lightdock	luciferin_score	6.33742	2UUY_rec	2UUY_lig
lightdock	luciferin_score	6.13206	2UUY_rec	2UUY_lig
lightdock	luciferin_score	5.78273	2UUY_rec	2UUY_lig
lightdock	luciferin_score	5.71695	2UUY_rec	2UUY_lig
lightdock	luciferin_score	5.70811	2UUY_rec	2UUY_lig
lightdock	luciferin_score	5.652	2UUY_rec	2UUY_lig
lightdock	luciferin_score	5.38407	2UUY_rec	2UUY_lig
lightdock	luciferin_score	5.22265	2UUY_rec	2UUY_lig
lightdock	luciferin_score	5.01888	2UUY_rec	2UUY_lig
lightdock	luciferin_score	4.12957	2UUY_rec	2UUY_lig
lightdock	luciferin_score	4.06641	2UUY_rec	2UUY_lig
lightdock	luciferin_score	2.88031	2UUY_rec	2UUY_lig
lightdock	luciferin_score	2.58912	2UUY_rec	2UUY_lig
lightdock	luciferin_score	2.56416	2UUY_rec	2UUY_lig
lightdock	luciferin_score	2.02526	2UUY_rec	2UUY_lig
lightdock	luciferin_score	-0.12396	2UUY_rec	2UUY_lig
lightdock	luciferin_score	-0.41957	2UUY_rec	2UUY_lig
lightdock	luciferin_score	-1.13508	2UUY_rec	2UUY_lig
lightdock	luciferin_score	-1.47885	2UUY_rec	2UUY_lig
lightdock	luciferin_score	-3.05104	2UUY_rec	2UUY_lig
lightdock	luciferin_score	-5.66986	2UUY_rec	2UUY_lig
lightdock	luciferin_score	-12.29029	2UUY_rec	2UUY_lig
lightdock	luciferin_score	-13.50512	2UUY_rec	2UUY_lig
lightdock	luciferin_score	-15.82677	2UUY_rec	2UUY_lig
lightdock	luciferin_score	-16.085	2UUY_rec	2UUY_lig
lightdock	luciferin_score	-17.78339	2UUY_rec	2UUY_lig
lightdock	luciferin_score	-33.70452	2UUY_rec	2UUY_lig
lightdock	luciferin_score	-36.69706	2UUY_rec	2UUY_lig
lightdock	luciferin_score	-37.22227	2UUY_rec	2UUY_lig
lightdock	luciferin_score	-37.27386	2UUY_rec	2UUY_lig
lightdock	luciferin_score	-42.95865	2UUY_rec	2UUY_lig
lightdock	luciferin_score	-46.25059	2UUY_rec	2UUY_lig
lightdock	luciferin_score	-67.05479	2UUY_rec	2UUY_lig
lightdock	luciferin_score	-76.01512	2UUY_rec	2UUY_lig
lightdock	luciferin_score	-76.1626	2UUY_rec	2UUY_lig
lightdock	luciferin_score	-79.91105	2UUY_rec	2UUY_lig
lightdock	luciferin_score	20.15069	2UUY_rec	2UUY_lig
lightdock	luciferin_score	19.13776	2UUY_rec	2UUY_lig
lightdock	luciferin_score	18.12364	2UUY_rec	2UUY_lig
lightdock	luciferin_score	17.79976	2UUY_rec	2UUY_lig
lightdock	luciferin_score	16.32268	2UUY_rec	2UUY_lig
lightdock	luciferin_score	14.70509	2UUY_rec	2UUY_lig
lightdock	luciferin_score	14.65838	2UUY_rec	2UUY_lig
lightdock	luciferin_score	14.48726	2UUY_rec	2UUY_lig
lightdock	luciferin_score	14.01542	2UUY_rec	2UUY_lig
lightdock	luciferin_score	13.63847	2UUY_rec	2UUY_lig
lightdock	luciferin_score	13.32199	2UUY_rec	2UUY_lig
lightdock	luciferin_score	13.0974	2UUY_rec	2UUY_lig
lightdock	luciferin_score	12.39352	2UUY_rec	2UUY_lig
lightdock	luciferin_score	12.15591	2UUY_rec	2UUY_lig
lightdock	luciferin_score	12.12042	2UUY_rec	2UUY_lig
lightdock	luciferin_score	11.90239	2UUY_rec	2UUY_lig
lightdock	luciferin_score	11.73083	2UUY_rec	2UUY_lig
lightdock	luciferin_score	11.71264	2UUY_rec	2UUY_lig
lightdock	luciferin_score	11.65033	2UUY_rec	2UUY_lig
lightdock	luciferin_score	11.21454	2UUY_rec	2UUY_lig
lightdock	luciferin_score	11.03101	2UUY_rec	2UUY_lig
lightdock	luciferin_score	10.33238	2UUY_rec	2UUY_lig
lightdock	luciferin_score	10.25897	2UUY_rec	2UUY_lig
lightdock	luciferin_score	9.71567	2UUY_rec	2UUY_lig
lightdock	luciferin_score	9.35308	2UUY_rec	2UUY_lig
lightdock	luciferin_score	9.24176	2UUY_rec	2UUY_lig
lightdock	luciferin_score	9.23159	2UUY_rec	2UUY_lig
lightdock	luciferin_score	8.93751	2UUY_rec	2UUY_lig
lightdock	luciferin_score	7.99064	2UUY_rec	2UUY_lig
lightdock	luciferin_score	7.90786	2UUY_rec	2UUY_lig
lightdock	luciferin_score	7.85265	2UUY_rec	2UUY_lig
lightdock	luciferin_score	7.34753	2UUY_rec	2UUY_lig
lightdock	luciferin_score	7.01874	2UUY_rec	2UUY_lig
lightdock	luciferin_score	6.3855	2UUY_rec	2UUY_lig
lightdock	luciferin_score	6.31788	2UUY_rec	2UUY_lig
lightdock	luciferin_score	6.09167	2UUY_rec	2UUY_lig
lightdock	luciferin_score	6.04255	2UUY_rec	2UUY_lig
lightdock	luciferin_score	5.29616	2UUY_rec	2UUY_lig
lightdock	luciferin_score	5.19912	2UUY_rec	2UUY_lig
lightdock	luciferin_score	4.34458	2UUY_rec	2UUY_lig
lightdock	luciferin_score	1.96592	2UUY_rec	2UUY_lig
lightdock	luciferin_score	0.11236	2UUY_rec	2UUY_lig
lightdock	luciferin_score	-0.99957	2UUY_rec	2UUY_lig
lightdock	luciferin_score	-4.41617	2UUY_rec	2UUY_lig
lightdock	luciferin_score	-5.71865	2UUY_rec	2UUY_lig
lightdock	luciferin_score	-9.64831	2UUY_rec	2UUY_lig
lightdock	luciferin_score	-10.92877	2UUY_rec	2UUY_lig
lightdock	luciferin_score	-14.69506	2UUY_rec	2UUY_lig
lightdock	luciferin_score	-20.58376	2UUY_rec	2UUY_lig
lightdock	luciferin_score	-23.6559	2UUY_rec	2UUY_lig
lightdock	luciferin_score	-24.9652	2UUY_rec	2UUY_lig
lightdock	luciferin_score	-29.21225	2UUY_rec	2UUY_lig
lightdock	luciferin_score	-29.66321	2UUY_rec	2UUY_lig
lightdock	luciferin_score	-29.70247	2UUY_rec	2UUY_lig
lightdock	luciferin_score	-33.33842	2UUY_rec	2UUY_lig
lightdock	luciferin_score	-37.20294	2UUY_rec	2UUY_lig
lightdock	luciferin_score	-43.48601	2UUY_rec	2UUY_lig
lightdock	luciferin_score	-46.61042	2UUY_rec	2UUY_lig
lightdock	luciferin_score	-47.04632	2UUY_rec	2UUY_lig
lightdock	luciferin_score	-60.46503	2UUY_rec	2UUY_lig
lightdock	luciferin_score	-60.62633	2UUY_rec	2UUY_lig
lightdock	luciferin_score	-68.69696	2UUY_rec	2UUY_lig
lightdock	luciferin_score	-82.43163	2UUY_rec	2UUY_lig
lightdock	luciferin_score	-103.60915	2UUY_rec	2UUY_lig
lightdock	luciferin_score	15.94767	2UUY_rec	2UUY_lig
lightdock	luciferin_score	15.28303	2UUY_rec	2UUY_lig
lightdock	luciferin_score	14.7444	2UUY_rec	2UUY_lig
lightdock	luciferin_score	14.39053	2UUY_rec	2UUY_lig
lightdock	luciferin_score	14.16321	2UUY_rec	2UUY_lig
lightdock	luciferin_score	14.13499	2UUY_rec	2UUY_lig
lightdock	luciferin_score	13.95515	2UUY_rec	2UUY_lig
lightdock	luciferin_score	13.50009	2UUY_rec	2UUY_lig
lightdock	luciferin_score	12.11493	2UUY_rec	2UUY_lig
lightdock	luciferin_score	11.57166	2UUY_rec	2UUY_lig
lightdock	luciferin_score	11.55222	2UUY_rec	2UUY_lig
lightdock	luciferin_score	11.176	2UUY_rec	2UUY_lig
lightdock	luciferin_score	10.596	2UUY_rec	2UUY_lig
lightdock	luciferin_score	10.51966	2UUY_rec	2UUY_lig
lightdock	luciferin_score	10.13803	2UUY_rec	2UUY_lig
lightdock	luciferin_score	9.76974	2UUY_rec	2UUY_lig
lightdock	luciferin_score	9.73302	2UUY_rec	2UUY_lig
lightdock	luciferin_score	9.5889	2UUY_rec	2UUY_lig
lightdock	luciferin_score	9.44086	2UUY_rec	2UUY_lig
lightdock	luciferin_score	9.35145	2UUY_rec	2UUY_lig
lightdock	luciferin_score	9.31355	2UUY_rec	2UUY_lig
lightdock	luciferin_score	9.1458	2UUY_rec	2UUY_lig
lightdock	luciferin_score	9.14119	2UUY_rec	2UUY_lig
lightdock	luciferin_score	9.14064	2UUY_rec	2UUY_lig
lightdock	luciferin_score	9.12841	2UUY_rec	2UUY_lig
lightdock	luciferin_score	8.81002	2UUY_rec	2UUY_lig
lightdock	luciferin_score	8.72565	2UUY_rec	2UUY_lig
lightdock	luciferin_score	8.34248	2UUY_rec	2UUY_lig
lightdock	luciferin_score	8.2715	2UUY_rec	2UUY_lig
lightdock	luciferin_score	8.04024	2UUY_rec	2UUY_lig
lightdock	luciferin_score	7.63905	2UUY_rec	2UUY_lig
lightdock	luciferin_score	7.42226	2UUY_rec	2UUY_lig
lightdock	luciferin_score	7.40992	2UUY_rec	2UUY_lig
lightdock	luciferin_score	7.22812	2UUY_rec	2UUY_lig
lightdock	luciferin_score	7.03528	2UUY_rec	2UUY_lig
lightdock	luciferin_score	6.82236	2UUY_rec	2UUY_lig
lightdock	luciferin_score	6.75288	2UUY_rec	2UUY_lig
lightdock	luciferin_score	6.6299	2UUY_rec	2UUY_lig
lightdock	luciferin_score	5.67314	2UUY_rec	2UUY_lig
lightdock	luciferin_score	5.25435	2UUY_rec	2UUY_lig
lightdock	luciferin_score	3.53779	2UUY_rec	2UUY_lig
lightdock	luciferin_score	2.36984	2UUY_rec	2UUY_lig
lightdock	luciferin_score	1.67889	2UUY_rec	2UUY_lig
lightdock	luciferin_score	0.71847	2UUY_rec	2UUY_lig
lightdock	luciferin_score	0.18016	2UUY_rec	2UUY_lig
lightdock	luciferin_score	-1.08269	2UUY_rec	2UUY_lig
lightdock	luciferin_score	-3.18026	2UUY_rec	2UUY_lig
lightdock	luciferin_score	-3.51924	2UUY_rec	2UUY_lig
lightdock	luciferin_score	-4.50016	2UUY_rec	2UUY_lig
lightdock	luciferin_score	-5.55866	2UUY_rec	2UUY_lig
lightdock	luciferin_score	-5.68386	2UUY_rec	2UUY_lig
lightdock	luciferin_score	-7.45271	2UUY_rec	2UUY_lig
lightdock	luciferin_score	-7.5047	2UUY_rec	2UUY_lig
lightdock	luciferin_score	-17.50967	2UUY_rec	2UUY_lig
lightdock	luciferin_score	-19.74584	2UUY_rec	2UUY_lig
lightdock	luciferin_score	-21.15029	2UUY_rec	2UUY_lig
lightdock	luciferin_score	-26.74148	2UUY_rec	2UUY_lig
lightdock	luciferin_score	-29.02173	2UUY_rec	2UUY_lig
lightdock	luciferin_score	-41.02261	2UUY_rec	2UUY_lig
lightdock	luciferin_score	-41.79313	2UUY_rec	2UUY_lig
lightdock	luciferin_score	-43.62276	2UUY_rec	2UUY_lig
lightdock	luciferin_score	-48.14049	2UUY_rec	2UUY_lig
lightdock	luciferin_score	-48.53104	2UUY_rec	2UUY_lig
lightdock	luciferin_score	-56.72545	2UUY_rec	2UUY_lig
lightdock	luciferin_score	-72.46158	2UUY_rec	2UUY_lig
lightdock	luciferin_score	21.35139	2UUY_rec	2UUY_lig
lightdock	luciferin_score	19.56081	2UUY_rec	2UUY_lig
lightdock	luciferin_score	17.0551	2UUY_rec	2UUY_lig
lightdock	luciferin_score	15.16571	2UUY_rec	2UUY_lig
lightdock	luciferin_score	14.03064	2UUY_rec	2UUY_lig
lightdock	luciferin_score	13.94574	2UUY_rec	2UUY_lig
lightdock	luciferin_score	13.88011	2UUY_rec	2UUY_lig
lightdock	luciferin_score	13.68169	2UUY_rec	2UUY_lig
lightdock	luciferin_score	13.47427	2UUY_rec	2UUY_lig
lightdock	luciferin_score	13.36428	2UUY_rec	2UUY_lig
lightdock	luciferin_score	13.12917	2UUY_rec	2UUY_lig
lightdock	luciferin_score	13.0704	2UUY_rec	2UUY_lig
lightdock	luciferin_score	12.96253	2UUY_rec	2UUY_lig
lightdock	luciferin_score	12.70775	2UUY_rec	2UUY_lig
lightdock	luciferin_score	12.49571	2UUY_rec	2UUY_lig
lightdock	luciferin_score	11.96462	2UUY_rec	2UUY_lig
lightdock	luciferin_score	11.54929	2UUY_rec	2UUY_lig
lightdock	luciferin_score	11.35945	2UUY_rec	2UUY_lig
lightdock	luciferin_score	11.15463	2UUY_rec	2UUY_lig
lightdock	luciferin_score	10.98237	2UUY_rec	2UUY_lig
lightdock	luciferin_score	10.93027	2UUY_rec	2UUY_lig
lightdock	luciferin_score	10.91999	2UUY_rec	2UUY_lig
lightdock	luciferin_score	10.30273	2UUY_rec	2UUY_lig
lightdock	luciferin_score	10.12222	2UUY_rec	2UUY_lig
lightdock	luciferin_score	9.91345	2UUY_rec	2UUY_lig
lightdock	luciferin_score	9.87802	2UUY_rec	2UUY_lig
lightdock	luciferin_score	9.878	2UUY_rec	2UUY_lig
lightdock	luciferin_score	9.84122	2UUY_rec	2UUY_lig
lightdock	luciferin_score	9.75178	2UUY_rec	2UUY_lig
lightdock	luciferin_score	9.27182	2UUY_rec	2UUY_lig
lightdock	luciferin_score	9.24494	2UUY_rec	2UUY_lig
lightdock	luciferin_score	9.09959	2UUY_rec	2UUY_lig
lightdock	luciferin_score	8.67354	2UUY_rec	2UUY_lig
lightdock	luciferin_score	8.34042	2UUY_rec	2UUY_lig
lightdock	luciferin_score	8.05512	2UUY_rec	2UUY_lig
lightdock	luciferin_score	7.8036	2UUY_rec	2UUY_lig
lightdock	luciferin_score	7.79162	2UUY_rec	2UUY_lig
lightdock	luciferin_score	7.56839	2UUY_rec	2UUY_lig
lightdock	luciferin_score	7.02933	2UUY_rec	2UUY_lig
lightdock	luciferin_score	6.98249	2UUY_rec	2UUY_lig
lightdock	luciferin_score	6.43688	2UUY_rec	2UUY_lig
lightdock	luciferin_score	5.52544	2UUY_rec	2UUY_lig
lightdock	luciferin_score	3.24054	2UUY_rec	2UUY_lig
lightdock	luciferin_score	2.44039	2UUY_rec	2UUY_lig
lightdock	luciferin_score	1.57365	2UUY_rec	2UUY_lig
lightdock	luciferin_score	1.28081	2UUY_rec	2UUY_lig
lightdock	luciferin_score	0.53432	2UUY_rec	2UUY_lig
lightdock	luciferin_score	-0.92135	2UUY_rec	2UUY_lig
lightdock	luciferin_score	-2.33112	2UUY_rec	2UUY_lig
lightdock	luciferin_score	-3.58	2UUY_rec	2UUY_lig
lightdock	luciferin_score	-3.87551	2UUY_rec	2UUY_lig
lightdock	luciferin_score	-4.49195	2UUY_rec	2UUY_lig
lightdock	luciferin_score	-6.7999	2UUY_rec	2UUY_lig
lightdock	luciferin_score	-7.74486	2UUY_rec	2UUY_lig
lightdock	luciferin_score	-8.68286	2UUY_rec	2UUY_lig
lightdock	luciferin_score	-9.76118	2UUY_rec	2UUY_lig
lightdock	luciferin_score	-11.71262	2UUY_rec	2UUY_lig
lightdock	luciferin_score	-12.165	2UUY_rec	2UUY_lig
lightdock	luciferin_score	-27.88117	2UUY_rec	2UUY_lig
lightdock	luciferin_score	-27.95053	2UUY_rec	2UUY_lig
lightdock	luciferin_score	-28.81255	2UUY_rec	2UUY_lig
lightdock	luciferin_score	-31.26768	2UUY_rec	2UUY_lig
lightdock	luciferin_score	-33.01615	2UUY_rec	2UUY_lig
lightdock	luciferin_score	-33.19399	2UUY_rec	2UUY_lig
lightdock	luciferin_score	-33.88977	2UUY_rec	2UUY_lig
lightdock	luciferin_score	-42.78728	2UUY_rec	2UUY_lig
lightdock	luciferin_score	-67.88384	2UUY_rec	2UUY_lig
lightdock	luciferin_score	20.58339	2UUY_rec	2UUY_lig
lightdock	luciferin_score	18.79034	2UUY_rec	2UUY_lig
lightdock	luciferin_score	18.45344	2UUY_rec	2UUY_lig
lightdock	luciferin_score	17.70565	2UUY_rec	2UUY_lig
lightdock	luciferin_score	17.66025	2UUY_rec	2UUY_lig
lightdock	luciferin_score	17.31572	2UUY_rec	2UUY_lig
lightdock	luciferin_score	15.02893	2UUY_rec	2UUY_lig
lightdock	luciferin_score	13.66881	2UUY_rec	2UUY_lig
lightdock	luciferin_score	13.52243	2UUY_rec	2UUY_lig
lightdock	luciferin_score	13.46284	2UUY_rec	2UUY_lig
lightdock	luciferin_score	13.31754	2UUY_rec	2UUY_lig
lightdock	luciferin_score	12.7737	2UUY_rec	2UUY_lig
lightdock	luciferin_score	12.76959	2UUY_rec	2UUY_lig
lightdock	luciferin_score	12.75837	2UUY_rec	2UUY_lig
lightdock	luciferin_score	12.71761	2UUY_rec	2UUY_lig
lightdock	luciferin_score	12.70009	2UUY_rec	2UUY_lig
lightdock	luciferin_score	12.67301	2UUY_rec	2UUY_lig
lightdock	luciferin_score	12.22465	2UUY_rec	2UUY_lig
lightdock	luciferin_score	11.82132	2UUY_rec	2UUY_lig
lightdock	luciferin_score	11.647	2UUY_rec	2UUY_lig
lightdock	luciferin_score	11.58775	2UUY_rec	2UUY_lig
lightdock	luciferin_score	11.25663	2UUY_rec	2UUY_lig
lightdock	luciferin_score	10.36682	2UUY_rec	2UUY_lig
lightdock	luciferin_score	10.2869	2UUY_rec	2UUY_lig
lightdock	luciferin_score	9.79397	2UUY_rec	2UUY_lig
lightdock	luciferin_score	9.40435	2UUY_rec	2UUY_lig
lightdock	luciferin_score	9.38915	2UUY_rec	2UUY_lig
lightdock	luciferin_score	9.13166	2UUY_rec	2UUY_lig
lightdock	luciferin_score	9.12797	2UUY_rec	2UUY_lig
lightdock	luciferin_score	9.11105	2UUY_rec	2UUY_lig
lightdock	luciferin_score	8.53041	2UUY_rec	2UUY_lig
lightdock	luciferin_score	8.47401	2UUY_rec	2UUY_lig
lightdock	luciferin_score	8.45535	2UUY_rec	2UUY_lig
lightdock	luciferin_score	8.28853	2UUY_rec	2UUY_lig
lightdock	luciferin_score	8.20119	2UUY_rec	2UUY_lig
lightdock	luciferin_score	7.79912	2UUY_rec	2UUY_lig
lightdock	luciferin_score	7.7764	2UUY_rec	2UUY_lig
lightdock	luciferin_score	7.38756	2UUY_rec	2UUY_lig
lightdock	luciferin_score	7.31119	2UUY_rec	2UUY_lig
lightdock	luciferin_score	6.75995	2UUY_rec	2UUY_lig
lightdock	luciferin_score	6.57356	2UUY_rec	2UUY_lig
lightdock	luciferin_score	6.43725	2UUY_rec	2UUY_lig
lightdock	luciferin_score	6.39327	2UUY_rec	2UUY_lig
lightdock	luciferin_score	6.30537	2UUY_rec	2UUY_lig
lightdock	luciferin_score	5.97657	2UUY_rec	2UUY_lig
lightdock	luciferin_score	4.25639	2UUY_rec	2UUY_lig
lightdock	luciferin_score	3.96698	2UUY_rec	2UUY_lig
lightdock	luciferin_score	2.99485	2UUY_rec	2UUY_lig
lightdock	luciferin_score	1.70266	2UUY_rec	2UUY_lig
lightdock	luciferin_score	-0.28916	2UUY_rec	2UUY_lig
lightdock	luciferin_score	-0.33011	2UUY_rec	2UUY_lig
lightdock	luciferin_score	-1.09401	2UUY_rec	2UUY_lig
lightdock	luciferin_score	-2.21448	2UUY_rec	2UUY_lig
lightdock	luciferin_score	-2.69525	2UUY_rec	2UUY_lig
lightdock	luciferin_score	-2.92628	2UUY_rec	2UUY_lig
lightdock	luciferin_score	-3.33489	2UUY_rec	2UUY_lig
lightdock	luciferin_score	-11.70768	2UUY_rec	2UUY_lig
lightdock	luciferin_score	-12.18427	2UUY_rec	2UUY_lig
lightdock	luciferin_score	-14.42466	2UUY_rec	2UUY_lig
lightdock	luciferin_score	-16.84564	2UUY_rec	2UUY_lig
lightdock	luciferin_score	-17.88279	2UUY_rec	2UUY_lig
lightdock	luciferin_score	-20.55197	2UUY_rec	2UUY_lig
lightdock	luciferin_score	-25.99389	2UUY_rec	2UUY_lig
lightdock	luciferin_score	-26.45632	2UUY_rec	2UUY_lig
lightdock	luciferin_score	-36.9085	2UUY_rec	2UUY_lig
lightdock	luciferin_score	-38.82964	2UUY_rec	2UUY_lig
lightdock	luciferin_score	-40.74966	2UUY_rec	2UUY_lig
lightdock	luciferin_score	-46.8177	2UUY_rec	2UUY_lig
lightdock	luciferin_score	-49.20484	2UUY_rec	2UUY_lig
lightdock	luciferin_score	-70.23713	2UUY_rec	2UUY_lig
lightdock	luciferin_score	20.92988	2UUY_rec	2UUY_lig
lightdock	luciferin_score	17.66076	2UUY_rec	2UUY_lig
lightdock	luciferin_score	15.25065	2UUY_rec	2UUY_lig
lightdock	luciferin_score	15.22287	2UUY_rec	2UUY_lig
lightdock	luciferin_score	13.60457	2UUY_rec	2UUY_lig
lightdock	luciferin_score	13.17829	2UUY_rec	2UUY_lig
lightdock	luciferin_score	12.69035	2UUY_rec	2UUY_lig
lightdock	luciferin_score	12.62021	2UUY_rec	2UUY_lig
lightdock	luciferin_score	12.58277	2UUY_rec	2UUY_lig
lightdock	luciferin_score	12.19209	2UUY_rec	2UUY_lig
lightdock	luciferin_score	12.17363	2UUY_rec	2UUY_lig
lightdock	luciferin_score	11.55471	2UUY_rec	2UUY_lig
lightdock	luciferin_score	11.13367	2UUY_rec	2UUY_lig
lightdock	luciferin_score	10.7116	2UUY_rec	2UUY_lig
lightdock	luciferin_score	10.68761	2UUY_rec	2UUY_lig
lightdock	luciferin_score	10.47182	2UUY_rec	2UUY_lig
lightdock	luciferin_score	10.4141	2UUY_rec	2UUY_lig
lightdock	luciferin_score	10.15947	2UUY_rec	2UUY_lig
lightdock	luciferin_score	9.99947	2UUY_rec	2UUY_lig
lightdock	luciferin_score	9.91734	2UUY_rec	2UUY_lig
lightdock	luciferin_score	9.47359	2UUY_rec	2UUY_lig
lightdock	luciferin_score	9.46954	2UUY_rec	2UUY_lig
lightdock	luciferin_score	9.31198	2UUY_rec	2UUY_lig
lightdock	luciferin_score	9.31078	2UUY_rec	2UUY_lig
lightdock	luciferin_score	9.17127	2UUY_rec	2UUY_lig
lightdock	luciferin_score	8.90291	2UUY_rec	2UUY_lig
lightdock	luciferin_score	8.80123	2UUY_rec	2UUY_lig
lightdock	luciferin_score	8.77531	2UUY_rec	2UUY_lig
lightdock	luciferin_score	8.76455	2UUY_rec	2UUY_lig
lightdock	luciferin_score	8.38508	2UUY_rec	2UUY_lig
lightdock	luciferin_score	8.13539	2UUY_rec	2UUY_lig
lightdock	luciferin_score	8.10619	2UUY_rec	2UUY_lig
lightdock	luciferin_score	7.9316	2UUY_rec	2UUY_lig
lightdock	luciferin_score	7.86919	2UUY_rec	2UUY_lig
lightdock	luciferin_score	7.49294	2UUY_rec	2UUY_lig
lightdock	luciferin_score	7.37694	2UUY_rec	2UUY_lig
lightdock	luciferin_score	7.2294	2UUY_rec	2UUY_lig
lightdock	luciferin_score	6.64429	2UUY_rec	2UUY_lig
lightdock	luciferin_score	6.02628	2UUY_rec	2UUY_lig
lightdock	luciferin_score	4.91456	2UUY_rec	2UUY_lig
lightdock	luciferin_score	4.27556	2UUY_rec	2UUY_lig
lightdock	luciferin_score	3.90342	2UUY_rec	2UUY_lig
lightdock	luciferin_score	3.89154	2UUY_rec	2UUY_lig
lightdock	luciferin_score	3.82702	2UUY_rec	2UUY_lig
lightdock	luciferin_score	1.77972	2UUY_rec	2UUY_lig
lightdock	luciferin_score	1.54919	2UUY_rec	2UUY_lig
lightdock	luciferin_score	1.20625	2UUY_rec	2UUY_lig
lightdock	luciferin_score	0.11115	2UUY_rec	2UUY_lig
lightdock	luciferin_score	-1.8372	2UUY_rec	2UUY_lig
lightdock	luciferin_score	-1.89328	2UUY_rec	2UUY_lig
lightdock	luciferin_score	-2.80611	2UUY_rec	2UUY_lig
lightdock	luciferin_score	-3.71434	2UUY_rec	2UUY_lig
lightdock	luciferin_score	-4.12591	2UUY_rec	2UUY_lig
lightdock	luciferin_score	-9.13144	2UUY_rec	2UUY_lig
lightdock	luciferin_score	-12.32555	2UUY_rec	2UUY_lig
lightdock	luciferin_score	-17.60145	2UUY_rec	2UUY_lig
lightdock	luciferin_score	-18.14941	2UUY_rec	2UUY_lig
lightdock	luciferin_score	-18.72995	2UUY_rec	2UUY_lig
lightdock	luciferin_score	-23.41106	2UUY_rec	2UUY_lig
lightdock	luciferin_score	-34.09212	2UUY_rec	2UUY_lig
lightdock	luciferin_score	-47.28035	2UUY_rec	2UUY_lig
lightdock	luciferin_score	-63.04688	2UUY_rec	2UUY_lig
lightdock	luciferin_score	14.84559	2UUY_rec	2UUY_lig
lightdock	luciferin_score	14.31557	2UUY_rec	2UUY_lig
lightdock	luciferin_score	13.96587	2UUY_rec	2UUY_lig
lightdock	luciferin_score	13.27132	2UUY_rec	2UUY_lig
lightdock	luciferin_score	11.64449	2UUY_rec	2UUY_lig
lightdock	luciferin_score	11.46995	2UUY_rec	2UUY_lig
lightdock	luciferin_score	11.43371	2UUY_rec	2UUY_lig
lightdock	luciferin_score	11.15306	2UUY_rec	2UUY_lig
lightdock	luciferin_score	11.15031	2UUY_rec	2UUY_lig
lightdock	luciferin_score	11.07099	2UUY_rec	2UUY_lig
lightdock	luciferin_score	11.0542	2UUY_rec	2UUY_lig
lightdock	luciferin_score	10.92675	2UUY_rec	2UUY_lig
lightdock	luciferin_score	10.81026	2UUY_rec	2UUY_lig
lightdock	luciferin_score	10.52885	2UUY_rec	2UUY_lig
lightdock	luciferin_score	10.41339	2UUY_rec	2UUY_lig
lightdock	luciferin_score	10.32028	2UUY_rec	2UUY_lig
lightdock	luciferin_score	10.14265	2UUY_rec	2UUY_lig
lightdock	luciferin_score	10.11714	2UUY_rec	2UUY_lig
lightdock	luciferin_score	9.92062	2UUY_rec	2UUY_lig
lightdock	luciferin_score	9.89843	2UUY_rec	2UUY_lig
lightdock	luciferin_score	9.80123	2UUY_rec	2UUY_lig
lightdock	luciferin_score	9.78229	2UUY_rec	2UUY_lig
lightdock	luciferin_score	9.56153	2UUY_rec	2UUY_lig
lightdock	luciferin_score	9.36224	2UUY_rec	2UUY_lig
lightdock	luciferin_score	8.97578	2UUY_rec	2UUY_lig
lightdock	luciferin_score	8.83526	2UUY_rec	2UUY_lig
lightdock	luciferin_score	8.61814	2UUY_rec	2UUY_lig
lightdock	luciferin_score	8.5677	2UUY_rec	2UUY_lig
lightdock	luciferin_score	8.55681	2UUY_rec	2UUY_lig
lightdock	luciferin_score	8.54657	2UUY_rec	2UUY_lig
lightdock	luciferin_score	7.97595	2UUY_rec	2UUY_lig
lightdock	luciferin_score	7.79197	2UUY_rec	2UUY_lig
lightdock	luciferin_score	7.75826	2UUY_rec	2UUY_lig
lightdock	luciferin_score	7.51566	2UUY_rec	2UUY_lig
lightdock	luciferin_score	7.39768	2UUY_rec	2UUY_lig
lightdock	luciferin_score	7.17344	2UUY_rec	2UUY_lig
lightdock	luciferin_score	6.97978	2UUY_rec	2UUY_lig
lightdock	luciferin_score	6.77636	2UUY_rec	2UUY_lig
lightdock	luciferin_score	6.72434	2UUY_rec	2UUY_lig
lightdock	luciferin_score	6.57946	2UUY_rec	2UUY_lig
lightdock	luciferin_score	6.55044	2UUY_rec	2UUY_lig
lightdock	luciferin_score	6.46074	2UUY_rec	2UUY_lig
lightdock	luciferin_score	6.40097	2UUY_rec	2UUY_lig
lightdock	luciferin_score	6.3043	2UUY_rec	2UUY_lig
lightdock	luciferin_score	5.64191	2UUY_rec	2UUY_lig
lightdock	luciferin_score	5.35218	2UUY_rec	2UUY_lig
lightdock	luciferin_score	5.19557	2UUY_rec	2UUY_lig
lightdock	luciferin_score	4.73825	2UUY_rec	2UUY_lig
lightdock	luciferin_score	2.48173	2UUY_rec	2UUY_lig
lightdock	luciferin_score	1.90236	2UUY_rec	2UUY_lig
lightdock	luciferin_score	1.85518	2UUY_rec	2UUY_lig
lightdock	luciferin_score	0.20724	2UUY_rec	2UUY_lig
lightdock	luciferin_score	0.07988	2UUY_rec	2UUY_lig
lightdock	luciferin_score	0.06689	2UUY_rec	2UUY_lig
lightdock	luciferin_score	-1.68462	2UUY_rec	2UUY_lig
lightdock	luciferin_score	-6.65154	2UUY_rec	2UUY_lig
lightdock	luciferin_score	-7.17634	2UUY_rec	2UUY_lig
lightdock	luciferin_score	-8.21939	2UUY_rec	2UUY_lig
lightdock	luciferin_score	-9.01716	2UUY_rec	2UUY_lig
lightdock	luciferin_score	-17.62498	2UUY_rec	2UUY_lig
lightdock	luciferin_score	-17.68942	2UUY_rec	2UUY_lig
lightdock	luciferin_score	-20.44116	2UUY_rec	2UUY_lig
lightdock	luciferin_score	-27.92973	2UUY_rec	2UUY_lig
lightdock	luciferin_score	-37.94021	2UUY_rec	2UUY_lig
lightdock	luciferin_score	-39.60319	2UUY_rec	2UUY_lig
lightdock	luciferin_score	-58.9407	2UUY_rec	2UUY_lig
lightdock	luciferin_score	15.30752	2UUY_rec	2UUY_lig
lightdock	luciferin_score	14.50524	2UUY_rec	2UUY_lig
lightdock	luciferin_score	14.14154	2UUY_rec	2UUY_lig
lightdock	luciferin_score	13.37418	2UUY_rec	2UUY_lig
lightdock	luciferin_score	13.06841	2UUY_rec	2UUY_lig
lightdock	luciferin_score	13.00843	2UUY_rec	2UUY_lig
lightdock	luciferin_score	12.73519	2UUY_rec	2UUY_lig
lightdock	luciferin_score	12.4851	2UUY_rec	2UUY_lig
lightdock	luciferin_score	12.30529	2UUY_rec	2UUY_lig
lightdock	luciferin_score	12.22488	2UUY_rec	2UUY_lig
lightdock	luciferin_score	11.67247	2UUY_rec	2UUY_lig
lightdock	luciferin_score	11.14353	2UUY_rec	2UUY_lig
lightdock	luciferin_score	10.91393	2UUY_rec	2UUY_lig
lightdock	luciferin_score	10.17607	2UUY_rec	2UUY_lig
lightdock	luciferin_score	10.1604	2UUY_rec	2UUY_lig
lightdock	luciferin_score	10.12447	2UUY_rec	2UUY_lig
lightdock	luciferin_score	9.93397	2UUY_rec	2UUY_lig
lightdock	luciferin_score	9.82213	2UUY_rec	2UUY_lig
lightdock	luciferin_score	9.62926	2UUY_rec	2UUY_lig
lightdock	luciferin_score	9.55699	2UUY_rec	2UUY_lig
lightdock	luciferin_score	9.3632	2UUY_rec	2UUY_lig
lightdock	luciferin_score	9.32379	2UUY_rec	2UUY_lig
lightdock	luciferin_score	9.31291	2UUY_rec	2UUY_lig
lightdock	luciferin_score	8.93444	2UUY_rec	2UUY_lig
lightdock	luciferin_score	8.37753	2UUY_rec	2UUY_lig
lightdock	luciferin_score	8.3765	2UUY_rec	2UUY_lig
lightdock	luciferin_score	8.36128	2UUY_rec	2UUY_lig
lightdock	luciferin_score	8.18514	2UUY_rec	2UUY_lig
lightdock	luciferin_score	8.15847	2UUY_rec	2UUY_lig
lightdock	luciferin_score	8.04458	2UUY_rec	2UUY_lig
lightdock	luciferin_score	7.95563	2UUY_rec	2UUY_lig
lightdock	luciferin_score	7.93263	2UUY_rec	2UUY_lig
lightdock	luciferin_score	7.77483	2UUY_rec	2UUY_lig
lightdock	luciferin_score	7.76965	2UUY_rec	2UUY_lig
lightdock	luciferin_score	7.62972	2UUY_rec	2UUY_lig
lightdock	luciferin_score	7.27623	2UUY_rec	2UUY_lig
lightdock	luciferin_score	6.74481	2UUY_rec	2UUY_lig
lightdock	luciferin_score	6.5987	2UUY_rec	2UUY_lig
lightdock	luciferin_score	6.52412	2UUY_rec	2UUY_lig
lightdock	luciferin_score	6.32121	2UUY_rec	2UUY_lig
lightdock	luciferin_score	5.9382	2UUY_rec	2UUY_lig
lightdock	luciferin_score	5.57262	2UUY_rec	2UUY_lig
lightdock	luciferin_score	4.95107	2UUY_rec	2UUY_lig
lightdock	luciferin_score	4.79619	2UUY_rec	2UUY_lig
lightdock	luciferin_score	4.78048	2UUY_rec	2UUY_lig
lightdock	luciferin_score	4.59811	2UUY_rec	2UUY_lig
lightdock	luciferin_score	4.57328	2UUY_rec	2UUY_lig
lightdock	luciferin_score	2.56479	2UUY_rec	2UUY_lig
lightdock	luciferin_score	0.9802	2UUY_rec	2UUY_lig
lightdock	luciferin_score	0.61306	2UUY_rec	2UUY_lig
lightdock	luciferin_score	-0.03046	2UUY_rec	2UUY_lig
lightdock	luciferin_score	-0.16096	2UUY_rec	2UUY_lig
lightdock	luciferin_score	-0.28828	2UUY_rec	2UUY_lig
lightdock	luciferin_score	-1.34987	2UUY_rec	2UUY_lig
lightdock	luciferin_score	-1.72216	2UUY_rec	2UUY_lig
lightdock	luciferin_score	-2.16803	2UUY_rec	2UUY_lig
lightdock	luciferin_score	-3.97779	2UUY_rec	2UUY_lig
lightdock	luciferin_score	-4.07409	2UUY_rec	2UUY_lig
lightdock	luciferin_score	-5.90402	2UUY_rec	2UUY_lig
lightdock	luciferin_score	-6.81246	2UUY_rec	2UUY_lig
lightdock	luciferin_score	-7.52389	2UUY_rec	2UUY_lig
lightdock	luciferin_score	-7.62042	2UUY_rec	2UUY_lig
lightdock	luciferin_score	-11.61314	2UUY_rec	2UUY_lig
lightdock	luciferin_score	-21.29309	2UUY_rec	2UUY_lig
lightdock	luciferin_score	-24.8296	2UUY_rec	2UUY_lig
lightdock	luciferin_score	-34.60833	2UUY_rec	2UUY_lig
lightdock	luciferin_score	14.82006	2UUY_rec	2UUY_lig
lightdock	luciferin_score	13.98489	2UUY_rec	2UUY_lig
lightdock	luciferin_score	13.41743	2UUY_rec	2UUY_lig
lightdock	luciferin_score	12.83956	2UUY_rec	2UUY_lig
lightdock	luciferin_score	12.74488	2UUY_rec	2UUY_lig
lightdock	luciferin_score	12.52245	2UUY_rec	2UUY_lig
lightdock	luciferin_score	12.43923	2UUY_rec	2UUY_lig
lightdock	luciferin_score	12.3108	2UUY_rec	2UUY_lig
lightdock	luciferin_score	12.05746	2UUY_rec	2UUY_lig
lightdock	luciferin_score	12.01501	2UUY_rec	2UUY_lig
lightdock	luciferin_score	11.96741	2UUY_rec	2UUY_lig
lightdock	luciferin_score	11.84124	2UUY_rec	2UUY_lig
lightdock	luciferin_score	11.59337	2UUY_rec	2UUY_lig
lightdock	luciferin_score	10.57424	2UUY_rec	2UUY_lig
lightdock	luciferin_score	10.38889	2UUY_rec	2UUY_lig
lightdock	luciferin_score	10.04577	2UUY_rec	2UUY_lig
lightdock	luciferin_score	9.84241	2UUY_rec	2UUY_lig
lightdock	luciferin_score	9.74576	2UUY_rec	2UUY_lig
lightdock	luciferin_score	9.65549	2UUY_rec	2UUY_lig
lightdock	luciferin_score	9.23306	2UUY_rec	2UUY_lig
lightdock	luciferin_score	9.22211	2UUY_rec	2UUY_lig
lightdock	luciferin_score	9.04618	2UUY_rec	2UUY_lig
lightdock	luciferin_score	9.02133	2UUY_rec	2UUY_lig
lightdock	luciferin_score	8.95994	2UUY_rec	2UUY_lig
lightdock	luciferin_score	8.83582	2UUY_rec	2UUY_lig
lightdock	luciferin_score	8.83099	2UUY_rec	2UUY_lig
lightdock	luciferin_score	8.72716	2UUY_rec	2UUY_lig
lightdock	luciferin_score	8.71692	2UUY_rec	2UUY_lig
lightdock	luciferin_score	8.65071	2UUY_rec	2UUY_lig
lightdock	luciferin_score	8.40799	2UUY_rec	2UUY_lig
lightdock	luciferin_score	8.36214	2UUY_rec	2UUY_lig
lightdock	luciferin_score	8.08245	2UUY_rec	2UUY_lig
lightdock	luciferin_score	7.99529	2UUY_rec	2UUY_lig
lightdock	luciferin_score	7.95331	2UUY_rec	2UUY_lig
lightdock	luciferin_score	7.61935	2UUY_rec	2UUY_lig
lightdock	luciferin_score	7.36026	2UUY_rec	2UUY_lig
lightdock	luciferin_score	6.8202	2UUY_rec	2UUY_lig
lightdock	luciferin_score	6.68232	2UUY_rec	2UUY_lig
lightdock	luciferin_score	6.26392	2UUY_rec	2UUY_lig
lightdock	luciferin_score	6.20182	2UUY_rec	2UUY_lig
lightdock	luciferin_score	6.17674	2UUY_rec	2UUY_lig
lightdock	luciferin_score	5.90238	2UUY_rec	2UUY_lig
lightdock	luciferin_score	5.86562	2UUY_rec	2UUY_lig
lightdock	luciferin_score	5.80223	2UUY_rec	2UUY_lig
lightdock	luciferin_score	5.61528	2UUY_rec	2UUY_lig
lightdock	luciferin_score	5.20037	2UUY_rec	2UUY_lig
lightdock	luciferin_score	5.04423	2UUY_rec	2UUY_lig
lightdock	luciferin_score	4.57123	2UUY_rec	2UUY_lig
lightdock	luciferin_score	3.95474	2UUY_rec	2UUY_lig
lightdock	luciferin_score	3.31645	2UUY_rec	2UUY_lig
lightdock	luciferin_score	2.54658	2UUY_rec	2UUY_lig
lightdock	luciferin_score	1.49311	2UUY_rec	2UUY_lig
lightdock	luciferin_score	0.74878	2UUY_rec	2UUY_lig
lightdock	luciferin_score	-0.61288	2UUY_rec	2UUY_lig
lightdock	luciferin_score	-4.13054	2UUY_rec	2UUY_lig
lightdock	luciferin_score	-4.23021	2UUY_rec	2UUY_lig
lightdock	luciferin_score	-5.64826	2UUY_rec	2UUY_lig
lightdock	luciferin_score	-7.4167	2UUY_rec	2UUY_lig
lightdock	luciferin_score	-9.83078	2UUY_rec	2UUY_lig
lightdock	luciferin_score	-10.60586	2UUY_rec	2UUY_lig
lightdock	luciferin_score	-10.99935	2UUY_rec	2UUY_lig
lightdock	luciferin_score	-14.73817	2UUY_rec	2UUY_lig
lightdock	luciferin_score	-14.93001	2UUY_rec	2UUY_lig
lightdock	luciferin_score	-15.75115	2UUY_rec	2UUY_lig
lightdock	luciferin_score	-20.86042	2UUY_rec	2UUY_lig
lightdock	luciferin_score	-22.40721	2UUY_rec	2UUY_lig
lightdock	luciferin_score	-22.48909	2UUY_rec	2UUY_lig
lightdock	luciferin_score	-27.56319	2UUY_rec	2UUY_lig
lightdock	luciferin_score	-33.06568	2UUY_rec	2UUY_lig
lightdock	luciferin_score	-53.13351	2UUY_rec	2UUY_lig
lightdock	luciferin_score	16.85404	2UUY_rec	2UUY_lig
lightdock	luciferin_score	16.22478	2UUY_rec	2UUY_lig
lightdock	luciferin_score	15.01988	2UUY_rec	2UUY_lig
lightdock	luciferin_score	14.76064	2UUY_rec	2UUY_lig
lightdock	luciferin_score	14.22369	2UUY_rec	2UUY_lig
lightdock	luciferin_score	13.889	2UUY_rec	2UUY_lig
lightdock	luciferin_score	13.64076	2UUY_rec	2UUY_lig
lightdock	luciferin_score	13.5399	2UUY_rec	2UUY_lig
lightdock	luciferin_score	12.67761	2UUY_rec	2UUY_lig
lightdock	luciferin_score	12.16945	2UUY_rec	2UUY_lig
lightdock	luciferin_score	12.06067	2UUY_rec	2UUY_lig
lightdock	luciferin_score	11.95763	2UUY_rec	2UUY_lig
lightdock	luciferin_score	11.93402	2UUY_rec	2UUY_lig
lightdock	luciferin_score	11.67214	2UUY_rec	2UUY_lig
lightdock	luciferin_score	11.61006	2UUY_rec	2UUY_lig
lightdock	luciferin_score	11.29731	2UUY_rec	2UUY_lig
lightdock	luciferin_score	11.0328	2UUY_rec	2UUY_lig
lightdock	luciferin_score	10.53211	2UUY_rec	2UUY_lig
lightdock	luciferin_score	10.34661	2UUY_rec	2UUY_lig
lightdock	luciferin_score	9.47641	2UUY_rec	2UUY_lig
lightdock	luciferin_score	9.43716	2UUY_rec	2UUY_lig
lightdock	luciferin_score	9.23484	2UUY_rec	2UUY_lig
lightdock	luciferin_score	8.97476	2UUY_rec	2UUY_lig
lightdock	luciferin_score	8.58568	2UUY_rec	2UUY_lig
lightdock	luciferin_score	8.20053	2UUY_rec	2UUY_lig
lightdock	luciferin_score	8.12384	2UUY_rec	2UUY_lig
lightdock	luciferin_score	7.78877	2UUY_rec	2UUY_lig
lightdock	luciferin_score	7.45866	2UUY_rec	2UUY_lig
lightdock	luciferin_score	7.32627	2UUY_rec	2UUY_lig
lightdock	luciferin_score	6.78606	2UUY_rec	2UUY_lig
lightdock	luciferin_score	6.55742	2UUY_rec	2UUY_lig
lightdock	luciferin_score	6.5303	2UUY_rec	2UUY_lig
lightdock	luciferin_score	6.32105	2UUY_rec	2UUY_lig
lightdock	luciferin_score	5.5899	2UUY_rec	2UUY_lig
lightdock	luciferin_score	5.08245	2UUY_rec	2UUY_lig
lightdock	luciferin_score	4.97691	2UUY_rec	2UUY_lig
lightdock	luciferin_score	3.87109	2UUY_rec	2UUY_lig
lightdock	luciferin_score	1.7446	2UUY_rec	2UUY_lig
lightdock	luciferin_score	0.192	2UUY_rec	2UUY_lig
lightdock	luciferin_score	0.09853	2UUY_rec	2UUY_lig
lightdock	luciferin_score	-0.01753	2UUY_rec	2UUY_lig
lightdock	luciferin_score	-1.82228	2UUY_rec	2UUY_lig
lightdock	luciferin_score	-2.16326	2UUY_rec	2UUY_lig
lightdock	luciferin_score	-5.22473	2UUY_rec	2UUY_lig
lightdock	luciferin_score	-5.62535	2UUY_rec	2UUY_lig
lightdock	luciferin_score	-8.23423	2UUY_rec	2UUY_lig
lightdock	luciferin_score	-9.15783	2UUY_rec	2UUY_lig
lightdock	luciferin_score	-10.99203	2UUY_rec	2UUY_lig
lightdock	luciferin_score	-15.87003	2UUY_rec	2UUY_lig
lightdock	luciferin_score	-23.99481	2UUY_rec	2UUY_lig
lightdock	luciferin_score	-27.88808	2UUY_rec	2UUY_lig
lightdock	luciferin_score	-28.3568	2UUY_rec	2UUY_lig
lightdock	luciferin_score	-29.47602	2UUY_rec	2UUY_lig
lightdock	luciferin_score	-34.34424	2UUY_rec	2UUY_lig
lightdock	luciferin_score	-34.50766	2UUY_rec	2UUY_lig
lightdock	luciferin_score	-36.91083	2UUY_rec	2UUY_lig
lightdock	luciferin_score	-46.58307	2UUY_rec	2UUY_lig
lightdock	luciferin_score	-53.87543	2UUY_rec	2UUY_lig
lightdock	luciferin_score	22.52581	2UUY_rec	2UUY_lig
lightdock	luciferin_score	16.98747	2UUY_rec	2UUY_lig
lightdock	luciferin_score	15.86135	2UUY_rec	2UUY_lig
lightdock	luciferin_score	15.50377	2UUY_rec	2UUY_lig
lightdock	luciferin_score	15.29064	2UUY_rec	2UUY_lig
lightdock	luciferin_score	14.71134	2UUY_rec	2UUY_lig
lightdock	luciferin_score	13.44856	2UUY_rec	2UUY_lig
lightdock	luciferin_score	12.72655	2UUY_rec	2UUY_lig
lightdock	luciferin_score	12.25569	2UUY_rec	2UUY_lig
lightdock	luciferin_score	11.94292	2UUY_rec	2UUY_lig
lightdock	luciferin_score	11.77857	2UUY_rec	2UUY_lig
lightdock	luciferin_score	11.77385	2UUY_rec	2UUY_lig
lightdock	luciferin_score	11.35312	2UUY_rec	2UUY_lig
lightdock	luciferin_score	11.12392	2UUY_rec	2UUY_lig
lightdock	luciferin_score	10.81627	2UUY_rec	2UUY_lig
lightdock	luciferin_score	10.50968	2UUY_rec	2UUY_lig
lightdock	luciferin_score	10.27853	2UUY_rec	2UUY_lig
lightdock	luciferin_score	9.38742	2UUY_rec	2UUY_lig
lightdock	luciferin_score	9.16002	2UUY_rec	2UUY_lig
lightdock	luciferin_score	8.98925	2UUY_rec	2UUY_lig
lightdock	luciferin_score	8.26457	2UUY_rec	2UUY_lig
lightdock	luciferin_score	8.23682	2UUY_rec	2UUY_lig
lightdock	luciferin_score	8.12253	2UUY_rec	2UUY_lig
lightdock	luciferin_score	7.63221	2UUY_rec	2UUY_lig
lightdock	luciferin_score	7.4318	2UUY_rec	2UUY_lig
lightdock	luciferin_score	7.29665	2UUY_rec	2UUY_lig
lightdock	luciferin_score	6.86957	2UUY_rec	2UUY_lig
lightdock	luciferin_score	6.7083	2UUY_rec	2UUY_lig
lightdock	luciferin_score	6.26731	2UUY_rec	2UUY_lig
lightdock	luciferin_score	5.67825	2UUY_rec	2UUY_lig
lightdock	luciferin_score	4.06301	2UUY_rec	2UUY_lig
lightdock	luciferin_score	1.11203	2UUY_rec	2UUY_lig
lightdock	luciferin_score	0.66205	2UUY_rec	2UUY_lig
lightdock	luciferin_score	-0.1897	2UUY_rec	2UUY_lig
lightdock	luciferin_score	-1.19346	2UUY_rec	2UUY_lig
lightdock	luciferin_score	-1.37762	2UUY_rec	2UUY_lig
lightdock	luciferin_score	-10.39929	2UUY_rec	2UUY_lig
lightdock	luciferin_score	-11.47626	2UUY_rec	2UUY_lig
lightdock	luciferin_score	-17.53333	2UUY_rec	2UUY_lig
lightdock	luciferin_score	-18.23658	2UUY_rec	2UUY_lig
lightdock	luciferin_score	-19.72086	2UUY_rec	2UUY_lig
lightdock	luciferin_score	-20.48638	2UUY_rec	2UUY_lig
lightdock	luciferin_score	-22.38603	2UUY_rec	2UUY_lig
lightdock	luciferin_score	-25.61714	2UUY_rec	2UUY_lig
lightdock	luciferin_score	-31.59444	2UUY_rec	2UUY_lig
lightdock	luciferin_score	-33.68356	2UUY_rec	2UUY_lig
lightdock	luciferin_score	-40.34545	2UUY_rec	2UUY_lig
lightdock	luciferin_score	-42.63781	2UUY_rec	2UUY_lig
lightdock	luciferin_score	-64.43943	2UUY_rec	2UUY_lig
lightdock	luciferin_score	-65.3007	2UUY_rec	2UUY_lig
lightdock	luciferin_score	-77.73865	2UUY_rec	2UUY_lig
lightdock	luciferin_score	14.7469	2UUY_rec	2UUY_lig
lightdock	luciferin_score	14.51352	2UUY_rec	2UUY_lig
lightdock	luciferin_score	13.92041	2UUY_rec	2UUY_lig
lightdock	luciferin_score	13.80313	2UUY_rec	2UUY_lig
lightdock	luciferin_score	13.79966	2UUY_rec	2UUY_lig
lightdock	luciferin_score	13.14358	2UUY_rec	2UUY_lig
lightdock	luciferin_score	13.12821	2UUY_rec	2UUY_lig
lightdock	luciferin_score	13.00337	2UUY_rec	2UUY_lig
lightdock	luciferin_score	11.81863	2UUY_rec	2UUY_lig
lightdock	luciferin_score	11.46113	2UUY_rec	2UUY_lig
lightdock	luciferin_score	11.19791	2UUY_rec	2UUY_lig
lightdock	luciferin_score	10.9255	2UUY_rec	2UUY_lig
lightdock	luciferin_score	10.91811	2UUY_rec	2UUY_lig
lightdock	luciferin_score	10.79504	2UUY_rec	2UUY_lig
lightdock	luciferin_score	10.65393	2UUY_rec	2UUY_lig
lightdock	luciferin_score	10.38462	2UUY_rec	2UUY_lig
lightdock	luciferin_score	10.23705	2UUY_rec	2UUY_lig
lightdock	luciferin_score	10.22795	2UUY_rec	2UUY_lig
lightdock	luciferin_score	10.18661	2UUY_rec	2UUY_lig
lightdock	luciferin_score	10.1751	2UUY_rec	2UUY_lig
lightdock	luciferin_score	10.08882	2UUY_rec	2UUY_lig
lightdock	luciferin_score	9.74927	2UUY_rec	2UUY_lig
lightdock	luciferin_score	9.48619	2UUY_rec	2UUY_lig
lightdock	luciferin_score	9.14657	2UUY_rec	2UUY_lig
lightdock	luciferin_score	9.13911	2UUY_rec	2UUY_lig
lightdock	luciferin_score	9.04345	2UUY_rec	2UUY_lig
lightdock	luciferin_score	8.64207	2UUY_rec	2UUY_lig
lightdock	luciferin_score	8.35557	2UUY_rec	2UUY_lig
lightdock	luciferin_score	8.15832	2UUY_rec	2UUY_lig
lightdock	luciferin_score	7.43534	2UUY_rec	2UUY_lig
lightdock	luciferin_score	7.18376	2UUY_rec	2UUY_lig
lightdock	luciferin_score	7.0743	2UUY_rec	2UUY_lig
lightdock	luciferin_score	6.89606	2UUY_rec	2UUY_lig
lightdock	luciferin_score	6.8499	2UUY_rec	2UUY_lig
lightdock	luciferin_score	6.57537	2UUY_rec	2UUY_lig
lightdock	luciferin_score	6.46609	2UUY_rec	2UUY_lig
lightdock	luciferin_score	6.09434	2UUY_rec	2UUY_lig
lightdock	luciferin_score	6.02584	2UUY_rec	2UUY_lig
lightdock	luciferin_score	5.66523	2UUY_rec	2UUY_lig
lightdock	luciferin_score	5.60769	2UUY_rec	2UUY_lig
lightdock	luciferin_score	3.93237	2UUY_rec	2UUY_lig
lightdock	luciferin_score	3.55597	2UUY_rec	2UUY_lig
lightdock	luciferin_score	1.56261	2UUY_rec	2UUY_lig
lightdock	luciferin_score	-0.27274	2UUY_rec	2UUY_lig
lightdock	luciferin_score	-0.74671	2UUY_rec	2UUY_lig
lightdock	luciferin_score	-3.25996	2UUY_rec	2UUY_lig
lightdock	luciferin_score	-4.8119	2UUY_rec	2UUY_lig
lightdock	luciferin_score	-5.60136	2UUY_rec	2UUY_lig
lightdock	luciferin_score	-9.19221	2UUY_rec	2UUY_lig
lightdock	luciferin_score	-9.56186	2UUY_rec	2UUY_lig
lightdock	luciferin_score	-13.845	2UUY_rec	2UUY_lig
lightdock	luciferin_score	-13.96652	2UUY_rec	2UUY_lig
lightdock	luciferin_score	-17.25825	2UUY_rec	2UUY_lig
lightdock	luciferin_score	-22.75201	2UUY_rec	2UUY_lig
lightdock	luciferin_score	-24.24664	2UUY_rec	2UUY_lig
lightdock	luciferin_score	-29.27501	2UUY_rec	2UUY_lig
lightdock	luciferin_score	-34.04542	2UUY_rec	2UUY_lig
lightdock	luciferin_score	-34.37753	2UUY_rec	2UUY_lig
lightdock	luciferin_score	-35.82892	2UUY_rec	2UUY_lig
lightdock	luciferin_score	-36.28771	2UUY_rec	2UUY_lig
lightdock	luciferin_score	-37.26599	2UUY_rec	2UUY_lig
lightdock	luciferin_score	-40.85634	2UUY_rec	2UUY_lig
lightdock	luciferin_score	22.18686	2UUY_rec	2UUY_lig
lightdock	luciferin_score	20.1353	2UUY_rec	2UUY_lig
lightdock	luciferin_score	18.40136	2UUY_rec	2UUY_lig
lightdock	luciferin_score	17.70127	2UUY_rec	2UUY_lig
lightdock	luciferin_score	17.5532	2UUY_rec	2UUY_lig
lightdock	luciferin_score	13.95429	2UUY_rec	2UUY_lig
lightdock	luciferin_score	13.92987	2UUY_rec	2UUY_lig
lightdock	luciferin_score	13.63283	2UUY_rec	2UUY_lig
lightdock	luciferin_score	13.4021	2UUY_rec	2UUY_lig
lightdock	luciferin_score	13.30408	2UUY_rec	2UUY_lig
lightdock	luciferin_score	13.21725	2UUY_rec	2UUY_lig
lightdock	luciferin_score	12.29662	2UUY_rec	2UUY_lig
lightdock	luciferin_score	12.01711	2UUY_rec	2UUY_lig
lightdock	luciferin_score	11.92649	2UUY_rec	2UUY_lig
lightdock	luciferin_score	11.38246	2UUY_rec	2UUY_lig
lightdock	luciferin_score	11.15732	2UUY_rec	2UUY_lig
lightdock	luciferin_score	11.06621	2UUY_rec	2UUY_lig
lightdock	luciferin_score	10.98755	2UUY_rec	2UUY_lig
lightdock	luciferin_score	10.80795	2UUY_rec	2UUY_lig
lightdock	luciferin_score	10.70035	2UUY_rec	2UUY_lig
lightdock	luciferin_score	10.36205	2UUY_rec	2UUY_lig
lightdock	luciferin_score	10.25684	2UUY_rec	2UUY_lig
lightdock	luciferin_score	9.80017	2UUY_rec	2UUY_lig
lightdock	luciferin_score	9.70716	2UUY_rec	2UUY_lig
lightdock	luciferin_score	9.61893	2UUY_rec	2UUY_lig
lightdock	luciferin_score	9.44126	2UUY_rec	2UUY_lig
lightdock	luciferin_score	9.07475	2UUY_rec	2UUY_lig
lightdock	luciferin_score	8.80841	2UUY_rec	2UUY_lig
lightdock	luciferin_score	8.20804	2UUY_rec	2UUY_lig
lightdock	luciferin_score	7.84773	2UUY_rec	2UUY_lig
lightdock	luciferin_score	7.77438	2UUY_rec	2UUY_lig
lightdock	luciferin_score	7.61448	2UUY_rec	2UUY_lig
lightdock	luciferin_score	6.87313	2UUY_rec	2UUY_lig
lightdock	luciferin_score	6.39769	2UUY_rec	2UUY_lig
lightdock	luciferin_score	5.95055	2UUY_rec	2UUY_lig
lightdock	luciferin_score	4.73651	2UUY_rec	2UUY_lig
lightdock	luciferin_score	4.5334	2UUY_rec	2UUY_lig
lightdock	luciferin_score	-5.72496	2UUY_rec	2UUY_lig
lightdock	luciferin_score	-7.74888	2UUY_rec	2UUY_lig
lightdock	luciferin_score	-9.24989	2UUY_rec	2UUY_lig
lightdock	luciferin_score	-10.8497	2UUY_rec	2UUY_lig
lightdock	luciferin_score	-10.85794	2UUY_rec	2UUY_lig
lightdock	luciferin_score	-18.00186	2UUY_rec	2UUY_lig
lightdock	luciferin_score	-21.2737	2UUY_rec	2UUY_lig
lightdock	luciferin_score	-23.0934	2UUY_rec	2UUY_lig
lightdock	luciferin_score	-23.4972	2UUY_rec	2UUY_lig
lightdock	luciferin_score	-25.49455	2UUY_rec	2UUY_lig
lightdock	luciferin_score	-28.57821	2UUY_rec	2UUY_lig
lightdock	luciferin_score	-29.21781	2UUY_rec	2UUY_lig
lightdock	luciferin_score	-29.84051	2UUY_rec	2UUY_lig
lightdock	luciferin_score	-30.87333	2UUY_rec	2UUY_lig
lightdock	luciferin_score	-31.20526	2UUY_rec	2UUY_lig
lightdock	luciferin_score	-33.03264	2UUY_rec	2UUY_lig
lightdock	luciferin_score	-37.77394	2UUY_rec	2UUY_lig
lightdock	luciferin_score	-40.01788	2UUY_rec	2UUY_lig
lightdock	luciferin_score	-41.56161	2UUY_rec	2UUY_lig
lightdock	luciferin_score	-41.84876	2UUY_rec	2UUY_lig
lightdock	luciferin_score	-59.00791	2UUY_rec	2UUY_lig
lightdock	luciferin_score	-68.84358	2UUY_rec	2UUY_lig
lightdock	luciferin_score	-71.93415	2UUY_rec	2UUY_lig
lightdock	luciferin_score	-73.80366	2UUY_rec	2UUY_lig
lightdock	luciferin_score	-85.93397	2UUY_rec	2UUY_lig
lightdock	luciferin_score	21.06119	2UUY_rec	2UUY_lig
lightdock	luciferin_score	17.96995	2UUY_rec	2UUY_lig
lightdock	luciferin_score	17.28565	2UUY_rec	2UUY_lig
lightdock	luciferin_score	17.23608	2UUY_rec	2UUY_lig
lightdock	luciferin_score	16.51904	2UUY_rec	2UUY_lig
lightdock	luciferin_score	15.62544	2UUY_rec	2UUY_lig
lightdock	luciferin_score	15.59029	2UUY_rec	2UUY_lig
lightdock	luciferin_score	13.97416	2UUY_rec	2UUY_lig
lightdock	luciferin_score	13.51043	2UUY_rec	2UUY_lig
lightdock	luciferin_score	13.09352	2UUY_rec	2UUY_lig
lightdock	luciferin_score	12.92214	2UUY_rec	2UUY_lig
lightdock	luciferin_score	12.85116	2UUY_rec	2UUY_lig
lightdock	luciferin_score	12.7262	2UUY_rec	2UUY_lig
lightdock	luciferin_score	12.43542	2UUY_rec	2UUY_lig
lightdock	luciferin_score	12.27608	2UUY_rec	2UUY_lig
lightdock	luciferin_score	12.1732	2UUY_rec	2UUY_lig
lightdock	luciferin_score	12.03876	2UUY_rec	2UUY_lig
lightdock	luciferin_score	11.88065	2UUY_rec	2UUY_lig
lightdock	luciferin_score	11.65035	2UUY_rec	2UUY_lig
lightdock	luciferin_score	11.4143	2UUY_rec	2UUY_lig
lightdock	luciferin_score	10.98385	2UUY_rec	2UUY_lig
lightdock	luciferin_score	10.97067	2UUY_rec	2UUY_lig
lightdock	luciferin_score	9.83785	2UUY_rec	2UUY_lig
lightdock	luciferin_score	9.24169	2UUY_rec	2UUY_lig
lightdock	luciferin_score	8.6998	2UUY_rec	2UUY_lig
lightdock	luciferin_score	8.44675	2UUY_rec	2UUY_lig
lightdock	luciferin_score	8.26979	2UUY_rec	2UUY_lig
lightdock	luciferin_score	7.17519	2UUY_rec	2UUY_lig
lightdock	luciferin_score	6.97522	2UUY_rec	2UUY_lig
lightdock	luciferin_score	6.48666	2UUY_rec	2UUY_lig
lightdock	luciferin_score	5.24668	2UUY_rec	2UUY_lig
lightdock	luciferin_score	4.0471	2UUY_rec	2UUY_lig
lightdock	luciferin_score	2.97199	2UUY_rec	2UUY_lig
lightdock	luciferin_score	1.50922	2UUY_rec	2UUY_lig
lightdock	luciferin_score	0.47022	2UUY_rec	2UUY_lig
lightdock	luciferin_score	0.16764	2UUY_rec	2UUY_lig
lightdock	luciferin_score	-1.06421	2UUY_rec	2UUY_lig
lightdock	luciferin_score	-3.16292	2UUY_rec	2UUY_lig
lightdock	luciferin_score	-4.52334	2UUY_rec	2UUY_lig
lightdock	luciferin_score	-7.37524	2UUY_rec	2UUY_lig
lightdock	luciferin_score	-10.238	2UUY_rec	2UUY_lig
lightdock	luciferin_score	-11.5965	2UUY_rec	2UUY_lig
lightdock	luciferin_score	-15.37542	2UUY_rec	2UUY_lig
lightdock	luciferin_score	-15.55644	2UUY_rec	2UUY_lig
lightdock	luciferin_score	-17.72642	2UUY_rec	2UUY_lig
lightdock	luciferin_score	-18.28662	2UUY_rec	2UUY_lig
lightdock	luciferin_score	-18.9346	2UUY_rec	2UUY_lig
lightdock	luciferin_score	-21.30498	2UUY_rec	2UUY_lig
lightdock	luciferin_score	-23.42014	2UUY_rec	2UUY_lig
lightdock	luciferin_score	-23.67703	2UUY_rec	2UUY_lig
lightdock	luciferin_score	-24.16307	2UUY_rec	2UUY_lig
lightdock	luciferin_score	-27.55266	2UUY_rec	2UUY_lig
lightdock	luciferin_score	-27.74664	2UUY_rec	2UUY_lig
lightdock	luciferin_score	-32.07235	2UUY_rec	2UUY_lig
lightdock	luciferin_score	-36.42442	2UUY_rec	2UUY_lig
lightdock	luciferin_score	-37.43549	2UUY_rec	2UUY_lig
lightdock	luciferin_score	-56.48267	2UUY_rec	2UUY_lig
lightdock	luciferin_score	-57.87534	2UUY_rec	2UUY_lig
lightdock	luciferin_score	-58.79877	2UUY_rec	2UUY_lig
lightdock	luciferin_score	-67.26801	2UUY_rec	2UUY_lig
lightdock	luciferin_score	-68.1821	2UUY_rec	2UUY_lig
lightdock	luciferin_score	-78.47332	2UUY_rec	2UUY_lig
lightdock	luciferin_score	-83.98862	2UUY_rec	2UUY_lig
lightdock	luciferin_score	-91.54781	2UUY_rec	2UUY_lig
lightdock	luciferin_score	15.7816	2UUY_rec	2UUY_lig
lightdock	luciferin_score	14.35917	2UUY_rec	2UUY_lig
lightdock	luciferin_score	13.55873	2UUY_rec	2UUY_lig
lightdock	luciferin_score	12.91149	2UUY_rec	2UUY_lig
lightdock	luciferin_score	12.42392	2UUY_rec	2UUY_lig
lightdock	luciferin_score	12.0544	2UUY_rec	2UUY_lig
lightdock	luciferin_score	11.81812	2UUY_rec	2UUY_lig
lightdock	luciferin_score	11.74265	2UUY_rec	2UUY_lig
lightdock	luciferin_score	11.62402	2UUY_rec	2UUY_lig
lightdock	luciferin_score	11.05039	2UUY_rec	2UUY_lig
lightdock	luciferin_score	10.84404	2UUY_rec	2UUY_lig
lightdock	luciferin_score	10.59078	2UUY_rec	2UUY_lig
lightdock	luciferin_score	10.51728	2UUY_rec	2UUY_lig
lightdock	luciferin_score	10.27506	2UUY_rec	2UUY_lig
lightdock	luciferin_score	10.22729	2UUY_rec	2UUY_lig
lightdock	luciferin_score	10.11885	2UUY_rec	2UUY_lig
lightdock	luciferin_score	10.10597	2UUY_rec	2UUY_lig
lightdock	luciferin_score	9.77805	2UUY_rec	2UUY_lig
lightdock	luciferin_score	9.47946	2UUY_rec	2UUY_lig
lightdock	luciferin_score	9.04668	2UUY_rec	2UUY_lig
lightdock	luciferin_score	8.91593	2UUY_rec	2UUY_lig
lightdock	luciferin_score	8.82813	2UUY_rec	2UUY_lig
lightdock	luciferin_score	8.73594	2UUY_rec	2UUY_lig
lightdock	luciferin_score	8.09267	2UUY_rec	2UUY_lig
lightdock	luciferin_score	7.99864	2UUY_rec	2UUY_lig
lightdock	luciferin_score	7.67975	2UUY_rec	2UUY_lig
lightdock	luciferin_score	7.64059	2UUY_rec	2UUY_lig
lightdock	luciferin_score	7.6214	2UUY_rec	2UUY_lig
lightdock	luciferin_score	7.60833	2UUY_rec	2UUY_lig
lightdock	luciferin_score	7.41231	2UUY_rec	2UUY_lig
lightdock	luciferin_score	7.15644	2UUY_rec	2UUY_lig
lightdock	luciferin_score	6.94568	2UUY_rec	2UUY_lig
lightdock	luciferin_score	6.92905	2UUY_rec	2UUY_lig
lightdock	luciferin_score	6.90385	2UUY_rec	2UUY_lig
lightdock	luciferin_score	6.7289	2UUY_rec	2UUY_lig
lightdock	luciferin_score	6.63685	2UUY_rec	2UUY_lig
lightdock	luciferin_score	6.47424	2UUY_rec	2UUY_lig
lightdock	luciferin_score	5.28124	2UUY_rec	2UUY_lig
lightdock	luciferin_score	5.09634	2UUY_rec	2UUY_lig
lightdock	luciferin_score	3.93486	2UUY_rec	2UUY_lig
lightdock	luciferin_score	0.14422	2UUY_rec	2UUY_lig
lightdock	luciferin_score	-2.85864	2UUY_rec	2UUY_lig
lightdock	luciferin_score	-3.35873	2UUY_rec	2UUY_lig
lightdock	luciferin_score	-3.93904	2UUY_rec	2UUY_lig
lightdock	luciferin_score	-5.55713	2UUY_rec	2UUY_lig
lightdock	luciferin_score	-5.97055	2UUY_rec	2UUY_lig
lightdock	luciferin_score	-5.99166	2UUY_rec	2UUY_lig
lightdock	luciferin_score	-9.72674	2UUY_rec	2UUY_lig
lightdock	luciferin_score	-10.36407	2UUY_rec	2UUY_lig
lightdock	luciferin_score	-13.66637	2UUY_rec	2UUY_lig
lightdock	luciferin_score	-15.15133	2UUY_rec	2UUY_lig
lightdock	luciferin_score	-18.79607	2UUY_rec	2UUY_lig
lightdock	luciferin_score	-21.22181	2UUY_rec	2UUY_lig
lightdock	luciferin_score	-32.3055	2UUY_rec	2UUY_lig
lightdock	luciferin_score	-34.54772	2UUY_rec	2UUY_lig
lightdock	luciferin_score	-35.31304	2UUY_rec	2UUY_lig
lightdock	luciferin_score	-53.15771	2UUY_rec	2UUY_lig
lightdock	luciferin_score	21.38681	2UUY_rec	2UUY_lig
lightdock	luciferin_score	20.35144	2UUY_rec	2UUY_lig
lightdock	luciferin_score	16.45124	2UUY_rec	2UUY_lig
lightdock	luciferin_score	16.34635	2UUY_rec	2UUY_lig
lightdock	luciferin_score	16.32672	2UUY_rec	2UUY_lig
lightdock	luciferin_score	14.72325	2UUY_rec	2UUY_lig
lightdock	luciferin_score	14.54924	2UUY_rec	2UUY_lig
lightdock	luciferin_score	14.27788	2UUY_rec	2UUY_lig
lightdock	luciferin_score	14.27114	2UUY_rec	2UUY_lig
lightdock	luciferin_score	14.03946	2UUY_rec	2UUY_lig
lightdock	luciferin_score	13.65962	2UUY_rec	2UUY_lig
lightdock	luciferin_score	12.46756	2UUY_rec	2UUY_lig
lightdock	luciferin_score	12.2402	2UUY_rec	2UUY_lig
lightdock	luciferin_score	11.52294	2UUY_rec	2UUY_lig
lightdock	luciferin_score	11.42688	2UUY_rec	2UUY_lig
lightdock	luciferin_score	11.41654	2UUY_rec	2UUY_lig
lightdock	luciferin_score	11.34279	2UUY_rec	2UUY_lig
lightdock	luciferin_score	11.13368	2UUY_rec	2UUY_lig
lightdock	luciferin_score	11.05125	2UUY_rec	2UUY_lig
lightdock	luciferin_score	10.86918	2UUY_rec	2UUY_lig
lightdock	luciferin_score	10.84756	2UUY_rec	2UUY_lig
lightdock	luciferin_score	10.82735	2UUY_rec	2UUY_lig
lightdock	luciferin_score	10.78322	2UUY_rec	2UUY_lig
lightdock	luciferin_score	10.73841	2UUY_rec	2UUY_lig
lightdock	luciferin_score	10.16004	2UUY_rec	2UUY_lig
lightdock	luciferin_score	10.09115	2UUY_rec	2UUY_lig
lightdock	luciferin_score	9.95302	2UUY_rec	2UUY_lig
lightdock	luciferin_score	9.7927	2UUY_rec	2UUY_lig
lightdock	luciferin_score	9.76927	2UUY_rec	2UUY_lig
lightdock	luciferin_score	9.70218	2UUY_rec	2UUY_lig
lightdock	luciferin_score	9.55677	2UUY_rec	2UUY_lig
lightdock	luciferin_score	8.0057	2UUY_rec	2UUY_lig
lightdock	luciferin_score	7.75764	2UUY_rec	2UUY_lig
lightdock	luciferin_score	7.5946	2UUY_rec	2UUY_lig
lightdock	luciferin_score	7.5171	2UUY_rec	2UUY_lig
lightdock	luciferin_score	7.26018	2UUY_rec	2UUY_lig
lightdock	luciferin_score	6.9226	2UUY_rec	2UUY_lig
lightdock	luciferin_score	6.74321	2UUY_rec	2UUY_lig
lightdock	luciferin_score	6.52367	2UUY_rec	2UUY_lig
lightdock	luciferin_score	5.95482	2UUY_rec	2UUY_lig
lightdock	luciferin_score	5.9315	2UUY_rec	2UUY_lig
lightdock	luciferin_score	5.39954	2UUY_rec	2UUY_lig
lightdock	luciferin_score	4.74142	2UUY_rec	2UUY_lig
lightdock	luciferin_score	4.32205	2UUY_rec	2UUY_lig
lightdock	luciferin_score	1.99729	2UUY_rec	2UUY_lig
lightdock	luciferin_score	1.62345	2UUY_rec	2UUY_lig
lightdock	luciferin_score	0.82206	2UUY_rec	2UUY_lig
lightdock	luciferin_score	0.61151	2UUY_rec	2UUY_lig
lightdock	luciferin_score	0.25338	2UUY_rec	2UUY_lig
lightdock	luciferin_score	-2.69605	2UUY_rec	2UUY_lig
lightdock	luciferin_score	-13.3124	2UUY_rec	2UUY_lig
lightdock	luciferin_score	-13.71399	2UUY_rec	2UUY_lig
lightdock	luciferin_score	-14.52471	2UUY_rec	2UUY_lig
lightdock	luciferin_score	-15.08594	2UUY_rec	2UUY_lig
lightdock	luciferin_score	-16.92419	2UUY_rec	2UUY_lig
lightdock	luciferin_score	-21.40902	2UUY_rec	2UUY_lig
lightdock	luciferin_score	-21.52733	2UUY_rec	2UUY_lig
lightdock	luciferin_score	-21.68682	2UUY_rec	2UUY_lig
lightdock	luciferin_score	-28.17892	2UUY_rec	2UUY_lig
lightdock	luciferin_score	-38.35081	2UUY_rec	2UUY_lig
lightdock	luciferin_score	17.26966	2UUY_rec	2UUY_lig
lightdock	luciferin_score	13.98735	2UUY_rec	2UUY_lig
lightdock	luciferin_score	13.71038	2UUY_rec	2UUY_lig
lightdock	luciferin_score	13.14663	2UUY_rec	2UUY_lig
lightdock	luciferin_score	12.47758	2UUY_rec	2UUY_lig
lightdock	luciferin_score	12.36378	2UUY_rec	2UUY_lig
lightdock	luciferin_score	12.28112	2UUY_rec	2UUY_lig
lightdock	luciferin_score	12.12304	2UUY_rec	2UUY_lig
lightdock	luciferin_score	11.7405	2UUY_rec	2UUY_lig
lightdock	luciferin_score	11.4818	2UUY_rec	2UUY_lig
lightdock	luciferin_score	11.16184	2UUY_rec	2UUY_lig
lightdock	luciferin_score	10.99191	2UUY_rec	2UUY_lig
lightdock	luciferin_score	10.79688	2UUY_rec	2UUY_lig
lightdock	luciferin_score	10.77283	2UUY_rec	2UUY_lig
lightdock	luciferin_score	10.46231	2UUY_rec	2UUY_lig
lightdock	luciferin_score	10.13155	2UUY_rec	2UUY_lig
lightdock	luciferin_score	9.99336	2UUY_rec	2UUY_lig
lightdock	luciferin_score	9.96444	2UUY_rec	2UUY_lig
lightdock	luciferin_score	9.7731	2UUY_rec	2UUY_lig
lightdock	luciferin_score	9.61389	2UUY_rec	2UUY_lig
lightdock	luciferin_score	9.21444	2UUY_rec	2UUY_lig
lightdock	luciferin_score	8.96398	2UUY_rec	2UUY_lig
lightdock	luciferin_score	8.95068	2UUY_rec	2UUY_lig
lightdock	luciferin_score	8.72937	2UUY_rec	2UUY_lig
lightdock	luciferin_score	8.26904	2UUY_rec	2UUY_lig
lightdock	luciferin_score	8.21893	2UUY_rec	2UUY_lig
lightdock	luciferin_score	8.16588	2UUY_rec	2UUY_lig
lightdock	luciferin_score	8.03902	2UUY_rec	2UUY_lig
lightdock	luciferin_score	7.86604	2UUY_rec	2UUY_lig
lightdock	luciferin_score	7.71113	2UUY_rec	2UUY_lig
lightdock	luciferin_score	7.47547	2UUY_rec	2UUY_lig
lightdock	luciferin_score	7.22559	2UUY_rec	2UUY_lig
lightdock	luciferin_score	6.97832	2UUY_rec	2UUY_lig
lightdock	luciferin_score	6.95615	2UUY_rec	2UUY_lig
lightdock	luciferin_score	6.85887	2UUY_rec	2UUY_lig
lightdock	luciferin_score	6.7838	2UUY_rec	2UUY_lig
lightdock	luciferin_score	6.60649	2UUY_rec	2UUY_lig
lightdock	luciferin_score	6.16358	2UUY_rec	2UUY_lig
lightdock	luciferin_score	5.55586	2UUY_rec	2UUY_lig
lightdock	luciferin_score	4.32041	2UUY_rec	2UUY_lig
lightdock	luciferin_score	2.88912	2UUY_rec	2UUY_lig
lightdock	luciferin_score	2.16569	2UUY_rec	2UUY_lig
lightdock	luciferin_score	1.71176	2UUY_rec	2UUY_lig
lightdock	luciferin_score	-0.57498	2UUY_rec	2UUY_lig
lightdock	luciferin_score	-0.71738	2UUY_rec	2UUY_lig
lightdock	luciferin_score	-1.09096	2UUY_rec	2UUY_lig
lightdock	luciferin_score	-2.16964	2UUY_rec	2UUY_lig
lightdock	luciferin_score	-2.84982	2UUY_rec	2UUY_lig
lightdock	luciferin_score	-5.63673	2UUY_rec	2UUY_lig
lightdock	luciferin_score	-5.64902	2UUY_rec	2UUY_lig
lightdock	luciferin_score	-7.37285	2UUY_rec	2UUY_lig
lightdock	luciferin_score	-13.46733	2UUY_rec	2UUY_lig
lightdock	luciferin_score	-16.63636	2UUY_rec	2UUY_lig
lightdock	luciferin_score	-17.40484	2UUY_rec	2UUY_lig
lightdock	luciferin_score	-21.06146	2UUY_rec	2UUY_lig
lightdock	luciferin_score	-22.17603	2UUY_rec	2UUY_lig
lightdock	luciferin_score	-23.18065	2UUY_rec	2UUY_lig
lightdock	luciferin_score	-23.83046	2UUY_rec	2UUY_lig
lightdock	luciferin_score	-23.89496	2UUY_rec	2UUY_lig
lightdock	luciferin_score	-29.82745	2UUY_rec	2UUY_lig
lightdock	luciferin_score	-35.94571	2UUY_rec	2UUY_lig
lightdock	luciferin_score	-62.62082	2UUY_rec	2UUY_lig
lightdock	luciferin_score	-75.21454	2UUY_rec	2UUY_lig
lightdock	luciferin_score	15.52677	2UUY_rec	2UUY_lig
lightdock	luciferin_score	14.04102	2UUY_rec	2UUY_lig
lightdock	luciferin_score	13.75639	2UUY_rec	2UUY_lig
lightdock	luciferin_score	13.15569	2UUY_rec	2UUY_lig
lightdock	luciferin_score	13.02014	2UUY_rec	2UUY_lig
lightdock	luciferin_score	12.93427	2UUY_rec	2UUY_lig
lightdock	luciferin_score	12.8913	2UUY_rec	2UUY_lig
lightdock	luciferin_score	12.37696	2UUY_rec	2UUY_lig
lightdock	luciferin_score	12.24653	2UUY_rec	2UUY_lig
lightdock	luciferin_score	12.09807	2UUY_rec	2UUY_lig
lightdock	luciferin_score	12.07605	2UUY_rec	2UUY_lig
lightdock	luciferin_score	11.9944	2UUY_rec	2UUY_lig
lightdock	luciferin_score	11.98189	2UUY_rec	2UUY_lig
lightdock	luciferin_score	11.8975	2UUY_rec	2UUY_lig
lightdock	luciferin_score	11.83412	2UUY_rec	2UUY_lig
lightdock	luciferin_score	11.69371	2UUY_rec	2UUY_lig
lightdock	luciferin_score	11.55514	2UUY_rec	2UUY_lig
lightdock	luciferin_score	11.00697	2UUY_rec	2UUY_lig
lightdock	luciferin_score	10.77449	2UUY_rec	2UUY_lig
lightdock	luciferin_score	10.68638	2UUY_rec	2UUY_lig
lightdock	luciferin_score	10.59678	2UUY_rec	2UUY_lig
lightdock	luciferin_score	9.97997	2UUY_rec	2UUY_lig
lightdock	luciferin_score	9.96867	2UUY_rec	2UUY_lig
lightdock	luciferin_score	9.90434	2UUY_rec	2UUY_lig
lightdock	luciferin_score	9.68518	2UUY_rec	2UUY_lig
lightdock	luciferin_score	9.66951	2UUY_rec	2UUY_lig
lightdock	luciferin_score	9.62176	2UUY_rec	2UUY_lig
lightdock	luciferin_score	9.53045	2UUY_rec	2UUY_lig
lightdock	luciferin_score	9.38769	2UUY_rec	2UUY_lig
lightdock	luciferin_score	9.18175	2UUY_rec	2UUY_lig
lightdock	luciferin_score	8.63609	2UUY_rec	2UUY_lig
lightdock	luciferin_score	8.56117	2UUY_rec	2UUY_lig
lightdock	luciferin_score	8.55662	2UUY_rec	2UUY_lig
lightdock	luciferin_score	8.27227	2UUY_rec	2UUY_lig
lightdock	luciferin_score	8.08532	2UUY_rec	2UUY_lig
lightdock	luciferin_score	8.05211	2UUY_rec	2UUY_lig
lightdock	luciferin_score	7.52016	2UUY_rec	2UUY_lig
lightdock	luciferin_score	7.37812	2UUY_rec	2UUY_lig
lightdock	luciferin_score	6.92913	2UUY_rec	2UUY_lig
lightdock	luciferin_score	5.50461	2UUY_rec	2UUY_lig
lightdock	luciferin_score	4.84636	2UUY_rec	2UUY_lig
lightdock	luciferin_score	4.624	2UUY_rec	2UUY_lig
lightdock	luciferin_score	4.37123	2UUY_rec	2UUY_lig
lightdock	luciferin_score	4.23661	2UUY_rec	2UUY_lig
lightdock	luciferin_score	2.49514	2UUY_rec	2UUY_lig
lightdock	luciferin_score	2.00533	2UUY_rec	2UUY_lig
lightdock	luciferin_score	1.87667	2UUY_rec	2UUY_lig
lightdock	luciferin_score	1.70299	2UUY_rec	2UUY_lig
lightdock	luciferin_score	1.35619	2UUY_rec	2UUY_lig
lightdock	luciferin_score	-2.82968	2UUY_rec	2UUY_lig
lightdock	luciferin_score	-3.70667	2UUY_rec	2UUY_lig
lightdock	luciferin_score	-6.46529	2UUY_rec	2UUY_lig
lightdock	luciferin_score	-7.41916	2UUY_rec	2UUY_lig
lightdock	luciferin_score	-8.45874	2UUY_rec	2UUY_lig
lightdock	luciferin_score	-11.75684	2UUY_rec	2UUY_lig
lightdock	luciferin_score	-12.89172	2UUY_rec	2UUY_lig
lightdock	luciferin_score	-14.5685	2UUY_rec	2UUY_lig
lightdock	luciferin_score	-21.31897	2UUY_rec	2UUY_lig
lightdock	luciferin_score	-22.86167	2UUY_rec	2UUY_lig
lightdock	luciferin_score	-26.65243	2UUY_rec	2UUY_lig
lightdock	luciferin_score	-27.65549	2UUY_rec	2UUY_lig
lightdock	luciferin_score	-29.02458	2UUY_rec	2UUY_lig
lightdock	luciferin_score	-29.67125	2UUY_rec	2UUY_lig
lightdock	luciferin_score	-30.98184	2UUY_rec	2UUY_lig
lightdock	luciferin_score	-32.60219	2UUY_rec	2UUY_lig
lightdock	luciferin_score	-39.65197	2UUY_rec	2UUY_lig
lightdock	luciferin_score	-79.88996	2UUY_rec	2UUY_lig
lightdock	luciferin_score	-88.12382	2UUY_rec	2UUY_lig
lightdock	luciferin_score	17.61961	2UUY_rec	2UUY_lig
lightdock	luciferin_score	16.55908	2UUY_rec	2UUY_lig
lightdock	luciferin_score	15.46957	2UUY_rec	2UUY_lig
lightdock	luciferin_score	14.72712	2UUY_rec	2UUY_lig
lightdock	luciferin_score	14.48379	2UUY_rec	2UUY_lig
lightdock	luciferin_score	14.19142	2UUY_rec	2UUY_lig
lightdock	luciferin_score	12.99805	2UUY_rec	2UUY_lig
lightdock	luciferin_score	12.70393	2UUY_rec	2UUY_lig
lightdock	luciferin_score	12.50537	2UUY_rec	2UUY_lig
lightdock	luciferin_score	12.12097	2UUY_rec	2UUY_lig
lightdock	luciferin_score	11.56388	2UUY_rec	2UUY_lig
lightdock	luciferin_score	11.50634	2UUY_rec	2UUY_lig
lightdock	luciferin_score	11.26222	2UUY_rec	2UUY_lig
lightdock	luciferin_score	11.2078	2UUY_rec	2UUY_lig
lightdock	luciferin_score	10.59482	2UUY_rec	2UUY_lig
lightdock	luciferin_score	10.4236	2UUY_rec	2UUY_lig
lightdock	luciferin_score	10.23291	2UUY_rec	2UUY_lig
lightdock	luciferin_score	10.1849	2UUY_rec	2UUY_lig
lightdock	luciferin_score	9.98149	2UUY_rec	2UUY_lig
lightdock	luciferin_score	9.85112	2UUY_rec	2UUY_lig
lightdock	luciferin_score	9.61381	2UUY_rec	2UUY_lig
lightdock	luciferin_score	9.5407	2UUY_rec	2UUY_lig
lightdock	luciferin_score	9.42529	2UUY_rec	2UUY_lig
lightdock	luciferin_score	9.39867	2UUY_rec	2UUY_lig
lightdock	luciferin_score	9.20529	2UUY_rec	2UUY_lig
lightdock	luciferin_score	9.10479	2UUY_rec	2UUY_lig
lightdock	luciferin_score	9.09127	2UUY_rec	2UUY_lig
lightdock	luciferin_score	8.97509	2UUY_rec	2UUY_lig
lightdock	luciferin_score	8.89593	2UUY_rec	2UUY_lig
lightdock	luciferin_score	8.46886	2UUY_rec	2UUY_lig
lightdock	luciferin_score	8.38227	2UUY_rec	2UUY_lig
lightdock	luciferin_score	7.91484	2UUY_rec	2UUY_lig
lightdock	luciferin_score	7.85929	2UUY_rec	2UUY_lig
lightdock	luciferin_score	7.80416	2UUY_rec	2UUY_lig
lightdock	luciferin_score	7.75261	2UUY_rec	2UUY_lig
lightdock	luciferin_score	7.75092	2UUY_rec	2UUY_lig
lightdock	luciferin_score	7.74665	2UUY_rec	2UUY_lig
lightdock	luciferin_score	7.71952	2UUY_rec	2UUY_lig
lightdock	luciferin_score	7.68668	2UUY_rec	2UUY_lig
lightdock	luciferin_score	7.05139	2UUY_rec	2UUY_lig
lightdock	luciferin_score	6.62658	2UUY_rec	2UUY_lig
lightdock	luciferin_score	6.42448	2UUY_rec	2UUY_lig
lightdock	luciferin_score	6.41433	2UUY_rec	2UUY_lig
lightdock	luciferin_score	6.30931	2UUY_rec	2UUY_lig
lightdock	luciferin_score	6.02375	2UUY_rec	2UUY_lig
lightdock	luciferin_score	5.93569	2UUY_rec	2UUY_lig
lightdock	luciferin_score	5.67105	2UUY_rec	2UUY_lig
lightdock	luciferin_score	5.64531	2UUY_rec	2UUY_lig
lightdock	luciferin_score	5.41888	2UUY_rec	2UUY_lig
lightdock	luciferin_score	5.06324	2UUY_rec	2UUY_lig
lightdock	luciferin_score	4.52011	2UUY_rec	2UUY_lig
lightdock	luciferin_score	4.26807	2UUY_rec	2UUY_lig
lightdock	luciferin_score	3.43727	2UUY_rec	2UUY_lig
lightdock	luciferin_score	-1.96306	2UUY_rec	2UUY_lig
lightdock	luciferin_score	-1.96809	2UUY_rec	2UUY_lig
lightdock	luciferin_score	-2.60391	2UUY_rec	2UUY_lig
lightdock	luciferin_score	-5.63593	2UUY_rec	2UUY_lig
lightdock	luciferin_score	-7.9608	2UUY_rec	2UUY_lig
lightdock	luciferin_score	-13.62106	2UUY_rec	2UUY_lig
lightdock	luciferin_score	-21.78762	2UUY_rec	2UUY_lig
lightdock	luciferin_score	-28.4197	2UUY_rec	2UUY_lig
lightdock	luciferin_score	-29.15353	2UUY_rec	2UUY_lig
lightdock	luciferin_score	-29.18833	2UUY_rec	2UUY_lig
lightdock	luciferin_score	-30.93139	2UUY_rec	2UUY_lig
lightdock	luciferin_score	-31.02212	2UUY_rec	2UUY_lig
lightdock	luciferin_score	-42.28575	2UUY_rec	2UUY_lig
lightdock	luciferin_score	-43.01819	2UUY_rec	2UUY_lig
lightdock	luciferin_score	-46.30943	2UUY_rec	2UUY_lig
lightdock	luciferin_score	20.5271	2UUY_rec	2UUY_lig
lightdock	luciferin_score	20.34575	2UUY_rec	2UUY_lig
lightdock	luciferin_score	14.9688	2UUY_rec	2UUY_lig
lightdock	luciferin_score	14.95476	2UUY_rec	2UUY_lig
lightdock	luciferin_score	14.85297	2UUY_rec	2UUY_lig
lightdock	luciferin_score	14.66871	2UUY_rec	2UUY_lig
lightdock	luciferin_score	14.4421	2UUY_rec	2UUY_lig
lightdock	luciferin_score	14.36108	2UUY_rec	2UUY_lig
lightdock	luciferin_score	14.31492	2UUY_rec	2UUY_lig
lightdock	luciferin_score	13.70891	2UUY_rec	2UUY_lig
lightdock	luciferin_score	13.5415	2UUY_rec	2UUY_lig
lightdock	luciferin_score	12.25938	2UUY_rec	2UUY_lig
lightdock	luciferin_score	12.20589	2UUY_rec	2UUY_lig
lightdock	luciferin_score	12.07803	2UUY_rec	2UUY_lig
lightdock	luciferin_score	12.03534	2UUY_rec	2UUY_lig
lightdock	luciferin_score	11.95795	2UUY_rec	2UUY_lig
lightdock	luciferin_score	11.91033	2UUY_rec	2UUY_lig
lightdock	luciferin_score	11.70044	2UUY_rec	2UUY_lig
lightdock	luciferin_score	11.57244	2UUY_rec	2UUY_lig
lightdock	luciferin_score	10.49621	2UUY_rec	2UUY_lig
lightdock	luciferin_score	10.28262	2UUY_rec	2UUY_lig
lightdock	luciferin_score	10.25989	2UUY_rec	2UUY_lig
lightdock	luciferin_score	10.24896	2UUY_rec	2UUY_lig
lightdock	luciferin_score	9.87821	2UUY_rec	2UUY_lig
lightdock	luciferin_score	9.6396	2UUY_rec	2UUY_lig
lightdock	luciferin_score	9.54926	2UUY_rec	2UUY_lig
lightdock	luciferin_score	8.0622	2UUY_rec	2UUY_lig
lightdock	luciferin_score	7.79325	2UUY_rec	2UUY_lig
lightdock	luciferin_score	7.53977	2UUY_rec	2UUY_lig
lightdock	luciferin_score	7.42857	2UUY_rec	2UUY_lig
lightdock	luciferin_score	5.12492	2UUY_rec	2UUY_lig
lightdock	luciferin_score	4.97971	2UUY_rec	2UUY_lig
lightdock	luciferin_score	4.75204	2UUY_rec	2UUY_lig
lightdock	luciferin_score	4.19859	2UUY_rec	2UUY_lig
lightdock	luciferin_score	1.62246	2UUY_rec	2UUY_lig
lightdock	luciferin_score	-0.66848	2UUY_rec	2UUY_lig
lightdock	luciferin_score	-1.33243	2UUY_rec	2UUY_lig
lightdock	luciferin_score	-1.36722	2UUY_rec	2UUY_lig
lightdock	luciferin_score	-4.40274	2UUY_rec	2UUY_lig
lightdock	luciferin_score	-5.35548	2UUY_rec	2UUY_lig
lightdock	luciferin_score	-5.70649	2UUY_rec	2UUY_lig
lightdock	luciferin_score	-7.52773	2UUY_rec	2UUY_lig
lightdock	luciferin_score	-10.01952	2UUY_rec	2UUY_lig
lightdock	luciferin_score	-10.79846	2UUY_rec	2UUY_lig
lightdock	luciferin_score	-12.59601	2UUY_rec	2UUY_lig
lightdock	luciferin_score	-14.69889	2UUY_rec	2UUY_lig
lightdock	luciferin_score	-16.233	2UUY_rec	2UUY_lig
lightdock	luciferin_score	-17.69265	2UUY_rec	2UUY_lig
lightdock	luciferin_score	-19.99791	2UUY_rec	2UUY_lig
lightdock	luciferin_score	-23.94722	2UUY_rec	2UUY_lig
lightdock	luciferin_score	-24.29774	2UUY_rec	2UUY_lig
lightdock	luciferin_score	-27.65433	2UUY_rec	2UUY_lig
lightdock	luciferin_score	-27.92764	2UUY_rec	2UUY_lig
lightdock	luciferin_score	-28.04046	2UUY_rec	2UUY_lig
lightdock	luciferin_score	-31.20637	2UUY_rec	2UUY_lig
lightdock	luciferin_score	-41.16933	2UUY_rec	2UUY_lig
lightdock	luciferin_score	-43.61072	2UUY_rec	2UUY_lig
lightdock	luciferin_score	-50.62709	2UUY_rec	2UUY_lig
lightdock	luciferin_score	-55.94457	2UUY_rec	2UUY_lig
lightdock	luciferin_score	-65.99213	2UUY_rec	2UUY_lig
lightdock	luciferin_score	-102.36602	2UUY_rec	2UUY_lig
lightdock	luciferin_score	21.1477	2UUY_rec	2UUY_lig
lightdock	luciferin_score	19.23445	2UUY_rec	2UUY_lig
lightdock	luciferin_score	18.07237	2UUY_rec	2UUY_lig
lightdock	luciferin_score	17.95613	2UUY_rec	2UUY_lig
lightdock	luciferin_score	16.29121	2UUY_rec	2UUY_lig
lightdock	luciferin_score	16.27789	2UUY_rec	2UUY_lig
lightdock	luciferin_score	16.1639	2UUY_rec	2UUY_lig
lightdock	luciferin_score	14.98706	2UUY_rec	2UUY_lig
lightdock	luciferin_score	14.50699	2UUY_rec	2UUY_lig
lightdock	luciferin_score	13.92798	2UUY_rec	2UUY_lig
lightdock	luciferin_score	13.59834	2UUY_rec	2UUY_lig
lightdock	luciferin_score	12.45192	2UUY_rec	2UUY_lig
lightdock	luciferin_score	12.32892	2UUY_rec	2UUY_lig
lightdock	luciferin_score	12.31827	2UUY_rec	2UUY_lig
lightdock	luciferin_score	11.76166	2UUY_rec	2UUY_lig
lightdock	luciferin_score	11.67382	2UUY_rec	2UUY_lig
lightdock	luciferin_score	11.56203	2UUY_rec	2UUY_lig
lightdock	luciferin_score	11.41385	2UUY_rec	2UUY_lig
lightdock	luciferin_score	11.09854	2UUY_rec	2UUY_lig
lightdock	luciferin_score	11.04422	2UUY_rec	2UUY_lig
lightdock	luciferin_score	10.68847	2UUY_rec	2UUY_lig
lightdock	luciferin_score	10.39076	2UUY_rec	2UUY_lig
lightdock	luciferin_score	10.27936	2UUY_rec	2UUY_lig
lightdock	luciferin_score	10.23466	2UUY_rec	2UUY_lig
lightdock	luciferin_score	10.01618	2UUY_rec	2UUY_lig
lightdock	luciferin_score	9.62825	2UUY_rec	2UUY_lig
lightdock	luciferin_score	9.15771	2UUY_rec	2UUY_lig
lightdock	luciferin_score	8.32958	2UUY_rec	2UUY_lig
lightdock	luciferin_score	7.94286	2UUY_rec	2UUY_lig
lightdock	luciferin_score	7.27934	2UUY_rec	2UUY_lig
lightdock	luciferin_score	7.22535	2UUY_rec	2UUY_lig
lightdock	luciferin_score	6.55824	2UUY_rec	2UUY_lig
lightdock	luciferin_score	6.55583	2UUY_rec	2UUY_lig
lightdock	luciferin_score	6.42381	2UUY_rec	2UUY_lig
lightdock	luciferin_score	6.19104	2UUY_rec	2UUY_lig
lightdock	luciferin_score	5.7685	2UUY_rec	2UUY_lig
lightdock	luciferin_score	4.8555	2UUY_rec	2UUY_lig
lightdock	luciferin_score	4.15243	2UUY_rec	2UUY_lig
lightdock	luciferin_score	4.11433	2UUY_rec	2UUY_lig
lightdock	luciferin_score	4.03117	2UUY_rec	2UUY_lig
lightdock	luciferin_score	4.03033	2UUY_rec	2UUY_lig
lightdock	luciferin_score	3.56757	2UUY_rec	2UUY_lig
lightdock	luciferin_score	1.95392	2UUY_rec	2UUY_lig
lightdock	luciferin_score	0.35152	2UUY_rec	2UUY_lig
lightdock	luciferin_score	0.09703	2UUY_rec	2UUY_lig
lightdock	luciferin_score	-1.55597	2UUY_rec	2UUY_lig
lightdock	luciferin_score	-4.03768	2UUY_rec	2UUY_lig
lightdock	luciferin_score	-4.99743	2UUY_rec	2UUY_lig
lightdock	luciferin_score	-5.19878	2UUY_rec	2UUY_lig
lightdock	luciferin_score	-5.84663	2UUY_rec	2UUY_lig
lightdock	luciferin_score	-17.09192	2UUY_rec	2UUY_lig
lightdock	luciferin_score	-33.80826	2UUY_rec	2UUY_lig
lightdock	luciferin_score	-34.53534	2UUY_rec	2UUY_lig
lightdock	luciferin_score	-47.61666	2UUY_rec	2UUY_lig
lightdock	luciferin_score	-57.93356	2UUY_rec	2UUY_lig
lightdock	luciferin_score	-60.43269	2UUY_rec	2UUY_lig
lightdock	luciferin_score	-73.25217	2UUY_rec	2UUY_lig
lightdock	luciferin_score	-90.054	2UUY_rec	2UUY_lig
lightdock	luciferin_score	13.78427	2UUY_rec	2UUY_lig
lightdock	luciferin_score	12.72279	2UUY_rec	2UUY_lig
lightdock	luciferin_score	11.56829	2UUY_rec	2UUY_lig
lightdock	luciferin_score	9.82455	2UUY_rec	2UUY_lig
lightdock	luciferin_score	9.82285	2UUY_rec	2UUY_lig
lightdock	luciferin_score	9.80234	2UUY_rec	2UUY_lig
lightdock	luciferin_score	8.98332	2UUY_rec	2UUY_lig
lightdock	luciferin_score	8.96057	2UUY_rec	2UUY_lig
lightdock	luciferin_score	8.85431	2UUY_rec	2UUY_lig
lightdock	luciferin_score	8.74386	2UUY_rec	2UUY_lig
lightdock	luciferin_score	8.70897	2UUY_rec	2UUY_lig
lightdock	luciferin_score	8.65893	2UUY_rec	2UUY_lig
lightdock	luciferin_score	8.54639	2UUY_rec	2UUY_lig
lightdock	luciferin_score	8.53678	2UUY_rec	2UUY_lig
lightdock	luciferin_score	8.28456	2UUY_rec	2UUY_lig
lightdock	luciferin_score	8.22505	2UUY_rec	2UUY_lig
lightdock	luciferin_score	8.10521	2UUY_rec	2UUY_lig
lightdock	luciferin_score	8.07217	2UUY_rec	2UUY_lig
lightdock	luciferin_score	7.88152	2UUY_rec	2UUY_lig
lightdock	luciferin_score	7.86951	2UUY_rec	2UUY_lig
lightdock	luciferin_score	7.8276	2UUY_rec	2UUY_lig
lightdock	luciferin_score	7.8056	2UUY_rec	2UUY_lig
lightdock	luciferin_score	7.69799	2UUY_rec	2UUY_lig
lightdock	luciferin_score	7.64382	2UUY_rec	2UUY_lig
lightdock	luciferin_score	7.60708	2UUY_rec	2UUY_lig
lightdock	luciferin_score	7.55154	2UUY_rec	2UUY_lig
lightdock	luciferin_score	7.51663	2UUY_rec	2UUY_lig
lightdock	luciferin_score	7.36053	2UUY_rec	2UUY_lig
lightdock	luciferin_score	7.02367	2UUY_rec	2UUY_lig
lightdock	luciferin_score	7.01955	2UUY_rec	2UUY_lig
lightdock	luciferin_score	6.95517	2UUY_rec	2UUY_lig
lightdock	luciferin_score	6.84617	2UUY_rec	2UUY_lig
lightdock	luciferin_score	6.79437	2UUY_rec	2UUY_lig
lightdock	luciferin_score	6.7651	2UUY_rec	2UUY_lig
lightdock	luciferin_score	6.60012	2UUY_rec	2UUY_lig
lightdock	luciferin_score	6.463	2UUY_rec	2UUY_lig
lightdock	luciferin_score	6.37113	2UUY_rec	2UUY_lig
lightdock	luciferin_score	6.36232	2UUY_rec	2UUY_lig
lightdock	luciferin_score	6.35752	2UUY_rec	2UUY_lig
lightdock	luciferin_score	6.25232	2UUY_rec	2UUY_lig
lightdock	luciferin_score	6.15335	2UUY_rec	2UUY_lig
lightdock	luciferin_score	6.14928	2UUY_rec	2UUY_lig
lightdock	luciferin_score	6.13367	2UUY_rec	2UUY_lig
lightdock	luciferin_score	6.09412	2UUY_rec	2UUY_lig
lightdock	luciferin_score	5.7554	2UUY_rec	2UUY_lig
lightdock	luciferin_score	5.70521	2UUY_rec	2UUY_lig
lightdock	luciferin_score	5.58354	2UUY_rec	2UUY_lig
lightdock	luciferin_score	5.56666	2UUY_rec	2UUY_lig
lightdock	luciferin_score	5.5633	2UUY_rec	2UUY_lig
lightdock	luciferin_score	5.47874	2UUY_rec	2UUY_lig
lightdock	luciferin_score	5.39953	2UUY_rec	2UUY_lig
lightdock	luciferin_score	5.3314	2UUY_rec	2UUY_lig
lightdock	luciferin_score	5.23974	2UUY_rec	2UUY_lig
lightdock	luciferin_score	5.11852	2UUY_rec	2UUY_lig
lightdock	luciferin_score	4.9064	2UUY_rec	2UUY_lig
lightdock	luciferin_score	3.80579	2UUY_rec	2UUY_lig
lightdock	luciferin_score	3.75664	2UUY_rec	2UUY_lig
lightdock	luciferin_score	3.08382	2UUY_rec	2UUY_lig
lightdock	luciferin_score	2.56314	2UUY_rec	2UUY_lig
lightdock	luciferin_score	2.50053	2UUY_rec	2UUY_lig
lightdock	luciferin_score	1.65175	2UUY_rec	2UUY_lig
lightdock	luciferin_score	0.87513	2UUY_rec	2UUY_lig
lightdock	luciferin_score	0.81661	2UUY_rec	2UUY_lig
lightdock	luciferin_score	-0.86866	2UUY_rec	2UUY_lig
lightdock	luciferin_score	-1.77314	2UUY_rec	2UUY_lig
lightdock	luciferin_score	-1.8918	2UUY_rec	2UUY_lig
lightdock	luciferin_score	-3.69202	2UUY_rec	2UUY_lig
lightdock	luciferin_score	-5.91725	2UUY_rec	2UUY_lig
lightdock	luciferin_score	-5.94436	2UUY_rec	2UUY_lig
lightdock	luciferin_score	-8.61364	2UUY_rec	2UUY_lig
lightdock	luciferin_score	-10.00262	2UUY_rec	2UUY_lig
lightdock	luciferin_score	-10.79855	2UUY_rec	2UUY_lig
lightdock	luciferin_score	-13.46678	2UUY_rec	2UUY_lig
lightdock	luciferin_score	-16.26674	2UUY_rec	2UUY_lig
lightdock	luciferin_score	-17.40768	2UUY_rec	2UUY_lig
lightdock	luciferin_score	-24.2565	2UUY_rec	2UUY_lig
lightdock	luciferin_score	-28.14346	2UUY_rec	2UUY_lig
lightdock	luciferin_score	13.98206	2UUY_rec	2UUY_lig
lightdock	luciferin_score	13.03335	2UUY_rec	2UUY_lig
lightdock	luciferin_score	12.43495	2UUY_rec	2UUY_lig
lightdock	luciferin_score	11.36673	2UUY_rec	2UUY_lig
lightdock	luciferin_score	11.27834	2UUY_rec	2UUY_lig
lightdock	luciferin_score	11.00589	2UUY_rec	2UUY_lig
lightdock	luciferin_score	10.90469	2UUY_rec	2UUY_lig
lightdock	luciferin_score	10.03983	2UUY_rec	2UUY_lig
lightdock	luciferin_score	10.03512	2UUY_rec	2UUY_lig
lightdock	luciferin_score	9.63162	2UUY_rec	2UUY_lig
lightdock	luciferin_score	9.52522	2UUY_rec	2UUY_lig
lightdock	luciferin_score	9.52327	2UUY_rec	2UUY_lig
lightdock	luciferin_score	9.48408	2UUY_rec	2UUY_lig
lightdock	luciferin_score	9.28591	2UUY_rec	2UUY_lig
lightdock	luciferin_score	9.23447	2UUY_rec	2UUY_lig
lightdock	luciferin_score	8.63523	2UUY_rec	2UUY_lig
lightdock	luciferin_score	8.62497	2UUY_rec	2UUY_lig
lightdock	luciferin_score	8.55636	2UUY_rec	2UUY_lig
lightdock	luciferin_score	8.30278	2UUY_rec	2UUY_lig
lightdock	luciferin_score	8.09963	2UUY_rec	2UUY_lig
lightdock	luciferin_score	7.97165	2UUY_rec	2UUY_lig
lightdock	luciferin_score	7.826	2UUY_rec	2UUY_lig
lightdock	luciferin_score	7.78247	2UUY_rec	2UUY_lig
lightdock	luciferin_score	7.76749	2UUY_rec	2UUY_lig
lightdock	luciferin_score	7.69163	2UUY_rec	2UUY_lig
lightdock	luciferin_score	7.59321	2UUY_rec	2UUY_lig
lightdock	luciferin_score	7.57519	2UUY_rec	2UUY_lig
lightdock	luciferin_score	7.45706	2UUY_rec	2UUY_lig
lightdock	luciferin_score	7.32703	2UUY_rec	2UUY_lig
lightdock	luciferin_score	7.27405	2UUY_rec	2UUY_lig
lightdock	luciferin_score	7.23378	2UUY_rec	2UUY_lig
lightdock	luciferin_score	7.11553	2UUY_rec	2UUY_lig
lightdock	luciferin_score	7.01203	2UUY_rec	2UUY_lig
lightdock	luciferin_score	6.86297	2UUY_rec	2UUY_lig
lightdock	luciferin_score	6.71286	2UUY_rec	2UUY_lig
lightdock	luciferin_score	6.70071	2UUY_rec	2UUY_lig
lightdock	luciferin_score	6.39931	2UUY_rec	2UUY_lig
lightdock	luciferin_score	6.32571	2UUY_rec	2UUY_lig
lightdock	luciferin_score	6.12067	2UUY_rec	2UUY_lig
lightdock	luciferin_score	5.91837	2UUY_rec	2UUY_lig
lightdock	luciferin_score	5.84501	2UUY_rec	2UUY_lig
lightdock	luciferin_score	5.70897	2UUY_rec	2UUY_lig
lightdock	luciferin_score	5.67336	2UUY_rec	2UUY_lig
lightdock	luciferin_score	5.6725	2UUY_rec	2UUY_lig
lightdock	luciferin_score	5.44782	2UUY_rec	2UUY_lig
lightdock	luciferin_score	5.43865	2UUY_rec	2UUY_lig
lightdock	luciferin_score	5.41086	2UUY_rec	2UUY_lig
lightdock	luciferin_score	5.14935	2UUY_rec	2UUY_lig
lightdock	luciferin_score	4.96759	2UUY_rec	2UUY_lig
lightdock	luciferin_score	4.93074	2UUY_rec	2UUY_lig
lightdock	luciferin_score	4.8004	2UUY_rec	2UUY_lig
lightdock	luciferin_score	4.52142	2UUY_rec	2UUY_lig
lightdock	luciferin_score	4.28155	2UUY_rec	2UUY_lig
lightdock	luciferin_score	4.23914	2UUY_rec	2UUY_lig
lightdock	luciferin_score	4.14686	2UUY_rec	2UUY_lig
lightdock	luciferin_score	3.52133	2UUY_rec	2UUY_lig
lightdock	luciferin_score	3.08262	2UUY_rec	2UUY_lig
lightdock	luciferin_score	2.06527	2UUY_rec	2UUY_lig
lightdock	luciferin_score	-0.22128	2UUY_rec	2UUY_lig
lightdock	luciferin_score	-3.15509	2UUY_rec	2UUY_lig
lightdock	luciferin_score	-3.83297	2UUY_rec	2UUY_lig
lightdock	luciferin_score	-7.17095	2UUY_rec	2UUY_lig
lightdock	luciferin_score	-8.63293	2UUY_rec	2UUY_lig
lightdock	luciferin_score	-8.68306	2UUY_rec	2UUY_lig
lightdock	luciferin_score	-12.01895	2UUY_rec	2UUY_lig
lightdock	luciferin_score	-22.9376	2UUY_rec	2UUY_lig
lightdock	luciferin_score	-25.9319	2UUY_rec	2UUY_lig
lightdock	luciferin_score	-27.17973	2UUY_rec	2UUY_lig
lightdock	luciferin_score	-28.25406	2UUY_rec	2UUY_lig
lightdock	luciferin_score	22.45314	2UUY_rec	2UUY_lig
lightdock	luciferin_score	21.02749	2UUY_rec	2UUY_lig
lightdock	luciferin_score	19.16591	2UUY_rec	2UUY_lig
lightdock	luciferin_score	16.51132	2UUY_rec	2UUY_lig
lightdock	luciferin_score	16.27884	2UUY_rec	2UUY_lig
lightdock	luciferin_score	16.0862	2UUY_rec	2UUY_lig
lightdock	luciferin_score	15.94262	2UUY_rec	2UUY_lig
lightdock	luciferin_score	15.21677	2UUY_rec	2UUY_lig
lightdock	luciferin_score	15.01892	2UUY_rec	2UUY_lig
lightdock	luciferin_score	14.90327	2UUY_rec	2UUY_lig
lightdock	luciferin_score	14.80084	2UUY_rec	2UUY_lig
lightdock	luciferin_score	14.49435	2UUY_rec	2UUY_lig
lightdock	luciferin_score	13.92565	2UUY_rec	2UUY_lig
lightdock	luciferin_score	13.32359	2UUY_rec	2UUY_lig
lightdock	luciferin_score	13.28648	2UUY_rec	2UUY_lig
lightdock	luciferin_score	13.17645	2UUY_rec	2UUY_lig
lightdock	luciferin_score	13.14371	2UUY_rec	2UUY_lig
lightdock	luciferin_score	12.94201	2UUY_rec	2UUY_lig
lightdock	luciferin_score	12.52161	2UUY_rec	2UUY_lig
lightdock	luciferin_score	12.37718	2UUY_rec	2UUY_lig
lightdock	luciferin_score	12.14806	2UUY_rec	2UUY_lig
lightdock	luciferin_score	11.95134	2UUY_rec	2UUY_lig
lightdock	luciferin_score	11.47325	2UUY_rec	2UUY_lig
lightdock	luciferin_score	11.29374	2UUY_rec	2UUY_lig
lightdock	luciferin_score	11.11577	2UUY_rec	2UUY_lig
lightdock	luciferin_score	10.56899	2UUY_rec	2UUY_lig
lightdock	luciferin_score	10.08622	2UUY_rec	2UUY_lig
lightdock	luciferin_score	9.68276	2UUY_rec	2UUY_lig
lightdock	luciferin_score	9.26922	2UUY_rec	2UUY_lig
lightdock	luciferin_score	9.01144	2UUY_rec	2UUY_lig
lightdock	luciferin_score	8.85355	2UUY_rec	2UUY_lig
lightdock	luciferin_score	8.47619	2UUY_rec	2UUY_lig
lightdock	luciferin_score	8.2344	2UUY_rec	2UUY_lig
lightdock	luciferin_score	8.21878	2UUY_rec	2UUY_lig
lightdock	luciferin_score	7.99224	2UUY_rec	2UUY_lig
lightdock	luciferin_score	7.49175	2UUY_rec	2UUY_lig
lightdock	luciferin_score	7.26155	2UUY_rec	2UUY_lig
lightdock	luciferin_score	7.02781	2UUY_rec	2UUY_lig
lightdock	luciferin_score	6.82917	2UUY_rec	2UUY_lig
lightdock	luciferin_score	6.63547	2UUY_rec	2UUY_lig
lightdock	luciferin_score	6.58791	2UUY_rec	2UUY_lig
lightdock	luciferin_score	6.26983	2UUY_rec	2UUY_lig
lightdock	luciferin_score	5.58406	2UUY_rec	2UUY_lig
lightdock	luciferin_score	4.94062	2UUY_rec	2UUY_lig
lightdock	luciferin_score	2.18132	2UUY_rec	2UUY_lig
lightdock	luciferin_score	0.66901	2UUY_rec	2UUY_lig
lightdock	luciferin_score	0.32019	2UUY_rec	2UUY_lig
lightdock	luciferin_score	-0.49646	2UUY_rec	2UUY_lig
lightdock	luciferin_score	-1.45874	2UUY_rec	2UUY_lig
lightdock	luciferin_score	-2.00918	2UUY_rec	2UUY_lig
lightdock	luciferin_score	-2.89589	2UUY_rec	2UUY_lig
lightdock	luciferin_score	-3.1064	2UUY_rec	2UUY_lig
lightdock	luciferin_score	-4.37137	2UUY_rec	2UUY_lig
lightdock	luciferin_score	-4.99213	2UUY_rec	2UUY_lig
lightdock	luciferin_score	-9.47989	2UUY_rec	2UUY_lig
lightdock	luciferin_score	-9.57828	2UUY_rec	2UUY_lig
lightdock	luciferin_score	-10.45242	2UUY_rec	2UUY_lig
lightdock	luciferin_score	-11.15622	2UUY_rec	2UUY_lig
lightdock	luciferin_score	-11.75654	2UUY_rec	2UUY_lig
lightdock	luciferin_score	-15.01071	2UUY_rec	2UUY_lig
lightdock	luciferin_score	-16.17945	2UUY_rec	2UUY_lig
lightdock	luciferin_score	-17.8838	2UUY_rec	2UUY_lig
lightdock	luciferin_score	-20.68697	2UUY_rec	2UUY_lig
lightdock	luciferin_score	-20.82602	2UUY_rec	2UUY_lig
lightdock	luciferin_score	-22.55529	2UUY_rec	2UUY_lig
lightdock	luciferin_score	-29.41199	2UUY_rec	2UUY_lig
lightdock	luciferin_score	-37.99768	2UUY_rec	2UUY_lig
lightdock	luciferin_score	-81.74128	2UUY_rec	2UUY_lig
lightdock	luciferin_score	16.11162	2UUY_rec	2UUY_lig
lightdock	luciferin_score	15.33326	2UUY_rec	2UUY_lig
lightdock	luciferin_score	14.54857	2UUY_rec	2UUY_lig
lightdock	luciferin_score	14.25196	2UUY_rec	2UUY_lig
lightdock	luciferin_score	13.72822	2UUY_rec	2UUY_lig
lightdock	luciferin_score	13.43849	2UUY_rec	2UUY_lig
lightdock	luciferin_score	13.24487	2UUY_rec	2UUY_lig
lightdock	luciferin_score	12.90766	2UUY_rec	2UUY_lig
lightdock	luciferin_score	12.72423	2UUY_rec	2UUY_lig
lightdock	luciferin_score	12.24657	2UUY_rec	2UUY_lig
lightdock	luciferin_score	12.0267	2UUY_rec	2UUY_lig
lightdock	luciferin_score	11.84564	2UUY_rec	2UUY_lig
lightdock	luciferin_score	11.77435	2UUY_rec	2UUY_lig
lightdock	luciferin_score	10.92092	2UUY_rec	2UUY_lig
lightdock	luciferin_score	10.63503	2UUY_rec	2UUY_lig
lightdock	luciferin_score	10.42465	2UUY_rec	2UUY_lig
lightdock	luciferin_score	9.82292	2UUY_rec	2UUY_lig
lightdock	luciferin_score	9.77649	2UUY_rec	2UUY_lig
lightdock	luciferin_score	9.41566	2UUY_rec	2UUY_lig
lightdock	luciferin_score	9.21253	2UUY_rec	2UUY_lig
lightdock	luciferin_score	8.66339	2UUY_rec	2UUY_lig
lightdock	luciferin_score	8.48549	2UUY_rec	2UUY_lig
lightdock	luciferin_score	7.92828	2UUY_rec	2UUY_lig
lightdock	luciferin_score	7.91093	2UUY_rec	2UUY_lig
lightdock	luciferin_score	7.09226	2UUY_rec	2UUY_lig
lightdock	luciferin_score	6.96662	2UUY_rec	2UUY_lig
lightdock	luciferin_score	6.77127	2UUY_rec	2UUY_lig
lightdock	luciferin_score	6.30296	2UUY_rec	2UUY_lig
lightdock	luciferin_score	5.8254	2UUY_rec	2UUY_lig
lightdock	luciferin_score	4.06995	2UUY_rec	2UUY_lig
lightdock	luciferin_score	3.8646	2UUY_rec	2UUY_lig
lightdock	luciferin_score	3.53629	2UUY_rec	2UUY_lig
lightdock	luciferin_score	3.07561	2UUY_rec	2UUY_lig
lightdock	luciferin_score	2.96911	2UUY_rec	2UUY_lig
lightdock	luciferin_score	2.96105	2UUY_rec	2UUY_lig
lightdock	luciferin_score	2.46619	2UUY_rec	2UUY_lig
lightdock	luciferin_score	2.34587	2UUY_rec	2UUY_lig
lightdock	luciferin_score	1.67152	2UUY_rec	2UUY_lig
lightdock	luciferin_score	-0.35774	2UUY_rec	2UUY_lig
lightdock	luciferin_score	-1.51228	2UUY_rec	2UUY_lig
lightdock	luciferin_score	-1.99425	2UUY_rec	2UUY_lig
lightdock	luciferin_score	-2.70313	2UUY_rec	2UUY_lig
lightdock	luciferin_score	-2.74537	2UUY_rec	2UUY_lig
lightdock	luciferin_score	-3.40675	2UUY_rec	2UUY_lig
lightdock	luciferin_score	-3.853	2UUY_rec	2UUY_lig
lightdock	luciferin_score	-4.003	2UUY_rec	2UUY_lig
lightdock	luciferin_score	-5.58266	2UUY_rec	2UUY_lig
lightdock	luciferin_score	-5.58447	2UUY_rec	2UUY_lig
lightdock	luciferin_score	-6.73906	2UUY_rec	2UUY_lig
lightdock	luciferin_score	-12.53642	2UUY_rec	2UUY_lig
lightdock	luciferin_score	-13.10532	2UUY_rec	2UUY_lig
lightdock	luciferin_score	-13.24933	2UUY_rec	2UUY_lig
lightdock	luciferin_score	-13.30381	2UUY_rec	2UUY_lig
lightdock	luciferin_score	-16.75562	2UUY_rec	2UUY_lig
lightdock	luciferin_score	-17.87927	2UUY_rec	2UUY_lig
lightdock	luciferin_score	-23.21909	2UUY_rec	2UUY_lig
lightdock	luciferin_score	-24.34184	2UUY_rec	2UUY_lig
lightdock	luciferin_score	-25.00626	2UUY_rec	2UUY_lig
lightdock	luciferin_score	-26.35415	2UUY_rec	2UUY_lig
lightdock	luciferin_score	-30.70918	2UUY_rec	2UUY_lig
lightdock	luciferin_score	-32.87952	2UUY_rec	2UUY_lig
lightdock	luciferin_score	-38.22496	2UUY_rec	2UUY_lig
lightdock	luciferin_score	-40.19573	2UUY_rec	2UUY_lig
lightdock	luciferin_score	-44.14055	2UUY_rec	2UUY_lig
lightdock	luciferin_score	-46.00276	2UUY_rec	2UUY_lig
lightdock	luciferin_score	-48.46741	2UUY_rec	2UUY_lig
lightdock	luciferin_score	-63.78198	2UUY_rec	2UUY_lig
lightdock	luciferin_score	-70.39759	2UUY_rec	2UUY_lig
lightdock	luciferin_score	-70.89014	2UUY_rec	2UUY_lig
lightdock	luciferin_score	-72.89737	2UUY_rec	2UUY_lig
lightdock	luciferin_score	-77.00348	2UUY_rec	2UUY_lig
lightdock	luciferin_score	17.67184	2UUY_rec	2UUY_lig
lightdock	luciferin_score	17.19922	2UUY_rec	2UUY_lig
lightdock	luciferin_score	16.9814	2UUY_rec	2UUY_lig
lightdock	luciferin_score	16.57917	2UUY_rec	2UUY_lig
lightdock	luciferin_score	16.42039	2UUY_rec	2UUY_lig
lightdock	luciferin_score	16.04938	2UUY_rec	2UUY_lig
lightdock	luciferin_score	15.63167	2UUY_rec	2UUY_lig
lightdock	luciferin_score	15.41126	2UUY_rec	2UUY_lig
lightdock	luciferin_score	15.05688	2UUY_rec	2UUY_lig
lightdock	luciferin_score	14.71321	2UUY_rec	2UUY_lig
lightdock	luciferin_score	13.7374	2UUY_rec	2UUY_lig
lightdock	luciferin_score	12.15153	2UUY_rec	2UUY_lig
lightdock	luciferin_score	12.10629	2UUY_rec	2UUY_lig
lightdock	luciferin_score	11.90095	2UUY_rec	2UUY_lig
lightdock	luciferin_score	11.82376	2UUY_rec	2UUY_lig
lightdock	luciferin_score	11.71857	2UUY_rec	2UUY_lig
lightdock	luciferin_score	11.6549	2UUY_rec	2UUY_lig
lightdock	luciferin_score	11.21758	2UUY_rec	2UUY_lig
lightdock	luciferin_score	11.16098	2UUY_rec	2UUY_lig
lightdock	luciferin_score	10.64652	2UUY_rec	2UUY_lig
lightdock	luciferin_score	10.30457	2UUY_rec	2UUY_lig
lightdock	luciferin_score	10.18358	2UUY_rec	2UUY_lig
lightdock	luciferin_score	10.01983	2UUY_rec	2UUY_lig
lightdock	luciferin_score	9.96003	2UUY_rec	2UUY_lig
lightdock	luciferin_score	9.74911	2UUY_rec	2UUY_lig
lightdock	luciferin_score	9.59348	2UUY_rec	2UUY_lig
lightdock	luciferin_score	9.57209	2UUY_rec	2UUY_lig
lightdock	luciferin_score	9.27444	2UUY_rec	2UUY_lig
lightdock	luciferin_score	9.06397	2UUY_rec	2UUY_lig
lightdock	luciferin_score	8.94272	2UUY_rec	2UUY_lig
lightdock	luciferin_score	8.90709	2UUY_rec	2UUY_lig
lightdock	luciferin_score	8.87025	2UUY_rec	2UUY_lig
lightdock	luciferin_score	8.81148	2UUY_rec	2UUY_lig
lightdock	luciferin_score	8.71971	2UUY_rec	2UUY_lig
lightdock	luciferin_score	8.66017	2UUY_rec	2UUY_lig
lightdock	luciferin_score	8.64752	2UUY_rec	2UUY_lig
lightdock	luciferin_score	8.23908	2UUY_rec	2UUY_lig
lightdock	luciferin_score	7.79993	2UUY_rec	2UUY_lig
lightdock	luciferin_score	7.64515	2UUY_rec	2UUY_lig
lightdock	luciferin_score	7.21144	2UUY_rec	2UUY_lig
lightdock	luciferin_score	6.41059	2UUY_rec	2UUY_lig
lightdock	luciferin_score	6.37078	2UUY_rec	2UUY_lig
lightdock	luciferin_score	6.00356	2UUY_rec	2UUY_lig
lightdock	luciferin_score	5.98607	2UUY_rec	2UUY_lig
lightdock	luciferin_score	5.24588	2UUY_rec	2UUY_lig
lightdock	luciferin_score	4.50308	2UUY_rec	2UUY_lig
lightdock	luciferin_score	3.28326	2UUY_rec	2UUY_lig
lightdock	luciferin_score	2.51952	2UUY_rec	2UUY_lig
lightdock	luciferin_score	2.10652	2UUY_rec	2UUY_lig
lightdock	luciferin_score	0.53067	2UUY_rec	2UUY_lig
lightdock	luciferin_score	0.2127	2UUY_rec	2UUY_lig
lightdock	luciferin_score	-2.89989	2UUY_rec	2UUY_lig
lightdock	luciferin_score	-3.15749	2UUY_rec	2UUY_lig
lightdock	luciferin_score	-5.03011	2UUY_rec	2UUY_lig
lightdock	luciferin_score	-6.6411	2UUY_rec	2UUY_lig
lightdock	luciferin_score	-9.96379	2UUY_rec	2UUY_lig
lightdock	luciferin_score	-10.08493	2UUY_rec	2UUY_lig
lightdock	luciferin_score	-10.24213	2UUY_rec	2UUY_lig
lightdock	luciferin_score	-11.96052	2UUY_rec	2UUY_lig
lightdock	luciferin_score	-12.20638	2UUY_rec	2UUY_lig
lightdock	luciferin_score	-14.56232	2UUY_rec	2UUY_lig
lightdock	luciferin_score	-32.42675	2UUY_rec	2UUY_lig
lightdock	luciferin_score	-33.6375	2UUY_rec	2UUY_lig
lightdock	luciferin_score	-38.95624	2UUY_rec	2UUY_lig
lightdock	luciferin_score	-43.7768	2UUY_rec	2UUY_lig
lightdock	luciferin_score	-44.37932	2UUY_rec	2UUY_lig
lightdock	luciferin_score	-47.23467	2UUY_rec	2UUY_lig
lightdock	luciferin_score	11.36046	2UUY_rec	2UUY_lig
lightdock	luciferin_score	10.65724	2UUY_rec	2UUY_lig
lightdock	luciferin_score	10.38959	2UUY_rec	2UUY_lig
lightdock	luciferin_score	9.99335	2UUY_rec	2UUY_lig
lightdock	luciferin_score	9.79935	2UUY_rec	2UUY_lig
lightdock	luciferin_score	9.70441	2UUY_rec	2UUY_lig
lightdock	luciferin_score	9.18282	2UUY_rec	2UUY_lig
lightdock	luciferin_score	9.06101	2UUY_rec	2UUY_lig
lightdock	luciferin_score	9.05972	2UUY_rec	2UUY_lig
lightdock	luciferin_score	8.94259	2UUY_rec	2UUY_lig
lightdock	luciferin_score	8.76116	2UUY_rec	2UUY_lig
lightdock	luciferin_score	8.71923	2UUY_rec	2UUY_lig
lightdock	luciferin_score	8.60325	2UUY_rec	2UUY_lig
lightdock	luciferin_score	8.36712	2UUY_rec	2UUY_lig
lightdock	luciferin_score	8.0274	2UUY_rec	2UUY_lig
lightdock	luciferin_score	8.02525	2UUY_rec	2UUY_lig
lightdock	luciferin_score	7.82428	2UUY_rec	2UUY_lig
lightdock	luciferin_score	7.59472	2UUY_rec	2UUY_lig
lightdock	luciferin_score	7.57689	2UUY_rec	2UUY_lig
lightdock	luciferin_score	7.44305	2UUY_rec	2UUY_lig
lightdock	luciferin_score	7.39237	2UUY_rec	2UUY_lig
lightdock	luciferin_score	7.34326	2UUY_rec	2UUY_lig
lightdock	luciferin_score	7.339	2UUY_rec	2UUY_lig
lightdock	luciferin_score	7.2791	2UUY_rec	2UUY_lig
lightdock	luciferin_score	6.95292	2UUY_rec	2UUY_lig
lightdock	luciferin_score	6.84319	2UUY_rec	2UUY_lig
lightdock	luciferin_score	6.38571	2UUY_rec	2UUY_lig
lightdock	luciferin_score	6.37371	2UUY_rec	2UUY_lig
lightdock	luciferin_score	6.18262	2UUY_rec	2UUY_lig
lightdock	luciferin_score	6.16967	2UUY_rec	2UUY_lig
lightdock	luciferin_score	6.01774	2UUY_rec	2UUY_lig
lightdock	luciferin_score	5.97547	2UUY_rec	2UUY_lig
lightdock	luciferin_score	5.97303	2UUY_rec	2UUY_lig
lightdock	luciferin_score	5.80886	2UUY_rec	2UUY_lig
lightdock	luciferin_score	5.76736	2UUY_rec	2UUY_lig
lightdock	luciferin_score	5.66354	2UUY_rec	2UUY_lig
lightdock	luciferin_score	5.58836	2UUY_rec	2UUY_lig
lightdock	luciferin_score	5.22889	2UUY_rec	2UUY_lig
lightdock	luciferin_score	4.70707	2UUY_rec	2UUY_lig
lightdock	luciferin_score	3.28986	2UUY_rec	2UUY_lig
lightdock	luciferin_score	1.35823	2UUY_rec	2UUY_lig
lightdock	luciferin_score	0.12212	2UUY_rec	2UUY_lig
lightdock	luciferin_score	-0.17194	2UUY_rec	2UUY_lig
lightdock	luciferin_score	-0.62448	2UUY_rec	2UUY_lig
lightdock	luciferin_score	-0.71289	2UUY_rec	2UUY_lig
lightdock	luciferin_score	-1.09347	2UUY_rec	2UUY_lig
lightdock	luciferin_score	-2.01875	2UUY_rec	2UUY_lig
lightdock	luciferin_score	-3.21635	2UUY_rec	2UUY_lig
lightdock	luciferin_score	-4.00269	2UUY_rec	2UUY_lig
lightdock	luciferin_score	-10.6398	2UUY_rec	2UUY_lig
lightdock	luciferin_score	-10.81288	2UUY_rec	2UUY_lig
lightdock	luciferin_score	-12.23594	2UUY_rec	2UUY_lig
lightdock	luciferin_score	-13.85007	2UUY_rec	2UUY_lig
lightdock	luciferin_score	-16.11605	2UUY_rec	2UUY_lig
lightdock	luciferin_score	-16.28809	2UUY_rec	2UUY_lig
lightdock	luciferin_score	-25.22644	2UUY_rec	2UUY_lig
lightdock	luciferin_score	-29.30753	2UUY_rec	2UUY_lig
lightdock	luciferin_score	-29.74175	2UUY_rec	2UUY_lig
lightdock	luciferin_score	-35.84209	2UUY_rec	2UUY_lig
lightdock	luciferin_score	-36.91351	2UUY_rec	2UUY_lig
lightdock	luciferin_score	-38.70457	2UUY_rec	2UUY_lig
lightdock	luciferin_score	16.63908	2UUY_rec	2UUY_lig
lightdock	luciferin_score	15.84483	2UUY_rec	2UUY_lig
lightdock	luciferin_score	14.16461	2UUY_rec	2UUY_lig
lightdock	luciferin_score	13.86043	2UUY_rec	2UUY_lig
lightdock	luciferin_score	13.61337	2UUY_rec	2UUY_lig
lightdock	luciferin_score	13.38172	2UUY_rec	2UUY_lig
lightdock	luciferin_score	12.09685	2UUY_rec	2UUY_lig
lightdock	luciferin_score	11.72695	2UUY_rec	2UUY_lig
lightdock	luciferin_score	11.37394	2UUY_rec	2UUY_lig
lightdock	luciferin_score	11.30962	2UUY_rec	2UUY_lig
lightdock	luciferin_score	11.28942	2UUY_rec	2UUY_lig
lightdock	luciferin_score	10.90502	2UUY_rec	2UUY_lig
lightdock	luciferin_score	10.66558	2UUY_rec	2UUY_lig
lightdock	luciferin_score	10.56665	2UUY_rec	2UUY_lig
lightdock	luciferin_score	10.50372	2UUY_rec	2UUY_lig
lightdock	luciferin_score	9.97347	2UUY_rec	2UUY_lig
lightdock	luciferin_score	9.95956	2UUY_rec	2UUY_lig
lightdock	luciferin_score	9.76908	2UUY_rec	2UUY_lig
lightdock	luciferin_score	9.72725	2UUY_rec	2UUY_lig
lightdock	luciferin_score	9.69462	2UUY_rec	2UUY_lig
lightdock	luciferin_score	9.53979	2UUY_rec	2UUY_lig
lightdock	luciferin_score	9.47529	2UUY_rec	2UUY_lig
lightdock	luciferin_score	9.19304	2UUY_rec	2UUY_lig
lightdock	luciferin_score	9.13116	2UUY_rec	2UUY_lig
lightdock	luciferin_score	9.00268	2UUY_rec	2UUY_lig
lightdock	luciferin_score	8.38971	2UUY_rec	2UUY_lig
lightdock	luciferin_score	8.33712	2UUY_rec	2UUY_lig
lightdock	luciferin_score	8.33516	2UUY_rec	2UUY_lig
lightdock	luciferin_score	7.87655	2UUY_rec	2UUY_lig
lightdock	luciferin_score	7.73173	2UUY_rec	2UUY_lig
lightdock	luciferin_score	7.67451	2UUY_rec	2UUY_lig
lightdock	luciferin_score	7.67366	2UUY_rec	2UUY_lig
lightdock	luciferin_score	7.45749	2UUY_rec	2UUY_lig
lightdock	luciferin_score	7.27987	2UUY_rec	2UUY_lig
lightdock	luciferin_score	7.1249	2UUY_rec	2UUY_lig
lightdock	luciferin_score	6.95114	2UUY_rec	2UUY_lig
lightdock	luciferin_score	6.65135	2UUY_rec	2UUY_lig
lightdock	luciferin_score	6.58005	2UUY_rec	2UUY_lig
lightdock	luciferin_score	6.43455	2UUY_rec	2UUY_lig
lightdock	luciferin_score	6.3469	2UUY_rec	2UUY_lig
lightdock	luciferin_score	6.15456	2UUY_rec	2UUY_lig
lightdock	luciferin_score	5.5845	2UUY_rec	2UUY_lig
lightdock	luciferin_score	5.54808	2UUY_rec	2UUY_lig
lightdock	luciferin_score	5.4305	2UUY_rec	2UUY_lig
lightdock	luciferin_score	5.37309	2UUY_rec	2UUY_lig
lightdock	luciferin_score	2.86691	2UUY_rec	2UUY_lig
lightdock	luciferin_score	-0.35205	2UUY_rec	2UUY_lig
lightdock	luciferin_score	-3.11751	2UUY_rec	2UUY_lig
lightdock	luciferin_score	-3.40168	2UUY_rec	2UUY_lig
lightdock	luciferin_score	-3.58428	2UUY_rec	2UUY_lig
lightdock	luciferin_score	-5.31986	2UUY_rec	2UUY_lig
lightdock	luciferin_score	-6.07379	2UUY_rec	2UUY_lig
lightdock	luciferin_score	-6.28049	2UUY_rec	2UUY_lig
lightdock	luciferin_score	-7.215	2UUY_rec	2UUY_lig
lightdock	luciferin_score	-8.35494	2UUY_rec	2UUY_lig
lightdock	luciferin_score	-10.03643	2UUY_rec	2UUY_lig
lightdock	luciferin_score	-11.72996	2UUY_rec	2UUY_lig
lightdock	luciferin_score	-12.52313	2UUY_rec	2UUY_lig
lightdock	luciferin_score	-13.8006	2UUY_rec	2UUY_lig
lightdock	luciferin_score	-14.89156	2UUY_rec	2UUY_lig
lightdock	luciferin_score	-16.14662	2UUY_rec	2UUY_lig
lightdock	luciferin_score	-18.92805	2UUY_rec	2UUY_lig
lightdock	luciferin_score	-19.04333	2UUY_rec	2UUY_lig
lightdock	luciferin_score	-24.31547	2UUY_rec	2UUY_lig
lightdock	luciferin_score	-28.17083	2UUY_rec	2UUY_lig
lightdock	luciferin_score	-28.98526	2UUY_rec	2UUY_lig
lightdock	luciferin_score	-29.35484	2UUY_rec	2UUY_lig
lightdock	luciferin_score	-33.50197	2UUY_rec	2UUY_lig
lightdock	luciferin_score	-39.57972	2UUY_rec	2UUY_lig
lightdock	luciferin_score	-44.17896	2UUY_rec	2UUY_lig
lightdock	luciferin_score	-53.82351	2UUY_rec	2UUY_lig
lightdock	luciferin_score	-56.80403	2UUY_rec	2UUY_lig
lightdock	luciferin_score	-60.75467	2UUY_rec	2UUY_lig
lightdock	luciferin_score	-62.7662	2UUY_rec	2UUY_lig
lightdock	luciferin_score	-81.78102	2UUY_rec	2UUY_lig
lightdock	luciferin_score	15.59641	2UUY_rec	2UUY_lig
lightdock	luciferin_score	15.42733	2UUY_rec	2UUY_lig
lightdock	luciferin_score	12.02799	2UUY_rec	2UUY_lig
lightdock	luciferin_score	11.89079	2UUY_rec	2UUY_lig
lightdock	luciferin_score	11.72177	2UUY_rec	2UUY_lig
lightdock	luciferin_score	11.42626	2UUY_rec	2UUY_lig
lightdock	luciferin_score	11.39083	2UUY_rec	2UUY_lig
lightdock	luciferin_score	11.27113	2UUY_rec	2UUY_lig
lightdock	luciferin_score	11.23887	2UUY_rec	2UUY_lig
lightdock	luciferin_score	11.16652	2UUY_rec	2UUY_lig
lightdock	luciferin_score	11.15532	2UUY_rec	2UUY_lig
lightdock	luciferin_score	11.02301	2UUY_rec	2UUY_lig
lightdock	luciferin_score	10.60239	2UUY_rec	2UUY_lig
lightdock	luciferin_score	10.41308	2UUY_rec	2UUY_lig
lightdock	luciferin_score	10.11752	2UUY_rec	2UUY_lig
lightdock	luciferin_score	9.78718	2UUY_rec	2UUY_lig
lightdock	luciferin_score	9.75799	2UUY_rec	2UUY_lig
lightdock	luciferin_score	9.74373	2UUY_rec	2UUY_lig
lightdock	luciferin_score	9.58765	2UUY_rec	2UUY_lig
lightdock	luciferin_score	9.52383	2UUY_rec	2UUY_lig
lightdock	luciferin_score	9.44753	2UUY_rec	2UUY_lig
lightdock	luciferin_score	9.31041	2UUY_rec	2UUY_lig
lightdock	luciferin_score	8.97303	2UUY_rec	2UUY_lig
lightdock	luciferin_score	8.93913	2UUY_rec	2UUY_lig
lightdock	luciferin_score	8.87404	2UUY_rec	2UUY_lig
lightdock	luciferin_score	8.76079	2UUY_rec	2UUY_lig
lightdock	luciferin_score	8.75614	2UUY_rec	2UUY_lig
lightdock	luciferin_score	8.74187	2UUY_rec	2UUY_lig
lightdock	luciferin_score	8.68129	2UUY_rec	2UUY_lig
lightdock	luciferin_score	8.45227	2UUY_rec	2UUY_lig
lightdock	luciferin_score	8.2905	2UUY_rec	2UUY_lig
lightdock	luciferin_score	7.83174	2UUY_rec	2UUY_lig
lightdock	luciferin_score	7.72969	2UUY_rec	2UUY_lig
lightdock	luciferin_score	7.55219	2UUY_rec	2UUY_lig
lightdock	luciferin_score	7.54686	2UUY_rec	2UUY_lig
lightdock	luciferin_score	7.43368	2UUY_rec	2UUY_lig
lightdock	luciferin_score	7.11947	2UUY_rec	2UUY_lig
lightdock	luciferin_score	6.95647	2UUY_rec	2UUY_lig
lightdock	luciferin_score	6.15498	2UUY_rec	2UUY_lig
lightdock	luciferin_score	5.60876	2UUY_rec	2UUY_lig
lightdock	luciferin_score	4.52952	2UUY_rec	2UUY_lig
lightdock	luciferin_score	4.10903	2UUY_rec	2UUY_lig
lightdock	luciferin_score	3.91261	2UUY_rec	2UUY_lig
lightdock	luciferin_score	3.65193	2UUY_rec	2UUY_lig
lightdock	luciferin_score	1.84445	2UUY_rec	2UUY_lig
lightdock	luciferin_score	0.88491	2UUY_rec	2UUY_lig
lightdock	luciferin_score	0.32421	2UUY_rec	2UUY_lig
lightdock	luciferin_score	-0.3711	2UUY_rec	2UUY_lig
lightdock	luciferin_score	-0.95103	2UUY_rec	2UUY_lig
lightdock	luciferin_score	-2.98216	2UUY_rec	2UUY_lig
lightdock	luciferin_score	-3.01171	2UUY_rec	2UUY_lig
lightdock	luciferin_score	-3.6049	2UUY_rec	2UUY_lig
lightdock	luciferin_score	-3.83476	2UUY_rec	2UUY_lig
lightdock	luciferin_score	-7.78254	2UUY_rec	2UUY_lig
lightdock	luciferin_score	-11.42729	2UUY_rec	2UUY_lig
lightdock	luciferin_score	-17.7395	2UUY_rec	2UUY_lig
lightdock	luciferin_score	-21.6556	2UUY_rec	2UUY_lig
lightdock	luciferin_score	-21.80585	2UUY_rec	2UUY_lig
lightdock	luciferin_score	-29.2349	2UUY_rec	2UUY_lig
lightdock	luciferin_score	-30.64632	2UUY_rec	2UUY_lig
lightdock	luciferin_score	-31.86389	2UUY_rec	2UUY_lig
lightdock	luciferin_score	-32.73127	2UUY_rec	2UUY_lig
lightdock	luciferin_score	-42.54182	2UUY_rec	2UUY_lig
lightdock	luciferin_score	20.53705	2UUY_rec	2UUY_lig
lightdock	luciferin_score	16.0909	2UUY_rec	2UUY_lig
lightdock	luciferin_score	15.75509	2UUY_rec	2UUY_lig
lightdock	luciferin_score	15.1888	2UUY_rec	2UUY_lig
lightdock	luciferin_score	14.98402	2UUY_rec	2UUY_lig
lightdock	luciferin_score	14.77476	2UUY_rec	2UUY_lig
lightdock	luciferin_score	14.77401	2UUY_rec	2UUY_lig
lightdock	luciferin_score	14.69194	2UUY_rec	2UUY_lig
lightdock	luciferin_score	14.3839	2UUY_rec	2UUY_lig
lightdock	luciferin_score	14.32993	2UUY_rec	2UUY_lig
lightdock	luciferin_score	14.12449	2UUY_rec	2UUY_lig
lightdock	luciferin_score	14.0914	2UUY_rec	2UUY_lig
lightdock	luciferin_score	12.40574	2UUY_rec	2UUY_lig
lightdock	luciferin_score	12.29214	2UUY_rec	2UUY_lig
lightdock	luciferin_score	11.3681	2UUY_rec	2UUY_lig
lightdock	luciferin_score	10.93777	2UUY_rec	2UUY_lig
lightdock	luciferin_score	10.89583	2UUY_rec	2UUY_lig
lightdock	luciferin_score	10.87369	2UUY_rec	2UUY_lig
lightdock	luciferin_score	10.83984	2UUY_rec	2UUY_lig
lightdock	luciferin_score	10.72886	2UUY_rec	2UUY_lig
lightdock	luciferin_score	10.6415	2UUY_rec	2UUY_lig
lightdock	luciferin_score	10.55751	2UUY_rec	2UUY_lig
lightdock	luciferin_score	9.72781	2UUY_rec	2UUY_lig
lightdock	luciferin_score	9.46646	2UUY_rec	2UUY_lig
lightdock	luciferin_score	9.40661	2UUY_rec	2UUY_lig
lightdock	luciferin_score	9.25739	2UUY_rec	2UUY_lig
lightdock	luciferin_score	9.02361	2UUY_rec	2UUY_lig
lightdock	luciferin_score	8.69509	2UUY_rec	2UUY_lig
lightdock	luciferin_score	8.62826	2UUY_rec	2UUY_lig
lightdock	luciferin_score	8.32755	2UUY_rec	2UUY_lig
lightdock	luciferin_score	7.20357	2UUY_rec	2UUY_lig
lightdock	luciferin_score	7.1395	2UUY_rec	2UUY_lig
lightdock	luciferin_score	7.02121	2UUY_rec	2UUY_lig
lightdock	luciferin_score	6.64502	2UUY_rec	2UUY_lig
lightdock	luciferin_score	5.85723	2UUY_rec	2UUY_lig
lightdock	luciferin_score	5.69926	2UUY_rec	2UUY_lig
lightdock	luciferin_score	5.49404	2UUY_rec	2UUY_lig
lightdock	luciferin_score	5.36003	2UUY_rec	2UUY_lig
lightdock	luciferin_score	4.94863	2UUY_rec	2UUY_lig
lightdock	luciferin_score	4.92625	2UUY_rec	2UUY_lig
lightdock	luciferin_score	4.63113	2UUY_rec	2UUY_lig
lightdock	luciferin_score	4.29314	2UUY_rec	2UUY_lig
lightdock	luciferin_score	3.14683	2UUY_rec	2UUY_lig
lightdock	luciferin_score	1.62037	2UUY_rec	2UUY_lig
lightdock	luciferin_score	-0.41319	2UUY_rec	2UUY_lig
lightdock	luciferin_score	-0.87368	2UUY_rec	2UUY_lig
lightdock	luciferin_score	-1.64603	2UUY_rec	2UUY_lig
lightdock	luciferin_score	-2.48082	2UUY_rec	2UUY_lig
lightdock	luciferin_score	-5.07823	2UUY_rec	2UUY_lig
lightdock	luciferin_score	-6.69155	2UUY_rec	2UUY_lig
lightdock	luciferin_score	-7.90042	2UUY_rec	2UUY_lig
lightdock	luciferin_score	-10.67462	2UUY_rec	2UUY_lig
lightdock	luciferin_score	-12.25633	2UUY_rec	2UUY_lig
lightdock	luciferin_score	-18.18871	2UUY_rec	2UUY_lig
lightdock	luciferin_score	-19.81955	2UUY_rec	2UUY_lig
lightdock	luciferin_score	-24.22496	2UUY_rec	2UUY_lig
lightdock	luciferin_score	-25.62166	2UUY_rec	2UUY_lig
lightdock	luciferin_score	-25.79474	2UUY_rec	2UUY_lig
lightdock	luciferin_score	-29.70146	2UUY_rec	2UUY_lig
lightdock	luciferin_score	-35.6135	2UUY_rec	2UUY_lig
lightdock	luciferin_score	-36.89808	2UUY_rec	2UUY_lig
lightdock	luciferin_score	-37.24751	2UUY_rec	2UUY_lig
lightdock	luciferin_score	-48.1992	2UUY_rec	2UUY_lig
lightdock	luciferin_score	-50.08223	2UUY_rec	2UUY_lig
lightdock	luciferin_score	-50.75915	2UUY_rec	2UUY_lig
lightdock	luciferin_score	16.2818	2UUY_rec	2UUY_lig
lightdock	luciferin_score	13.92661	2UUY_rec	2UUY_lig
lightdock	luciferin_score	13.87097	2UUY_rec	2UUY_lig
lightdock	luciferin_score	13.61643	2UUY_rec	2UUY_lig
lightdock	luciferin_score	13.4577	2UUY_rec	2UUY_lig
lightdock	luciferin_score	12.52142	2UUY_rec	2UUY_lig
lightdock	luciferin_score	11.70545	2UUY_rec	2UUY_lig
lightdock	luciferin_score	11.65984	2UUY_rec	2UUY_lig
lightdock	luciferin_score	11.07421	2UUY_rec	2UUY_lig
lightdock	luciferin_score	10.673	2UUY_rec	2UUY_lig
lightdock	luciferin_score	10.58178	2UUY_rec	2UUY_lig
lightdock	luciferin_score	10.35753	2UUY_rec	2UUY_lig
lightdock	luciferin_score	10.15263	2UUY_rec	2UUY_lig
lightdock	luciferin_score	9.75811	2UUY_rec	2UUY_lig
lightdock	luciferin_score	9.48239	2UUY_rec	2UUY_lig
lightdock	luciferin_score	9.46334	2UUY_rec	2UUY_lig
lightdock	luciferin_score	9.30009	2UUY_rec	2UUY_lig
lightdock	luciferin_score	9.18658	2UUY_rec	2UUY_lig
lightdock	luciferin_score	8.78221	2UUY_rec	2UUY_lig
lightdock	luciferin_score	8.60951	2UUY_rec	2UUY_lig
lightdock	luciferin_score	8.36522	2UUY_rec	2UUY_lig
lightdock	luciferin_score	8.35946	2UUY_rec	2UUY_lig
lightdock	luciferin_score	8.33516	2UUY_rec	2UUY_lig
lightdock	luciferin_score	8.11416	2UUY_rec	2UUY_lig
lightdock	luciferin_score	8.0636	2UUY_rec	2UUY_lig
lightdock	luciferin_score	8.05119	2UUY_rec	2UUY_lig
lightdock	luciferin_score	7.9369	2UUY_rec	2UUY_lig
lightdock	luciferin_score	7.76977	2UUY_rec	2UUY_lig
lightdock	luciferin_score	7.62074	2UUY_rec	2UUY_lig
lightdock	luciferin_score	7.26102	2UUY_rec	2UUY_lig
lightdock	luciferin_score	7.14811	2UUY_rec	2UUY_lig
lightdock	luciferin_score	7.12729	2UUY_rec	2UUY_lig
lightdock	luciferin_score	7.12699	2UUY_rec	2UUY_lig
lightdock	luciferin_score	7.08372	2UUY_rec	2UUY_lig
lightdock	luciferin_score	6.95135	2UUY_rec	2UUY_lig
lightdock	luciferin_score	6.43905	2UUY_rec	2UUY_lig
lightdock	luciferin_score	6.25495	2UUY_rec	2UUY_lig
lightdock	luciferin_score	6.10305	2UUY_rec	2UUY_lig
lightdock	luciferin_score	5.90699	2UUY_rec	2UUY_lig
lightdock	luciferin_score	5.5825	2UUY_rec	2UUY_lig
lightdock	luciferin_score	4.91834	2UUY_rec	2UUY_lig
lightdock	luciferin_score	4.75894	2UUY_rec	2UUY_lig
lightdock	luciferin_score	4.42355	2UUY_rec	2UUY_lig
lightdock	luciferin_score	3.88426	2UUY_rec	2UUY_lig
lightdock	luciferin_score	3.14408	2UUY_rec	2UUY_lig
lightdock	luciferin_score	2.96595	2UUY_rec	2UUY_lig
lightdock	luciferin_score	2.92272	2UUY_rec	2UUY_lig
lightdock	luciferin_score	1.56346	2UUY_rec	2UUY_lig
lightdock	luciferin_score	1.47797	2UUY_rec	2UUY_lig
lightdock	luciferin_score	-0.60005	2UUY_rec	2UUY_lig
lightdock	luciferin_score	-4.67904	2UUY_rec	2UUY_lig
lightdock	luciferin_score	-5.93976	2UUY_rec	2UUY_lig
lightdock	luciferin_score	-6.02413	2UUY_rec	2UUY_lig
lightdock	luciferin_score	-6.31297	2UUY_rec	2UUY_lig
lightdock	luciferin_score	-6.76033	2UUY_rec	2UUY_lig
lightdock	luciferin_score	-8.03367	2UUY_rec	2UUY_lig
lightdock	luciferin_score	-10.69568	2UUY_rec	2UUY_lig
lightdock	luciferin_score	-11.03415	2UUY_rec	2UUY_lig
lightdock	luciferin_score	-11.36385	2UUY_rec	2UUY_lig
lightdock	luciferin_score	-18.74411	2UUY_rec	2UUY_lig
lightdock	luciferin_score	-25.50845	2UUY_rec	2UUY_lig
lightdock	luciferin_score	-26.18208	2UUY_rec	2UUY_lig
lightdock	luciferin_score	-29.27311	2UUY_rec	2UUY_lig
lightdock	luciferin_score	-36.97792	2UUY_rec	2UUY_lig
lightdock	luciferin_score	-43.74739	2UUY_rec	2UUY_lig
lightdock	luciferin_score	-50.55149	2UUY_rec	2UUY_lig
lightdock	luciferin_score	-61.49503	2UUY_rec	2UUY_lig
lightdock	luciferin_score	16.44065	2UUY_rec	2UUY_lig
lightdock	luciferin_score	16.42211	2UUY_rec	2UUY_lig
lightdock	luciferin_score	16.32546	2UUY_rec	2UUY_lig
lightdock	luciferin_score	15.95246	2UUY_rec	2UUY_lig
lightdock	luciferin_score	15.91533	2UUY_rec	2UUY_lig
lightdock	luciferin_score	15.48783	2UUY_rec	2UUY_lig
lightdock	luciferin_score	14.03142	2UUY_rec	2UUY_lig
lightdock	luciferin_score	13.01754	2UUY_rec	2UUY_lig
lightdock	luciferin_score	12.47284	2UUY_rec	2UUY_lig
lightdock	luciferin_score	12.23209	2UUY_rec	2UUY_lig
lightdock	luciferin_score	11.57999	2UUY_rec	2UUY_lig
lightdock	luciferin_score	11.32629	2UUY_rec	2UUY_lig
lightdock	luciferin_score	11.16146	2UUY_rec	2UUY_lig
lightdock	luciferin_score	10.96599	2UUY_rec	2UUY_lig
lightdock	luciferin_score	10.65464	2UUY_rec	2UUY_lig
lightdock	luciferin_score	10.62994	2UUY_rec	2UUY_lig
lightdock	luciferin_score	10.4946	2UUY_rec	2UUY_lig
lightdock	luciferin_score	10.39456	2UUY_rec	2UUY_lig
lightdock	luciferin_score	10.22095	2UUY_rec	2UUY_lig
lightdock	luciferin_score	10.21113	2UUY_rec	2UUY_lig
lightdock	luciferin_score	10.17957	2UUY_rec	2UUY_lig
lightdock	luciferin_score	9.46669	2UUY_rec	2UUY_lig
lightdock	luciferin_score	9.38581	2UUY_rec	2UUY_lig
lightdock	luciferin_score	9.38292	2UUY_rec	2UUY_lig
lightdock	luciferin_score	9.34765	2UUY_rec	2UUY_lig
lightdock	luciferin_score	9.17412	2UUY_rec	2UUY_lig
lightdock	luciferin_score	9.11195	2UUY_rec	2UUY_lig
lightdock	luciferin_score	8.97499	2UUY_rec	2UUY_lig
lightdock	luciferin_score	8.94459	2UUY_rec	2UUY_lig
lightdock	luciferin_score	8.72375	2UUY_rec	2UUY_lig
lightdock	luciferin_score	8.55423	2UUY_rec	2UUY_lig
lightdock	luciferin_score	8.44742	2UUY_rec	2UUY_lig
lightdock	luciferin_score	8.3955	2UUY_rec	2UUY_lig
lightdock	luciferin_score	8.32937	2UUY_rec	2UUY_lig
lightdock	luciferin_score	8.28522	2UUY_rec	2UUY_lig
lightdock	luciferin_score	7.81166	2UUY_rec	2UUY_lig
lightdock	luciferin_score	7.78639	2UUY_rec	2UUY_lig
lightdock	luciferin_score	7.58376	2UUY_rec	2UUY_lig
lightdock	luciferin_score	7.53724	2UUY_rec	2UUY_lig
lightdock	luciferin_score	7.37152	2UUY_rec	2UUY_lig
lightdock	luciferin_score	7.23437	2UUY_rec	2UUY_lig
lightdock	luciferin_score	7.16818	2UUY_rec	2UUY_lig
lightdock	luciferin_score	7.16202	2UUY_rec	2UUY_lig
lightdock	luciferin_score	7.13121	2UUY_rec	2UUY_lig
lightdock	luciferin_score	6.7514	2UUY_rec	2UUY_lig
lightdock	luciferin_score	6.53964	2UUY_rec	2UUY_lig
lightdock	luciferin_score	6.41633	2UUY_rec	2UUY_lig
lightdock	luciferin_score	6.31924	2UUY_rec	2UUY_lig
lightdock	luciferin_score	6.28447	2UUY_rec	2UUY_lig
lightdock	luciferin_score	6.20618	2UUY_rec	2UUY_lig
lightdock	luciferin_score	6.07877	2UUY_rec	2UUY_lig
lightdock	luciferin_score	5.78554	2UUY_rec	2UUY_lig
lightdock	luciferin_score	5.61989	2UUY_rec	2UUY_lig
lightdock	luciferin_score	5.34359	2UUY_rec	2UUY_lig
lightdock	luciferin_score	5.15424	2UUY_rec	2UUY_lig
lightdock	luciferin_score	1.38131	2UUY_rec	2UUY_lig
lightdock	luciferin_score	1.20138	2UUY_rec	2UUY_lig
lightdock	luciferin_score	0.178	2UUY_rec	2UUY_lig
lightdock	luciferin_score	-0.30957	2UUY_rec	2UUY_lig
lightdock	luciferin_score	-0.69043	2UUY_rec	2UUY_lig
lightdock	luciferin_score	-0.75063	2UUY_rec	2UUY_lig
lightdock	luciferin_score	-1.18119	2UUY_rec	2UUY_lig
lightdock	luciferin_score	-1.50346	2UUY_rec	2UUY_lig
lightdock	luciferin_score	-2.70153	2UUY_rec	2UUY_lig
lightdock	luciferin_score	-3.22912	2UUY_rec	2UUY_lig
lightdock	luciferin_score	-3.27844	2UUY_rec	2UUY_lig
lightdock	luciferin_score	-5.76632	2UUY_rec	2UUY_lig
lightdock	luciferin_score	-6.39918	2UUY_rec	2UUY_lig
lightdock	luciferin_score	-13.42833	2UUY_rec	2UUY_lig
lightdock	luciferin_score	-14.17575	2UUY_rec	2UUY_lig
lightdock	luciferin_score	-14.38214	2UUY_rec	2UUY_lig
lightdock	luciferin_score	-14.54035	2UUY_rec	2UUY_lig
lightdock	luciferin_score	-16.67727	2UUY_rec	2UUY_lig
lightdock	luciferin_score	14.38557	2UUY_rec	2UUY_lig
lightdock	luciferin_score	13.41368	2UUY_rec	2UUY_lig
lightdock	luciferin_score	13.26546	2UUY_rec	2UUY_lig
lightdock	luciferin_score	12.52133	2UUY_rec	2UUY_lig
lightdock	luciferin_score	12.2865	2UUY_rec	2UUY_lig
lightdock	luciferin_score	12.18648	2UUY_rec	2UUY_lig
lightdock	luciferin_score	11.9806	2UUY_rec	2UUY_lig
lightdock	luciferin_score	10.91102	2UUY_rec	2UUY_lig
lightdock	luciferin_score	10.90152	2UUY_rec	2UUY_lig
lightdock	luciferin_score	10.74875	2UUY_rec	2UUY_lig
lightdock	luciferin_score	10.55009	2UUY_rec	2UUY_lig
lightdock	luciferin_score	10.50991	2UUY_rec	2UUY_lig
lightdock	luciferin_score	10.39844	2UUY_rec	2UUY_lig
lightdock	luciferin_score	10.39486	2UUY_rec	2UUY_lig
lightdock	luciferin_score	10.33361	2UUY_rec	2UUY_lig
lightdock	luciferin_score	10.05263	2UUY_rec	2UUY_lig
lightdock	luciferin_score	10.02557	2UUY_rec	2UUY_lig
lightdock	luciferin_score	9.90389	2UUY_rec	2UUY_lig
lightdock	luciferin_score	9.84463	2UUY_rec	2UUY_lig
lightdock	luciferin_score	9.59083	2UUY_rec	2UUY_lig
lightdock	luciferin_score	9.26846	2UUY_rec	2UUY_lig
lightdock	luciferin_score	9.03336	2UUY_rec	2UUY_lig
lightdock	luciferin_score	8.88985	2UUY_rec	2UUY_lig
lightdock	luciferin_score	8.84422	2UUY_rec	2UUY_lig
lightdock	luciferin_score	8.62866	2UUY_rec	2UUY_lig
lightdock	luciferin_score	8.30655	2UUY_rec	2UUY_lig
lightdock	luciferin_score	8.27786	2UUY_rec	2UUY_lig
lightdock	luciferin_score	8.24366	2UUY_rec	2UUY_lig
lightdock	luciferin_score	8.23511	2UUY_rec	2UUY_lig
lightdock	luciferin_score	8.18742	2UUY_rec	2UUY_lig
lightdock	luciferin_score	7.85749	2UUY_rec	2UUY_lig
lightdock	luciferin_score	7.79607	2UUY_rec	2UUY_lig
lightdock	luciferin_score	7.50705	2UUY_rec	2UUY_lig
lightdock	luciferin_score	6.84937	2UUY_rec	2UUY_lig
lightdock	luciferin_score	6.74647	2UUY_rec	2UUY_lig
lightdock	luciferin_score	6.54602	2UUY_rec	2UUY_lig
lightdock	luciferin_score	6.31036	2UUY_rec	2UUY_lig
lightdock	luciferin_score	6.15879	2UUY_rec	2UUY_lig
lightdock	luciferin_score	5.30568	2UUY_rec	2UUY_lig
lightdock	luciferin_score	5.20758	2UUY_rec	2UUY_lig
lightdock	luciferin_score	4.58839	2UUY_rec	2UUY_lig
lightdock	luciferin_score	4.43288	2UUY_rec	2UUY_lig
lightdock	luciferin_score	4.06515	2UUY_rec	2UUY_lig
lightdock	luciferin_score	3.84994	2UUY_rec	2UUY_lig
lightdock	luciferin_score	3.76001	2UUY_rec	2UUY_lig
lightdock	luciferin_score	2.86224	2UUY_rec	2UUY_lig
lightdock	luciferin_score	2.38092	2UUY_rec	2UUY_lig
lightdock	luciferin_score	2.25381	2UUY_rec	2UUY_lig
lightdock	luciferin_score	0.9542	2UUY_rec	2UUY_lig
lightdock	luciferin_score	-0.70698	2UUY_rec	2UUY_lig
lightdock	luciferin_score	-0.90457	2UUY_rec	2UUY_lig
lightdock	luciferin_score	-1.66215	2UUY_rec	2UUY_lig
lightdock	luciferin_score	-2.37367	2UUY_rec	2UUY_lig
lightdock	luciferin_score	-3.65797	2UUY_rec	2UUY_lig
lightdock	luciferin_score	-4.23135	2UUY_rec	2UUY_lig
lightdock	luciferin_score	-6.2447	2UUY_rec	2UUY_lig
lightdock	luciferin_score	-8.77558	2UUY_rec	2UUY_lig
lightdock	luciferin_score	-9.5948	2UUY_rec	2UUY_lig
lightdock	luciferin_score	-11.31938	2UUY_rec	2UUY_lig
lightdock	luciferin_score	-13.09151	2UUY_rec	2UUY_lig
lightdock	luciferin_score	-13.5699	2UUY_rec	2UUY_lig
lightdock	luciferin_score	-20.92688	2UUY_rec	2UUY_lig
lightdock	luciferin_score	-24.01319	2UUY_rec	2UUY_lig
lightdock	luciferin_score	-33.42083	2UUY_rec	2UUY_lig
lightdock	luciferin_score	-34.4473	2UUY_rec	2UUY_lig
lightdock	luciferin_score	-47.06471	2UUY_rec	2UUY_lig
lightdock	luciferin_score	-49.59814	2UUY_rec	2UUY_lig
lightdock	luciferin_score	-56.27385	2UUY_rec	2UUY_lig
lightdock	luciferin_score	-59.9337	2UUY_rec	2UUY_lig
lightdock	luciferin_score	-61.0288	2UUY_rec	2UUY_lig
lightdock	luciferin_score	-65.72409	2UUY_rec	2UUY_lig
lightdock	luciferin_score	-76.58958	2UUY_rec	2UUY_lig
lightdock	luciferin_score	16.57488	2UUY_rec	2UUY_lig
lightdock	luciferin_score	16.07694	2UUY_rec	2UUY_lig
lightdock	luciferin_score	15.85868	2UUY_rec	2UUY_lig
lightdock	luciferin_score	14.63587	2UUY_rec	2UUY_lig
lightdock	luciferin_score	14.62231	2UUY_rec	2UUY_lig
lightdock	luciferin_score	14.60591	2UUY_rec	2UUY_lig
lightdock	luciferin_score	13.89938	2UUY_rec	2UUY_lig
lightdock	luciferin_score	13.11784	2UUY_rec	2UUY_lig
lightdock	luciferin_score	13.05074	2UUY_rec	2UUY_lig
lightdock	luciferin_score	12.01189	2UUY_rec	2UUY_lig
lightdock	luciferin_score	11.90368	2UUY_rec	2UUY_lig
lightdock	luciferin_score	11.27517	2UUY_rec	2UUY_lig
lightdock	luciferin_score	10.85427	2UUY_rec	2UUY_lig
lightdock	luciferin_score	10.65845	2UUY_rec	2UUY_lig
lightdock	luciferin_score	9.70102	2UUY_rec	2UUY_lig
lightdock	luciferin_score	9.67104	2UUY_rec	2UUY_lig
lightdock	luciferin_score	9.65745	2UUY_rec	2UUY_lig
lightdock	luciferin_score	9.30165	2UUY_rec	2UUY_lig
lightdock	luciferin_score	8.96509	2UUY_rec	2UUY_lig
lightdock	luciferin_score	8.63573	2UUY_rec	2UUY_lig
lightdock	luciferin_score	8.5512	2UUY_rec	2UUY_lig
lightdock	luciferin_score	8.09545	2UUY_rec	2UUY_lig
lightdock	luciferin_score	8.01669	2UUY_rec	2UUY_lig
lightdock	luciferin_score	7.19675	2UUY_rec	2UUY_lig
lightdock	luciferin_score	7.15093	2UUY_rec	2UUY_lig
lightdock	luciferin_score	6.81573	2UUY_rec	2UUY_lig
lightdock	luciferin_score	6.52476	2UUY_rec	2UUY_lig
lightdock	luciferin_score	6.29947	2UUY_rec	2UUY_lig
lightdock	luciferin_score	6.1639	2UUY_rec	2UUY_lig
lightdock	luciferin_score	6.12117	2UUY_rec	2UUY_lig
lightdock	luciferin_score	3.9473	2UUY_rec	2UUY_lig
lightdock	luciferin_score	3.58183	2UUY_rec	2UUY_lig
lightdock	luciferin_score	3.49894	2UUY_rec	2UUY_lig
lightdock	luciferin_score	3.28297	2UUY_rec	2UUY_lig
lightdock	luciferin_score	2.63772	2UUY_rec	2UUY_lig
lightdock	luciferin_score	1.69812	2UUY_rec	2UUY_lig
lightdock	luciferin_score	1.58678	2UUY_rec	2UUY_lig
lightdock	luciferin_score	1.01542	2UUY_rec	2UUY_lig
lightdock	luciferin_score	0.51388	2UUY_rec	2UUY_lig
lightdock	luciferin_score	0.16816	2UUY_rec	2UUY_lig
lightdock	luciferin_score	0.15391	2UUY_rec	2UUY_lig
lightdock	luciferin_score	-0.48151	2UUY_rec	2UUY_lig
lightdock	luciferin_score	-1.25414	2UUY_rec	2UUY_lig
lightdock	luciferin_score	-1.72458	2UUY_rec	2UUY_lig
lightdock	luciferin_score	-2.23677	2UUY_rec	2UUY_lig
lightdock	luciferin_score	-8.71975	2UUY_rec	2UUY_lig
lightdock	luciferin_score	-10.73778	2UUY_rec	2UUY_lig
lightdock	luciferin_score	-11.49165	2UUY_rec	2UUY_lig
lightdock	luciferin_score	-13.98138	2UUY_rec	2UUY_lig
lightdock	luciferin_score	-21.10348	2UUY_rec	2UUY_lig
lightdock	luciferin_score	-21.72538	2UUY_rec	2UUY_lig
lightdock	luciferin_score	-22.42957	2UUY_rec	2UUY_lig
lightdock	luciferin_score	-27.2833	2UUY_rec	2UUY_lig
lightdock	luciferin_score	-33.14636	2UUY_rec	2UUY_lig
lightdock	luciferin_score	-35.62874	2UUY_rec	2UUY_lig
lightdock	luciferin_score	-37.07394	2UUY_rec	2UUY_lig
lightdock	luciferin_score	-41.83074	2UUY_rec	2UUY_lig
lightdock	luciferin_score	-47.06893	2UUY_rec	2UUY_lig
lightdock	luciferin_score	-51.69686	2UUY_rec	2UUY_lig
lightdock	luciferin_score	-52.2323	2UUY_rec	2UUY_lig
lightdock	luciferin_score	-53.37047	2UUY_rec	2UUY_lig
lightdock	luciferin_score	-62.2364	2UUY_rec	2UUY_lig
lightdock	luciferin_score	-62.60571	2UUY_rec	2UUY_lig
lightdock	luciferin_score	-72.58492	2UUY_rec	2UUY_lig
lightdock	luciferin_score	-81.29191	2UUY_rec	2UUY_lig
lightdock	luciferin_score	14.56623	2UUY_rec	2UUY_lig
lightdock	luciferin_score	12.71501	2UUY_rec	2UUY_lig
lightdock	luciferin_score	12.52909	2UUY_rec	2UUY_lig
lightdock	luciferin_score	11.65128	2UUY_rec	2UUY_lig
lightdock	luciferin_score	11.56354	2UUY_rec	2UUY_lig
lightdock	luciferin_score	11.48908	2UUY_rec	2UUY_lig
lightdock	luciferin_score	11.43516	2UUY_rec	2UUY_lig
lightdock	luciferin_score	11.22589	2UUY_rec	2UUY_lig
lightdock	luciferin_score	11.16764	2UUY_rec	2UUY_lig
lightdock	luciferin_score	11.0002	2UUY_rec	2UUY_lig
lightdock	luciferin_score	10.99738	2UUY_rec	2UUY_lig
lightdock	luciferin_score	10.95425	2UUY_rec	2UUY_lig
lightdock	luciferin_score	10.60472	2UUY_rec	2UUY_lig
lightdock	luciferin_score	10.4772	2UUY_rec	2UUY_lig
lightdock	luciferin_score	10.4228	2UUY_rec	2UUY_lig
lightdock	luciferin_score	9.82883	2UUY_rec	2UUY_lig
lightdock	luciferin_score	9.12955	2UUY_rec	2UUY_lig
lightdock	luciferin_score	8.89455	2UUY_rec	2UUY_lig
lightdock	luciferin_score	8.74051	2UUY_rec	2UUY_lig
lightdock	luciferin_score	8.70783	2UUY_rec	2UUY_lig
lightdock	luciferin_score	8.66151	2UUY_rec	2UUY_lig
lightdock	luciferin_score	8.55915	2UUY_rec	2UUY_lig
lightdock	luciferin_score	8.41142	2UUY_rec	2UUY_lig
lightdock	luciferin_score	8.36653	2UUY_rec	2UUY_lig
lightdock	luciferin_score	8.35972	2UUY_rec	2UUY_lig
lightdock	luciferin_score	8.32399	2UUY_rec	2UUY_lig
lightdock	luciferin_score	8.22368	2UUY_rec	2UUY_lig
lightdock	luciferin_score	8.22275	2UUY_rec	2UUY_lig
lightdock	luciferin_score	8.09838	2UUY_rec	2UUY_lig
lightdock	luciferin_score	7.9852	2UUY_rec	2UUY_lig
lightdock	luciferin_score	7.95379	2UUY_rec	2UUY_lig
lightdock	luciferin_score	7.80795	2UUY_rec	2UUY_lig
lightdock	luciferin_score	7.33947	2UUY_rec	2UUY_lig
lightdock	luciferin_score	7.31432	2UUY_rec	2UUY_lig
lightdock	luciferin_score	7.22735	2UUY_rec	2UUY_lig
lightdock	luciferin_score	7.08925	2UUY_rec	2UUY_lig
lightdock	luciferin_score	7.05177	2UUY_rec	2UUY_lig
lightdock	luciferin_score	6.86385	2UUY_rec	2UUY_lig
lightdock	luciferin_score	6.75684	2UUY_rec	2UUY_lig
lightdock	luciferin_score	6.57886	2UUY_rec	2UUY_lig
lightdock	luciferin_score	6.57781	2UUY_rec	2UUY_lig
lightdock	luciferin_score	6.36195	2UUY_rec	2UUY_lig
lightdock	luciferin_score	6.17067	2UUY_rec	2UUY_lig
lightdock	luciferin_score	5.86079	2UUY_rec	2UUY_lig
lightdock	luciferin_score	5.82284	2UUY_rec	2UUY_lig
lightdock	luciferin_score	5.76495	2UUY_rec	2UUY_lig
lightdock	luciferin_score	4.9939	2UUY_rec	2UUY_lig
lightdock	luciferin_score	2.51466	2UUY_rec	2UUY_lig
lightdock	luciferin_score	2.31459	2UUY_rec	2UUY_lig
lightdock	luciferin_score	2.16397	2UUY_rec	2UUY_lig
lightdock	luciferin_score	1.47831	2UUY_rec	2UUY_lig
lightdock	luciferin_score	1.28478	2UUY_rec	2UUY_lig
lightdock	luciferin_score	0.83301	2UUY_rec	2UUY_lig
lightdock	luciferin_score	0.82972	2UUY_rec	2UUY_lig
lightdock	luciferin_score	0.71838	2UUY_rec	2UUY_lig
lightdock	luciferin_score	0.26298	2UUY_rec	2UUY_lig
lightdock	luciferin_score	-0.37748	2UUY_rec	2UUY_lig
lightdock	luciferin_score	-0.68042	2UUY_rec	2UUY_lig
lightdock	luciferin_score	-3.0757	2UUY_rec	2UUY_lig
lightdock	luciferin_score	-3.09376	2UUY_rec	2UUY_lig
lightdock	luciferin_score	-3.82238	2UUY_rec	2UUY_lig
lightdock	luciferin_score	-4.95112	2UUY_rec	2UUY_lig
lightdock	luciferin_score	-5.88917	2UUY_rec	2UUY_lig
lightdock	luciferin_score	-18.05644	2UUY_rec	2UUY_lig
lightdock	luciferin_score	-23.08739	2UUY_rec	2UUY_lig
lightdock	luciferin_score	-24.52255	2UUY_rec	2UUY_lig
lightdock	luciferin_score	-31.2472	2UUY_rec	2UUY_lig
lightdock	luciferin_score	-39.32161	2UUY_rec	2UUY_lig
lightdock	luciferin_score	-50.921	2UUY_rec	2UUY_lig
lightdock	luciferin_score	24.42209	2UUY_rec	2UUY_lig
lightdock	luciferin_score	17.62346	2UUY_rec	2UUY_lig
lightdock	luciferin_score	15.84665	2UUY_rec	2UUY_lig
lightdock	luciferin_score	15.2485	2UUY_rec	2UUY_lig
lightdock	luciferin_score	13.74394	2UUY_rec	2UUY_lig
lightdock	luciferin_score	12.94389	2UUY_rec	2UUY_lig
lightdock	luciferin_score	12.62924	2UUY_rec	2UUY_lig
lightdock	luciferin_score	12.15516	2UUY_rec	2UUY_lig
lightdock	luciferin_score	11.83513	2UUY_rec	2UUY_lig
lightdock	luciferin_score	11.53159	2UUY_rec	2UUY_lig
lightdock	luciferin_score	11.48394	2UUY_rec	2UUY_lig
lightdock	luciferin_score	11.48097	2UUY_rec	2UUY_lig
lightdock	luciferin_score	11.06199	2UUY_rec	2UUY_lig
lightdock	luciferin_score	10.87031	2UUY_rec	2UUY_lig
lightdock	luciferin_score	10.84508	2UUY_rec	2UUY_lig
lightdock	luciferin_score	10.78828	2UUY_rec	2UUY_lig
lightdock	luciferin_score	10.62669	2UUY_rec	2UUY_lig
lightdock	luciferin_score	10.51949	2UUY_rec	2UUY_lig
lightdock	luciferin_score	10.29501	2UUY_rec	2UUY_lig
lightdock	luciferin_score	10.24405	2UUY_rec	2UUY_lig
lightdock	luciferin_score	9.93594	2UUY_rec	2UUY_lig
lightdock	luciferin_score	9.75846	2UUY_rec	2UUY_lig
lightdock	luciferin_score	9.52242	2UUY_rec	2UUY_lig
lightdock	luciferin_score	9.41389	2UUY_rec	2UUY_lig
lightdock	luciferin_score	9.18019	2UUY_rec	2UUY_lig
lightdock	luciferin_score	8.99252	2UUY_rec	2UUY_lig
lightdock	luciferin_score	8.64755	2UUY_rec	2UUY_lig
lightdock	luciferin_score	8.3167	2UUY_rec	2UUY_lig
lightdock	luciferin_score	7.65765	2UUY_rec	2UUY_lig
lightdock	luciferin_score	7.49852	2UUY_rec	2UUY_lig
lightdock	luciferin_score	7.37877	2UUY_rec	2UUY_lig
lightdock	luciferin_score	7.2041	2UUY_rec	2UUY_lig
lightdock	luciferin_score	7.13257	2UUY_rec	2UUY_lig
lightdock	luciferin_score	6.45974	2UUY_rec	2UUY_lig
lightdock	luciferin_score	6.01849	2UUY_rec	2UUY_lig
lightdock	luciferin_score	5.73238	2UUY_rec	2UUY_lig
lightdock	luciferin_score	5.68982	2UUY_rec	2UUY_lig
lightdock	luciferin_score	5.45683	2UUY_rec	2UUY_lig
lightdock	luciferin_score	5.09128	2UUY_rec	2UUY_lig
lightdock	luciferin_score	4.87939	2UUY_rec	2UUY_lig
lightdock	luciferin_score	4.83269	2UUY_rec	2UUY_lig
lightdock	luciferin_score	4.76492	2UUY_rec	2UUY_lig
lightdock	luciferin_score	4.63003	2UUY_rec	2UUY_lig
lightdock	luciferin_score	4.42867	2UUY_rec	2UUY_lig
lightdock	luciferin_score	2.19704	2UUY_rec	2UUY_lig
lightdock	luciferin_score	1.5755	2UUY_rec	2UUY_lig
lightdock	luciferin_score	0.50178	2UUY_rec	2UUY_lig
lightdock	luciferin_score	0.07043	2UUY_rec	2UUY_lig
lightdock	luciferin_score	-0.01626	2UUY_rec	2UUY_lig
lightdock	luciferin_score	-0.68426	2UUY_rec	2UUY_lig
lightdock	luciferin_score	-2.60818	2UUY_rec	2UUY_lig
lightdock	luciferin_score	-2.89313	2UUY_rec	2UUY_lig
lightdock	luciferin_score	-4.69345	2UUY_rec	2UUY_lig
lightdock	luciferin_score	-6.05295	2UUY_rec	2UUY_lig
lightdock	luciferin_score	-7.36352	2UUY_rec	2UUY_lig
lightdock	luciferin_score	-13.66556	2UUY_rec	2UUY_lig
lightdock	luciferin_score	-24.6337	2UUY_rec	2UUY_lig
lightdock	luciferin_score	-28.0962	2UUY_rec	2UUY_lig
lightdock	luciferin_score	-30.74726	2UUY_rec	2UUY_lig
lightdock	luciferin_score	-42.44574	2UUY_rec	2UUY_lig
lightdock	luciferin_score	-56.24023	2UUY_rec	2UUY_lig
lightdock	luciferin_score	16.98395	2UUY_rec	2UUY_lig
lightdock	luciferin_score	16.80457	2UUY_rec	2UUY_lig
lightdock	luciferin_score	15.41391	2UUY_rec	2UUY_lig
lightdock	luciferin_score	14.5069	2UUY_rec	2UUY_lig
lightdock	luciferin_score	14.32847	2UUY_rec	2UUY_lig
lightdock	luciferin_score	14.04467	2UUY_rec	2UUY_lig
lightdock	luciferin_score	13.75626	2UUY_rec	2UUY_lig
lightdock	luciferin_score	12.85798	2UUY_rec	2UUY_lig
lightdock	luciferin_score	11.93013	2UUY_rec	2UUY_lig
lightdock	luciferin_score	11.69176	2UUY_rec	2UUY_lig
lightdock	luciferin_score	11.549	2UUY_rec	2UUY_lig
lightdock	luciferin_score	11.31844	2UUY_rec	2UUY_lig
lightdock	luciferin_score	11.12844	2UUY_rec	2UUY_lig
lightdock	luciferin_score	11.03064	2UUY_rec	2UUY_lig
lightdock	luciferin_score	10.71593	2UUY_rec	2UUY_lig
lightdock	luciferin_score	10.49392	2UUY_rec	2UUY_lig
lightdock	luciferin_score	10.42632	2UUY_rec	2UUY_lig
lightdock	luciferin_score	10.10245	2UUY_rec	2UUY_lig
lightdock	luciferin_score	9.9296	2UUY_rec	2UUY_lig
lightdock	luciferin_score	9.65237	2UUY_rec	2UUY_lig
lightdock	luciferin_score	9.63471	2UUY_rec	2UUY_lig
lightdock	luciferin_score	9.52131	2UUY_rec	2UUY_lig
lightdock	luciferin_score	9.4921	2UUY_rec	2UUY_lig
lightdock	luciferin_score	9.41999	2UUY_rec	2UUY_lig
lightdock	luciferin_score	9.13323	2UUY_rec	2UUY_lig
lightdock	luciferin_score	8.95852	2UUY_rec	2UUY_lig
lightdock	luciferin_score	8.78427	2UUY_rec	2UUY_lig
lightdock	luciferin_score	8.65741	2UUY_rec	2UUY_lig
lightdock	luciferin_score	8.61798	2UUY_rec	2UUY_lig
lightdock	luciferin_score	8.1409	2UUY_rec	2UUY_lig
lightdock	luciferin_score	7.49447	2UUY_rec	2UUY_lig
lightdock	luciferin_score	7.46869	2UUY_rec	2UUY_lig
lightdock	luciferin_score	7.33124	2UUY_rec	2UUY_lig
lightdock	luciferin_score	7.32661	2UUY_rec	2UUY_lig
lightdock	luciferin_score	7.30367	2UUY_rec	2UUY_lig
lightdock	luciferin_score	7.27563	2UUY_rec	2UUY_lig
lightdock	luciferin_score	6.88488	2UUY_rec	2UUY_lig
lightdock	luciferin_score	6.82318	2UUY_rec	2UUY_lig
lightdock	luciferin_score	6.60505	2UUY_rec	2UUY_lig
lightdock	luciferin_score	6.32817	2UUY_rec	2UUY_lig
lightdock	luciferin_score	5.97686	2UUY_rec	2UUY_lig
lightdock	luciferin_score	5.57843	2UUY_rec	2UUY_lig
lightdock	luciferin_score	5.46033	2UUY_rec	2UUY_lig
lightdock	luciferin_score	4.92474	2UUY_rec	2UUY_lig
lightdock	luciferin_score	4.01394	2UUY_rec	2UUY_lig
lightdock	luciferin_score	3.68372	2UUY_rec	2UUY_lig
lightdock	luciferin_score	3.47794	2UUY_rec	2UUY_lig
lightdock	luciferin_score	2.19541	2UUY_rec	2UUY_lig
lightdock	luciferin_score	2.0657	2UUY_rec	2UUY_lig
lightdock	luciferin_score	0.1637	2UUY_rec	2UUY_lig
lightdock	luciferin_score	-2.78737	2UUY_rec	2UUY_lig
lightdock	luciferin_score	-8.51261	2UUY_rec	2UUY_lig
lightdock	luciferin_score	-11.05839	2UUY_rec	2UUY_lig
lightdock	luciferin_score	-20.5812	2UUY_rec	2UUY_lig
lightdock	luciferin_score	-28.24838	2UUY_rec	2UUY_lig
lightdock	luciferin_score	-29.66683	2UUY_rec	2UUY_lig
lightdock	luciferin_score	-30.21441	2UUY_rec	2UUY_lig
lightdock	luciferin_score	-36.60972	2UUY_rec	2UUY_lig
lightdock	luciferin_score	-38.63935	2UUY_rec	2UUY_lig
lightdock	luciferin_score	-39.688	2UUY_rec	2UUY_lig
lightdock	luciferin_score	14.04901	2UUY_rec	2UUY_lig
lightdock	luciferin_score	13.68922	2UUY_rec	2UUY_lig
lightdock	luciferin_score	13.07777	2UUY_rec	2UUY_lig
lightdock	luciferin_score	12.95339	2UUY_rec	2UUY_lig
lightdock	luciferin_score	12.61704	2UUY_rec	2UUY_lig
lightdock	luciferin_score	12.18049	2UUY_rec	2UUY_lig
lightdock	luciferin_score	11.47451	2UUY_rec	2UUY_lig
lightdock	luciferin_score	11.28232	2UUY_rec	2UUY_lig
lightdock	luciferin_score	10.72573	2UUY_rec	2UUY_lig
lightdock	luciferin_score	10.31988	2UUY_rec	2UUY_lig
lightdock	luciferin_score	9.90403	2UUY_rec	2UUY_lig
lightdock	luciferin_score	9.87602	2UUY_rec	2UUY_lig
lightdock	luciferin_score	9.8333	2UUY_rec	2UUY_lig
lightdock	luciferin_score	9.72082	2UUY_rec	2UUY_lig
lightdock	luciferin_score	9.64104	2UUY_rec	2UUY_lig
lightdock	luciferin_score	9.47121	2UUY_rec	2UUY_lig
lightdock	luciferin_score	9.26068	2UUY_rec	2UUY_lig
lightdock	luciferin_score	9.13131	2UUY_rec	2UUY_lig
lightdock	luciferin_score	8.96531	2UUY_rec	2UUY_lig
lightdock	luciferin_score	8.69594	2UUY_rec	2UUY_lig
lightdock	luciferin_score	8.56175	2UUY_rec	2UUY_lig
lightdock	luciferin_score	8.54462	2UUY_rec	2UUY_lig
lightdock	luciferin_score	8.45555	2UUY_rec	2UUY_lig
lightdock	luciferin_score	8.29682	2UUY_rec	2UUY_lig
lightdock	luciferin_score	8.21659	2UUY_rec	2UUY_lig
lightdock	luciferin_score	8.15114	2UUY_rec	2UUY_lig
lightdock	luciferin_score	8.09185	2UUY_rec	2UUY_lig
lightdock	luciferin_score	8.05848	2UUY_rec	2UUY_lig
lightdock	luciferin_score	7.99441	2UUY_rec	2UUY_lig
lightdock	luciferin_score	7.92648	2UUY_rec	2UUY_lig
lightdock	luciferin_score	7.9143	2UUY_rec	2UUY_lig
lightdock	luciferin_score	7.8468	2UUY_rec	2UUY_lig
lightdock	luciferin_score	7.79448	2UUY_rec	2UUY_lig
lightdock	luciferin_score	7.76112	2UUY_rec	2UUY_lig
lightdock	luciferin_score	7.5466	2UUY_rec	2UUY_lig
lightdock	luciferin_score	7.5013	2UUY_rec	2UUY_lig
lightdock	luciferin_score	7.42841	2UUY_rec	2UUY_lig
lightdock	luciferin_score	7.23349	2UUY_rec	2UUY_lig
lightdock	luciferin_score	7.09478	2UUY_rec	2UUY_lig
lightdock	luciferin_score	6.83989	2UUY_rec	2UUY_lig
lightdock	luciferin_score	6.73113	2UUY_rec	2UUY_lig
lightdock	luciferin_score	6.67901	2UUY_rec	2UUY_lig
lightdock	luciferin_score	6.42315	2UUY_rec	2UUY_lig
lightdock	luciferin_score	6.24279	2UUY_rec	2UUY_lig
lightdock	luciferin_score	6.17968	2UUY_rec	2UUY_lig
lightdock	luciferin_score	6.14077	2UUY_rec	2UUY_lig
lightdock	luciferin_score	6.10718	2UUY_rec	2UUY_lig
lightdock	luciferin_score	6.09679	2UUY_rec	2UUY_lig
lightdock	luciferin_score	6.03568	2UUY_rec	2UUY_lig
lightdock	luciferin_score	5.92174	2UUY_rec	2UUY_lig
lightdock	luciferin_score	5.81372	2UUY_rec	2UUY_lig
lightdock	luciferin_score	5.75856	2UUY_rec	2UUY_lig
lightdock	luciferin_score	5.7207	2UUY_rec	2UUY_lig
lightdock	luciferin_score	5.71215	2UUY_rec	2UUY_lig
lightdock	luciferin_score	5.56226	2UUY_rec	2UUY_lig
lightdock	luciferin_score	5.48311	2UUY_rec	2UUY_lig
lightdock	luciferin_score	5.40222	2UUY_rec	2UUY_lig
lightdock	luciferin_score	5.16595	2UUY_rec	2UUY_lig
lightdock	luciferin_score	4.95484	2UUY_rec	2UUY_lig
lightdock	luciferin_score	3.68278	2UUY_rec	2UUY_lig
lightdock	luciferin_score	3.1285	2UUY_rec	2UUY_lig
lightdock	luciferin_score	1.35975	2UUY_rec	2UUY_lig
lightdock	luciferin_score	-1.69465	2UUY_rec	2UUY_lig
lightdock	luciferin_score	-3.54466	2UUY_rec	2UUY_lig
lightdock	luciferin_score	-10.39664	2UUY_rec	2UUY_lig
lightdock	luciferin_score	-19.11918	2UUY_rec	2UUY_lig
lightdock	luciferin_score	-22.83978	2UUY_rec	2UUY_lig
lightdock	luciferin_score	-27.79582	2UUY_rec	2UUY_lig
lightdock	luciferin_score	-34.34291	2UUY_rec	2UUY_lig
lightdock	luciferin_score	-52.37553	2UUY_rec	2UUY_lig
lightdock	luciferin_score	16.1158	2UUY_rec	2UUY_lig
lightdock	luciferin_score	15.88818	2UUY_rec	2UUY_lig
lightdock	luciferin_score	12.97113	2UUY_rec	2UUY_lig
lightdock	luciferin_score	12.54503	2UUY_rec	2UUY_lig
lightdock	luciferin_score	12.45296	2UUY_rec	2UUY_lig
lightdock	luciferin_score	11.00818	2UUY_rec	2UUY_lig
lightdock	luciferin_score	10.99303	2UUY_rec	2UUY_lig
lightdock	luciferin_score	10.96223	2UUY_rec	2UUY_lig
lightdock	luciferin_score	10.80248	2UUY_rec	2UUY_lig
lightdock	luciferin_score	10.64543	2UUY_rec	2UUY_lig
lightdock	luciferin_score	10.577	2UUY_rec	2UUY_lig
lightdock	luciferin_score	10.40063	2UUY_rec	2UUY_lig
lightdock	luciferin_score	9.64774	2UUY_rec	2UUY_lig
lightdock	luciferin_score	9.61921	2UUY_rec	2UUY_lig
lightdock	luciferin_score	9.4602	2UUY_rec	2UUY_lig
lightdock	luciferin_score	9.37484	2UUY_rec	2UUY_lig
lightdock	luciferin_score	9.03732	2UUY_rec	2UUY_lig
lightdock	luciferin_score	9.02504	2UUY_rec	2UUY_lig
lightdock	luciferin_score	8.98031	2UUY_rec	2UUY_lig
lightdock	luciferin_score	8.87907	2UUY_rec	2UUY_lig
lightdock	luciferin_score	8.52963	2UUY_rec	2UUY_lig
lightdock	luciferin_score	8.38155	2UUY_rec	2UUY_lig
lightdock	luciferin_score	8.19196	2UUY_rec	2UUY_lig
lightdock	luciferin_score	8.06487	2UUY_rec	2UUY_lig
lightdock	luciferin_score	7.97129	2UUY_rec	2UUY_lig
lightdock	luciferin_score	7.9484	2UUY_rec	2UUY_lig
lightdock	luciferin_score	7.77818	2UUY_rec	2UUY_lig
lightdock	luciferin_score	7.55319	2UUY_rec	2UUY_lig
lightdock	luciferin_score	7.40022	2UUY_rec	2UUY_lig
lightdock	luciferin_score	7.38554	2UUY_rec	2UUY_lig
lightdock	luciferin_score	7.36985	2UUY_rec	2UUY_lig
lightdock	luciferin_score	7.33677	2UUY_rec	2UUY_lig
lightdock	luciferin_score	6.85834	2UUY_rec	2UUY_lig
lightdock	luciferin_score	6.80404	2UUY_rec	2UUY_lig
lightdock	luciferin_score	6.75659	2UUY_rec	2UUY_lig
lightdock	luciferin_score	6.61267	2UUY_rec	2UUY_lig
lightdock	luciferin_score	6.23173	2UUY_rec	2UUY_lig
lightdock	luciferin_score	6.11067	2UUY_rec	2UUY_lig
lightdock	luciferin_score	6.07222	2UUY_rec	2UUY_lig
lightdock	luciferin_score	5.9896	2UUY_rec	2UUY_lig
lightdock	luciferin_score	5.80526	2UUY_rec	2UUY_lig
lightdock	luciferin_score	5.70478	2UUY_rec	2UUY_lig
lightdock	luciferin_score	5.66631	2UUY_rec	2UUY_lig
lightdock	luciferin_score	5.34658	2UUY_rec	2UUY_lig
lightdock	luciferin_score	5.15024	2UUY_rec	2UUY_lig
lightdock	luciferin_score	4.98686	2UUY_rec	2UUY_lig
lightdock	luciferin_score	4.18424	2UUY_rec	2UUY_lig
lightdock	luciferin_score	3.98087	2UUY_rec	2UUY_lig
lightdock	luciferin_score	3.62233	2UUY_rec	2UUY_lig
lightdock	luciferin_score	1.62999	2UUY_rec	2UUY_lig
lightdock	luciferin_score	1.26845	2UUY_rec	2UUY_lig
lightdock	luciferin_score	0.14516	2UUY_rec	2UUY_lig
lightdock	luciferin_score	-0.11974	2UUY_rec	2UUY_lig
lightdock	luciferin_score	-0.43723	2UUY_rec	2UUY_lig
lightdock	luciferin_score	-1.17022	2UUY_rec	2UUY_lig
lightdock	luciferin_score	-2.75048	2UUY_rec	2UUY_lig
lightdock	luciferin_score	-4.58926	2UUY_rec	2UUY_lig
lightdock	luciferin_score	-5.29913	2UUY_rec	2UUY_lig
lightdock	luciferin_score	-6.57928	2UUY_rec	2UUY_lig
lightdock	luciferin_score	-6.87526	2UUY_rec	2UUY_lig
lightdock	luciferin_score	-9.86423	2UUY_rec	2UUY_lig
lightdock	luciferin_score	-11.88335	2UUY_rec	2UUY_lig
lightdock	luciferin_score	-16.16758	2UUY_rec	2UUY_lig
lightdock	luciferin_score	-24.7577	2UUY_rec	2UUY_lig
lightdock	luciferin_score	-47.26282	2UUY_rec	2UUY_lig
haddock	score	-111.962	e2aP_1F3G	hpr_ensemble
haddock	score	-104.823	e2aP_1F3G	hpr_ensemble
haddock	score	-101.345	e2aP_1F3G	hpr_ensemble
haddock	score	-92.673	e2aP_1F3G	hpr_ensemble
haddock	score	-84.35	e2aP_1F3G	hpr_ensemble
haddock	dockq	0.543	e2aP_1F3G	hpr_ensemble
haddock	dockq	0.818	e2aP_1F3G	hpr_ensemble
haddock	dockq	0.11	e2aP_1F3G	hpr_ensemble
haddock	dockq	0.13	e2aP_1F3G	hpr_ensemble
haddock	dockq	0.542	e2aP_1F3G	hpr_ensemble
haddock	irmsd	1.982	e2aP_1F3G	hpr_ensemble
haddock	irmsd	1.026	e2aP_1F3G	hpr_ensemble
haddock	irmsd	10.889	e2aP_1F3G	hpr_ensemble
haddock	irmsd	8.255	e2aP_1F3G	hpr_ensemble
haddock	irmsd	2.007	e2aP_1F3G	hpr_ensemble
haddock	fnat	0.528	e2aP_1F3G	hpr_ensemble
haddock	fnat	0.833	e2aP_1F3G	hpr_ensemble
haddock	fnat	0.139	e2aP_1F3G	hpr_ensemble
haddock	fnat	0.139	e2aP_1F3G	hpr_ensemble
haddock	fnat	0.472	e2aP_1F3G	hpr_ensemble
haddock	lrmsd	5.08	e2aP_1F3G	hpr_ensemble
haddock	lrmsd	2.161	e2aP_1F3G	hpr_ensemble
haddock	lrmsd	18.666	e2aP_1F3G	hpr_ensemble
haddock	lrmsd	16.028	e2aP_1F3G	hpr_ensemble
haddock	lrmsd	4.316	e2aP_1F3G	hpr_ensemble
rosetta	total_score	-193.477	COL_D	IMM_D
rosetta	i_sc	-1.084	COL_D	IMM_D
rosetta	irms	18.072	COL_D	IMM_D
rosetta	fnat	0.0	COL_D	IMM_D
rosetta	rms	38.107	COL_D	IMM_D
