model	score_type	score_value	proteinA	proteinB	swarm	cluster_id	cluster_pop	source
lightdock	luciferin_score	19.98826	2UUY_rec	2UUY_lig	swarm_0	0.0	2.0	
lightdock	luciferin_score	14.54226	2UUY_rec	2UUY_lig	swarm_0	1.0	6.0	
lightdock	luciferin_score	14.43661	2UUY_rec	2UUY_lig	swarm_0	2.0	1.0	
lightdock	luciferin_score	13.86074	2UUY_rec	2UUY_lig	swarm_0	3.0	5.0	
lightdock	luciferin_score	13.58423	2UUY_rec	2UUY_lig	swarm_0	4.0	7.0	
lightdock	luciferin_score	13.57117	2UUY_rec	2UUY_lig	swarm_0	5.0	6.0	
lightdock	luciferin_score	13.50271	2UUY_rec	2UUY_lig	swarm_0	6.0	4.0	
lightdock	luciferin_score	13.24866	2UUY_rec	2UUY_lig	swarm_0	7.0	5.0	
lightdock	luciferin_score	13.23528	2UUY_rec	2UUY_lig	swarm_0	8.0	2.0	
lightdock	luciferin_score	13.17675	2UUY_rec	2UUY_lig	swarm_0	9.0	5.0	
lightdock	luciferin_score	12.98822	2UUY_rec	2UUY_lig	swarm_0	10.0	1.0	
lightdock	luciferin_score	12.75508	2UUY_rec	2UUY_lig	swarm_0	11.0	6.0	
lightdock	luciferin_score	12.65418	2UUY_rec	2UUY_lig	swarm_0	12.0	30.0	
lightdock	luciferin_score	11.79807	2UUY_rec	2UUY_lig	swarm_0	13.0	1.0	
lightdock	luciferin_score	11.43943	2UUY_rec	2UUY_lig	swarm_0	14.0	2.0	
lightdock	luciferin_score	11.42054	2UUY_rec	2UUY_lig	swarm_0	15.0	8.0	
lightdock	luciferin_score	11.33977	2UUY_rec	2UUY_lig	swarm_0	16.0	4.0	
lightdock	luciferin_score	11.00751	2UUY_rec	2UUY_lig	swarm_0	17.0	2.0	
lightdock	luciferin_score	10.85265	2UUY_rec	2UUY_lig	swarm_0	18.0	1.0	
lightdock	luciferin_score	10.80569	2UUY_rec	2UUY_lig	swarm_0	19.0	5.0	
lightdock	luciferin_score	10.77528	2UUY_rec	2UUY_lig	swarm_0	20.0	3.0	
lightdock	luciferin_score	10.52227	2UUY_rec	2UUY_lig	swarm_0	21.0	4.0	
lightdock	luciferin_score	10.19799	2UUY_rec	2UUY_lig	swarm_0	22.0	6.0	
lightdock	luciferin_score	9.88801	2UUY_rec	2UUY_lig	swarm_0	23.0	2.0	
lightdock	luciferin_score	9.67095	2UUY_rec	2UUY_lig	swarm_0	24.0	3.0	
lightdock	luciferin_score	9.62647	2UUY_rec	2UUY_lig	swarm_0	25.0	2.0	
lightdock	luciferin_score	9.56513	2UUY_rec	2UUY_lig	swarm_0	26.0	6.0	
lightdock	luciferin_score	9.08329	2UUY_rec	2UUY_lig	swarm_0	27.0	1.0	
lightdock	luciferin_score	8.87479	2UUY_rec	2UUY_lig	swarm_0	28.0	3.0	
lightdock	luciferin_score	7.95412	2UUY_rec	2UUY_lig	swarm_0	29.0	1.0	
lightdock	luciferin_score	7.8194	2UUY_rec	2UUY_lig	swarm_0	30.0	1.0	
lightdock	luciferin_score	7.56254	2UUY_rec	2UUY_lig	swarm_0	31.0	8.0	
lightdock	luciferin_score	6.75114	2UUY_rec	2UUY_lig	swarm_0	32.0	1.0	
lightdock	luciferin_score	6.57414	2UUY_rec	2UUY_lig	swarm_0	33.0	1.0	
lightdock	luciferin_score	4.63929	2UUY_rec	2UUY_lig	swarm_0	34.0	2.0	
lightdock	luciferin_score	1.76024	2UUY_rec	2UUY_lig	swarm_0	35.0	1.0	
lightdock	luciferin_score	0.92829	2UUY_rec	2UUY_lig	swarm_0	36.0	3.0	
lightdock	luciferin_score	0.76962	2UUY_rec	2UUY_lig	swarm_0	37.0	2.0	
lightdock	luciferin_score	0.33319	2UUY_rec	2UUY_lig	swarm_0	38.0	2.0	
lightdock	luciferin_score	0.18861	2UUY_rec	2UUY_lig	swarm_0	39.0	1.0	
lightdock	luciferin_score	-1.98394	2UUY_rec	2UUY_lig	swarm_0	40.0	1.0	
lightdock	luciferin_score	-3.75139	2UUY_rec	2UUY_lig	swarm_0	41.0	2.0	
lightdock	luciferin_score	-4.29756	2UUY_rec	2UUY_lig	swarm_0	42.0	2.0	
lightdock	luciferin_score	-4.5803	2UUY_rec	2UUY_lig	swarm_0	43.0	2.0	
lightdock	luciferin_score	-7.35249	2UUY_rec	2UUY_lig	swarm_0	44.0	4.0	
lightdock	luciferin_score	-7.83683	2UUY_rec	2UUY_lig	swarm_0	45.0	1.0	
lightdock	luciferin_score	-8.4979	2UUY_rec	2UUY_lig	swarm_0	46.0	3.0	
lightdock	luciferin_score	-8.96204	2UUY_rec	2UUY_lig	swarm_0	47.0	1.0	
lightdock	luciferin_score	-9.9135	2UUY_rec	2UUY_lig	swarm_0	48.0	2.0	
lightdock	luciferin_score	-13.73719	2UUY_rec	2UUY_lig	swarm_0	49.0	3.0	
lightdock	luciferin_score	-14.80364	2UUY_rec	2UUY_lig	swarm_0	50.0	5.0	
lightdock	luciferin_score	-15.25085	2UUY_rec	2UUY_lig	swarm_0	51.0	1.0	
lightdock	luciferin_score	-19.12565	2UUY_rec	2UUY_lig	swarm_0	52.0	4.0	
lightdock	luciferin_score	-31.27892	2UUY_rec	2UUY_lig	swarm_0	53.0	2.0	
lightdock	luciferin_score	-31.61555	2UUY_rec	2UUY_lig	swarm_0	54.0	1.0	
lightdock	luciferin_score	-37.05521	2UUY_rec	2UUY_lig	swarm_0	55.0	1.0	
lightdock	luciferin_score	-42.02268	2UUY_rec	2UUY_lig	swarm_0	56.0	1.0	
lightdock	luciferin_score	-45.58809	2UUY_rec	2UUY_lig	swarm_0	57.0	1.0	
lightdock	luciferin_score	-47.96937	2UUY_rec	2UUY_lig	swarm_0	58.0	1.0	
lightdock	luciferin_score	-50.51865	2UUY_rec	2UUY_lig	swarm_0	59.0	2.0	
lightdock	luciferin_score	-52.67933	2UUY_rec	2UUY_lig	swarm_0	60.0	1.0	
lightdock	luciferin_score	-62.78813	2UUY_rec	2UUY_lig	swarm_0	61.0	2.0	
lightdock	luciferin_score	-67.9376	2UUY_rec	2UUY_lig	swarm_0	62.0	1.0	
lightdock	luciferin_score	16.16376	2UUY_rec	2UUY_lig	swarm_1	0.0	7.0	
lightdock	luciferin_score	16.08151	2UUY_rec	2UUY_lig	swarm_1	1.0	9.0	
lightdock	luciferin_score	16.0444	2UUY_rec	2UUY_lig	swarm_1	2.0	3.0	
lightdock	luciferin_score	15.83962	2UUY_rec	2UUY_lig	swarm_1	3.0	5.0	
lightdock	luciferin_score	15.01838	2UUY_rec	2UUY_lig	swarm_1	4.0	1.0	
lightdock	luciferin_score	14.75358	2UUY_rec	2UUY_lig	swarm_1	5.0	5.0	
lightdock	luciferin_score	14.63722	2UUY_rec	2UUY_lig	swarm_1	6.0	4.0	
lightdock	luciferin_score	14.46803	2UUY_rec	2UUY_lig	swarm_1	7.0	5.0	
lightdock	luciferin_score	14.34684	2UUY_rec	2UUY_lig	swarm_1	8.0	7.0	
lightdock	luciferin_score	14.12644	2UUY_rec	2UUY_lig	swarm_1	9.0	7.0	
lightdock	luciferin_score	13.43761	2UUY_rec	2UUY_lig	swarm_1	10.0	6.0	
lightdock	luciferin_score	12.98296	2UUY_rec	2UUY_lig	swarm_1	11.0	6.0	
lightdock	luciferin_score	12.44282	2UUY_rec	2UUY_lig	swarm_1	12.0	9.0	
lightdock	luciferin_score	12.40808	2UUY_rec	2UUY_lig	swarm_1	13.0	3.0	
lightdock	luciferin_score	12.36476	2UUY_rec	2UUY_lig	swarm_1	14.0	6.0	
lightdock	luciferin_score	12.25962	2UUY_rec	2UUY_lig	swarm_1	15.0	6.0	
lightdock	luciferin_score	12.2401	2UUY_rec	2UUY_lig	swarm_1	16.0	4.0	
lightdock	luciferin_score	11.78842	2UUY_rec	2UUY_lig	swarm_1	17.0	4.0	
lightdock	luciferin_score	11.67405	2UUY_rec	2UUY_lig	swarm_1	18.0	1.0	
lightdock	luciferin_score	11.65265	2UUY_rec	2UUY_lig	swarm_1	19.0	6.0	
lightdock	luciferin_score	11.54573	2UUY_rec	2UUY_lig	swarm_1	20.0	5.0	
lightdock	luciferin_score	11.54512	2UUY_rec	2UUY_lig	swarm_1	21.0	4.0	
lightdock	luciferin_score	11.51968	2UUY_rec	2UUY_lig	swarm_1	22.0	2.0	
lightdock	luciferin_score	11.14462	2UUY_rec	2UUY_lig	swarm_1	23.0	7.0	
lightdock	luciferin_score	10.5947	2UUY_rec	2UUY_lig	swarm_1	24.0	3.0	
lightdock	luciferin_score	10.00319	2UUY_rec	2UUY_lig	swarm_1	25.0	3.0	
lightdock	luciferin_score	9.9487	2UUY_rec	2UUY_lig	swarm_1	26.0	2.0	
lightdock	luciferin_score	9.61494	2UUY_rec	2UUY_lig	swarm_1	27.0	1.0	
lightdock	luciferin_score	9.52849	2UUY_rec	2UUY_lig	swarm_1	28.0	2.0	
lightdock	luciferin_score	9.44613	2UUY_rec	2UUY_lig	swarm_1	29.0	4.0	
lightdock	luciferin_score	8.55343	2UUY_rec	2UUY_lig	swarm_1	30.0	1.0	
lightdock	luciferin_score	8.53149	2UUY_rec	2UUY_lig	swarm_1	31.0	1.0	
lightdock	luciferin_score	6.4804	2UUY_rec	2UUY_lig	swarm_1	32.0	1.0	
lightdock	luciferin_score	5.70507	2UUY_rec	2UUY_lig	swarm_1	33.0	4.0	
lightdock	luciferin_score	5.29906	2UUY_rec	2UUY_lig	swarm_1	34.0	1.0	
lightdock	luciferin_score	5.03507	2UUY_rec	2UUY_lig	swarm_1	35.0	2.0	
lightdock	luciferin_score	4.97525	2UUY_rec	2UUY_lig	swarm_1	36.0	3.0	
lightdock	luciferin_score	4.25688	2UUY_rec	2UUY_lig	swarm_1	37.0	2.0	
lightdock	luciferin_score	3.78678	2UUY_rec	2UUY_lig	swarm_1	38.0	4.0	
lightdock	luciferin_score	1.88068	2UUY_rec	2UUY_lig	swarm_1	39.0	1.0	
lightdock	luciferin_score	1.64165	2UUY_rec	2UUY_lig	swarm_1	40.0	2.0	
lightdock	luciferin_score	0.98414	2UUY_rec	2UUY_lig	swarm_1	41.0	1.0	
lightdock	luciferin_score	0.07605	2UUY_rec	2UUY_lig	swarm_1	42.0	3.0	
lightdock	luciferin_score	-0.84879	2UUY_rec	2UUY_lig	swarm_1	43.0	4.0	
lightdock	luciferin_score	-1.6234	2UUY_rec	2UUY_lig	swarm_1	44.0	1.0	
lightdock	luciferin_score	-6.09955	2UUY_rec	2UUY_lig	swarm_1	45.0	1.0	
lightdock	luciferin_score	-6.42007	2UUY_rec	2UUY_lig	swarm_1	46.0	4.0	
lightdock	luciferin_score	-12.19977	2UUY_rec	2UUY_lig	swarm_1	47.0	8.0	
lightdock	luciferin_score	-12.38449	2UUY_rec	2UUY_lig	swarm_1	48.0	1.0	
lightdock	luciferin_score	-18.04199	2UUY_rec	2UUY_lig	swarm_1	49.0	1.0	
lightdock	luciferin_score	-19.31904	2UUY_rec	2UUY_lig	swarm_1	50.0	1.0	
lightdock	luciferin_score	-20.16397	2UUY_rec	2UUY_lig	swarm_1	51.0	3.0	
lightdock	luciferin_score	-27.53307	2UUY_rec	2UUY_lig	swarm_1	52.0	2.0	
lightdock	luciferin_score	-31.2512	2UUY_rec	2UUY_lig	swarm_1	53.0	1.0	
lightdock	luciferin_score	-36.3018	2UUY_rec	2UUY_lig	swarm_1	54.0	2.0	
lightdock	luciferin_score	-44.29928	2UUY_rec	2UUY_lig	swarm_1	55.0	4.0	
lightdock	luciferin_score	-44.78722	2UUY_rec	2UUY_lig	swarm_1	56.0	1.0	
lightdock	luciferin_score	-48.9216	2UUY_rec	2UUY_lig	swarm_1	57.0	1.0	
lightdock	luciferin_score	-79.71002	2UUY_rec	2UUY_lig	swarm_1	58.0	1.0	
lightdock	luciferin_score	-110.76787	2UUY_rec	2UUY_lig	swarm_1	59.0	1.0	
lightdock	luciferin_score	13.3376	2UUY_rec	2UUY_lig	swarm_10	0.0	6.0	
lightdock	luciferin_score	12.82116	2UUY_rec	2UUY_lig	swarm_10	1.0	1.0	
lightdock	luciferin_score	11.7966	2UUY_rec	2UUY_lig	swarm_10	2.0	3.0	
lightdock	luciferin_score	11.72923	2UUY_rec	2UUY_lig	swarm_10	3.0	10.0	
lightdock	luciferin_score	11.70944	2UUY_rec	2UUY_lig	swarm_10	4.0	10.0	
lightdock	luciferin_score	11.68897	2UUY_rec	2UUY_lig	swarm_10	5.0	3.0	
lightdock	luciferin_score	11.12037	2UUY_rec	2UUY_lig	swarm_10	6.0	8.0	
lightdock	luciferin_score	11.03479	2UUY_rec	2UUY_lig	swarm_10	7.0	3.0	
lightdock	luciferin_score	11.02706	2UUY_rec	2UUY_lig	swarm_10	8.0	5.0	
lightdock	luciferin_score	10.8519	2UUY_rec	2UUY_lig	swarm_10	9.0	3.0	
lightdock	luciferin_score	10.62695	2UUY_rec	2UUY_lig	swarm_10	10.0	10.0	
lightdock	luciferin_score	10.60767	2UUY_rec	2UUY_lig	swarm_10	11.0	8.0	
lightdock	luciferin_score	10.53566	2UUY_rec	2UUY_lig	swarm_10	12.0	10.0	
lightdock	luciferin_score	10.30928	2UUY_rec	2UUY_lig	swarm_10	13.0	6.0	
lightdock	luciferin_score	9.88583	2UUY_rec	2UUY_lig	swarm_10	14.0	9.0	
lightdock	luciferin_score	9.8288	2UUY_rec	2UUY_lig	swarm_10	15.0	2.0	
lightdock	luciferin_score	9.79043	2UUY_rec	2UUY_lig	swarm_10	16.0	8.0	
lightdock	luciferin_score	9.7659	2UUY_rec	2UUY_lig	swarm_10	17.0	2.0	
lightdock	luciferin_score	9.68164	2UUY_rec	2UUY_lig	swarm_10	18.0	2.0	
lightdock	luciferin_score	9.47875	2UUY_rec	2UUY_lig	swarm_10	19.0	4.0	
lightdock	luciferin_score	9.46675	2UUY_rec	2UUY_lig	swarm_10	20.0	5.0	
lightdock	luciferin_score	9.41827	2UUY_rec	2UUY_lig	swarm_10	21.0	1.0	
lightdock	luciferin_score	9.37959	2UUY_rec	2UUY_lig	swarm_10	22.0	3.0	
lightdock	luciferin_score	8.79858	2UUY_rec	2UUY_lig	swarm_10	23.0	2.0	
lightdock	luciferin_score	8.5563	2UUY_rec	2UUY_lig	swarm_10	24.0	2.0	
lightdock	luciferin_score	8.53844	2UUY_rec	2UUY_lig	swarm_10	25.0	2.0	
lightdock	luciferin_score	8.42864	2UUY_rec	2UUY_lig	swarm_10	26.0	1.0	
lightdock	luciferin_score	8.18598	2UUY_rec	2UUY_lig	swarm_10	27.0	2.0	
lightdock	luciferin_score	7.95711	2UUY_rec	2UUY_lig	swarm_10	28.0	2.0	
lightdock	luciferin_score	7.68495	2UUY_rec	2UUY_lig	swarm_10	29.0	5.0	
lightdock	luciferin_score	7.66406	2UUY_rec	2UUY_lig	swarm_10	30.0	2.0	
lightdock	luciferin_score	7.4532	2UUY_rec	2UUY_lig	swarm_10	31.0	1.0	
lightdock	luciferin_score	7.32519	2UUY_rec	2UUY_lig	swarm_10	32.0	2.0	
lightdock	luciferin_score	7.30458	2UUY_rec	2UUY_lig	swarm_10	33.0	2.0	
lightdock	luciferin_score	7.26012	2UUY_rec	2UUY_lig	swarm_10	34.0	1.0	
lightdock	luciferin_score	6.75481	2UUY_rec	2UUY_lig	swarm_10	35.0	1.0	
lightdock	luciferin_score	6.71268	2UUY_rec	2UUY_lig	swarm_10	36.0	1.0	
lightdock	luciferin_score	6.68609	2UUY_rec	2UUY_lig	swarm_10	37.0	2.0	
lightdock	luciferin_score	6.66156	2UUY_rec	2UUY_lig	swarm_10	38.0	2.0	
lightdock	luciferin_score	6.27392	2UUY_rec	2UUY_lig	swarm_10	39.0	5.0	
lightdock	luciferin_score	6.23743	2UUY_rec	2UUY_lig	swarm_10	40.0	2.0	
lightdock	luciferin_score	5.72145	2UUY_rec	2UUY_lig	swarm_10	41.0	2.0	
lightdock	luciferin_score	5.62918	2UUY_rec	2UUY_lig	swarm_10	42.0	1.0	
lightdock	luciferin_score	5.52485	2UUY_rec	2UUY_lig	swarm_10	43.0	2.0	
lightdock	luciferin_score	5.43671	2UUY_rec	2UUY_lig	swarm_10	44.0	4.0	
lightdock	luciferin_score	5.06144	2UUY_rec	2UUY_lig	swarm_10	45.0	5.0	
lightdock	luciferin_score	3.47787	2UUY_rec	2UUY_lig	swarm_10	46.0	2.0	
lightdock	luciferin_score	2.05735	2UUY_rec	2UUY_lig	swarm_10	47.0	3.0	
lightdock	luciferin_score	0.99774	2UUY_rec	2UUY_lig	swarm_10	48.0	1.0	
lightdock	luciferin_score	0.94409	2UUY_rec	2UUY_lig	swarm_10	49.0	1.0	
lightdock	luciferin_score	0.77383	2UUY_rec	2UUY_lig	swarm_10	50.0	3.0	
lightdock	luciferin_score	-0.23995	2UUY_rec	2UUY_lig	swarm_10	51.0	2.0	
lightdock	luciferin_score	-1.76216	2UUY_rec	2UUY_lig	swarm_10	52.0	1.0	
lightdock	luciferin_score	-2.4908	2UUY_rec	2UUY_lig	swarm_10	53.0	3.0	
lightdock	luciferin_score	-12.36024	2UUY_rec	2UUY_lig	swarm_10	54.0	2.0	
lightdock	luciferin_score	-14.73193	2UUY_rec	2UUY_lig	swarm_10	55.0	6.0	
lightdock	luciferin_score	-29.01611	2UUY_rec	2UUY_lig	swarm_10	56.0	1.0	
lightdock	luciferin_score	-35.05111	2UUY_rec	2UUY_lig	swarm_10	57.0	1.0	
lightdock	luciferin_score	-50.05214	2UUY_rec	2UUY_lig	swarm_10	58.0	1.0	
lightdock	luciferin_score	13.49322	2UUY_rec	2UUY_lig	swarm_100	0.0	6.0	
lightdock	luciferin_score	13.33582	2UUY_rec	2UUY_lig	swarm_100	1.0	5.0	
lightdock	luciferin_score	13.31381	2UUY_rec	2UUY_lig	swarm_100	2.0	15.0	
lightdock	luciferin_score	11.61406	2UUY_rec	2UUY_lig	swarm_100	3.0	2.0	
lightdock	luciferin_score	10.69929	2UUY_rec	2UUY_lig	swarm_100	4.0	4.0	
lightdock	luciferin_score	10.55485	2UUY_rec	2UUY_lig	swarm_100	5.0	5.0	
lightdock	luciferin_score	10.34687	2UUY_rec	2UUY_lig	swarm_100	6.0	4.0	
lightdock	luciferin_score	10.21196	2UUY_rec	2UUY_lig	swarm_100	7.0	3.0	
lightdock	luciferin_score	9.75062	2UUY_rec	2UUY_lig	swarm_100	8.0	8.0	
lightdock	luciferin_score	9.72889	2UUY_rec	2UUY_lig	swarm_100	9.0	3.0	
lightdock	luciferin_score	9.69101	2UUY_rec	2UUY_lig	swarm_100	10.0	2.0	
lightdock	luciferin_score	9.57861	2UUY_rec	2UUY_lig	swarm_100	11.0	3.0	
lightdock	luciferin_score	9.5182	2UUY_rec	2UUY_lig	swarm_100	12.0	4.0	
lightdock	luciferin_score	9.40825	2UUY_rec	2UUY_lig	swarm_100	13.0	1.0	
lightdock	luciferin_score	8.74194	2UUY_rec	2UUY_lig	swarm_100	14.0	5.0	
lightdock	luciferin_score	8.69982	2UUY_rec	2UUY_lig	swarm_100	15.0	4.0	
lightdock	luciferin_score	8.5253	2UUY_rec	2UUY_lig	swarm_100	16.0	2.0	
lightdock	luciferin_score	8.40711	2UUY_rec	2UUY_lig	swarm_100	17.0	6.0	
lightdock	luciferin_score	8.3232	2UUY_rec	2UUY_lig	swarm_100	18.0	6.0	
lightdock	luciferin_score	8.30969	2UUY_rec	2UUY_lig	swarm_100	19.0	1.0	
lightdock	luciferin_score	8.25327	2UUY_rec	2UUY_lig	swarm_100	20.0	8.0	
lightdock	luciferin_score	8.21667	2UUY_rec	2UUY_lig	swarm_100	21.0	1.0	
lightdock	luciferin_score	8.12838	2UUY_rec	2UUY_lig	swarm_100	22.0	2.0	
lightdock	luciferin_score	7.96142	2UUY_rec	2UUY_lig	swarm_100	23.0	1.0	
lightdock	luciferin_score	7.92206	2UUY_rec	2UUY_lig	swarm_100	24.0	7.0	
lightdock	luciferin_score	7.9199	2UUY_rec	2UUY_lig	swarm_100	25.0	1.0	
lightdock	luciferin_score	7.88153	2UUY_rec	2UUY_lig	swarm_100	26.0	2.0	
lightdock	luciferin_score	7.81768	2UUY_rec	2UUY_lig	swarm_100	27.0	2.0	
lightdock	luciferin_score	7.76951	2UUY_rec	2UUY_lig	swarm_100	28.0	4.0	
lightdock	luciferin_score	7.6578	2UUY_rec	2UUY_lig	swarm_100	29.0	1.0	
lightdock	luciferin_score	7.65495	2UUY_rec	2UUY_lig	swarm_100	30.0	2.0	
lightdock	luciferin_score	7.37036	2UUY_rec	2UUY_lig	swarm_100	31.0	1.0	
lightdock	luciferin_score	7.26465	2UUY_rec	2UUY_lig	swarm_100	32.0	1.0	
lightdock	luciferin_score	7.22658	2UUY_rec	2UUY_lig	swarm_100	33.0	5.0	
lightdock	luciferin_score	7.0355	2UUY_rec	2UUY_lig	swarm_100	34.0	1.0	
lightdock	luciferin_score	6.97833	2UUY_rec	2UUY_lig	swarm_100	35.0	2.0	
lightdock	luciferin_score	6.89006	2UUY_rec	2UUY_lig	swarm_100	36.0	1.0	
lightdock	luciferin_score	6.52365	2UUY_rec	2UUY_lig	swarm_100	37.0	2.0	
lightdock	luciferin_score	6.37415	2UUY_rec	2UUY_lig	swarm_100	38.0	2.0	
lightdock	luciferin_score	6.29927	2UUY_rec	2UUY_lig	swarm_100	39.0	2.0	
lightdock	luciferin_score	6.20101	2UUY_rec	2UUY_lig	swarm_100	40.0	2.0	
lightdock	luciferin_score	5.81657	2UUY_rec	2UUY_lig	swarm_100	41.0	1.0	
lightdock	luciferin_score	5.35107	2UUY_rec	2UUY_lig	swarm_100	42.0	1.0	
lightdock	luciferin_score	4.53593	2UUY_rec	2UUY_lig	swarm_100	43.0	1.0	
lightdock	luciferin_score	4.32287	2UUY_rec	2UUY_lig	swarm_100	44.0	1.0	
lightdock	luciferin_score	1.86064	2UUY_rec	2UUY_lig	swarm_100	45.0	5.0	
lightdock	luciferin_score	1.17751	2UUY_rec	2UUY_lig	swarm_100	46.0	1.0	
lightdock	luciferin_score	0.97788	2UUY_rec	2UUY_lig	swarm_100	47.0	3.0	
lightdock	luciferin_score	-0.08872	2UUY_rec	2UUY_lig	swarm_100	48.0	2.0	
lightdock	luciferin_score	-1.2125	2UUY_rec	2UUY_lig	swarm_100	49.0	4.0	
lightdock	luciferin_score	-4.61606	2UUY_rec	2UUY_lig	swarm_100	50.0	1.0	
lightdock	luciferin_score	-5.33322	2UUY_rec	2UUY_lig	swarm_100	51.0	1.0	
lightdock	luciferin_score	-5.33473	2UUY_rec	2UUY_lig	swarm_100	52.0	3.0	
lightdock	luciferin_score	-5.55833	2UUY_rec	2UUY_lig	swarm_100	53.0	4.0	
lightdock	luciferin_score	-6.48098	2UUY_rec	2UUY_lig	swarm_100	54.0	1.0	
lightdock	luciferin_score	-6.73396	2UUY_rec	2UUY_lig	swarm_100	55.0	8.0	
lightdock	luciferin_score	-8.02337	2UUY_rec	2UUY_lig	swarm_100	56.0	6.0	
lightdock	luciferin_score	-8.45796	2UUY_rec	2UUY_lig	swarm_100	57.0	4.0	
lightdock	luciferin_score	-11.07864	2UUY_rec	2UUY_lig	swarm_100	58.0	3.0	
lightdock	luciferin_score	-18.61074	2UUY_rec	2UUY_lig	swarm_100	59.0	1.0	
lightdock	luciferin_score	-18.9668	2UUY_rec	2UUY_lig	swarm_100	60.0	1.0	
lightdock	luciferin_score	-20.0944	2UUY_rec	2UUY_lig	swarm_100	61.0	1.0	
lightdock	luciferin_score	-20.18072	2UUY_rec	2UUY_lig	swarm_100	62.0	1.0	
lightdock	luciferin_score	-26.18919	2UUY_rec	2UUY_lig	swarm_100	63.0	1.0	
lightdock	luciferin_score	-31.66754	2UUY_rec	2UUY_lig	swarm_100	64.0	1.0	
lightdock	luciferin_score	-33.19064	2UUY_rec	2UUY_lig	swarm_100	65.0	1.0	
lightdock	luciferin_score	-58.95036	2UUY_rec	2UUY_lig	swarm_100	66.0	1.0	
lightdock	luciferin_score	-63.46539	2UUY_rec	2UUY_lig	swarm_100	67.0	3.0	
lightdock	luciferin_score	13.30546	2UUY_rec	2UUY_lig	swarm_101	0.0	4.0	
lightdock	luciferin_score	12.71582	2UUY_rec	2UUY_lig	swarm_101	1.0	8.0	
lightdock	luciferin_score	12.7121	2UUY_rec	2UUY_lig	swarm_101	2.0	3.0	
lightdock	luciferin_score	12.36986	2UUY_rec	2UUY_lig	swarm_101	3.0	4.0	
lightdock	luciferin_score	12.24192	2UUY_rec	2UUY_lig	swarm_101	4.0	6.0	
lightdock	luciferin_score	12.05641	2UUY_rec	2UUY_lig	swarm_101	5.0	8.0	
lightdock	luciferin_score	11.94107	2UUY_rec	2UUY_lig	swarm_101	6.0	3.0	
lightdock	luciferin_score	11.77608	2UUY_rec	2UUY_lig	swarm_101	7.0	5.0	
lightdock	luciferin_score	11.70483	2UUY_rec	2UUY_lig	swarm_101	8.0	6.0	
lightdock	luciferin_score	11.47001	2UUY_rec	2UUY_lig	swarm_101	9.0	5.0	
lightdock	luciferin_score	11.09538	2UUY_rec	2UUY_lig	swarm_101	10.0	3.0	
lightdock	luciferin_score	10.71497	2UUY_rec	2UUY_lig	swarm_101	11.0	6.0	
lightdock	luciferin_score	10.65998	2UUY_rec	2UUY_lig	swarm_101	12.0	3.0	
lightdock	luciferin_score	10.5087	2UUY_rec	2UUY_lig	swarm_101	13.0	2.0	
lightdock	luciferin_score	10.31203	2UUY_rec	2UUY_lig	swarm_101	14.0	12.0	
lightdock	luciferin_score	10.16403	2UUY_rec	2UUY_lig	swarm_101	15.0	8.0	
lightdock	luciferin_score	10.04926	2UUY_rec	2UUY_lig	swarm_101	16.0	6.0	
lightdock	luciferin_score	9.78162	2UUY_rec	2UUY_lig	swarm_101	17.0	2.0	
lightdock	luciferin_score	9.68403	2UUY_rec	2UUY_lig	swarm_101	18.0	3.0	
lightdock	luciferin_score	9.6161	2UUY_rec	2UUY_lig	swarm_101	19.0	3.0	
lightdock	luciferin_score	9.26006	2UUY_rec	2UUY_lig	swarm_101	20.0	1.0	
lightdock	luciferin_score	9.19496	2UUY_rec	2UUY_lig	swarm_101	21.0	1.0	
lightdock	luciferin_score	9.00379	2UUY_rec	2UUY_lig	swarm_101	22.0	3.0	
lightdock	luciferin_score	8.64123	2UUY_rec	2UUY_lig	swarm_101	23.0	1.0	
lightdock	luciferin_score	8.61345	2UUY_rec	2UUY_lig	swarm_101	24.0	1.0	
lightdock	luciferin_score	8.34002	2UUY_rec	2UUY_lig	swarm_101	25.0	1.0	
lightdock	luciferin_score	7.51978	2UUY_rec	2UUY_lig	swarm_101	26.0	3.0	
lightdock	luciferin_score	7.50184	2UUY_rec	2UUY_lig	swarm_101	27.0	2.0	
lightdock	luciferin_score	7.44079	2UUY_rec	2UUY_lig	swarm_101	28.0	3.0	
lightdock	luciferin_score	6.94671	2UUY_rec	2UUY_lig	swarm_101	29.0	2.0	
lightdock	luciferin_score	6.79739	2UUY_rec	2UUY_lig	swarm_101	30.0	1.0	
lightdock	luciferin_score	6.7785	2UUY_rec	2UUY_lig	swarm_101	31.0	1.0	
lightdock	luciferin_score	6.66316	2UUY_rec	2UUY_lig	swarm_101	32.0	3.0	
lightdock	luciferin_score	6.52496	2UUY_rec	2UUY_lig	swarm_101	33.0	4.0	
lightdock	luciferin_score	6.49791	2UUY_rec	2UUY_lig	swarm_101	34.0	5.0	
lightdock	luciferin_score	6.21294	2UUY_rec	2UUY_lig	swarm_101	35.0	1.0	
lightdock	luciferin_score	6.18095	2UUY_rec	2UUY_lig	swarm_101	36.0	2.0	
lightdock	luciferin_score	5.79131	2UUY_rec	2UUY_lig	swarm_101	37.0	2.0	
lightdock	luciferin_score	5.5941	2UUY_rec	2UUY_lig	swarm_101	38.0	2.0	
lightdock	luciferin_score	5.16905	2UUY_rec	2UUY_lig	swarm_101	39.0	2.0	
lightdock	luciferin_score	4.73495	2UUY_rec	2UUY_lig	swarm_101	40.0	1.0	
lightdock	luciferin_score	4.38353	2UUY_rec	2UUY_lig	swarm_101	41.0	3.0	
lightdock	luciferin_score	3.61366	2UUY_rec	2UUY_lig	swarm_101	42.0	5.0	
lightdock	luciferin_score	3.32916	2UUY_rec	2UUY_lig	swarm_101	43.0	2.0	
lightdock	luciferin_score	0.50007	2UUY_rec	2UUY_lig	swarm_101	44.0	1.0	
lightdock	luciferin_score	0.17954	2UUY_rec	2UUY_lig	swarm_101	45.0	1.0	
lightdock	luciferin_score	-0.63361	2UUY_rec	2UUY_lig	swarm_101	46.0	6.0	
lightdock	luciferin_score	-1.01531	2UUY_rec	2UUY_lig	swarm_101	47.0	9.0	
lightdock	luciferin_score	-1.48839	2UUY_rec	2UUY_lig	swarm_101	48.0	3.0	
lightdock	luciferin_score	-2.72098	2UUY_rec	2UUY_lig	swarm_101	49.0	6.0	
lightdock	luciferin_score	-3.3654	2UUY_rec	2UUY_lig	swarm_101	50.0	5.0	
lightdock	luciferin_score	-7.04774	2UUY_rec	2UUY_lig	swarm_101	51.0	1.0	
lightdock	luciferin_score	-10.16192	2UUY_rec	2UUY_lig	swarm_101	52.0	4.0	
lightdock	luciferin_score	-12.49913	2UUY_rec	2UUY_lig	swarm_101	53.0	3.0	
lightdock	luciferin_score	-13.64914	2UUY_rec	2UUY_lig	swarm_101	54.0	2.0	
lightdock	luciferin_score	-21.6794	2UUY_rec	2UUY_lig	swarm_101	55.0	1.0	
lightdock	luciferin_score	-25.59132	2UUY_rec	2UUY_lig	swarm_101	56.0	2.0	
lightdock	luciferin_score	-28.701	2UUY_rec	2UUY_lig	swarm_101	57.0	2.0	
lightdock	luciferin_score	-36.94868	2UUY_rec	2UUY_lig	swarm_101	58.0	1.0	
lightdock	luciferin_score	-48.58317	2UUY_rec	2UUY_lig	swarm_101	59.0	1.0	
lightdock	luciferin_score	19.16497	2UUY_rec	2UUY_lig	swarm_102	0.0	7.0	
lightdock	luciferin_score	18.54267	2UUY_rec	2UUY_lig	swarm_102	1.0	3.0	
lightdock	luciferin_score	14.94059	2UUY_rec	2UUY_lig	swarm_102	2.0	10.0	
lightdock	luciferin_score	14.70393	2UUY_rec	2UUY_lig	swarm_102	3.0	5.0	
lightdock	luciferin_score	14.29916	2UUY_rec	2UUY_lig	swarm_102	4.0	5.0	
lightdock	luciferin_score	12.42274	2UUY_rec	2UUY_lig	swarm_102	5.0	6.0	
lightdock	luciferin_score	12.34298	2UUY_rec	2UUY_lig	swarm_102	6.0	3.0	
lightdock	luciferin_score	11.38593	2UUY_rec	2UUY_lig	swarm_102	7.0	6.0	
lightdock	luciferin_score	11.34691	2UUY_rec	2UUY_lig	swarm_102	8.0	1.0	
lightdock	luciferin_score	11.31471	2UUY_rec	2UUY_lig	swarm_102	9.0	8.0	
lightdock	luciferin_score	11.06848	2UUY_rec	2UUY_lig	swarm_102	10.0	3.0	
lightdock	luciferin_score	10.91123	2UUY_rec	2UUY_lig	swarm_102	11.0	4.0	
lightdock	luciferin_score	10.86445	2UUY_rec	2UUY_lig	swarm_102	12.0	3.0	
lightdock	luciferin_score	10.71628	2UUY_rec	2UUY_lig	swarm_102	13.0	2.0	
lightdock	luciferin_score	10.59157	2UUY_rec	2UUY_lig	swarm_102	14.0	2.0	
lightdock	luciferin_score	10.56276	2UUY_rec	2UUY_lig	swarm_102	15.0	2.0	
lightdock	luciferin_score	10.4319	2UUY_rec	2UUY_lig	swarm_102	16.0	6.0	
lightdock	luciferin_score	10.34672	2UUY_rec	2UUY_lig	swarm_102	17.0	1.0	
lightdock	luciferin_score	9.85132	2UUY_rec	2UUY_lig	swarm_102	18.0	5.0	
lightdock	luciferin_score	9.63527	2UUY_rec	2UUY_lig	swarm_102	19.0	3.0	
lightdock	luciferin_score	9.45432	2UUY_rec	2UUY_lig	swarm_102	20.0	3.0	
lightdock	luciferin_score	9.45342	2UUY_rec	2UUY_lig	swarm_102	21.0	1.0	
lightdock	luciferin_score	9.27278	2UUY_rec	2UUY_lig	swarm_102	22.0	5.0	
lightdock	luciferin_score	8.92545	2UUY_rec	2UUY_lig	swarm_102	23.0	1.0	
lightdock	luciferin_score	8.77815	2UUY_rec	2UUY_lig	swarm_102	24.0	2.0	
lightdock	luciferin_score	8.64365	2UUY_rec	2UUY_lig	swarm_102	25.0	7.0	
lightdock	luciferin_score	8.59653	2UUY_rec	2UUY_lig	swarm_102	26.0	3.0	
lightdock	luciferin_score	8.56825	2UUY_rec	2UUY_lig	swarm_102	27.0	4.0	
lightdock	luciferin_score	8.38445	2UUY_rec	2UUY_lig	swarm_102	28.0	5.0	
lightdock	luciferin_score	8.32571	2UUY_rec	2UUY_lig	swarm_102	29.0	3.0	
lightdock	luciferin_score	8.1245	2UUY_rec	2UUY_lig	swarm_102	30.0	3.0	
lightdock	luciferin_score	8.07374	2UUY_rec	2UUY_lig	swarm_102	31.0	3.0	
lightdock	luciferin_score	8.01939	2UUY_rec	2UUY_lig	swarm_102	32.0	1.0	
lightdock	luciferin_score	7.76474	2UUY_rec	2UUY_lig	swarm_102	33.0	5.0	
lightdock	luciferin_score	7.50109	2UUY_rec	2UUY_lig	swarm_102	34.0	3.0	
lightdock	luciferin_score	7.26534	2UUY_rec	2UUY_lig	swarm_102	35.0	2.0	
lightdock	luciferin_score	7.02717	2UUY_rec	2UUY_lig	swarm_102	36.0	1.0	
lightdock	luciferin_score	6.8134	2UUY_rec	2UUY_lig	swarm_102	37.0	6.0	
lightdock	luciferin_score	6.18319	2UUY_rec	2UUY_lig	swarm_102	38.0	1.0	
lightdock	luciferin_score	5.4796	2UUY_rec	2UUY_lig	swarm_102	39.0	1.0	
lightdock	luciferin_score	5.34672	2UUY_rec	2UUY_lig	swarm_102	40.0	1.0	
lightdock	luciferin_score	5.32604	2UUY_rec	2UUY_lig	swarm_102	41.0	6.0	
lightdock	luciferin_score	3.50162	2UUY_rec	2UUY_lig	swarm_102	42.0	1.0	
lightdock	luciferin_score	2.30704	2UUY_rec	2UUY_lig	swarm_102	43.0	9.0	
lightdock	luciferin_score	0.79444	2UUY_rec	2UUY_lig	swarm_102	44.0	1.0	
lightdock	luciferin_score	0.31231	2UUY_rec	2UUY_lig	swarm_102	45.0	1.0	
lightdock	luciferin_score	-1.73979	2UUY_rec	2UUY_lig	swarm_102	46.0	3.0	
lightdock	luciferin_score	-3.43924	2UUY_rec	2UUY_lig	swarm_102	47.0	1.0	
lightdock	luciferin_score	-6.79703	2UUY_rec	2UUY_lig	swarm_102	48.0	8.0	
lightdock	luciferin_score	-7.25103	2UUY_rec	2UUY_lig	swarm_102	49.0	5.0	
lightdock	luciferin_score	-10.50077	2UUY_rec	2UUY_lig	swarm_102	50.0	2.0	
lightdock	luciferin_score	-15.80012	2UUY_rec	2UUY_lig	swarm_102	51.0	1.0	
lightdock	luciferin_score	-17.68655	2UUY_rec	2UUY_lig	swarm_102	52.0	3.0	
lightdock	luciferin_score	-20.4312	2UUY_rec	2UUY_lig	swarm_102	53.0	1.0	
lightdock	luciferin_score	-21.87443	2UUY_rec	2UUY_lig	swarm_102	54.0	1.0	
lightdock	luciferin_score	-25.32102	2UUY_rec	2UUY_lig	swarm_102	55.0	1.0	
lightdock	luciferin_score	-30.17437	2UUY_rec	2UUY_lig	swarm_102	56.0	4.0	
lightdock	luciferin_score	-31.50662	2UUY_rec	2UUY_lig	swarm_102	57.0	2.0	
lightdock	luciferin_score	-36.43905	2UUY_rec	2UUY_lig	swarm_102	58.0	1.0	
lightdock	luciferin_score	-53.24081	2UUY_rec	2UUY_lig	swarm_102	59.0	1.0	
lightdock	luciferin_score	-64.76308	2UUY_rec	2UUY_lig	swarm_102	60.0	1.0	
lightdock	luciferin_score	-71.9466	2UUY_rec	2UUY_lig	swarm_102	61.0	1.0	
lightdock	luciferin_score	16.89438	2UUY_rec	2UUY_lig	swarm_103	0.0	4.0	
lightdock	luciferin_score	15.35522	2UUY_rec	2UUY_lig	swarm_103	1.0	11.0	
lightdock	luciferin_score	15.29382	2UUY_rec	2UUY_lig	swarm_103	2.0	3.0	
lightdock	luciferin_score	14.89604	2UUY_rec	2UUY_lig	swarm_103	3.0	2.0	
lightdock	luciferin_score	14.55179	2UUY_rec	2UUY_lig	swarm_103	4.0	4.0	
lightdock	luciferin_score	12.57906	2UUY_rec	2UUY_lig	swarm_103	5.0	8.0	
lightdock	luciferin_score	12.32912	2UUY_rec	2UUY_lig	swarm_103	6.0	6.0	
lightdock	luciferin_score	11.85285	2UUY_rec	2UUY_lig	swarm_103	7.0	3.0	
lightdock	luciferin_score	11.79175	2UUY_rec	2UUY_lig	swarm_103	8.0	6.0	
lightdock	luciferin_score	11.61294	2UUY_rec	2UUY_lig	swarm_103	9.0	6.0	
lightdock	luciferin_score	11.02868	2UUY_rec	2UUY_lig	swarm_103	10.0	9.0	
lightdock	luciferin_score	10.5777	2UUY_rec	2UUY_lig	swarm_103	11.0	7.0	
lightdock	luciferin_score	10.57679	2UUY_rec	2UUY_lig	swarm_103	12.0	3.0	
lightdock	luciferin_score	10.43968	2UUY_rec	2UUY_lig	swarm_103	13.0	2.0	
lightdock	luciferin_score	10.37434	2UUY_rec	2UUY_lig	swarm_103	14.0	2.0	
lightdock	luciferin_score	9.9085	2UUY_rec	2UUY_lig	swarm_103	15.0	2.0	
lightdock	luciferin_score	9.80816	2UUY_rec	2UUY_lig	swarm_103	16.0	7.0	
lightdock	luciferin_score	9.70498	2UUY_rec	2UUY_lig	swarm_103	17.0	2.0	
lightdock	luciferin_score	9.62296	2UUY_rec	2UUY_lig	swarm_103	18.0	1.0	
lightdock	luciferin_score	9.54169	2UUY_rec	2UUY_lig	swarm_103	19.0	2.0	
lightdock	luciferin_score	9.51446	2UUY_rec	2UUY_lig	swarm_103	20.0	7.0	
lightdock	luciferin_score	9.20551	2UUY_rec	2UUY_lig	swarm_103	21.0	2.0	
lightdock	luciferin_score	9.18188	2UUY_rec	2UUY_lig	swarm_103	22.0	3.0	
lightdock	luciferin_score	9.18172	2UUY_rec	2UUY_lig	swarm_103	23.0	3.0	
lightdock	luciferin_score	9.14147	2UUY_rec	2UUY_lig	swarm_103	24.0	5.0	
lightdock	luciferin_score	8.89199	2UUY_rec	2UUY_lig	swarm_103	25.0	1.0	
lightdock	luciferin_score	8.6802	2UUY_rec	2UUY_lig	swarm_103	26.0	1.0	
lightdock	luciferin_score	8.665	2UUY_rec	2UUY_lig	swarm_103	27.0	2.0	
lightdock	luciferin_score	8.50921	2UUY_rec	2UUY_lig	swarm_103	28.0	2.0	
lightdock	luciferin_score	8.40779	2UUY_rec	2UUY_lig	swarm_103	29.0	1.0	
lightdock	luciferin_score	8.01219	2UUY_rec	2UUY_lig	swarm_103	30.0	2.0	
lightdock	luciferin_score	8.01202	2UUY_rec	2UUY_lig	swarm_103	31.0	1.0	
lightdock	luciferin_score	7.80521	2UUY_rec	2UUY_lig	swarm_103	32.0	4.0	
lightdock	luciferin_score	7.69278	2UUY_rec	2UUY_lig	swarm_103	33.0	5.0	
lightdock	luciferin_score	7.36576	2UUY_rec	2UUY_lig	swarm_103	34.0	12.0	
lightdock	luciferin_score	7.23528	2UUY_rec	2UUY_lig	swarm_103	35.0	4.0	
lightdock	luciferin_score	7.20495	2UUY_rec	2UUY_lig	swarm_103	36.0	1.0	
lightdock	luciferin_score	7.18918	2UUY_rec	2UUY_lig	swarm_103	37.0	2.0	
lightdock	luciferin_score	6.86432	2UUY_rec	2UUY_lig	swarm_103	38.0	1.0	
lightdock	luciferin_score	6.85419	2UUY_rec	2UUY_lig	swarm_103	39.0	1.0	
lightdock	luciferin_score	6.80172	2UUY_rec	2UUY_lig	swarm_103	40.0	1.0	
lightdock	luciferin_score	6.76257	2UUY_rec	2UUY_lig	swarm_103	41.0	2.0	
lightdock	luciferin_score	6.38321	2UUY_rec	2UUY_lig	swarm_103	42.0	1.0	
lightdock	luciferin_score	6.2807	2UUY_rec	2UUY_lig	swarm_103	43.0	2.0	
lightdock	luciferin_score	6.2767	2UUY_rec	2UUY_lig	swarm_103	44.0	1.0	
lightdock	luciferin_score	5.99233	2UUY_rec	2UUY_lig	swarm_103	45.0	2.0	
lightdock	luciferin_score	5.9391	2UUY_rec	2UUY_lig	swarm_103	46.0	2.0	
lightdock	luciferin_score	2.99392	2UUY_rec	2UUY_lig	swarm_103	47.0	2.0	
lightdock	luciferin_score	1.94084	2UUY_rec	2UUY_lig	swarm_103	48.0	1.0	
lightdock	luciferin_score	1.58207	2UUY_rec	2UUY_lig	swarm_103	49.0	9.0	
lightdock	luciferin_score	-0.41542	2UUY_rec	2UUY_lig	swarm_103	50.0	1.0	
lightdock	luciferin_score	-2.22167	2UUY_rec	2UUY_lig	swarm_103	51.0	1.0	
lightdock	luciferin_score	-2.32281	2UUY_rec	2UUY_lig	swarm_103	52.0	6.0	
lightdock	luciferin_score	-2.35142	2UUY_rec	2UUY_lig	swarm_103	53.0	1.0	
lightdock	luciferin_score	-4.11613	2UUY_rec	2UUY_lig	swarm_103	54.0	4.0	
lightdock	luciferin_score	-7.16785	2UUY_rec	2UUY_lig	swarm_103	55.0	1.0	
lightdock	luciferin_score	-8.84996	2UUY_rec	2UUY_lig	swarm_103	56.0	5.0	
lightdock	luciferin_score	-16.76959	2UUY_rec	2UUY_lig	swarm_103	57.0	1.0	
lightdock	luciferin_score	-19.17385	2UUY_rec	2UUY_lig	swarm_103	58.0	1.0	
lightdock	luciferin_score	-24.70662	2UUY_rec	2UUY_lig	swarm_103	59.0	1.0	
lightdock	luciferin_score	-25.39042	2UUY_rec	2UUY_lig	swarm_103	60.0	1.0	
lightdock	luciferin_score	-28.867	2UUY_rec	2UUY_lig	swarm_103	61.0	2.0	
lightdock	luciferin_score	-33.89568	2UUY_rec	2UUY_lig	swarm_103	62.0	1.0	
lightdock	luciferin_score	-46.96636	2UUY_rec	2UUY_lig	swarm_103	63.0	1.0	
lightdock	luciferin_score	18.69758	2UUY_rec	2UUY_lig	swarm_104	0.0	7.0	
lightdock	luciferin_score	17.04627	2UUY_rec	2UUY_lig	swarm_104	1.0	7.0	
lightdock	luciferin_score	14.02588	2UUY_rec	2UUY_lig	swarm_104	2.0	5.0	
lightdock	luciferin_score	12.70097	2UUY_rec	2UUY_lig	swarm_104	3.0	3.0	
lightdock	luciferin_score	12.50787	2UUY_rec	2UUY_lig	swarm_104	4.0	7.0	
lightdock	luciferin_score	10.40474	2UUY_rec	2UUY_lig	swarm_104	5.0	1.0	
lightdock	luciferin_score	10.26313	2UUY_rec	2UUY_lig	swarm_104	6.0	15.0	
lightdock	luciferin_score	10.20907	2UUY_rec	2UUY_lig	swarm_104	7.0	6.0	
lightdock	luciferin_score	10.06454	2UUY_rec	2UUY_lig	swarm_104	8.0	4.0	
lightdock	luciferin_score	10.03432	2UUY_rec	2UUY_lig	swarm_104	9.0	2.0	
lightdock	luciferin_score	9.83372	2UUY_rec	2UUY_lig	swarm_104	10.0	4.0	
lightdock	luciferin_score	9.6017	2UUY_rec	2UUY_lig	swarm_104	11.0	13.0	
lightdock	luciferin_score	9.46485	2UUY_rec	2UUY_lig	swarm_104	12.0	6.0	
lightdock	luciferin_score	9.45036	2UUY_rec	2UUY_lig	swarm_104	13.0	5.0	
lightdock	luciferin_score	9.19805	2UUY_rec	2UUY_lig	swarm_104	14.0	3.0	
lightdock	luciferin_score	8.77733	2UUY_rec	2UUY_lig	swarm_104	15.0	1.0	
lightdock	luciferin_score	8.54598	2UUY_rec	2UUY_lig	swarm_104	16.0	2.0	
lightdock	luciferin_score	8.53421	2UUY_rec	2UUY_lig	swarm_104	17.0	4.0	
lightdock	luciferin_score	8.48111	2UUY_rec	2UUY_lig	swarm_104	18.0	4.0	
lightdock	luciferin_score	8.40375	2UUY_rec	2UUY_lig	swarm_104	19.0	5.0	
lightdock	luciferin_score	7.99324	2UUY_rec	2UUY_lig	swarm_104	20.0	1.0	
lightdock	luciferin_score	7.95942	2UUY_rec	2UUY_lig	swarm_104	21.0	2.0	
lightdock	luciferin_score	7.94727	2UUY_rec	2UUY_lig	swarm_104	22.0	6.0	
lightdock	luciferin_score	7.91085	2UUY_rec	2UUY_lig	swarm_104	23.0	1.0	
lightdock	luciferin_score	7.904	2UUY_rec	2UUY_lig	swarm_104	24.0	1.0	
lightdock	luciferin_score	7.48511	2UUY_rec	2UUY_lig	swarm_104	25.0	7.0	
lightdock	luciferin_score	7.11396	2UUY_rec	2UUY_lig	swarm_104	26.0	2.0	
lightdock	luciferin_score	7.046	2UUY_rec	2UUY_lig	swarm_104	27.0	3.0	
lightdock	luciferin_score	6.32855	2UUY_rec	2UUY_lig	swarm_104	28.0	2.0	
lightdock	luciferin_score	6.28651	2UUY_rec	2UUY_lig	swarm_104	29.0	1.0	
lightdock	luciferin_score	6.18507	2UUY_rec	2UUY_lig	swarm_104	30.0	6.0	
lightdock	luciferin_score	6.05686	2UUY_rec	2UUY_lig	swarm_104	31.0	1.0	
lightdock	luciferin_score	6.02639	2UUY_rec	2UUY_lig	swarm_104	32.0	1.0	
lightdock	luciferin_score	5.31829	2UUY_rec	2UUY_lig	swarm_104	33.0	1.0	
lightdock	luciferin_score	5.06486	2UUY_rec	2UUY_lig	swarm_104	34.0	2.0	
lightdock	luciferin_score	4.87584	2UUY_rec	2UUY_lig	swarm_104	35.0	1.0	
lightdock	luciferin_score	4.14563	2UUY_rec	2UUY_lig	swarm_104	36.0	2.0	
lightdock	luciferin_score	3.72005	2UUY_rec	2UUY_lig	swarm_104	37.0	1.0	
lightdock	luciferin_score	3.69041	2UUY_rec	2UUY_lig	swarm_104	38.0	2.0	
lightdock	luciferin_score	2.43351	2UUY_rec	2UUY_lig	swarm_104	39.0	3.0	
lightdock	luciferin_score	2.16026	2UUY_rec	2UUY_lig	swarm_104	40.0	1.0	
lightdock	luciferin_score	1.66925	2UUY_rec	2UUY_lig	swarm_104	41.0	2.0	
lightdock	luciferin_score	0.83059	2UUY_rec	2UUY_lig	swarm_104	42.0	4.0	
lightdock	luciferin_score	-0.00034	2UUY_rec	2UUY_lig	swarm_104	43.0	1.0	
lightdock	luciferin_score	-0.83957	2UUY_rec	2UUY_lig	swarm_104	44.0	1.0	
lightdock	luciferin_score	-0.96026	2UUY_rec	2UUY_lig	swarm_104	45.0	2.0	
lightdock	luciferin_score	-2.02159	2UUY_rec	2UUY_lig	swarm_104	46.0	5.0	
lightdock	luciferin_score	-3.71363	2UUY_rec	2UUY_lig	swarm_104	47.0	1.0	
lightdock	luciferin_score	-4.47823	2UUY_rec	2UUY_lig	swarm_104	48.0	1.0	
lightdock	luciferin_score	-6.60275	2UUY_rec	2UUY_lig	swarm_104	49.0	3.0	
lightdock	luciferin_score	-6.77283	2UUY_rec	2UUY_lig	swarm_104	50.0	3.0	
lightdock	luciferin_score	-7.43042	2UUY_rec	2UUY_lig	swarm_104	51.0	3.0	
lightdock	luciferin_score	-7.58542	2UUY_rec	2UUY_lig	swarm_104	52.0	1.0	
lightdock	luciferin_score	-9.04212	2UUY_rec	2UUY_lig	swarm_104	53.0	1.0	
lightdock	luciferin_score	-9.79193	2UUY_rec	2UUY_lig	swarm_104	54.0	3.0	
lightdock	luciferin_score	-10.94449	2UUY_rec	2UUY_lig	swarm_104	55.0	1.0	
lightdock	luciferin_score	-11.47095	2UUY_rec	2UUY_lig	swarm_104	56.0	2.0	
lightdock	luciferin_score	-13.07848	2UUY_rec	2UUY_lig	swarm_104	57.0	1.0	
lightdock	luciferin_score	-13.62737	2UUY_rec	2UUY_lig	swarm_104	58.0	1.0	
lightdock	luciferin_score	-17.23753	2UUY_rec	2UUY_lig	swarm_104	59.0	1.0	
lightdock	luciferin_score	-17.5089	2UUY_rec	2UUY_lig	swarm_104	60.0	3.0	
lightdock	luciferin_score	-18.18215	2UUY_rec	2UUY_lig	swarm_104	61.0	1.0	
lightdock	luciferin_score	-19.29259	2UUY_rec	2UUY_lig	swarm_104	62.0	1.0	
lightdock	luciferin_score	-32.6725	2UUY_rec	2UUY_lig	swarm_104	63.0	1.0	
lightdock	luciferin_score	-34.15684	2UUY_rec	2UUY_lig	swarm_104	64.0	2.0	
lightdock	luciferin_score	-40.43827	2UUY_rec	2UUY_lig	swarm_104	65.0	2.0	
lightdock	luciferin_score	-44.2481	2UUY_rec	2UUY_lig	swarm_104	66.0	1.0	
lightdock	luciferin_score	-55.67337	2UUY_rec	2UUY_lig	swarm_104	67.0	1.0	
lightdock	luciferin_score	18.37258	2UUY_rec	2UUY_lig	swarm_105	0.0	5.0	
lightdock	luciferin_score	17.38765	2UUY_rec	2UUY_lig	swarm_105	1.0	5.0	
lightdock	luciferin_score	16.78127	2UUY_rec	2UUY_lig	swarm_105	2.0	6.0	
lightdock	luciferin_score	16.0534	2UUY_rec	2UUY_lig	swarm_105	3.0	3.0	
lightdock	luciferin_score	15.47106	2UUY_rec	2UUY_lig	swarm_105	4.0	6.0	
lightdock	luciferin_score	15.07077	2UUY_rec	2UUY_lig	swarm_105	5.0	6.0	
lightdock	luciferin_score	13.398	2UUY_rec	2UUY_lig	swarm_105	6.0	6.0	
lightdock	luciferin_score	13.27584	2UUY_rec	2UUY_lig	swarm_105	7.0	1.0	
lightdock	luciferin_score	13.23956	2UUY_rec	2UUY_lig	swarm_105	8.0	3.0	
lightdock	luciferin_score	12.2334	2UUY_rec	2UUY_lig	swarm_105	9.0	5.0	
lightdock	luciferin_score	12.18995	2UUY_rec	2UUY_lig	swarm_105	10.0	1.0	
lightdock	luciferin_score	12.01707	2UUY_rec	2UUY_lig	swarm_105	11.0	9.0	
lightdock	luciferin_score	11.31284	2UUY_rec	2UUY_lig	swarm_105	12.0	12.0	
lightdock	luciferin_score	11.28999	2UUY_rec	2UUY_lig	swarm_105	13.0	7.0	
lightdock	luciferin_score	11.0175	2UUY_rec	2UUY_lig	swarm_105	14.0	2.0	
lightdock	luciferin_score	10.91698	2UUY_rec	2UUY_lig	swarm_105	15.0	1.0	
lightdock	luciferin_score	10.87171	2UUY_rec	2UUY_lig	swarm_105	16.0	6.0	
lightdock	luciferin_score	10.7038	2UUY_rec	2UUY_lig	swarm_105	17.0	2.0	
lightdock	luciferin_score	10.63337	2UUY_rec	2UUY_lig	swarm_105	18.0	3.0	
lightdock	luciferin_score	10.43042	2UUY_rec	2UUY_lig	swarm_105	19.0	5.0	
lightdock	luciferin_score	9.67459	2UUY_rec	2UUY_lig	swarm_105	20.0	3.0	
lightdock	luciferin_score	9.28501	2UUY_rec	2UUY_lig	swarm_105	21.0	4.0	
lightdock	luciferin_score	9.25476	2UUY_rec	2UUY_lig	swarm_105	22.0	4.0	
lightdock	luciferin_score	9.24718	2UUY_rec	2UUY_lig	swarm_105	23.0	2.0	
lightdock	luciferin_score	9.10209	2UUY_rec	2UUY_lig	swarm_105	24.0	1.0	
lightdock	luciferin_score	8.61064	2UUY_rec	2UUY_lig	swarm_105	25.0	4.0	
lightdock	luciferin_score	8.37415	2UUY_rec	2UUY_lig	swarm_105	26.0	4.0	
lightdock	luciferin_score	8.26123	2UUY_rec	2UUY_lig	swarm_105	27.0	2.0	
lightdock	luciferin_score	8.16431	2UUY_rec	2UUY_lig	swarm_105	28.0	1.0	
lightdock	luciferin_score	8.14147	2UUY_rec	2UUY_lig	swarm_105	29.0	1.0	
lightdock	luciferin_score	8.086	2UUY_rec	2UUY_lig	swarm_105	30.0	3.0	
lightdock	luciferin_score	7.96126	2UUY_rec	2UUY_lig	swarm_105	31.0	4.0	
lightdock	luciferin_score	7.55406	2UUY_rec	2UUY_lig	swarm_105	32.0	1.0	
lightdock	luciferin_score	7.43017	2UUY_rec	2UUY_lig	swarm_105	33.0	1.0	
lightdock	luciferin_score	7.35988	2UUY_rec	2UUY_lig	swarm_105	34.0	1.0	
lightdock	luciferin_score	7.31174	2UUY_rec	2UUY_lig	swarm_105	35.0	2.0	
lightdock	luciferin_score	7.15615	2UUY_rec	2UUY_lig	swarm_105	36.0	1.0	
lightdock	luciferin_score	6.92071	2UUY_rec	2UUY_lig	swarm_105	37.0	2.0	
lightdock	luciferin_score	6.9025	2UUY_rec	2UUY_lig	swarm_105	38.0	2.0	
lightdock	luciferin_score	6.57434	2UUY_rec	2UUY_lig	swarm_105	39.0	1.0	
lightdock	luciferin_score	5.9847	2UUY_rec	2UUY_lig	swarm_105	40.0	2.0	
lightdock	luciferin_score	5.49893	2UUY_rec	2UUY_lig	swarm_105	41.0	1.0	
lightdock	luciferin_score	4.99912	2UUY_rec	2UUY_lig	swarm_105	42.0	2.0	
lightdock	luciferin_score	4.11178	2UUY_rec	2UUY_lig	swarm_105	43.0	1.0	
lightdock	luciferin_score	3.65482	2UUY_rec	2UUY_lig	swarm_105	44.0	4.0	
lightdock	luciferin_score	3.22484	2UUY_rec	2UUY_lig	swarm_105	45.0	2.0	
lightdock	luciferin_score	2.55129	2UUY_rec	2UUY_lig	swarm_105	46.0	2.0	
lightdock	luciferin_score	2.5029	2UUY_rec	2UUY_lig	swarm_105	47.0	1.0	
lightdock	luciferin_score	1.55063	2UUY_rec	2UUY_lig	swarm_105	48.0	1.0	
lightdock	luciferin_score	1.01433	2UUY_rec	2UUY_lig	swarm_105	49.0	2.0	
lightdock	luciferin_score	0.12958	2UUY_rec	2UUY_lig	swarm_105	50.0	5.0	
lightdock	luciferin_score	0.10449	2UUY_rec	2UUY_lig	swarm_105	51.0	4.0	
lightdock	luciferin_score	-1.74154	2UUY_rec	2UUY_lig	swarm_105	52.0	4.0	
lightdock	luciferin_score	-2.15801	2UUY_rec	2UUY_lig	swarm_105	53.0	1.0	
lightdock	luciferin_score	-4.36795	2UUY_rec	2UUY_lig	swarm_105	54.0	1.0	
lightdock	luciferin_score	-6.76677	2UUY_rec	2UUY_lig	swarm_105	55.0	1.0	
lightdock	luciferin_score	-6.8959	2UUY_rec	2UUY_lig	swarm_105	56.0	2.0	
lightdock	luciferin_score	-7.89791	2UUY_rec	2UUY_lig	swarm_105	57.0	6.0	
lightdock	luciferin_score	-8.73811	2UUY_rec	2UUY_lig	swarm_105	58.0	1.0	
lightdock	luciferin_score	-11.49753	2UUY_rec	2UUY_lig	swarm_105	59.0	1.0	
lightdock	luciferin_score	-12.61152	2UUY_rec	2UUY_lig	swarm_105	60.0	2.0	
lightdock	luciferin_score	-15.95648	2UUY_rec	2UUY_lig	swarm_105	61.0	3.0	
lightdock	luciferin_score	-16.20393	2UUY_rec	2UUY_lig	swarm_105	62.0	2.0	
lightdock	luciferin_score	-19.85443	2UUY_rec	2UUY_lig	swarm_105	63.0	3.0	
lightdock	luciferin_score	-29.22346	2UUY_rec	2UUY_lig	swarm_105	64.0	3.0	
lightdock	luciferin_score	-33.50403	2UUY_rec	2UUY_lig	swarm_105	65.0	2.0	
lightdock	luciferin_score	-59.14455	2UUY_rec	2UUY_lig	swarm_105	66.0	2.0	
lightdock	luciferin_score	-66.74198	2UUY_rec	2UUY_lig	swarm_105	67.0	1.0	
lightdock	luciferin_score	18.83983	2UUY_rec	2UUY_lig	swarm_106	0.0	9.0	
lightdock	luciferin_score	16.9305	2UUY_rec	2UUY_lig	swarm_106	1.0	8.0	
lightdock	luciferin_score	16.28326	2UUY_rec	2UUY_lig	swarm_106	2.0	3.0	
lightdock	luciferin_score	15.25239	2UUY_rec	2UUY_lig	swarm_106	3.0	3.0	
lightdock	luciferin_score	15.19832	2UUY_rec	2UUY_lig	swarm_106	4.0	4.0	
lightdock	luciferin_score	14.26636	2UUY_rec	2UUY_lig	swarm_106	5.0	3.0	
lightdock	luciferin_score	14.20606	2UUY_rec	2UUY_lig	swarm_106	6.0	8.0	
lightdock	luciferin_score	13.56925	2UUY_rec	2UUY_lig	swarm_106	7.0	6.0	
lightdock	luciferin_score	13.45442	2UUY_rec	2UUY_lig	swarm_106	8.0	5.0	
lightdock	luciferin_score	13.45397	2UUY_rec	2UUY_lig	swarm_106	9.0	5.0	
lightdock	luciferin_score	13.23824	2UUY_rec	2UUY_lig	swarm_106	10.0	5.0	
lightdock	luciferin_score	13.10028	2UUY_rec	2UUY_lig	swarm_106	11.0	5.0	
lightdock	luciferin_score	12.88176	2UUY_rec	2UUY_lig	swarm_106	12.0	2.0	
lightdock	luciferin_score	12.64052	2UUY_rec	2UUY_lig	swarm_106	13.0	7.0	
lightdock	luciferin_score	12.06764	2UUY_rec	2UUY_lig	swarm_106	14.0	6.0	
lightdock	luciferin_score	11.91287	2UUY_rec	2UUY_lig	swarm_106	15.0	6.0	
lightdock	luciferin_score	11.91155	2UUY_rec	2UUY_lig	swarm_106	16.0	5.0	
lightdock	luciferin_score	11.52482	2UUY_rec	2UUY_lig	swarm_106	17.0	3.0	
lightdock	luciferin_score	11.11392	2UUY_rec	2UUY_lig	swarm_106	18.0	3.0	
lightdock	luciferin_score	11.07496	2UUY_rec	2UUY_lig	swarm_106	19.0	2.0	
lightdock	luciferin_score	11.02514	2UUY_rec	2UUY_lig	swarm_106	20.0	1.0	
lightdock	luciferin_score	11.00117	2UUY_rec	2UUY_lig	swarm_106	21.0	3.0	
lightdock	luciferin_score	10.4246	2UUY_rec	2UUY_lig	swarm_106	22.0	6.0	
lightdock	luciferin_score	10.13339	2UUY_rec	2UUY_lig	swarm_106	23.0	2.0	
lightdock	luciferin_score	10.07339	2UUY_rec	2UUY_lig	swarm_106	24.0	3.0	
lightdock	luciferin_score	9.99943	2UUY_rec	2UUY_lig	swarm_106	25.0	3.0	
lightdock	luciferin_score	9.71741	2UUY_rec	2UUY_lig	swarm_106	26.0	1.0	
lightdock	luciferin_score	9.56151	2UUY_rec	2UUY_lig	swarm_106	27.0	1.0	
lightdock	luciferin_score	9.3092	2UUY_rec	2UUY_lig	swarm_106	28.0	6.0	
lightdock	luciferin_score	9.08389	2UUY_rec	2UUY_lig	swarm_106	29.0	3.0	
lightdock	luciferin_score	8.82543	2UUY_rec	2UUY_lig	swarm_106	30.0	3.0	
lightdock	luciferin_score	8.7508	2UUY_rec	2UUY_lig	swarm_106	31.0	1.0	
lightdock	luciferin_score	8.2136	2UUY_rec	2UUY_lig	swarm_106	32.0	1.0	
lightdock	luciferin_score	8.11051	2UUY_rec	2UUY_lig	swarm_106	33.0	3.0	
lightdock	luciferin_score	8.08865	2UUY_rec	2UUY_lig	swarm_106	34.0	1.0	
lightdock	luciferin_score	7.67571	2UUY_rec	2UUY_lig	swarm_106	35.0	1.0	
lightdock	luciferin_score	7.19707	2UUY_rec	2UUY_lig	swarm_106	36.0	1.0	
lightdock	luciferin_score	6.45972	2UUY_rec	2UUY_lig	swarm_106	37.0	1.0	
lightdock	luciferin_score	6.02451	2UUY_rec	2UUY_lig	swarm_106	38.0	1.0	
lightdock	luciferin_score	5.71864	2UUY_rec	2UUY_lig	swarm_106	39.0	1.0	
lightdock	luciferin_score	5.68193	2UUY_rec	2UUY_lig	swarm_106	40.0	1.0	
lightdock	luciferin_score	4.79532	2UUY_rec	2UUY_lig	swarm_106	41.0	6.0	
lightdock	luciferin_score	4.66139	2UUY_rec	2UUY_lig	swarm_106	42.0	4.0	
lightdock	luciferin_score	3.24722	2UUY_rec	2UUY_lig	swarm_106	43.0	1.0	
lightdock	luciferin_score	2.3195	2UUY_rec	2UUY_lig	swarm_106	44.0	4.0	
lightdock	luciferin_score	1.01217	2UUY_rec	2UUY_lig	swarm_106	45.0	13.0	
lightdock	luciferin_score	0.46216	2UUY_rec	2UUY_lig	swarm_106	46.0	1.0	
lightdock	luciferin_score	-0.99762	2UUY_rec	2UUY_lig	swarm_106	47.0	1.0	
lightdock	luciferin_score	-1.26613	2UUY_rec	2UUY_lig	swarm_106	48.0	2.0	
lightdock	luciferin_score	-1.70113	2UUY_rec	2UUY_lig	swarm_106	49.0	5.0	
lightdock	luciferin_score	-2.10696	2UUY_rec	2UUY_lig	swarm_106	50.0	1.0	
lightdock	luciferin_score	-10.54889	2UUY_rec	2UUY_lig	swarm_106	51.0	2.0	
lightdock	luciferin_score	-10.58248	2UUY_rec	2UUY_lig	swarm_106	52.0	1.0	
lightdock	luciferin_score	-13.66983	2UUY_rec	2UUY_lig	swarm_106	53.0	4.0	
lightdock	luciferin_score	-14.4629	2UUY_rec	2UUY_lig	swarm_106	54.0	1.0	
lightdock	luciferin_score	-15.12268	2UUY_rec	2UUY_lig	swarm_106	55.0	5.0	
lightdock	luciferin_score	-17.24922	2UUY_rec	2UUY_lig	swarm_106	56.0	1.0	
lightdock	luciferin_score	-18.23679	2UUY_rec	2UUY_lig	swarm_106	57.0	1.0	
lightdock	luciferin_score	-32.46842	2UUY_rec	2UUY_lig	swarm_106	58.0	1.0	
lightdock	luciferin_score	-41.6613	2UUY_rec	2UUY_lig	swarm_106	59.0	1.0	
lightdock	luciferin_score	-62.09034	2UUY_rec	2UUY_lig	swarm_106	60.0	2.0	
lightdock	luciferin_score	-77.65934	2UUY_rec	2UUY_lig	swarm_106	61.0	1.0	
lightdock	luciferin_score	15.70289	2UUY_rec	2UUY_lig	swarm_107	0.0	1.0	
lightdock	luciferin_score	14.40602	2UUY_rec	2UUY_lig	swarm_107	1.0	1.0	
lightdock	luciferin_score	14.3269	2UUY_rec	2UUY_lig	swarm_107	2.0	5.0	
lightdock	luciferin_score	14.08222	2UUY_rec	2UUY_lig	swarm_107	3.0	2.0	
lightdock	luciferin_score	13.90001	2UUY_rec	2UUY_lig	swarm_107	4.0	3.0	
lightdock	luciferin_score	13.56745	2UUY_rec	2UUY_lig	swarm_107	5.0	7.0	
lightdock	luciferin_score	12.25097	2UUY_rec	2UUY_lig	swarm_107	6.0	13.0	
lightdock	luciferin_score	12.22051	2UUY_rec	2UUY_lig	swarm_107	7.0	4.0	
lightdock	luciferin_score	12.18123	2UUY_rec	2UUY_lig	swarm_107	8.0	9.0	
lightdock	luciferin_score	12.14521	2UUY_rec	2UUY_lig	swarm_107	9.0	3.0	
lightdock	luciferin_score	11.92102	2UUY_rec	2UUY_lig	swarm_107	10.0	4.0	
lightdock	luciferin_score	11.8987	2UUY_rec	2UUY_lig	swarm_107	11.0	2.0	
lightdock	luciferin_score	11.81657	2UUY_rec	2UUY_lig	swarm_107	12.0	5.0	
lightdock	luciferin_score	11.5044	2UUY_rec	2UUY_lig	swarm_107	13.0	8.0	
lightdock	luciferin_score	11.46687	2UUY_rec	2UUY_lig	swarm_107	14.0	4.0	
lightdock	luciferin_score	11.34449	2UUY_rec	2UUY_lig	swarm_107	15.0	12.0	
lightdock	luciferin_score	11.16376	2UUY_rec	2UUY_lig	swarm_107	16.0	2.0	
lightdock	luciferin_score	10.83025	2UUY_rec	2UUY_lig	swarm_107	17.0	2.0	
lightdock	luciferin_score	10.82941	2UUY_rec	2UUY_lig	swarm_107	18.0	1.0	
lightdock	luciferin_score	10.74375	2UUY_rec	2UUY_lig	swarm_107	19.0	7.0	
lightdock	luciferin_score	10.49262	2UUY_rec	2UUY_lig	swarm_107	20.0	1.0	
lightdock	luciferin_score	10.36029	2UUY_rec	2UUY_lig	swarm_107	21.0	7.0	
lightdock	luciferin_score	10.31847	2UUY_rec	2UUY_lig	swarm_107	22.0	1.0	
lightdock	luciferin_score	9.84163	2UUY_rec	2UUY_lig	swarm_107	23.0	4.0	
lightdock	luciferin_score	9.80627	2UUY_rec	2UUY_lig	swarm_107	24.0	2.0	
lightdock	luciferin_score	9.51918	2UUY_rec	2UUY_lig	swarm_107	25.0	1.0	
lightdock	luciferin_score	8.94988	2UUY_rec	2UUY_lig	swarm_107	26.0	1.0	
lightdock	luciferin_score	8.02954	2UUY_rec	2UUY_lig	swarm_107	27.0	4.0	
lightdock	luciferin_score	7.06441	2UUY_rec	2UUY_lig	swarm_107	28.0	2.0	
lightdock	luciferin_score	6.938	2UUY_rec	2UUY_lig	swarm_107	29.0	1.0	
lightdock	luciferin_score	6.92442	2UUY_rec	2UUY_lig	swarm_107	30.0	1.0	
lightdock	luciferin_score	6.42052	2UUY_rec	2UUY_lig	swarm_107	31.0	2.0	
lightdock	luciferin_score	6.11136	2UUY_rec	2UUY_lig	swarm_107	32.0	1.0	
lightdock	luciferin_score	5.96382	2UUY_rec	2UUY_lig	swarm_107	33.0	3.0	
lightdock	luciferin_score	4.99696	2UUY_rec	2UUY_lig	swarm_107	34.0	1.0	
lightdock	luciferin_score	4.80235	2UUY_rec	2UUY_lig	swarm_107	35.0	6.0	
lightdock	luciferin_score	3.32022	2UUY_rec	2UUY_lig	swarm_107	36.0	1.0	
lightdock	luciferin_score	3.01683	2UUY_rec	2UUY_lig	swarm_107	37.0	4.0	
lightdock	luciferin_score	2.61884	2UUY_rec	2UUY_lig	swarm_107	38.0	1.0	
lightdock	luciferin_score	2.09222	2UUY_rec	2UUY_lig	swarm_107	39.0	4.0	
lightdock	luciferin_score	0.8503	2UUY_rec	2UUY_lig	swarm_107	40.0	2.0	
lightdock	luciferin_score	0.06292	2UUY_rec	2UUY_lig	swarm_107	41.0	3.0	
lightdock	luciferin_score	-0.64877	2UUY_rec	2UUY_lig	swarm_107	42.0	2.0	
lightdock	luciferin_score	-1.88775	2UUY_rec	2UUY_lig	swarm_107	43.0	1.0	
lightdock	luciferin_score	-3.42656	2UUY_rec	2UUY_lig	swarm_107	44.0	3.0	
lightdock	luciferin_score	-3.43531	2UUY_rec	2UUY_lig	swarm_107	45.0	3.0	
lightdock	luciferin_score	-3.87034	2UUY_rec	2UUY_lig	swarm_107	46.0	7.0	
lightdock	luciferin_score	-5.37654	2UUY_rec	2UUY_lig	swarm_107	47.0	3.0	
lightdock	luciferin_score	-13.51652	2UUY_rec	2UUY_lig	swarm_107	48.0	1.0	
lightdock	luciferin_score	-14.79004	2UUY_rec	2UUY_lig	swarm_107	49.0	1.0	
lightdock	luciferin_score	-15.24127	2UUY_rec	2UUY_lig	swarm_107	50.0	1.0	
lightdock	luciferin_score	-17.73777	2UUY_rec	2UUY_lig	swarm_107	51.0	2.0	
lightdock	luciferin_score	-17.7857	2UUY_rec	2UUY_lig	swarm_107	52.0	2.0	
lightdock	luciferin_score	-17.90292	2UUY_rec	2UUY_lig	swarm_107	53.0	4.0	
lightdock	luciferin_score	-19.40238	2UUY_rec	2UUY_lig	swarm_107	54.0	1.0	
lightdock	luciferin_score	-20.68013	2UUY_rec	2UUY_lig	swarm_107	55.0	3.0	
lightdock	luciferin_score	-26.1556	2UUY_rec	2UUY_lig	swarm_107	56.0	1.0	
lightdock	luciferin_score	-30.7664	2UUY_rec	2UUY_lig	swarm_107	57.0	1.0	
lightdock	luciferin_score	-39.31435	2UUY_rec	2UUY_lig	swarm_107	58.0	1.0	
lightdock	luciferin_score	-42.26122	2UUY_rec	2UUY_lig	swarm_107	59.0	4.0	
lightdock	luciferin_score	-46.38648	2UUY_rec	2UUY_lig	swarm_107	60.0	3.0	
lightdock	luciferin_score	-51.91309	2UUY_rec	2UUY_lig	swarm_107	61.0	2.0	
lightdock	luciferin_score	-60.18635	2UUY_rec	2UUY_lig	swarm_107	62.0	1.0	
lightdock	luciferin_score	-61.32544	2UUY_rec	2UUY_lig	swarm_107	63.0	1.0	
lightdock	luciferin_score	-66.77438	2UUY_rec	2UUY_lig	swarm_107	64.0	2.0	
lightdock	luciferin_score	-70.34571	2UUY_rec	2UUY_lig	swarm_107	65.0	1.0	
lightdock	luciferin_score	-93.09995	2UUY_rec	2UUY_lig	swarm_107	66.0	1.0	
lightdock	luciferin_score	16.28205	2UUY_rec	2UUY_lig	swarm_108	0.0	4.0	
lightdock	luciferin_score	15.47228	2UUY_rec	2UUY_lig	swarm_108	1.0	16.0	
lightdock	luciferin_score	15.12911	2UUY_rec	2UUY_lig	swarm_108	2.0	2.0	
lightdock	luciferin_score	13.21973	2UUY_rec	2UUY_lig	swarm_108	3.0	3.0	
lightdock	luciferin_score	13.14266	2UUY_rec	2UUY_lig	swarm_108	4.0	3.0	
lightdock	luciferin_score	12.86339	2UUY_rec	2UUY_lig	swarm_108	5.0	7.0	
lightdock	luciferin_score	11.10765	2UUY_rec	2UUY_lig	swarm_108	6.0	1.0	
lightdock	luciferin_score	10.97865	2UUY_rec	2UUY_lig	swarm_108	7.0	5.0	
lightdock	luciferin_score	10.7238	2UUY_rec	2UUY_lig	swarm_108	8.0	3.0	
lightdock	luciferin_score	10.39878	2UUY_rec	2UUY_lig	swarm_108	9.0	8.0	
lightdock	luciferin_score	10.12098	2UUY_rec	2UUY_lig	swarm_108	10.0	2.0	
lightdock	luciferin_score	10.10861	2UUY_rec	2UUY_lig	swarm_108	11.0	6.0	
lightdock	luciferin_score	9.96791	2UUY_rec	2UUY_lig	swarm_108	12.0	8.0	
lightdock	luciferin_score	9.93665	2UUY_rec	2UUY_lig	swarm_108	13.0	2.0	
lightdock	luciferin_score	9.68095	2UUY_rec	2UUY_lig	swarm_108	14.0	2.0	
lightdock	luciferin_score	9.65419	2UUY_rec	2UUY_lig	swarm_108	15.0	2.0	
lightdock	luciferin_score	9.63289	2UUY_rec	2UUY_lig	swarm_108	16.0	1.0	
lightdock	luciferin_score	9.46756	2UUY_rec	2UUY_lig	swarm_108	17.0	3.0	
lightdock	luciferin_score	9.38716	2UUY_rec	2UUY_lig	swarm_108	18.0	7.0	
lightdock	luciferin_score	9.29621	2UUY_rec	2UUY_lig	swarm_108	19.0	1.0	
lightdock	luciferin_score	9.21767	2UUY_rec	2UUY_lig	swarm_108	20.0	5.0	
lightdock	luciferin_score	9.14299	2UUY_rec	2UUY_lig	swarm_108	21.0	4.0	
lightdock	luciferin_score	9.01827	2UUY_rec	2UUY_lig	swarm_108	22.0	4.0	
lightdock	luciferin_score	8.99745	2UUY_rec	2UUY_lig	swarm_108	23.0	3.0	
lightdock	luciferin_score	8.98539	2UUY_rec	2UUY_lig	swarm_108	24.0	2.0	
lightdock	luciferin_score	8.9433	2UUY_rec	2UUY_lig	swarm_108	25.0	9.0	
lightdock	luciferin_score	8.92394	2UUY_rec	2UUY_lig	swarm_108	26.0	1.0	
lightdock	luciferin_score	8.90323	2UUY_rec	2UUY_lig	swarm_108	27.0	1.0	
lightdock	luciferin_score	8.89432	2UUY_rec	2UUY_lig	swarm_108	28.0	2.0	
lightdock	luciferin_score	8.8237	2UUY_rec	2UUY_lig	swarm_108	29.0	5.0	
lightdock	luciferin_score	8.82013	2UUY_rec	2UUY_lig	swarm_108	30.0	1.0	
lightdock	luciferin_score	8.16644	2UUY_rec	2UUY_lig	swarm_108	31.0	1.0	
lightdock	luciferin_score	8.00356	2UUY_rec	2UUY_lig	swarm_108	32.0	1.0	
lightdock	luciferin_score	7.94217	2UUY_rec	2UUY_lig	swarm_108	33.0	1.0	
lightdock	luciferin_score	7.79718	2UUY_rec	2UUY_lig	swarm_108	34.0	1.0	
lightdock	luciferin_score	7.69029	2UUY_rec	2UUY_lig	swarm_108	35.0	2.0	
lightdock	luciferin_score	7.6749	2UUY_rec	2UUY_lig	swarm_108	36.0	2.0	
lightdock	luciferin_score	7.6709	2UUY_rec	2UUY_lig	swarm_108	37.0	2.0	
lightdock	luciferin_score	7.22552	2UUY_rec	2UUY_lig	swarm_108	38.0	3.0	
lightdock	luciferin_score	7.17297	2UUY_rec	2UUY_lig	swarm_108	39.0	2.0	
lightdock	luciferin_score	7.14149	2UUY_rec	2UUY_lig	swarm_108	40.0	1.0	
lightdock	luciferin_score	6.7732	2UUY_rec	2UUY_lig	swarm_108	41.0	2.0	
lightdock	luciferin_score	6.65586	2UUY_rec	2UUY_lig	swarm_108	42.0	1.0	
lightdock	luciferin_score	6.43251	2UUY_rec	2UUY_lig	swarm_108	43.0	1.0	
lightdock	luciferin_score	6.31335	2UUY_rec	2UUY_lig	swarm_108	44.0	1.0	
lightdock	luciferin_score	6.05616	2UUY_rec	2UUY_lig	swarm_108	45.0	8.0	
lightdock	luciferin_score	5.85729	2UUY_rec	2UUY_lig	swarm_108	46.0	2.0	
lightdock	luciferin_score	5.69075	2UUY_rec	2UUY_lig	swarm_108	47.0	1.0	
lightdock	luciferin_score	5.6779	2UUY_rec	2UUY_lig	swarm_108	48.0	2.0	
lightdock	luciferin_score	5.51625	2UUY_rec	2UUY_lig	swarm_108	49.0	1.0	
lightdock	luciferin_score	5.45211	2UUY_rec	2UUY_lig	swarm_108	50.0	3.0	
lightdock	luciferin_score	5.38662	2UUY_rec	2UUY_lig	swarm_108	51.0	1.0	
lightdock	luciferin_score	5.25782	2UUY_rec	2UUY_lig	swarm_108	52.0	1.0	
lightdock	luciferin_score	4.88652	2UUY_rec	2UUY_lig	swarm_108	53.0	3.0	
lightdock	luciferin_score	2.83088	2UUY_rec	2UUY_lig	swarm_108	54.0	1.0	
lightdock	luciferin_score	0.5702	2UUY_rec	2UUY_lig	swarm_108	55.0	1.0	
lightdock	luciferin_score	-1.57444	2UUY_rec	2UUY_lig	swarm_108	56.0	9.0	
lightdock	luciferin_score	-1.70932	2UUY_rec	2UUY_lig	swarm_108	57.0	1.0	
lightdock	luciferin_score	-2.29874	2UUY_rec	2UUY_lig	swarm_108	58.0	1.0	
lightdock	luciferin_score	-5.88913	2UUY_rec	2UUY_lig	swarm_108	59.0	1.0	
lightdock	luciferin_score	-6.55823	2UUY_rec	2UUY_lig	swarm_108	60.0	2.0	
lightdock	luciferin_score	-7.71641	2UUY_rec	2UUY_lig	swarm_108	61.0	1.0	
lightdock	luciferin_score	-7.86186	2UUY_rec	2UUY_lig	swarm_108	62.0	2.0	
lightdock	luciferin_score	-9.81375	2UUY_rec	2UUY_lig	swarm_108	63.0	2.0	
lightdock	luciferin_score	-13.34009	2UUY_rec	2UUY_lig	swarm_108	64.0	2.0	
lightdock	luciferin_score	-13.36395	2UUY_rec	2UUY_lig	swarm_108	65.0	2.0	
lightdock	luciferin_score	-17.43973	2UUY_rec	2UUY_lig	swarm_108	66.0	2.0	
lightdock	luciferin_score	-18.37568	2UUY_rec	2UUY_lig	swarm_108	67.0	1.0	
lightdock	luciferin_score	-20.45599	2UUY_rec	2UUY_lig	swarm_108	68.0	3.0	
lightdock	luciferin_score	-22.2715	2UUY_rec	2UUY_lig	swarm_108	69.0	2.0	
lightdock	luciferin_score	-55.85374	2UUY_rec	2UUY_lig	swarm_108	70.0	1.0	
lightdock	luciferin_score	18.32965	2UUY_rec	2UUY_lig	swarm_109	0.0	4.0	
lightdock	luciferin_score	17.16979	2UUY_rec	2UUY_lig	swarm_109	1.0	5.0	
lightdock	luciferin_score	16.29189	2UUY_rec	2UUY_lig	swarm_109	2.0	12.0	
lightdock	luciferin_score	15.21615	2UUY_rec	2UUY_lig	swarm_109	3.0	6.0	
lightdock	luciferin_score	14.25522	2UUY_rec	2UUY_lig	swarm_109	4.0	3.0	
lightdock	luciferin_score	14.07322	2UUY_rec	2UUY_lig	swarm_109	5.0	2.0	
lightdock	luciferin_score	13.70499	2UUY_rec	2UUY_lig	swarm_109	6.0	2.0	
lightdock	luciferin_score	12.73317	2UUY_rec	2UUY_lig	swarm_109	7.0	16.0	
lightdock	luciferin_score	12.50382	2UUY_rec	2UUY_lig	swarm_109	8.0	4.0	
lightdock	luciferin_score	12.1998	2UUY_rec	2UUY_lig	swarm_109	9.0	5.0	
lightdock	luciferin_score	12.10035	2UUY_rec	2UUY_lig	swarm_109	10.0	3.0	
lightdock	luciferin_score	12.019	2UUY_rec	2UUY_lig	swarm_109	11.0	5.0	
lightdock	luciferin_score	12.01136	2UUY_rec	2UUY_lig	swarm_109	12.0	4.0	
lightdock	luciferin_score	11.73393	2UUY_rec	2UUY_lig	swarm_109	13.0	4.0	
lightdock	luciferin_score	11.27528	2UUY_rec	2UUY_lig	swarm_109	14.0	3.0	
lightdock	luciferin_score	11.24396	2UUY_rec	2UUY_lig	swarm_109	15.0	7.0	
lightdock	luciferin_score	11.14936	2UUY_rec	2UUY_lig	swarm_109	16.0	2.0	
lightdock	luciferin_score	10.95356	2UUY_rec	2UUY_lig	swarm_109	17.0	2.0	
lightdock	luciferin_score	10.95102	2UUY_rec	2UUY_lig	swarm_109	18.0	9.0	
lightdock	luciferin_score	10.31839	2UUY_rec	2UUY_lig	swarm_109	19.0	2.0	
lightdock	luciferin_score	10.23261	2UUY_rec	2UUY_lig	swarm_109	20.0	1.0	
lightdock	luciferin_score	10.11963	2UUY_rec	2UUY_lig	swarm_109	21.0	2.0	
lightdock	luciferin_score	10.0532	2UUY_rec	2UUY_lig	swarm_109	22.0	4.0	
lightdock	luciferin_score	9.49041	2UUY_rec	2UUY_lig	swarm_109	23.0	1.0	
lightdock	luciferin_score	9.30991	2UUY_rec	2UUY_lig	swarm_109	24.0	1.0	
lightdock	luciferin_score	9.2831	2UUY_rec	2UUY_lig	swarm_109	25.0	1.0	
lightdock	luciferin_score	9.15615	2UUY_rec	2UUY_lig	swarm_109	26.0	4.0	
lightdock	luciferin_score	8.85341	2UUY_rec	2UUY_lig	swarm_109	27.0	1.0	
lightdock	luciferin_score	8.63272	2UUY_rec	2UUY_lig	swarm_109	28.0	4.0	
lightdock	luciferin_score	8.44445	2UUY_rec	2UUY_lig	swarm_109	29.0	3.0	
lightdock	luciferin_score	8.19574	2UUY_rec	2UUY_lig	swarm_109	30.0	3.0	
lightdock	luciferin_score	8.12342	2UUY_rec	2UUY_lig	swarm_109	31.0	2.0	
lightdock	luciferin_score	8.04205	2UUY_rec	2UUY_lig	swarm_109	32.0	3.0	
lightdock	luciferin_score	7.85684	2UUY_rec	2UUY_lig	swarm_109	33.0	3.0	
lightdock	luciferin_score	7.60409	2UUY_rec	2UUY_lig	swarm_109	34.0	1.0	
lightdock	luciferin_score	7.15352	2UUY_rec	2UUY_lig	swarm_109	35.0	4.0	
lightdock	luciferin_score	6.31529	2UUY_rec	2UUY_lig	swarm_109	36.0	2.0	
lightdock	luciferin_score	6.24413	2UUY_rec	2UUY_lig	swarm_109	37.0	1.0	
lightdock	luciferin_score	5.93217	2UUY_rec	2UUY_lig	swarm_109	38.0	2.0	
lightdock	luciferin_score	5.77575	2UUY_rec	2UUY_lig	swarm_109	39.0	1.0	
lightdock	luciferin_score	5.3785	2UUY_rec	2UUY_lig	swarm_109	40.0	2.0	
lightdock	luciferin_score	3.75634	2UUY_rec	2UUY_lig	swarm_109	41.0	4.0	
lightdock	luciferin_score	2.65663	2UUY_rec	2UUY_lig	swarm_109	42.0	2.0	
lightdock	luciferin_score	2.56302	2UUY_rec	2UUY_lig	swarm_109	43.0	2.0	
lightdock	luciferin_score	1.85919	2UUY_rec	2UUY_lig	swarm_109	44.0	1.0	
lightdock	luciferin_score	0.51191	2UUY_rec	2UUY_lig	swarm_109	45.0	2.0	
lightdock	luciferin_score	0.41466	2UUY_rec	2UUY_lig	swarm_109	46.0	1.0	
lightdock	luciferin_score	-0.12824	2UUY_rec	2UUY_lig	swarm_109	47.0	4.0	
lightdock	luciferin_score	-0.56945	2UUY_rec	2UUY_lig	swarm_109	48.0	4.0	
lightdock	luciferin_score	-0.81912	2UUY_rec	2UUY_lig	swarm_109	49.0	1.0	
lightdock	luciferin_score	-2.05233	2UUY_rec	2UUY_lig	swarm_109	50.0	1.0	
lightdock	luciferin_score	-3.01766	2UUY_rec	2UUY_lig	swarm_109	51.0	1.0	
lightdock	luciferin_score	-6.83493	2UUY_rec	2UUY_lig	swarm_109	52.0	2.0	
lightdock	luciferin_score	-6.89954	2UUY_rec	2UUY_lig	swarm_109	53.0	2.0	
lightdock	luciferin_score	-8.08402	2UUY_rec	2UUY_lig	swarm_109	54.0	1.0	
lightdock	luciferin_score	-8.61073	2UUY_rec	2UUY_lig	swarm_109	55.0	3.0	
lightdock	luciferin_score	-9.4498	2UUY_rec	2UUY_lig	swarm_109	56.0	1.0	
lightdock	luciferin_score	-16.26108	2UUY_rec	2UUY_lig	swarm_109	57.0	4.0	
lightdock	luciferin_score	-20.11052	2UUY_rec	2UUY_lig	swarm_109	58.0	5.0	
lightdock	luciferin_score	-25.20383	2UUY_rec	2UUY_lig	swarm_109	59.0	6.0	
lightdock	luciferin_score	-33.78888	2UUY_rec	2UUY_lig	swarm_109	60.0	2.0	
lightdock	luciferin_score	-40.70397	2UUY_rec	2UUY_lig	swarm_109	61.0	1.0	
lightdock	luciferin_score	-50.43065	2UUY_rec	2UUY_lig	swarm_109	62.0	1.0	
lightdock	luciferin_score	-62.79657	2UUY_rec	2UUY_lig	swarm_109	63.0	2.0	
lightdock	luciferin_score	-100.43141	2UUY_rec	2UUY_lig	swarm_109	64.0	1.0	
lightdock	luciferin_score	14.03185	2UUY_rec	2UUY_lig	swarm_11	0.0	3.0	
lightdock	luciferin_score	11.71938	2UUY_rec	2UUY_lig	swarm_11	1.0	3.0	
lightdock	luciferin_score	11.52109	2UUY_rec	2UUY_lig	swarm_11	2.0	2.0	
lightdock	luciferin_score	11.3361	2UUY_rec	2UUY_lig	swarm_11	3.0	6.0	
lightdock	luciferin_score	11.29573	2UUY_rec	2UUY_lig	swarm_11	4.0	5.0	
lightdock	luciferin_score	10.68511	2UUY_rec	2UUY_lig	swarm_11	5.0	11.0	
lightdock	luciferin_score	10.59329	2UUY_rec	2UUY_lig	swarm_11	6.0	2.0	
lightdock	luciferin_score	10.35136	2UUY_rec	2UUY_lig	swarm_11	7.0	1.0	
lightdock	luciferin_score	10.24313	2UUY_rec	2UUY_lig	swarm_11	8.0	8.0	
lightdock	luciferin_score	10.17462	2UUY_rec	2UUY_lig	swarm_11	9.0	3.0	
lightdock	luciferin_score	10.03863	2UUY_rec	2UUY_lig	swarm_11	10.0	2.0	
lightdock	luciferin_score	9.98085	2UUY_rec	2UUY_lig	swarm_11	11.0	4.0	
lightdock	luciferin_score	9.82405	2UUY_rec	2UUY_lig	swarm_11	12.0	1.0	
lightdock	luciferin_score	9.27555	2UUY_rec	2UUY_lig	swarm_11	13.0	2.0	
lightdock	luciferin_score	9.1946	2UUY_rec	2UUY_lig	swarm_11	14.0	9.0	
lightdock	luciferin_score	9.07113	2UUY_rec	2UUY_lig	swarm_11	15.0	3.0	
lightdock	luciferin_score	9.02513	2UUY_rec	2UUY_lig	swarm_11	16.0	1.0	
lightdock	luciferin_score	8.77308	2UUY_rec	2UUY_lig	swarm_11	17.0	9.0	
lightdock	luciferin_score	8.74128	2UUY_rec	2UUY_lig	swarm_11	18.0	4.0	
lightdock	luciferin_score	8.72609	2UUY_rec	2UUY_lig	swarm_11	19.0	5.0	
lightdock	luciferin_score	8.56526	2UUY_rec	2UUY_lig	swarm_11	20.0	3.0	
lightdock	luciferin_score	8.5192	2UUY_rec	2UUY_lig	swarm_11	21.0	2.0	
lightdock	luciferin_score	8.45426	2UUY_rec	2UUY_lig	swarm_11	22.0	3.0	
lightdock	luciferin_score	8.37931	2UUY_rec	2UUY_lig	swarm_11	23.0	1.0	
lightdock	luciferin_score	8.33277	2UUY_rec	2UUY_lig	swarm_11	24.0	1.0	
lightdock	luciferin_score	8.2809	2UUY_rec	2UUY_lig	swarm_11	25.0	2.0	
lightdock	luciferin_score	8.12053	2UUY_rec	2UUY_lig	swarm_11	26.0	4.0	
lightdock	luciferin_score	8.06877	2UUY_rec	2UUY_lig	swarm_11	27.0	3.0	
lightdock	luciferin_score	8.02231	2UUY_rec	2UUY_lig	swarm_11	28.0	3.0	
lightdock	luciferin_score	7.89041	2UUY_rec	2UUY_lig	swarm_11	29.0	1.0	
lightdock	luciferin_score	7.77045	2UUY_rec	2UUY_lig	swarm_11	30.0	1.0	
lightdock	luciferin_score	7.75583	2UUY_rec	2UUY_lig	swarm_11	31.0	3.0	
lightdock	luciferin_score	7.61442	2UUY_rec	2UUY_lig	swarm_11	32.0	8.0	
lightdock	luciferin_score	7.42334	2UUY_rec	2UUY_lig	swarm_11	33.0	2.0	
lightdock	luciferin_score	7.18234	2UUY_rec	2UUY_lig	swarm_11	34.0	1.0	
lightdock	luciferin_score	6.96865	2UUY_rec	2UUY_lig	swarm_11	35.0	5.0	
lightdock	luciferin_score	6.72829	2UUY_rec	2UUY_lig	swarm_11	36.0	7.0	
lightdock	luciferin_score	6.56566	2UUY_rec	2UUY_lig	swarm_11	37.0	3.0	
lightdock	luciferin_score	6.47923	2UUY_rec	2UUY_lig	swarm_11	38.0	2.0	
lightdock	luciferin_score	6.46292	2UUY_rec	2UUY_lig	swarm_11	39.0	2.0	
lightdock	luciferin_score	6.37885	2UUY_rec	2UUY_lig	swarm_11	40.0	1.0	
lightdock	luciferin_score	6.37785	2UUY_rec	2UUY_lig	swarm_11	41.0	2.0	
lightdock	luciferin_score	6.37574	2UUY_rec	2UUY_lig	swarm_11	42.0	2.0	
lightdock	luciferin_score	6.26298	2UUY_rec	2UUY_lig	swarm_11	43.0	1.0	
lightdock	luciferin_score	6.10914	2UUY_rec	2UUY_lig	swarm_11	44.0	3.0	
lightdock	luciferin_score	6.04864	2UUY_rec	2UUY_lig	swarm_11	45.0	1.0	
lightdock	luciferin_score	5.90399	2UUY_rec	2UUY_lig	swarm_11	46.0	2.0	
lightdock	luciferin_score	5.80717	2UUY_rec	2UUY_lig	swarm_11	47.0	1.0	
lightdock	luciferin_score	5.65118	2UUY_rec	2UUY_lig	swarm_11	48.0	1.0	
lightdock	luciferin_score	5.52467	2UUY_rec	2UUY_lig	swarm_11	49.0	1.0	
lightdock	luciferin_score	5.51686	2UUY_rec	2UUY_lig	swarm_11	50.0	4.0	
lightdock	luciferin_score	5.37718	2UUY_rec	2UUY_lig	swarm_11	51.0	2.0	
lightdock	luciferin_score	5.32211	2UUY_rec	2UUY_lig	swarm_11	52.0	3.0	
lightdock	luciferin_score	4.97544	2UUY_rec	2UUY_lig	swarm_11	53.0	1.0	
lightdock	luciferin_score	4.95459	2UUY_rec	2UUY_lig	swarm_11	54.0	1.0	
lightdock	luciferin_score	3.48458	2UUY_rec	2UUY_lig	swarm_11	55.0	3.0	
lightdock	luciferin_score	3.36618	2UUY_rec	2UUY_lig	swarm_11	56.0	2.0	
lightdock	luciferin_score	2.50432	2UUY_rec	2UUY_lig	swarm_11	57.0	4.0	
lightdock	luciferin_score	2.29841	2UUY_rec	2UUY_lig	swarm_11	58.0	1.0	
lightdock	luciferin_score	1.3792	2UUY_rec	2UUY_lig	swarm_11	59.0	2.0	
lightdock	luciferin_score	-0.22739	2UUY_rec	2UUY_lig	swarm_11	60.0	4.0	
lightdock	luciferin_score	-1.27438	2UUY_rec	2UUY_lig	swarm_11	61.0	1.0	
lightdock	luciferin_score	-2.24959	2UUY_rec	2UUY_lig	swarm_11	62.0	1.0	
lightdock	luciferin_score	-4.08397	2UUY_rec	2UUY_lig	swarm_11	63.0	3.0	
lightdock	luciferin_score	-6.83785	2UUY_rec	2UUY_lig	swarm_11	64.0	4.0	
lightdock	luciferin_score	-9.62713	2UUY_rec	2UUY_lig	swarm_11	65.0	1.0	
lightdock	luciferin_score	-14.67072	2UUY_rec	2UUY_lig	swarm_11	66.0	2.0	
lightdock	luciferin_score	-26.50414	2UUY_rec	2UUY_lig	swarm_11	67.0	2.0	
lightdock	luciferin_score	-45.52896	2UUY_rec	2UUY_lig	swarm_11	68.0	2.0	
lightdock	luciferin_score	-62.51077	2UUY_rec	2UUY_lig	swarm_11	69.0	1.0	
lightdock	luciferin_score	18.09607	2UUY_rec	2UUY_lig	swarm_110	0.0	3.0	
lightdock	luciferin_score	16.05252	2UUY_rec	2UUY_lig	swarm_110	1.0	5.0	
lightdock	luciferin_score	14.14317	2UUY_rec	2UUY_lig	swarm_110	2.0	13.0	
lightdock	luciferin_score	13.25877	2UUY_rec	2UUY_lig	swarm_110	3.0	4.0	
lightdock	luciferin_score	13.24668	2UUY_rec	2UUY_lig	swarm_110	4.0	10.0	
lightdock	luciferin_score	12.86972	2UUY_rec	2UUY_lig	swarm_110	5.0	2.0	
lightdock	luciferin_score	12.61625	2UUY_rec	2UUY_lig	swarm_110	6.0	2.0	
lightdock	luciferin_score	12.60819	2UUY_rec	2UUY_lig	swarm_110	7.0	7.0	
lightdock	luciferin_score	12.21846	2UUY_rec	2UUY_lig	swarm_110	8.0	4.0	
lightdock	luciferin_score	12.21688	2UUY_rec	2UUY_lig	swarm_110	9.0	11.0	
lightdock	luciferin_score	12.09273	2UUY_rec	2UUY_lig	swarm_110	10.0	4.0	
lightdock	luciferin_score	11.92341	2UUY_rec	2UUY_lig	swarm_110	11.0	4.0	
lightdock	luciferin_score	11.37018	2UUY_rec	2UUY_lig	swarm_110	12.0	2.0	
lightdock	luciferin_score	11.31789	2UUY_rec	2UUY_lig	swarm_110	13.0	3.0	
lightdock	luciferin_score	11.28992	2UUY_rec	2UUY_lig	swarm_110	14.0	3.0	
lightdock	luciferin_score	10.31141	2UUY_rec	2UUY_lig	swarm_110	15.0	2.0	
lightdock	luciferin_score	9.99216	2UUY_rec	2UUY_lig	swarm_110	16.0	2.0	
lightdock	luciferin_score	9.22654	2UUY_rec	2UUY_lig	swarm_110	17.0	3.0	
lightdock	luciferin_score	9.2028	2UUY_rec	2UUY_lig	swarm_110	18.0	5.0	
lightdock	luciferin_score	9.18112	2UUY_rec	2UUY_lig	swarm_110	19.0	1.0	
lightdock	luciferin_score	9.01987	2UUY_rec	2UUY_lig	swarm_110	20.0	5.0	
lightdock	luciferin_score	8.94372	2UUY_rec	2UUY_lig	swarm_110	21.0	6.0	
lightdock	luciferin_score	8.80075	2UUY_rec	2UUY_lig	swarm_110	22.0	2.0	
lightdock	luciferin_score	8.59466	2UUY_rec	2UUY_lig	swarm_110	23.0	1.0	
lightdock	luciferin_score	8.51019	2UUY_rec	2UUY_lig	swarm_110	24.0	2.0	
lightdock	luciferin_score	8.17757	2UUY_rec	2UUY_lig	swarm_110	25.0	2.0	
lightdock	luciferin_score	8.16846	2UUY_rec	2UUY_lig	swarm_110	26.0	2.0	
lightdock	luciferin_score	8.1209	2UUY_rec	2UUY_lig	swarm_110	27.0	1.0	
lightdock	luciferin_score	7.97913	2UUY_rec	2UUY_lig	swarm_110	28.0	3.0	
lightdock	luciferin_score	7.90598	2UUY_rec	2UUY_lig	swarm_110	29.0	2.0	
lightdock	luciferin_score	7.78756	2UUY_rec	2UUY_lig	swarm_110	30.0	2.0	
lightdock	luciferin_score	7.75477	2UUY_rec	2UUY_lig	swarm_110	31.0	2.0	
lightdock	luciferin_score	7.71971	2UUY_rec	2UUY_lig	swarm_110	32.0	3.0	
lightdock	luciferin_score	7.62101	2UUY_rec	2UUY_lig	swarm_110	33.0	2.0	
lightdock	luciferin_score	7.40674	2UUY_rec	2UUY_lig	swarm_110	34.0	1.0	
lightdock	luciferin_score	7.2274	2UUY_rec	2UUY_lig	swarm_110	35.0	1.0	
lightdock	luciferin_score	6.97235	2UUY_rec	2UUY_lig	swarm_110	36.0	2.0	
lightdock	luciferin_score	6.93526	2UUY_rec	2UUY_lig	swarm_110	37.0	2.0	
lightdock	luciferin_score	6.92898	2UUY_rec	2UUY_lig	swarm_110	38.0	9.0	
lightdock	luciferin_score	6.65601	2UUY_rec	2UUY_lig	swarm_110	39.0	1.0	
lightdock	luciferin_score	6.61816	2UUY_rec	2UUY_lig	swarm_110	40.0	1.0	
lightdock	luciferin_score	6.4725	2UUY_rec	2UUY_lig	swarm_110	41.0	1.0	
lightdock	luciferin_score	6.18582	2UUY_rec	2UUY_lig	swarm_110	42.0	1.0	
lightdock	luciferin_score	5.82267	2UUY_rec	2UUY_lig	swarm_110	43.0	1.0	
lightdock	luciferin_score	5.8012	2UUY_rec	2UUY_lig	swarm_110	44.0	1.0	
lightdock	luciferin_score	5.41879	2UUY_rec	2UUY_lig	swarm_110	45.0	1.0	
lightdock	luciferin_score	5.10858	2UUY_rec	2UUY_lig	swarm_110	46.0	1.0	
lightdock	luciferin_score	5.0857	2UUY_rec	2UUY_lig	swarm_110	47.0	1.0	
lightdock	luciferin_score	5.07601	2UUY_rec	2UUY_lig	swarm_110	48.0	2.0	
lightdock	luciferin_score	4.99402	2UUY_rec	2UUY_lig	swarm_110	49.0	2.0	
lightdock	luciferin_score	4.9769	2UUY_rec	2UUY_lig	swarm_110	50.0	2.0	
lightdock	luciferin_score	4.61287	2UUY_rec	2UUY_lig	swarm_110	51.0	3.0	
lightdock	luciferin_score	3.86362	2UUY_rec	2UUY_lig	swarm_110	52.0	1.0	
lightdock	luciferin_score	1.71814	2UUY_rec	2UUY_lig	swarm_110	53.0	1.0	
lightdock	luciferin_score	0.82251	2UUY_rec	2UUY_lig	swarm_110	54.0	2.0	
lightdock	luciferin_score	-2.11618	2UUY_rec	2UUY_lig	swarm_110	55.0	1.0	
lightdock	luciferin_score	-4.10282	2UUY_rec	2UUY_lig	swarm_110	56.0	1.0	
lightdock	luciferin_score	-4.43299	2UUY_rec	2UUY_lig	swarm_110	57.0	3.0	
lightdock	luciferin_score	-5.06908	2UUY_rec	2UUY_lig	swarm_110	58.0	5.0	
lightdock	luciferin_score	-7.05032	2UUY_rec	2UUY_lig	swarm_110	59.0	1.0	
lightdock	luciferin_score	-9.46283	2UUY_rec	2UUY_lig	swarm_110	60.0	3.0	
lightdock	luciferin_score	-10.12262	2UUY_rec	2UUY_lig	swarm_110	61.0	1.0	
lightdock	luciferin_score	-10.63922	2UUY_rec	2UUY_lig	swarm_110	62.0	1.0	
lightdock	luciferin_score	-12.4437	2UUY_rec	2UUY_lig	swarm_110	63.0	3.0	
lightdock	luciferin_score	-16.81524	2UUY_rec	2UUY_lig	swarm_110	64.0	1.0	
lightdock	luciferin_score	-18.87301	2UUY_rec	2UUY_lig	swarm_110	65.0	5.0	
lightdock	luciferin_score	-22.27918	2UUY_rec	2UUY_lig	swarm_110	66.0	3.0	
lightdock	luciferin_score	-22.51608	2UUY_rec	2UUY_lig	swarm_110	67.0	1.0	
lightdock	luciferin_score	-23.10856	2UUY_rec	2UUY_lig	swarm_110	68.0	1.0	
lightdock	luciferin_score	-34.41923	2UUY_rec	2UUY_lig	swarm_110	69.0	1.0	
lightdock	luciferin_score	-36.80073	2UUY_rec	2UUY_lig	swarm_110	70.0	1.0	
lightdock	luciferin_score	-38.58779	2UUY_rec	2UUY_lig	swarm_110	71.0	1.0	
lightdock	luciferin_score	-39.01745	2UUY_rec	2UUY_lig	swarm_110	72.0	1.0	
lightdock	luciferin_score	-58.15623	2UUY_rec	2UUY_lig	swarm_110	73.0	3.0	
lightdock	luciferin_score	-60.39117	2UUY_rec	2UUY_lig	swarm_110	74.0	1.0	
lightdock	luciferin_score	18.43663	2UUY_rec	2UUY_lig	swarm_111	0.0	5.0	
lightdock	luciferin_score	15.53353	2UUY_rec	2UUY_lig	swarm_111	1.0	1.0	
lightdock	luciferin_score	14.29942	2UUY_rec	2UUY_lig	swarm_111	2.0	3.0	
lightdock	luciferin_score	14.12679	2UUY_rec	2UUY_lig	swarm_111	3.0	8.0	
lightdock	luciferin_score	14.09168	2UUY_rec	2UUY_lig	swarm_111	4.0	9.0	
lightdock	luciferin_score	14.05631	2UUY_rec	2UUY_lig	swarm_111	5.0	5.0	
lightdock	luciferin_score	12.49844	2UUY_rec	2UUY_lig	swarm_111	6.0	4.0	
lightdock	luciferin_score	12.41478	2UUY_rec	2UUY_lig	swarm_111	7.0	4.0	
lightdock	luciferin_score	11.36212	2UUY_rec	2UUY_lig	swarm_111	8.0	11.0	
lightdock	luciferin_score	11.00177	2UUY_rec	2UUY_lig	swarm_111	9.0	3.0	
lightdock	luciferin_score	10.80555	2UUY_rec	2UUY_lig	swarm_111	10.0	5.0	
lightdock	luciferin_score	10.57686	2UUY_rec	2UUY_lig	swarm_111	11.0	1.0	
lightdock	luciferin_score	10.49211	2UUY_rec	2UUY_lig	swarm_111	12.0	1.0	
lightdock	luciferin_score	10.34823	2UUY_rec	2UUY_lig	swarm_111	13.0	2.0	
lightdock	luciferin_score	10.21743	2UUY_rec	2UUY_lig	swarm_111	14.0	5.0	
lightdock	luciferin_score	10.102	2UUY_rec	2UUY_lig	swarm_111	15.0	6.0	
lightdock	luciferin_score	10.08044	2UUY_rec	2UUY_lig	swarm_111	16.0	3.0	
lightdock	luciferin_score	10.05732	2UUY_rec	2UUY_lig	swarm_111	17.0	1.0	
lightdock	luciferin_score	10.05548	2UUY_rec	2UUY_lig	swarm_111	18.0	23.0	
lightdock	luciferin_score	9.70943	2UUY_rec	2UUY_lig	swarm_111	19.0	3.0	
lightdock	luciferin_score	9.68196	2UUY_rec	2UUY_lig	swarm_111	20.0	2.0	
lightdock	luciferin_score	9.23867	2UUY_rec	2UUY_lig	swarm_111	21.0	3.0	
lightdock	luciferin_score	9.20396	2UUY_rec	2UUY_lig	swarm_111	22.0	2.0	
lightdock	luciferin_score	9.13617	2UUY_rec	2UUY_lig	swarm_111	23.0	2.0	
lightdock	luciferin_score	8.7162	2UUY_rec	2UUY_lig	swarm_111	24.0	6.0	
lightdock	luciferin_score	8.69335	2UUY_rec	2UUY_lig	swarm_111	25.0	1.0	
lightdock	luciferin_score	8.50278	2UUY_rec	2UUY_lig	swarm_111	26.0	2.0	
lightdock	luciferin_score	8.39743	2UUY_rec	2UUY_lig	swarm_111	27.0	3.0	
lightdock	luciferin_score	8.32523	2UUY_rec	2UUY_lig	swarm_111	28.0	1.0	
lightdock	luciferin_score	8.20952	2UUY_rec	2UUY_lig	swarm_111	29.0	1.0	
lightdock	luciferin_score	8.19951	2UUY_rec	2UUY_lig	swarm_111	30.0	2.0	
lightdock	luciferin_score	7.97947	2UUY_rec	2UUY_lig	swarm_111	31.0	1.0	
lightdock	luciferin_score	7.95665	2UUY_rec	2UUY_lig	swarm_111	32.0	2.0	
lightdock	luciferin_score	7.94627	2UUY_rec	2UUY_lig	swarm_111	33.0	6.0	
lightdock	luciferin_score	7.34986	2UUY_rec	2UUY_lig	swarm_111	34.0	2.0	
lightdock	luciferin_score	6.87513	2UUY_rec	2UUY_lig	swarm_111	35.0	5.0	
lightdock	luciferin_score	6.44035	2UUY_rec	2UUY_lig	swarm_111	36.0	6.0	
lightdock	luciferin_score	6.32609	2UUY_rec	2UUY_lig	swarm_111	37.0	4.0	
lightdock	luciferin_score	5.45754	2UUY_rec	2UUY_lig	swarm_111	38.0	3.0	
lightdock	luciferin_score	5.45368	2UUY_rec	2UUY_lig	swarm_111	39.0	2.0	
lightdock	luciferin_score	5.28723	2UUY_rec	2UUY_lig	swarm_111	40.0	1.0	
lightdock	luciferin_score	4.41528	2UUY_rec	2UUY_lig	swarm_111	41.0	1.0	
lightdock	luciferin_score	4.37793	2UUY_rec	2UUY_lig	swarm_111	42.0	1.0	
lightdock	luciferin_score	3.96132	2UUY_rec	2UUY_lig	swarm_111	43.0	2.0	
lightdock	luciferin_score	3.18208	2UUY_rec	2UUY_lig	swarm_111	44.0	2.0	
lightdock	luciferin_score	2.44969	2UUY_rec	2UUY_lig	swarm_111	45.0	2.0	
lightdock	luciferin_score	0.3221	2UUY_rec	2UUY_lig	swarm_111	46.0	1.0	
lightdock	luciferin_score	-0.35886	2UUY_rec	2UUY_lig	swarm_111	47.0	2.0	
lightdock	luciferin_score	-2.0306	2UUY_rec	2UUY_lig	swarm_111	48.0	3.0	
lightdock	luciferin_score	-3.30341	2UUY_rec	2UUY_lig	swarm_111	49.0	1.0	
lightdock	luciferin_score	-4.05782	2UUY_rec	2UUY_lig	swarm_111	50.0	2.0	
lightdock	luciferin_score	-6.37111	2UUY_rec	2UUY_lig	swarm_111	51.0	2.0	
lightdock	luciferin_score	-7.95473	2UUY_rec	2UUY_lig	swarm_111	52.0	4.0	
lightdock	luciferin_score	-8.53682	2UUY_rec	2UUY_lig	swarm_111	53.0	3.0	
lightdock	luciferin_score	-10.79411	2UUY_rec	2UUY_lig	swarm_111	54.0	3.0	
lightdock	luciferin_score	-14.24555	2UUY_rec	2UUY_lig	swarm_111	55.0	1.0	
lightdock	luciferin_score	-14.55429	2UUY_rec	2UUY_lig	swarm_111	56.0	1.0	
lightdock	luciferin_score	-17.12057	2UUY_rec	2UUY_lig	swarm_111	57.0	1.0	
lightdock	luciferin_score	-20.37656	2UUY_rec	2UUY_lig	swarm_111	58.0	2.0	
lightdock	luciferin_score	-21.73013	2UUY_rec	2UUY_lig	swarm_111	59.0	1.0	
lightdock	luciferin_score	-25.84928	2UUY_rec	2UUY_lig	swarm_111	60.0	1.0	
lightdock	luciferin_score	-28.8356	2UUY_rec	2UUY_lig	swarm_111	61.0	1.0	
lightdock	luciferin_score	-42.44863	2UUY_rec	2UUY_lig	swarm_111	62.0	1.0	
lightdock	luciferin_score	-47.27152	2UUY_rec	2UUY_lig	swarm_111	63.0	1.0	
lightdock	luciferin_score	-48.59427	2UUY_rec	2UUY_lig	swarm_111	64.0	1.0	
lightdock	luciferin_score	14.73173	2UUY_rec	2UUY_lig	swarm_112	0.0	5.0	
lightdock	luciferin_score	14.20668	2UUY_rec	2UUY_lig	swarm_112	1.0	1.0	
lightdock	luciferin_score	13.76208	2UUY_rec	2UUY_lig	swarm_112	2.0	2.0	
lightdock	luciferin_score	13.18964	2UUY_rec	2UUY_lig	swarm_112	3.0	5.0	
lightdock	luciferin_score	12.54789	2UUY_rec	2UUY_lig	swarm_112	4.0	16.0	
lightdock	luciferin_score	12.35136	2UUY_rec	2UUY_lig	swarm_112	5.0	7.0	
lightdock	luciferin_score	12.20698	2UUY_rec	2UUY_lig	swarm_112	6.0	16.0	
lightdock	luciferin_score	12.06906	2UUY_rec	2UUY_lig	swarm_112	7.0	6.0	
lightdock	luciferin_score	11.80928	2UUY_rec	2UUY_lig	swarm_112	8.0	4.0	
lightdock	luciferin_score	11.58205	2UUY_rec	2UUY_lig	swarm_112	9.0	4.0	
lightdock	luciferin_score	11.53916	2UUY_rec	2UUY_lig	swarm_112	10.0	7.0	
lightdock	luciferin_score	11.1636	2UUY_rec	2UUY_lig	swarm_112	11.0	1.0	
lightdock	luciferin_score	10.82253	2UUY_rec	2UUY_lig	swarm_112	12.0	2.0	
lightdock	luciferin_score	10.64624	2UUY_rec	2UUY_lig	swarm_112	13.0	4.0	
lightdock	luciferin_score	10.41292	2UUY_rec	2UUY_lig	swarm_112	14.0	2.0	
lightdock	luciferin_score	9.99039	2UUY_rec	2UUY_lig	swarm_112	15.0	5.0	
lightdock	luciferin_score	9.88632	2UUY_rec	2UUY_lig	swarm_112	16.0	2.0	
lightdock	luciferin_score	9.59371	2UUY_rec	2UUY_lig	swarm_112	17.0	2.0	
lightdock	luciferin_score	9.58541	2UUY_rec	2UUY_lig	swarm_112	18.0	4.0	
lightdock	luciferin_score	9.55283	2UUY_rec	2UUY_lig	swarm_112	19.0	1.0	
lightdock	luciferin_score	9.43033	2UUY_rec	2UUY_lig	swarm_112	20.0	2.0	
lightdock	luciferin_score	9.17261	2UUY_rec	2UUY_lig	swarm_112	21.0	3.0	
lightdock	luciferin_score	8.79725	2UUY_rec	2UUY_lig	swarm_112	22.0	5.0	
lightdock	luciferin_score	8.74998	2UUY_rec	2UUY_lig	swarm_112	23.0	2.0	
lightdock	luciferin_score	8.74389	2UUY_rec	2UUY_lig	swarm_112	24.0	5.0	
lightdock	luciferin_score	8.66173	2UUY_rec	2UUY_lig	swarm_112	25.0	10.0	
lightdock	luciferin_score	8.64756	2UUY_rec	2UUY_lig	swarm_112	26.0	2.0	
lightdock	luciferin_score	8.38736	2UUY_rec	2UUY_lig	swarm_112	27.0	3.0	
lightdock	luciferin_score	8.34887	2UUY_rec	2UUY_lig	swarm_112	28.0	4.0	
lightdock	luciferin_score	8.0991	2UUY_rec	2UUY_lig	swarm_112	29.0	4.0	
lightdock	luciferin_score	7.44694	2UUY_rec	2UUY_lig	swarm_112	30.0	10.0	
lightdock	luciferin_score	7.23532	2UUY_rec	2UUY_lig	swarm_112	31.0	1.0	
lightdock	luciferin_score	7.23149	2UUY_rec	2UUY_lig	swarm_112	32.0	1.0	
lightdock	luciferin_score	7.22894	2UUY_rec	2UUY_lig	swarm_112	33.0	1.0	
lightdock	luciferin_score	7.11779	2UUY_rec	2UUY_lig	swarm_112	34.0	5.0	
lightdock	luciferin_score	6.66988	2UUY_rec	2UUY_lig	swarm_112	35.0	2.0	
lightdock	luciferin_score	6.44498	2UUY_rec	2UUY_lig	swarm_112	36.0	2.0	
lightdock	luciferin_score	6.27422	2UUY_rec	2UUY_lig	swarm_112	37.0	1.0	
lightdock	luciferin_score	6.17719	2UUY_rec	2UUY_lig	swarm_112	38.0	1.0	
lightdock	luciferin_score	5.98037	2UUY_rec	2UUY_lig	swarm_112	39.0	1.0	
lightdock	luciferin_score	5.22468	2UUY_rec	2UUY_lig	swarm_112	40.0	1.0	
lightdock	luciferin_score	2.69674	2UUY_rec	2UUY_lig	swarm_112	41.0	6.0	
lightdock	luciferin_score	2.20362	2UUY_rec	2UUY_lig	swarm_112	42.0	1.0	
lightdock	luciferin_score	1.13194	2UUY_rec	2UUY_lig	swarm_112	43.0	5.0	
lightdock	luciferin_score	0.45888	2UUY_rec	2UUY_lig	swarm_112	44.0	2.0	
lightdock	luciferin_score	-0.11818	2UUY_rec	2UUY_lig	swarm_112	45.0	1.0	
lightdock	luciferin_score	-1.53424	2UUY_rec	2UUY_lig	swarm_112	46.0	2.0	
lightdock	luciferin_score	-2.69138	2UUY_rec	2UUY_lig	swarm_112	47.0	1.0	
lightdock	luciferin_score	-2.85957	2UUY_rec	2UUY_lig	swarm_112	48.0	1.0	
lightdock	luciferin_score	-4.72522	2UUY_rec	2UUY_lig	swarm_112	49.0	2.0	
lightdock	luciferin_score	-5.10907	2UUY_rec	2UUY_lig	swarm_112	50.0	1.0	
lightdock	luciferin_score	-5.73026	2UUY_rec	2UUY_lig	swarm_112	51.0	3.0	
lightdock	luciferin_score	-9.58668	2UUY_rec	2UUY_lig	swarm_112	52.0	1.0	
lightdock	luciferin_score	-10.2843	2UUY_rec	2UUY_lig	swarm_112	53.0	2.0	
lightdock	luciferin_score	-20.08654	2UUY_rec	2UUY_lig	swarm_112	54.0	1.0	
lightdock	luciferin_score	-27.31995	2UUY_rec	2UUY_lig	swarm_112	55.0	2.0	
lightdock	luciferin_score	-33.32259	2UUY_rec	2UUY_lig	swarm_112	56.0	1.0	
lightdock	luciferin_score	-37.40863	2UUY_rec	2UUY_lig	swarm_112	57.0	2.0	
lightdock	luciferin_score	-51.19348	2UUY_rec	2UUY_lig	swarm_112	58.0	1.0	
lightdock	luciferin_score	-53.21815	2UUY_rec	2UUY_lig	swarm_112	59.0	1.0	
lightdock	luciferin_score	-54.01292	2UUY_rec	2UUY_lig	swarm_112	60.0	1.0	
lightdock	luciferin_score	-55.64885	2UUY_rec	2UUY_lig	swarm_112	61.0	1.0	
lightdock	luciferin_score	16.36056	2UUY_rec	2UUY_lig	swarm_113	0.0	2.0	
lightdock	luciferin_score	13.67453	2UUY_rec	2UUY_lig	swarm_113	1.0	6.0	
lightdock	luciferin_score	12.90851	2UUY_rec	2UUY_lig	swarm_113	2.0	3.0	
lightdock	luciferin_score	12.74957	2UUY_rec	2UUY_lig	swarm_113	3.0	8.0	
lightdock	luciferin_score	12.51259	2UUY_rec	2UUY_lig	swarm_113	4.0	3.0	
lightdock	luciferin_score	11.36748	2UUY_rec	2UUY_lig	swarm_113	5.0	17.0	
lightdock	luciferin_score	11.18425	2UUY_rec	2UUY_lig	swarm_113	6.0	5.0	
lightdock	luciferin_score	11.07705	2UUY_rec	2UUY_lig	swarm_113	7.0	1.0	
lightdock	luciferin_score	10.667	2UUY_rec	2UUY_lig	swarm_113	8.0	1.0	
lightdock	luciferin_score	10.20572	2UUY_rec	2UUY_lig	swarm_113	9.0	3.0	
lightdock	luciferin_score	10.19987	2UUY_rec	2UUY_lig	swarm_113	10.0	5.0	
lightdock	luciferin_score	9.84926	2UUY_rec	2UUY_lig	swarm_113	11.0	3.0	
lightdock	luciferin_score	9.61541	2UUY_rec	2UUY_lig	swarm_113	12.0	1.0	
lightdock	luciferin_score	9.35501	2UUY_rec	2UUY_lig	swarm_113	13.0	2.0	
lightdock	luciferin_score	9.04099	2UUY_rec	2UUY_lig	swarm_113	14.0	3.0	
lightdock	luciferin_score	8.96861	2UUY_rec	2UUY_lig	swarm_113	15.0	6.0	
lightdock	luciferin_score	8.8676	2UUY_rec	2UUY_lig	swarm_113	16.0	6.0	
lightdock	luciferin_score	8.55214	2UUY_rec	2UUY_lig	swarm_113	17.0	2.0	
lightdock	luciferin_score	8.48017	2UUY_rec	2UUY_lig	swarm_113	18.0	3.0	
lightdock	luciferin_score	8.26965	2UUY_rec	2UUY_lig	swarm_113	19.0	4.0	
lightdock	luciferin_score	8.19173	2UUY_rec	2UUY_lig	swarm_113	20.0	1.0	
lightdock	luciferin_score	7.98993	2UUY_rec	2UUY_lig	swarm_113	21.0	1.0	
lightdock	luciferin_score	7.80051	2UUY_rec	2UUY_lig	swarm_113	22.0	4.0	
lightdock	luciferin_score	7.59724	2UUY_rec	2UUY_lig	swarm_113	23.0	5.0	
lightdock	luciferin_score	7.43797	2UUY_rec	2UUY_lig	swarm_113	24.0	4.0	
lightdock	luciferin_score	7.34442	2UUY_rec	2UUY_lig	swarm_113	25.0	5.0	
lightdock	luciferin_score	7.2679	2UUY_rec	2UUY_lig	swarm_113	26.0	3.0	
lightdock	luciferin_score	7.2196	2UUY_rec	2UUY_lig	swarm_113	27.0	2.0	
lightdock	luciferin_score	7.08578	2UUY_rec	2UUY_lig	swarm_113	28.0	2.0	
lightdock	luciferin_score	6.83255	2UUY_rec	2UUY_lig	swarm_113	29.0	4.0	
lightdock	luciferin_score	6.34769	2UUY_rec	2UUY_lig	swarm_113	30.0	4.0	
lightdock	luciferin_score	6.30734	2UUY_rec	2UUY_lig	swarm_113	31.0	2.0	
lightdock	luciferin_score	5.86967	2UUY_rec	2UUY_lig	swarm_113	32.0	9.0	
lightdock	luciferin_score	5.84174	2UUY_rec	2UUY_lig	swarm_113	33.0	1.0	
lightdock	luciferin_score	5.76924	2UUY_rec	2UUY_lig	swarm_113	34.0	1.0	
lightdock	luciferin_score	5.74439	2UUY_rec	2UUY_lig	swarm_113	35.0	1.0	
lightdock	luciferin_score	5.63152	2UUY_rec	2UUY_lig	swarm_113	36.0	6.0	
lightdock	luciferin_score	5.59811	2UUY_rec	2UUY_lig	swarm_113	37.0	2.0	
lightdock	luciferin_score	5.29088	2UUY_rec	2UUY_lig	swarm_113	38.0	1.0	
lightdock	luciferin_score	5.10994	2UUY_rec	2UUY_lig	swarm_113	39.0	1.0	
lightdock	luciferin_score	4.95434	2UUY_rec	2UUY_lig	swarm_113	40.0	1.0	
lightdock	luciferin_score	4.10372	2UUY_rec	2UUY_lig	swarm_113	41.0	3.0	
lightdock	luciferin_score	3.84612	2UUY_rec	2UUY_lig	swarm_113	42.0	2.0	
lightdock	luciferin_score	3.3849	2UUY_rec	2UUY_lig	swarm_113	43.0	1.0	
lightdock	luciferin_score	2.99971	2UUY_rec	2UUY_lig	swarm_113	44.0	3.0	
lightdock	luciferin_score	2.81218	2UUY_rec	2UUY_lig	swarm_113	45.0	1.0	
lightdock	luciferin_score	2.24051	2UUY_rec	2UUY_lig	swarm_113	46.0	1.0	
lightdock	luciferin_score	-0.71752	2UUY_rec	2UUY_lig	swarm_113	47.0	2.0	
lightdock	luciferin_score	-2.29299	2UUY_rec	2UUY_lig	swarm_113	48.0	3.0	
lightdock	luciferin_score	-2.36733	2UUY_rec	2UUY_lig	swarm_113	49.0	1.0	
lightdock	luciferin_score	-3.4674	2UUY_rec	2UUY_lig	swarm_113	50.0	2.0	
lightdock	luciferin_score	-4.96231	2UUY_rec	2UUY_lig	swarm_113	51.0	1.0	
lightdock	luciferin_score	-6.69243	2UUY_rec	2UUY_lig	swarm_113	52.0	1.0	
lightdock	luciferin_score	-8.16098	2UUY_rec	2UUY_lig	swarm_113	53.0	2.0	
lightdock	luciferin_score	-10.64706	2UUY_rec	2UUY_lig	swarm_113	54.0	3.0	
lightdock	luciferin_score	-13.00819	2UUY_rec	2UUY_lig	swarm_113	55.0	5.0	
lightdock	luciferin_score	-14.35386	2UUY_rec	2UUY_lig	swarm_113	56.0	2.0	
lightdock	luciferin_score	-15.46111	2UUY_rec	2UUY_lig	swarm_113	57.0	3.0	
lightdock	luciferin_score	-17.33356	2UUY_rec	2UUY_lig	swarm_113	58.0	4.0	
lightdock	luciferin_score	-19.92039	2UUY_rec	2UUY_lig	swarm_113	59.0	1.0	
lightdock	luciferin_score	-27.00297	2UUY_rec	2UUY_lig	swarm_113	60.0	3.0	
lightdock	luciferin_score	-33.4164	2UUY_rec	2UUY_lig	swarm_113	61.0	1.0	
lightdock	luciferin_score	-33.53091	2UUY_rec	2UUY_lig	swarm_113	62.0	2.0	
lightdock	luciferin_score	-33.66402	2UUY_rec	2UUY_lig	swarm_113	63.0	1.0	
lightdock	luciferin_score	-39.55508	2UUY_rec	2UUY_lig	swarm_113	64.0	2.0	
lightdock	luciferin_score	-41.4409	2UUY_rec	2UUY_lig	swarm_113	65.0	2.0	
lightdock	luciferin_score	-42.99552	2UUY_rec	2UUY_lig	swarm_113	66.0	1.0	
lightdock	luciferin_score	-55.22174	2UUY_rec	2UUY_lig	swarm_113	67.0	1.0	
lightdock	luciferin_score	-59.39504	2UUY_rec	2UUY_lig	swarm_113	68.0	1.0	
lightdock	luciferin_score	-61.50997	2UUY_rec	2UUY_lig	swarm_113	69.0	1.0	
lightdock	luciferin_score	19.09634	2UUY_rec	2UUY_lig	swarm_114	0.0	2.0	
lightdock	luciferin_score	18.45122	2UUY_rec	2UUY_lig	swarm_114	1.0	7.0	
lightdock	luciferin_score	14.2982	2UUY_rec	2UUY_lig	swarm_114	2.0	2.0	
lightdock	luciferin_score	13.41061	2UUY_rec	2UUY_lig	swarm_114	3.0	7.0	
lightdock	luciferin_score	13.09758	2UUY_rec	2UUY_lig	swarm_114	4.0	5.0	
lightdock	luciferin_score	12.67768	2UUY_rec	2UUY_lig	swarm_114	5.0	6.0	
lightdock	luciferin_score	12.46668	2UUY_rec	2UUY_lig	swarm_114	6.0	2.0	
lightdock	luciferin_score	12.16449	2UUY_rec	2UUY_lig	swarm_114	7.0	20.0	
lightdock	luciferin_score	12.13798	2UUY_rec	2UUY_lig	swarm_114	8.0	1.0	
lightdock	luciferin_score	12.0161	2UUY_rec	2UUY_lig	swarm_114	9.0	5.0	
lightdock	luciferin_score	11.91676	2UUY_rec	2UUY_lig	swarm_114	10.0	7.0	
lightdock	luciferin_score	11.73047	2UUY_rec	2UUY_lig	swarm_114	11.0	2.0	
lightdock	luciferin_score	11.41056	2UUY_rec	2UUY_lig	swarm_114	12.0	4.0	
lightdock	luciferin_score	11.20871	2UUY_rec	2UUY_lig	swarm_114	13.0	3.0	
lightdock	luciferin_score	10.45224	2UUY_rec	2UUY_lig	swarm_114	14.0	4.0	
lightdock	luciferin_score	10.39784	2UUY_rec	2UUY_lig	swarm_114	15.0	1.0	
lightdock	luciferin_score	10.29367	2UUY_rec	2UUY_lig	swarm_114	16.0	6.0	
lightdock	luciferin_score	10.1089	2UUY_rec	2UUY_lig	swarm_114	17.0	6.0	
lightdock	luciferin_score	9.98908	2UUY_rec	2UUY_lig	swarm_114	18.0	4.0	
lightdock	luciferin_score	9.84986	2UUY_rec	2UUY_lig	swarm_114	19.0	3.0	
lightdock	luciferin_score	9.75202	2UUY_rec	2UUY_lig	swarm_114	20.0	1.0	
lightdock	luciferin_score	9.6419	2UUY_rec	2UUY_lig	swarm_114	21.0	3.0	
lightdock	luciferin_score	9.62827	2UUY_rec	2UUY_lig	swarm_114	22.0	2.0	
lightdock	luciferin_score	9.44333	2UUY_rec	2UUY_lig	swarm_114	23.0	1.0	
lightdock	luciferin_score	9.29615	2UUY_rec	2UUY_lig	swarm_114	24.0	3.0	
lightdock	luciferin_score	9.05653	2UUY_rec	2UUY_lig	swarm_114	25.0	3.0	
lightdock	luciferin_score	9.02287	2UUY_rec	2UUY_lig	swarm_114	26.0	2.0	
lightdock	luciferin_score	8.88426	2UUY_rec	2UUY_lig	swarm_114	27.0	12.0	
lightdock	luciferin_score	8.7305	2UUY_rec	2UUY_lig	swarm_114	28.0	3.0	
lightdock	luciferin_score	8.68756	2UUY_rec	2UUY_lig	swarm_114	29.0	3.0	
lightdock	luciferin_score	8.6143	2UUY_rec	2UUY_lig	swarm_114	30.0	3.0	
lightdock	luciferin_score	8.50994	2UUY_rec	2UUY_lig	swarm_114	31.0	6.0	
lightdock	luciferin_score	8.41237	2UUY_rec	2UUY_lig	swarm_114	32.0	4.0	
lightdock	luciferin_score	8.40503	2UUY_rec	2UUY_lig	swarm_114	33.0	1.0	
lightdock	luciferin_score	8.32954	2UUY_rec	2UUY_lig	swarm_114	34.0	5.0	
lightdock	luciferin_score	8.10387	2UUY_rec	2UUY_lig	swarm_114	35.0	1.0	
lightdock	luciferin_score	8.05355	2UUY_rec	2UUY_lig	swarm_114	36.0	1.0	
lightdock	luciferin_score	7.8346	2UUY_rec	2UUY_lig	swarm_114	37.0	4.0	
lightdock	luciferin_score	7.41906	2UUY_rec	2UUY_lig	swarm_114	38.0	3.0	
lightdock	luciferin_score	6.96318	2UUY_rec	2UUY_lig	swarm_114	39.0	2.0	
lightdock	luciferin_score	6.48536	2UUY_rec	2UUY_lig	swarm_114	40.0	2.0	
lightdock	luciferin_score	6.12524	2UUY_rec	2UUY_lig	swarm_114	41.0	2.0	
lightdock	luciferin_score	6.07177	2UUY_rec	2UUY_lig	swarm_114	42.0	1.0	
lightdock	luciferin_score	5.93886	2UUY_rec	2UUY_lig	swarm_114	43.0	1.0	
lightdock	luciferin_score	5.92878	2UUY_rec	2UUY_lig	swarm_114	44.0	1.0	
lightdock	luciferin_score	5.54901	2UUY_rec	2UUY_lig	swarm_114	45.0	1.0	
lightdock	luciferin_score	5.53372	2UUY_rec	2UUY_lig	swarm_114	46.0	3.0	
lightdock	luciferin_score	5.48825	2UUY_rec	2UUY_lig	swarm_114	47.0	1.0	
lightdock	luciferin_score	4.91604	2UUY_rec	2UUY_lig	swarm_114	48.0	1.0	
lightdock	luciferin_score	3.9041	2UUY_rec	2UUY_lig	swarm_114	49.0	1.0	
lightdock	luciferin_score	2.94976	2UUY_rec	2UUY_lig	swarm_114	50.0	1.0	
lightdock	luciferin_score	1.36167	2UUY_rec	2UUY_lig	swarm_114	51.0	3.0	
lightdock	luciferin_score	0.19294	2UUY_rec	2UUY_lig	swarm_114	52.0	1.0	
lightdock	luciferin_score	-0.79402	2UUY_rec	2UUY_lig	swarm_114	53.0	2.0	
lightdock	luciferin_score	-1.33551	2UUY_rec	2UUY_lig	swarm_114	54.0	1.0	
lightdock	luciferin_score	-3.57343	2UUY_rec	2UUY_lig	swarm_114	55.0	5.0	
lightdock	luciferin_score	-6.69838	2UUY_rec	2UUY_lig	swarm_114	56.0	2.0	
lightdock	luciferin_score	-8.44841	2UUY_rec	2UUY_lig	swarm_114	57.0	4.0	
lightdock	luciferin_score	-9.13827	2UUY_rec	2UUY_lig	swarm_114	58.0	1.0	
lightdock	luciferin_score	-17.02904	2UUY_rec	2UUY_lig	swarm_114	59.0	3.0	
lightdock	luciferin_score	-24.33359	2UUY_rec	2UUY_lig	swarm_114	60.0	1.0	
lightdock	luciferin_score	-29.30539	2UUY_rec	2UUY_lig	swarm_114	61.0	1.0	
lightdock	luciferin_score	-74.38731	2UUY_rec	2UUY_lig	swarm_114	62.0	1.0	
lightdock	luciferin_score	18.36419	2UUY_rec	2UUY_lig	swarm_115	0.0	4.0	
lightdock	luciferin_score	15.77728	2UUY_rec	2UUY_lig	swarm_115	1.0	5.0	
lightdock	luciferin_score	13.96385	2UUY_rec	2UUY_lig	swarm_115	2.0	26.0	
lightdock	luciferin_score	13.91237	2UUY_rec	2UUY_lig	swarm_115	3.0	8.0	
lightdock	luciferin_score	13.81803	2UUY_rec	2UUY_lig	swarm_115	4.0	2.0	
lightdock	luciferin_score	13.35217	2UUY_rec	2UUY_lig	swarm_115	5.0	5.0	
lightdock	luciferin_score	13.24139	2UUY_rec	2UUY_lig	swarm_115	6.0	3.0	
lightdock	luciferin_score	13.18753	2UUY_rec	2UUY_lig	swarm_115	7.0	3.0	
lightdock	luciferin_score	12.79594	2UUY_rec	2UUY_lig	swarm_115	8.0	3.0	
lightdock	luciferin_score	12.52334	2UUY_rec	2UUY_lig	swarm_115	9.0	1.0	
lightdock	luciferin_score	11.96616	2UUY_rec	2UUY_lig	swarm_115	10.0	5.0	
lightdock	luciferin_score	11.96203	2UUY_rec	2UUY_lig	swarm_115	11.0	4.0	
lightdock	luciferin_score	11.89061	2UUY_rec	2UUY_lig	swarm_115	12.0	4.0	
lightdock	luciferin_score	11.79936	2UUY_rec	2UUY_lig	swarm_115	13.0	2.0	
lightdock	luciferin_score	11.47577	2UUY_rec	2UUY_lig	swarm_115	14.0	3.0	
lightdock	luciferin_score	10.98036	2UUY_rec	2UUY_lig	swarm_115	15.0	7.0	
lightdock	luciferin_score	10.85567	2UUY_rec	2UUY_lig	swarm_115	16.0	1.0	
lightdock	luciferin_score	10.65489	2UUY_rec	2UUY_lig	swarm_115	17.0	2.0	
lightdock	luciferin_score	10.63235	2UUY_rec	2UUY_lig	swarm_115	18.0	2.0	
lightdock	luciferin_score	10.22819	2UUY_rec	2UUY_lig	swarm_115	19.0	5.0	
lightdock	luciferin_score	10.05306	2UUY_rec	2UUY_lig	swarm_115	20.0	4.0	
lightdock	luciferin_score	9.72633	2UUY_rec	2UUY_lig	swarm_115	21.0	3.0	
lightdock	luciferin_score	9.42363	2UUY_rec	2UUY_lig	swarm_115	22.0	3.0	
lightdock	luciferin_score	8.93407	2UUY_rec	2UUY_lig	swarm_115	23.0	5.0	
lightdock	luciferin_score	8.68163	2UUY_rec	2UUY_lig	swarm_115	24.0	2.0	
lightdock	luciferin_score	7.90334	2UUY_rec	2UUY_lig	swarm_115	25.0	2.0	
lightdock	luciferin_score	7.00135	2UUY_rec	2UUY_lig	swarm_115	26.0	2.0	
lightdock	luciferin_score	6.98816	2UUY_rec	2UUY_lig	swarm_115	27.0	2.0	
lightdock	luciferin_score	6.48555	2UUY_rec	2UUY_lig	swarm_115	28.0	2.0	
lightdock	luciferin_score	6.30234	2UUY_rec	2UUY_lig	swarm_115	29.0	1.0	
lightdock	luciferin_score	6.24864	2UUY_rec	2UUY_lig	swarm_115	30.0	1.0	
lightdock	luciferin_score	6.00003	2UUY_rec	2UUY_lig	swarm_115	31.0	2.0	
lightdock	luciferin_score	5.42543	2UUY_rec	2UUY_lig	swarm_115	32.0	4.0	
lightdock	luciferin_score	5.23056	2UUY_rec	2UUY_lig	swarm_115	33.0	3.0	
lightdock	luciferin_score	5.07559	2UUY_rec	2UUY_lig	swarm_115	34.0	2.0	
lightdock	luciferin_score	4.75294	2UUY_rec	2UUY_lig	swarm_115	35.0	5.0	
lightdock	luciferin_score	4.54596	2UUY_rec	2UUY_lig	swarm_115	36.0	1.0	
lightdock	luciferin_score	3.76413	2UUY_rec	2UUY_lig	swarm_115	37.0	5.0	
lightdock	luciferin_score	1.96836	2UUY_rec	2UUY_lig	swarm_115	38.0	1.0	
lightdock	luciferin_score	1.69626	2UUY_rec	2UUY_lig	swarm_115	39.0	2.0	
lightdock	luciferin_score	0.81963	2UUY_rec	2UUY_lig	swarm_115	40.0	1.0	
lightdock	luciferin_score	-0.89185	2UUY_rec	2UUY_lig	swarm_115	41.0	2.0	
lightdock	luciferin_score	-1.30866	2UUY_rec	2UUY_lig	swarm_115	42.0	10.0	
lightdock	luciferin_score	-3.39967	2UUY_rec	2UUY_lig	swarm_115	43.0	1.0	
lightdock	luciferin_score	-3.6734	2UUY_rec	2UUY_lig	swarm_115	44.0	3.0	
lightdock	luciferin_score	-4.12591	2UUY_rec	2UUY_lig	swarm_115	45.0	1.0	
lightdock	luciferin_score	-4.76381	2UUY_rec	2UUY_lig	swarm_115	46.0	3.0	
lightdock	luciferin_score	-6.28568	2UUY_rec	2UUY_lig	swarm_115	47.0	2.0	
lightdock	luciferin_score	-6.43406	2UUY_rec	2UUY_lig	swarm_115	48.0	1.0	
lightdock	luciferin_score	-9.3785	2UUY_rec	2UUY_lig	swarm_115	49.0	1.0	
lightdock	luciferin_score	-12.99532	2UUY_rec	2UUY_lig	swarm_115	50.0	1.0	
lightdock	luciferin_score	-13.25459	2UUY_rec	2UUY_lig	swarm_115	51.0	1.0	
lightdock	luciferin_score	-14.42333	2UUY_rec	2UUY_lig	swarm_115	52.0	5.0	
lightdock	luciferin_score	-14.63044	2UUY_rec	2UUY_lig	swarm_115	53.0	1.0	
lightdock	luciferin_score	-14.77004	2UUY_rec	2UUY_lig	swarm_115	54.0	3.0	
lightdock	luciferin_score	-16.30933	2UUY_rec	2UUY_lig	swarm_115	55.0	4.0	
lightdock	luciferin_score	-18.52909	2UUY_rec	2UUY_lig	swarm_115	56.0	1.0	
lightdock	luciferin_score	-19.5181	2UUY_rec	2UUY_lig	swarm_115	57.0	1.0	
lightdock	luciferin_score	-27.57216	2UUY_rec	2UUY_lig	swarm_115	58.0	1.0	
lightdock	luciferin_score	-29.6865	2UUY_rec	2UUY_lig	swarm_115	59.0	2.0	
lightdock	luciferin_score	-34.32516	2UUY_rec	2UUY_lig	swarm_115	60.0	1.0	
lightdock	luciferin_score	-34.76697	2UUY_rec	2UUY_lig	swarm_115	61.0	2.0	
lightdock	luciferin_score	-45.66622	2UUY_rec	2UUY_lig	swarm_115	62.0	1.0	
lightdock	luciferin_score	-56.53794	2UUY_rec	2UUY_lig	swarm_115	63.0	1.0	
lightdock	luciferin_score	-57.62154	2UUY_rec	2UUY_lig	swarm_115	64.0	1.0	
lightdock	luciferin_score	-59.5954	2UUY_rec	2UUY_lig	swarm_115	65.0	1.0	
lightdock	luciferin_score	-84.00258	2UUY_rec	2UUY_lig	swarm_115	66.0	1.0	
lightdock	luciferin_score	19.20388	2UUY_rec	2UUY_lig	swarm_116	0.0	10.0	
lightdock	luciferin_score	17.11875	2UUY_rec	2UUY_lig	swarm_116	1.0	11.0	
lightdock	luciferin_score	13.6864	2UUY_rec	2UUY_lig	swarm_116	2.0	8.0	
lightdock	luciferin_score	13.25554	2UUY_rec	2UUY_lig	swarm_116	3.0	3.0	
lightdock	luciferin_score	13.08017	2UUY_rec	2UUY_lig	swarm_116	4.0	11.0	
lightdock	luciferin_score	13.00742	2UUY_rec	2UUY_lig	swarm_116	5.0	4.0	
lightdock	luciferin_score	12.37454	2UUY_rec	2UUY_lig	swarm_116	6.0	5.0	
lightdock	luciferin_score	11.98476	2UUY_rec	2UUY_lig	swarm_116	7.0	2.0	
lightdock	luciferin_score	11.9613	2UUY_rec	2UUY_lig	swarm_116	8.0	9.0	
lightdock	luciferin_score	11.77168	2UUY_rec	2UUY_lig	swarm_116	9.0	7.0	
lightdock	luciferin_score	11.61927	2UUY_rec	2UUY_lig	swarm_116	10.0	8.0	
lightdock	luciferin_score	11.58029	2UUY_rec	2UUY_lig	swarm_116	11.0	4.0	
lightdock	luciferin_score	11.52671	2UUY_rec	2UUY_lig	swarm_116	12.0	7.0	
lightdock	luciferin_score	11.0143	2UUY_rec	2UUY_lig	swarm_116	13.0	2.0	
lightdock	luciferin_score	10.75226	2UUY_rec	2UUY_lig	swarm_116	14.0	2.0	
lightdock	luciferin_score	10.63258	2UUY_rec	2UUY_lig	swarm_116	15.0	7.0	
lightdock	luciferin_score	10.45752	2UUY_rec	2UUY_lig	swarm_116	16.0	2.0	
lightdock	luciferin_score	10.37822	2UUY_rec	2UUY_lig	swarm_116	17.0	2.0	
lightdock	luciferin_score	10.16049	2UUY_rec	2UUY_lig	swarm_116	18.0	5.0	
lightdock	luciferin_score	10.11368	2UUY_rec	2UUY_lig	swarm_116	19.0	13.0	
lightdock	luciferin_score	10.06062	2UUY_rec	2UUY_lig	swarm_116	20.0	1.0	
lightdock	luciferin_score	9.70921	2UUY_rec	2UUY_lig	swarm_116	21.0	6.0	
lightdock	luciferin_score	9.67996	2UUY_rec	2UUY_lig	swarm_116	22.0	6.0	
lightdock	luciferin_score	9.58006	2UUY_rec	2UUY_lig	swarm_116	23.0	2.0	
lightdock	luciferin_score	9.42912	2UUY_rec	2UUY_lig	swarm_116	24.0	1.0	
lightdock	luciferin_score	9.33059	2UUY_rec	2UUY_lig	swarm_116	25.0	5.0	
lightdock	luciferin_score	9.23891	2UUY_rec	2UUY_lig	swarm_116	26.0	1.0	
lightdock	luciferin_score	9.15331	2UUY_rec	2UUY_lig	swarm_116	27.0	1.0	
lightdock	luciferin_score	8.78245	2UUY_rec	2UUY_lig	swarm_116	28.0	3.0	
lightdock	luciferin_score	7.82931	2UUY_rec	2UUY_lig	swarm_116	29.0	1.0	
lightdock	luciferin_score	7.70658	2UUY_rec	2UUY_lig	swarm_116	30.0	6.0	
lightdock	luciferin_score	7.54042	2UUY_rec	2UUY_lig	swarm_116	31.0	6.0	
lightdock	luciferin_score	7.50355	2UUY_rec	2UUY_lig	swarm_116	32.0	2.0	
lightdock	luciferin_score	6.86823	2UUY_rec	2UUY_lig	swarm_116	33.0	2.0	
lightdock	luciferin_score	6.63579	2UUY_rec	2UUY_lig	swarm_116	34.0	1.0	
lightdock	luciferin_score	6.61648	2UUY_rec	2UUY_lig	swarm_116	35.0	1.0	
lightdock	luciferin_score	6.21256	2UUY_rec	2UUY_lig	swarm_116	36.0	3.0	
lightdock	luciferin_score	5.99972	2UUY_rec	2UUY_lig	swarm_116	37.0	2.0	
lightdock	luciferin_score	5.42779	2UUY_rec	2UUY_lig	swarm_116	38.0	1.0	
lightdock	luciferin_score	5.36622	2UUY_rec	2UUY_lig	swarm_116	39.0	1.0	
lightdock	luciferin_score	4.86222	2UUY_rec	2UUY_lig	swarm_116	40.0	1.0	
lightdock	luciferin_score	3.38088	2UUY_rec	2UUY_lig	swarm_116	41.0	1.0	
lightdock	luciferin_score	2.51097	2UUY_rec	2UUY_lig	swarm_116	42.0	2.0	
lightdock	luciferin_score	2.47987	2UUY_rec	2UUY_lig	swarm_116	43.0	1.0	
lightdock	luciferin_score	1.21621	2UUY_rec	2UUY_lig	swarm_116	44.0	1.0	
lightdock	luciferin_score	0.72831	2UUY_rec	2UUY_lig	swarm_116	45.0	1.0	
lightdock	luciferin_score	-1.80149	2UUY_rec	2UUY_lig	swarm_116	46.0	1.0	
lightdock	luciferin_score	-2.06369	2UUY_rec	2UUY_lig	swarm_116	47.0	1.0	
lightdock	luciferin_score	-2.0974	2UUY_rec	2UUY_lig	swarm_116	48.0	1.0	
lightdock	luciferin_score	-5.17275	2UUY_rec	2UUY_lig	swarm_116	49.0	2.0	
lightdock	luciferin_score	-5.36311	2UUY_rec	2UUY_lig	swarm_116	50.0	1.0	
lightdock	luciferin_score	-6.60824	2UUY_rec	2UUY_lig	swarm_116	51.0	3.0	
lightdock	luciferin_score	-14.14359	2UUY_rec	2UUY_lig	swarm_116	52.0	1.0	
lightdock	luciferin_score	-19.41402	2UUY_rec	2UUY_lig	swarm_116	53.0	2.0	
lightdock	luciferin_score	-19.71044	2UUY_rec	2UUY_lig	swarm_116	54.0	1.0	
lightdock	luciferin_score	-20.92259	2UUY_rec	2UUY_lig	swarm_116	55.0	1.0	
lightdock	luciferin_score	-22.69538	2UUY_rec	2UUY_lig	swarm_116	56.0	1.0	
lightdock	luciferin_score	-30.31338	2UUY_rec	2UUY_lig	swarm_116	57.0	1.0	
lightdock	luciferin_score	-36.23172	2UUY_rec	2UUY_lig	swarm_116	58.0	1.0	
lightdock	luciferin_score	-44.3452	2UUY_rec	2UUY_lig	swarm_116	59.0	2.0	
lightdock	luciferin_score	19.80437	2UUY_rec	2UUY_lig	swarm_117	0.0	7.0	
lightdock	luciferin_score	18.72343	2UUY_rec	2UUY_lig	swarm_117	1.0	9.0	
lightdock	luciferin_score	17.40859	2UUY_rec	2UUY_lig	swarm_117	2.0	7.0	
lightdock	luciferin_score	16.47048	2UUY_rec	2UUY_lig	swarm_117	3.0	1.0	
lightdock	luciferin_score	15.34427	2UUY_rec	2UUY_lig	swarm_117	4.0	10.0	
lightdock	luciferin_score	15.04925	2UUY_rec	2UUY_lig	swarm_117	5.0	5.0	
lightdock	luciferin_score	14.61595	2UUY_rec	2UUY_lig	swarm_117	6.0	8.0	
lightdock	luciferin_score	13.84225	2UUY_rec	2UUY_lig	swarm_117	7.0	2.0	
lightdock	luciferin_score	13.65624	2UUY_rec	2UUY_lig	swarm_117	8.0	1.0	
lightdock	luciferin_score	13.54294	2UUY_rec	2UUY_lig	swarm_117	9.0	2.0	
lightdock	luciferin_score	13.031	2UUY_rec	2UUY_lig	swarm_117	10.0	4.0	
lightdock	luciferin_score	12.97464	2UUY_rec	2UUY_lig	swarm_117	11.0	2.0	
lightdock	luciferin_score	12.86033	2UUY_rec	2UUY_lig	swarm_117	12.0	5.0	
lightdock	luciferin_score	12.82339	2UUY_rec	2UUY_lig	swarm_117	13.0	1.0	
lightdock	luciferin_score	12.59449	2UUY_rec	2UUY_lig	swarm_117	14.0	4.0	
lightdock	luciferin_score	12.5861	2UUY_rec	2UUY_lig	swarm_117	15.0	2.0	
lightdock	luciferin_score	12.30692	2UUY_rec	2UUY_lig	swarm_117	16.0	7.0	
lightdock	luciferin_score	11.80975	2UUY_rec	2UUY_lig	swarm_117	17.0	1.0	
lightdock	luciferin_score	11.71224	2UUY_rec	2UUY_lig	swarm_117	18.0	1.0	
lightdock	luciferin_score	11.66779	2UUY_rec	2UUY_lig	swarm_117	19.0	7.0	
lightdock	luciferin_score	11.42365	2UUY_rec	2UUY_lig	swarm_117	20.0	4.0	
lightdock	luciferin_score	11.21548	2UUY_rec	2UUY_lig	swarm_117	21.0	1.0	
lightdock	luciferin_score	11.06554	2UUY_rec	2UUY_lig	swarm_117	22.0	3.0	
lightdock	luciferin_score	10.98829	2UUY_rec	2UUY_lig	swarm_117	23.0	1.0	
lightdock	luciferin_score	10.83766	2UUY_rec	2UUY_lig	swarm_117	24.0	5.0	
lightdock	luciferin_score	10.54239	2UUY_rec	2UUY_lig	swarm_117	25.0	3.0	
lightdock	luciferin_score	10.33802	2UUY_rec	2UUY_lig	swarm_117	26.0	5.0	
lightdock	luciferin_score	10.29154	2UUY_rec	2UUY_lig	swarm_117	27.0	3.0	
lightdock	luciferin_score	10.15271	2UUY_rec	2UUY_lig	swarm_117	28.0	6.0	
lightdock	luciferin_score	10.03164	2UUY_rec	2UUY_lig	swarm_117	29.0	1.0	
lightdock	luciferin_score	9.94238	2UUY_rec	2UUY_lig	swarm_117	30.0	1.0	
lightdock	luciferin_score	9.85088	2UUY_rec	2UUY_lig	swarm_117	31.0	1.0	
lightdock	luciferin_score	9.35761	2UUY_rec	2UUY_lig	swarm_117	32.0	1.0	
lightdock	luciferin_score	9.34255	2UUY_rec	2UUY_lig	swarm_117	33.0	1.0	
lightdock	luciferin_score	8.96525	2UUY_rec	2UUY_lig	swarm_117	34.0	2.0	
lightdock	luciferin_score	8.9611	2UUY_rec	2UUY_lig	swarm_117	35.0	10.0	
lightdock	luciferin_score	8.69287	2UUY_rec	2UUY_lig	swarm_117	36.0	9.0	
lightdock	luciferin_score	8.07775	2UUY_rec	2UUY_lig	swarm_117	37.0	1.0	
lightdock	luciferin_score	7.45592	2UUY_rec	2UUY_lig	swarm_117	38.0	1.0	
lightdock	luciferin_score	7.3447	2UUY_rec	2UUY_lig	swarm_117	39.0	4.0	
lightdock	luciferin_score	7.14257	2UUY_rec	2UUY_lig	swarm_117	40.0	1.0	
lightdock	luciferin_score	7.03623	2UUY_rec	2UUY_lig	swarm_117	41.0	5.0	
lightdock	luciferin_score	6.98038	2UUY_rec	2UUY_lig	swarm_117	42.0	2.0	
lightdock	luciferin_score	6.90495	2UUY_rec	2UUY_lig	swarm_117	43.0	1.0	
lightdock	luciferin_score	6.70503	2UUY_rec	2UUY_lig	swarm_117	44.0	1.0	
lightdock	luciferin_score	6.55375	2UUY_rec	2UUY_lig	swarm_117	45.0	3.0	
lightdock	luciferin_score	6.29325	2UUY_rec	2UUY_lig	swarm_117	46.0	1.0	
lightdock	luciferin_score	6.28231	2UUY_rec	2UUY_lig	swarm_117	47.0	2.0	
lightdock	luciferin_score	6.20132	2UUY_rec	2UUY_lig	swarm_117	48.0	1.0	
lightdock	luciferin_score	5.60961	2UUY_rec	2UUY_lig	swarm_117	49.0	1.0	
lightdock	luciferin_score	4.99258	2UUY_rec	2UUY_lig	swarm_117	50.0	1.0	
lightdock	luciferin_score	3.71769	2UUY_rec	2UUY_lig	swarm_117	51.0	1.0	
lightdock	luciferin_score	3.38991	2UUY_rec	2UUY_lig	swarm_117	52.0	1.0	
lightdock	luciferin_score	-0.5765	2UUY_rec	2UUY_lig	swarm_117	53.0	2.0	
lightdock	luciferin_score	-2.59289	2UUY_rec	2UUY_lig	swarm_117	54.0	1.0	
lightdock	luciferin_score	-2.92079	2UUY_rec	2UUY_lig	swarm_117	55.0	3.0	
lightdock	luciferin_score	-3.10242	2UUY_rec	2UUY_lig	swarm_117	56.0	2.0	
lightdock	luciferin_score	-4.12969	2UUY_rec	2UUY_lig	swarm_117	57.0	2.0	
lightdock	luciferin_score	-4.68131	2UUY_rec	2UUY_lig	swarm_117	58.0	2.0	
lightdock	luciferin_score	-5.10671	2UUY_rec	2UUY_lig	swarm_117	59.0	1.0	
lightdock	luciferin_score	-5.12847	2UUY_rec	2UUY_lig	swarm_117	60.0	1.0	
lightdock	luciferin_score	-5.4272	2UUY_rec	2UUY_lig	swarm_117	61.0	3.0	
lightdock	luciferin_score	-6.80893	2UUY_rec	2UUY_lig	swarm_117	62.0	1.0	
lightdock	luciferin_score	-8.72557	2UUY_rec	2UUY_lig	swarm_117	63.0	2.0	
lightdock	luciferin_score	-11.76397	2UUY_rec	2UUY_lig	swarm_117	64.0	2.0	
lightdock	luciferin_score	-20.82021	2UUY_rec	2UUY_lig	swarm_117	65.0	2.0	
lightdock	luciferin_score	-21.18677	2UUY_rec	2UUY_lig	swarm_117	66.0	4.0	
lightdock	luciferin_score	-59.26114	2UUY_rec	2UUY_lig	swarm_117	67.0	2.0	
lightdock	luciferin_score	17.20225	2UUY_rec	2UUY_lig	swarm_118	0.0	11.0	
lightdock	luciferin_score	16.5324	2UUY_rec	2UUY_lig	swarm_118	1.0	5.0	
lightdock	luciferin_score	13.86105	2UUY_rec	2UUY_lig	swarm_118	2.0	5.0	
lightdock	luciferin_score	13.09325	2UUY_rec	2UUY_lig	swarm_118	3.0	1.0	
lightdock	luciferin_score	13.05689	2UUY_rec	2UUY_lig	swarm_118	4.0	2.0	
lightdock	luciferin_score	12.99295	2UUY_rec	2UUY_lig	swarm_118	5.0	5.0	
lightdock	luciferin_score	12.74787	2UUY_rec	2UUY_lig	swarm_118	6.0	16.0	
lightdock	luciferin_score	12.31036	2UUY_rec	2UUY_lig	swarm_118	7.0	5.0	
lightdock	luciferin_score	12.23969	2UUY_rec	2UUY_lig	swarm_118	8.0	6.0	
lightdock	luciferin_score	12.12005	2UUY_rec	2UUY_lig	swarm_118	9.0	11.0	
lightdock	luciferin_score	11.992	2UUY_rec	2UUY_lig	swarm_118	10.0	8.0	
lightdock	luciferin_score	11.94965	2UUY_rec	2UUY_lig	swarm_118	11.0	9.0	
lightdock	luciferin_score	11.92389	2UUY_rec	2UUY_lig	swarm_118	12.0	8.0	
lightdock	luciferin_score	11.90015	2UUY_rec	2UUY_lig	swarm_118	13.0	2.0	
lightdock	luciferin_score	11.77927	2UUY_rec	2UUY_lig	swarm_118	14.0	2.0	
lightdock	luciferin_score	11.52321	2UUY_rec	2UUY_lig	swarm_118	15.0	4.0	
lightdock	luciferin_score	11.35394	2UUY_rec	2UUY_lig	swarm_118	16.0	4.0	
lightdock	luciferin_score	11.12413	2UUY_rec	2UUY_lig	swarm_118	17.0	7.0	
lightdock	luciferin_score	10.42412	2UUY_rec	2UUY_lig	swarm_118	18.0	1.0	
lightdock	luciferin_score	10.37729	2UUY_rec	2UUY_lig	swarm_118	19.0	1.0	
lightdock	luciferin_score	9.79937	2UUY_rec	2UUY_lig	swarm_118	20.0	2.0	
lightdock	luciferin_score	9.67103	2UUY_rec	2UUY_lig	swarm_118	21.0	3.0	
lightdock	luciferin_score	9.34171	2UUY_rec	2UUY_lig	swarm_118	22.0	5.0	
lightdock	luciferin_score	9.23768	2UUY_rec	2UUY_lig	swarm_118	23.0	2.0	
lightdock	luciferin_score	9.16769	2UUY_rec	2UUY_lig	swarm_118	24.0	3.0	
lightdock	luciferin_score	8.63556	2UUY_rec	2UUY_lig	swarm_118	25.0	1.0	
lightdock	luciferin_score	8.56169	2UUY_rec	2UUY_lig	swarm_118	26.0	2.0	
lightdock	luciferin_score	8.5488	2UUY_rec	2UUY_lig	swarm_118	27.0	5.0	
lightdock	luciferin_score	8.23349	2UUY_rec	2UUY_lig	swarm_118	28.0	4.0	
lightdock	luciferin_score	8.13072	2UUY_rec	2UUY_lig	swarm_118	29.0	2.0	
lightdock	luciferin_score	8.09851	2UUY_rec	2UUY_lig	swarm_118	30.0	2.0	
lightdock	luciferin_score	8.04306	2UUY_rec	2UUY_lig	swarm_118	31.0	5.0	
lightdock	luciferin_score	7.97362	2UUY_rec	2UUY_lig	swarm_118	32.0	1.0	
lightdock	luciferin_score	7.91416	2UUY_rec	2UUY_lig	swarm_118	33.0	1.0	
lightdock	luciferin_score	7.72634	2UUY_rec	2UUY_lig	swarm_118	34.0	1.0	
lightdock	luciferin_score	7.37778	2UUY_rec	2UUY_lig	swarm_118	35.0	2.0	
lightdock	luciferin_score	7.06872	2UUY_rec	2UUY_lig	swarm_118	36.0	1.0	
lightdock	luciferin_score	6.70099	2UUY_rec	2UUY_lig	swarm_118	37.0	3.0	
lightdock	luciferin_score	2.19232	2UUY_rec	2UUY_lig	swarm_118	38.0	3.0	
lightdock	luciferin_score	-2.99457	2UUY_rec	2UUY_lig	swarm_118	39.0	2.0	
lightdock	luciferin_score	-3.76575	2UUY_rec	2UUY_lig	swarm_118	40.0	1.0	
lightdock	luciferin_score	-5.35595	2UUY_rec	2UUY_lig	swarm_118	41.0	3.0	
lightdock	luciferin_score	-5.36248	2UUY_rec	2UUY_lig	swarm_118	42.0	3.0	
lightdock	luciferin_score	-6.68455	2UUY_rec	2UUY_lig	swarm_118	43.0	4.0	
lightdock	luciferin_score	-7.8864	2UUY_rec	2UUY_lig	swarm_118	44.0	3.0	
lightdock	luciferin_score	-9.38241	2UUY_rec	2UUY_lig	swarm_118	45.0	1.0	
lightdock	luciferin_score	-15.65505	2UUY_rec	2UUY_lig	swarm_118	46.0	2.0	
lightdock	luciferin_score	-16.24562	2UUY_rec	2UUY_lig	swarm_118	47.0	1.0	
lightdock	luciferin_score	-16.78573	2UUY_rec	2UUY_lig	swarm_118	48.0	1.0	
lightdock	luciferin_score	-19.14972	2UUY_rec	2UUY_lig	swarm_118	49.0	1.0	
lightdock	luciferin_score	-19.84536	2UUY_rec	2UUY_lig	swarm_118	50.0	1.0	
lightdock	luciferin_score	-21.76582	2UUY_rec	2UUY_lig	swarm_118	51.0	2.0	
lightdock	luciferin_score	-23.36489	2UUY_rec	2UUY_lig	swarm_118	52.0	1.0	
lightdock	luciferin_score	-27.41912	2UUY_rec	2UUY_lig	swarm_118	53.0	2.0	
lightdock	luciferin_score	-31.81674	2UUY_rec	2UUY_lig	swarm_118	54.0	2.0	
lightdock	luciferin_score	-34.54945	2UUY_rec	2UUY_lig	swarm_118	55.0	1.0	
lightdock	luciferin_score	-44.63297	2UUY_rec	2UUY_lig	swarm_118	56.0	1.0	
lightdock	luciferin_score	-49.15977	2UUY_rec	2UUY_lig	swarm_118	57.0	3.0	
lightdock	luciferin_score	-57.17929	2UUY_rec	2UUY_lig	swarm_118	58.0	1.0	
lightdock	luciferin_score	-66.20369	2UUY_rec	2UUY_lig	swarm_118	59.0	1.0	
lightdock	luciferin_score	-75.57937	2UUY_rec	2UUY_lig	swarm_118	60.0	1.0	
lightdock	luciferin_score	-77.73068	2UUY_rec	2UUY_lig	swarm_118	61.0	1.0	
lightdock	luciferin_score	14.77368	2UUY_rec	2UUY_lig	swarm_119	0.0	4.0	
lightdock	luciferin_score	14.4938	2UUY_rec	2UUY_lig	swarm_119	1.0	3.0	
lightdock	luciferin_score	13.58312	2UUY_rec	2UUY_lig	swarm_119	2.0	9.0	
lightdock	luciferin_score	13.40602	2UUY_rec	2UUY_lig	swarm_119	3.0	22.0	
lightdock	luciferin_score	12.60529	2UUY_rec	2UUY_lig	swarm_119	4.0	5.0	
lightdock	luciferin_score	10.99438	2UUY_rec	2UUY_lig	swarm_119	5.0	7.0	
lightdock	luciferin_score	10.91419	2UUY_rec	2UUY_lig	swarm_119	6.0	5.0	
lightdock	luciferin_score	10.54656	2UUY_rec	2UUY_lig	swarm_119	7.0	8.0	
lightdock	luciferin_score	10.52899	2UUY_rec	2UUY_lig	swarm_119	8.0	3.0	
lightdock	luciferin_score	10.41461	2UUY_rec	2UUY_lig	swarm_119	9.0	2.0	
lightdock	luciferin_score	10.40854	2UUY_rec	2UUY_lig	swarm_119	10.0	1.0	
lightdock	luciferin_score	10.22244	2UUY_rec	2UUY_lig	swarm_119	11.0	1.0	
lightdock	luciferin_score	10.00437	2UUY_rec	2UUY_lig	swarm_119	12.0	2.0	
lightdock	luciferin_score	9.85494	2UUY_rec	2UUY_lig	swarm_119	13.0	4.0	
lightdock	luciferin_score	9.6902	2UUY_rec	2UUY_lig	swarm_119	14.0	5.0	
lightdock	luciferin_score	9.50516	2UUY_rec	2UUY_lig	swarm_119	15.0	1.0	
lightdock	luciferin_score	9.46024	2UUY_rec	2UUY_lig	swarm_119	16.0	8.0	
lightdock	luciferin_score	8.96927	2UUY_rec	2UUY_lig	swarm_119	17.0	2.0	
lightdock	luciferin_score	8.85197	2UUY_rec	2UUY_lig	swarm_119	18.0	4.0	
lightdock	luciferin_score	8.81108	2UUY_rec	2UUY_lig	swarm_119	19.0	6.0	
lightdock	luciferin_score	8.77372	2UUY_rec	2UUY_lig	swarm_119	20.0	3.0	
lightdock	luciferin_score	8.71485	2UUY_rec	2UUY_lig	swarm_119	21.0	3.0	
lightdock	luciferin_score	8.25131	2UUY_rec	2UUY_lig	swarm_119	22.0	3.0	
lightdock	luciferin_score	8.1204	2UUY_rec	2UUY_lig	swarm_119	23.0	3.0	
lightdock	luciferin_score	8.07363	2UUY_rec	2UUY_lig	swarm_119	24.0	2.0	
lightdock	luciferin_score	8.07269	2UUY_rec	2UUY_lig	swarm_119	25.0	2.0	
lightdock	luciferin_score	7.88126	2UUY_rec	2UUY_lig	swarm_119	26.0	4.0	
lightdock	luciferin_score	7.61276	2UUY_rec	2UUY_lig	swarm_119	27.0	1.0	
lightdock	luciferin_score	7.56775	2UUY_rec	2UUY_lig	swarm_119	28.0	2.0	
lightdock	luciferin_score	7.35569	2UUY_rec	2UUY_lig	swarm_119	29.0	4.0	
lightdock	luciferin_score	7.19503	2UUY_rec	2UUY_lig	swarm_119	30.0	1.0	
lightdock	luciferin_score	7.13581	2UUY_rec	2UUY_lig	swarm_119	31.0	2.0	
lightdock	luciferin_score	7.09707	2UUY_rec	2UUY_lig	swarm_119	32.0	2.0	
lightdock	luciferin_score	6.94163	2UUY_rec	2UUY_lig	swarm_119	33.0	2.0	
lightdock	luciferin_score	6.85703	2UUY_rec	2UUY_lig	swarm_119	34.0	1.0	
lightdock	luciferin_score	6.78241	2UUY_rec	2UUY_lig	swarm_119	35.0	1.0	
lightdock	luciferin_score	6.59399	2UUY_rec	2UUY_lig	swarm_119	36.0	7.0	
lightdock	luciferin_score	6.56738	2UUY_rec	2UUY_lig	swarm_119	37.0	2.0	
lightdock	luciferin_score	6.18118	2UUY_rec	2UUY_lig	swarm_119	38.0	1.0	
lightdock	luciferin_score	5.94646	2UUY_rec	2UUY_lig	swarm_119	39.0	3.0	
lightdock	luciferin_score	5.43662	2UUY_rec	2UUY_lig	swarm_119	40.0	1.0	
lightdock	luciferin_score	5.26207	2UUY_rec	2UUY_lig	swarm_119	41.0	1.0	
lightdock	luciferin_score	5.05553	2UUY_rec	2UUY_lig	swarm_119	42.0	2.0	
lightdock	luciferin_score	4.96856	2UUY_rec	2UUY_lig	swarm_119	43.0	2.0	
lightdock	luciferin_score	4.08687	2UUY_rec	2UUY_lig	swarm_119	44.0	4.0	
lightdock	luciferin_score	4.0698	2UUY_rec	2UUY_lig	swarm_119	45.0	4.0	
lightdock	luciferin_score	3.91755	2UUY_rec	2UUY_lig	swarm_119	46.0	1.0	
lightdock	luciferin_score	1.38236	2UUY_rec	2UUY_lig	swarm_119	47.0	2.0	
lightdock	luciferin_score	0.4784	2UUY_rec	2UUY_lig	swarm_119	48.0	1.0	
lightdock	luciferin_score	-0.11583	2UUY_rec	2UUY_lig	swarm_119	49.0	1.0	
lightdock	luciferin_score	-0.93645	2UUY_rec	2UUY_lig	swarm_119	50.0	5.0	
lightdock	luciferin_score	-2.15258	2UUY_rec	2UUY_lig	swarm_119	51.0	1.0	
lightdock	luciferin_score	-2.70195	2UUY_rec	2UUY_lig	swarm_119	52.0	1.0	
lightdock	luciferin_score	-3.95816	2UUY_rec	2UUY_lig	swarm_119	53.0	4.0	
lightdock	luciferin_score	-6.33909	2UUY_rec	2UUY_lig	swarm_119	54.0	1.0	
lightdock	luciferin_score	-8.31954	2UUY_rec	2UUY_lig	swarm_119	55.0	1.0	
lightdock	luciferin_score	-9.28957	2UUY_rec	2UUY_lig	swarm_119	56.0	2.0	
lightdock	luciferin_score	-9.71486	2UUY_rec	2UUY_lig	swarm_119	57.0	1.0	
lightdock	luciferin_score	-12.68902	2UUY_rec	2UUY_lig	swarm_119	58.0	1.0	
lightdock	luciferin_score	-13.18475	2UUY_rec	2UUY_lig	swarm_119	59.0	2.0	
lightdock	luciferin_score	-15.90635	2UUY_rec	2UUY_lig	swarm_119	60.0	5.0	
lightdock	luciferin_score	-22.71226	2UUY_rec	2UUY_lig	swarm_119	61.0	1.0	
lightdock	luciferin_score	-28.56027	2UUY_rec	2UUY_lig	swarm_119	62.0	1.0	
lightdock	luciferin_score	-35.38436	2UUY_rec	2UUY_lig	swarm_119	63.0	1.0	
lightdock	luciferin_score	-39.02591	2UUY_rec	2UUY_lig	swarm_119	64.0	1.0	
lightdock	luciferin_score	-39.28245	2UUY_rec	2UUY_lig	swarm_119	65.0	2.0	
lightdock	luciferin_score	17.54918	2UUY_rec	2UUY_lig	swarm_12	0.0	3.0	
lightdock	luciferin_score	17.00405	2UUY_rec	2UUY_lig	swarm_12	1.0	5.0	
lightdock	luciferin_score	15.08311	2UUY_rec	2UUY_lig	swarm_12	2.0	7.0	
lightdock	luciferin_score	13.92172	2UUY_rec	2UUY_lig	swarm_12	3.0	3.0	
lightdock	luciferin_score	13.82837	2UUY_rec	2UUY_lig	swarm_12	4.0	1.0	
lightdock	luciferin_score	13.45926	2UUY_rec	2UUY_lig	swarm_12	5.0	4.0	
lightdock	luciferin_score	13.13698	2UUY_rec	2UUY_lig	swarm_12	6.0	15.0	
lightdock	luciferin_score	12.93218	2UUY_rec	2UUY_lig	swarm_12	7.0	3.0	
lightdock	luciferin_score	12.38957	2UUY_rec	2UUY_lig	swarm_12	8.0	5.0	
lightdock	luciferin_score	12.35501	2UUY_rec	2UUY_lig	swarm_12	9.0	3.0	
lightdock	luciferin_score	12.33617	2UUY_rec	2UUY_lig	swarm_12	10.0	2.0	
lightdock	luciferin_score	12.13253	2UUY_rec	2UUY_lig	swarm_12	11.0	5.0	
lightdock	luciferin_score	11.94009	2UUY_rec	2UUY_lig	swarm_12	12.0	8.0	
lightdock	luciferin_score	11.47318	2UUY_rec	2UUY_lig	swarm_12	13.0	3.0	
lightdock	luciferin_score	11.2017	2UUY_rec	2UUY_lig	swarm_12	14.0	2.0	
lightdock	luciferin_score	11.08558	2UUY_rec	2UUY_lig	swarm_12	15.0	9.0	
lightdock	luciferin_score	10.79133	2UUY_rec	2UUY_lig	swarm_12	16.0	2.0	
lightdock	luciferin_score	10.71561	2UUY_rec	2UUY_lig	swarm_12	17.0	4.0	
lightdock	luciferin_score	10.69667	2UUY_rec	2UUY_lig	swarm_12	18.0	12.0	
lightdock	luciferin_score	10.50406	2UUY_rec	2UUY_lig	swarm_12	19.0	3.0	
lightdock	luciferin_score	10.46299	2UUY_rec	2UUY_lig	swarm_12	20.0	4.0	
lightdock	luciferin_score	9.60945	2UUY_rec	2UUY_lig	swarm_12	21.0	1.0	
lightdock	luciferin_score	9.54319	2UUY_rec	2UUY_lig	swarm_12	22.0	4.0	
lightdock	luciferin_score	9.49603	2UUY_rec	2UUY_lig	swarm_12	23.0	4.0	
lightdock	luciferin_score	9.09761	2UUY_rec	2UUY_lig	swarm_12	24.0	1.0	
lightdock	luciferin_score	8.8742	2UUY_rec	2UUY_lig	swarm_12	25.0	1.0	
lightdock	luciferin_score	8.84448	2UUY_rec	2UUY_lig	swarm_12	26.0	1.0	
lightdock	luciferin_score	8.64295	2UUY_rec	2UUY_lig	swarm_12	27.0	8.0	
lightdock	luciferin_score	8.39557	2UUY_rec	2UUY_lig	swarm_12	28.0	3.0	
lightdock	luciferin_score	7.9955	2UUY_rec	2UUY_lig	swarm_12	29.0	2.0	
lightdock	luciferin_score	7.91578	2UUY_rec	2UUY_lig	swarm_12	30.0	1.0	
lightdock	luciferin_score	7.73579	2UUY_rec	2UUY_lig	swarm_12	31.0	2.0	
lightdock	luciferin_score	7.68623	2UUY_rec	2UUY_lig	swarm_12	32.0	2.0	
lightdock	luciferin_score	7.62574	2UUY_rec	2UUY_lig	swarm_12	33.0	2.0	
lightdock	luciferin_score	7.41062	2UUY_rec	2UUY_lig	swarm_12	34.0	1.0	
lightdock	luciferin_score	7.35515	2UUY_rec	2UUY_lig	swarm_12	35.0	3.0	
lightdock	luciferin_score	7.11214	2UUY_rec	2UUY_lig	swarm_12	36.0	2.0	
lightdock	luciferin_score	7.04286	2UUY_rec	2UUY_lig	swarm_12	37.0	1.0	
lightdock	luciferin_score	6.9255	2UUY_rec	2UUY_lig	swarm_12	38.0	2.0	
lightdock	luciferin_score	6.85682	2UUY_rec	2UUY_lig	swarm_12	39.0	2.0	
lightdock	luciferin_score	6.78872	2UUY_rec	2UUY_lig	swarm_12	40.0	1.0	
lightdock	luciferin_score	6.64496	2UUY_rec	2UUY_lig	swarm_12	41.0	2.0	
lightdock	luciferin_score	6.46413	2UUY_rec	2UUY_lig	swarm_12	42.0	1.0	
lightdock	luciferin_score	6.45613	2UUY_rec	2UUY_lig	swarm_12	43.0	2.0	
lightdock	luciferin_score	6.39468	2UUY_rec	2UUY_lig	swarm_12	44.0	2.0	
lightdock	luciferin_score	6.26828	2UUY_rec	2UUY_lig	swarm_12	45.0	1.0	
lightdock	luciferin_score	6.18586	2UUY_rec	2UUY_lig	swarm_12	46.0	1.0	
lightdock	luciferin_score	5.75087	2UUY_rec	2UUY_lig	swarm_12	47.0	3.0	
lightdock	luciferin_score	5.6993	2UUY_rec	2UUY_lig	swarm_12	48.0	1.0	
lightdock	luciferin_score	4.99447	2UUY_rec	2UUY_lig	swarm_12	49.0	1.0	
lightdock	luciferin_score	3.92185	2UUY_rec	2UUY_lig	swarm_12	50.0	6.0	
lightdock	luciferin_score	3.85151	2UUY_rec	2UUY_lig	swarm_12	51.0	3.0	
lightdock	luciferin_score	1.27696	2UUY_rec	2UUY_lig	swarm_12	52.0	4.0	
lightdock	luciferin_score	-1.01012	2UUY_rec	2UUY_lig	swarm_12	53.0	1.0	
lightdock	luciferin_score	-1.313	2UUY_rec	2UUY_lig	swarm_12	54.0	2.0	
lightdock	luciferin_score	-9.0868	2UUY_rec	2UUY_lig	swarm_12	55.0	1.0	
lightdock	luciferin_score	-11.05141	2UUY_rec	2UUY_lig	swarm_12	56.0	1.0	
lightdock	luciferin_score	-13.55702	2UUY_rec	2UUY_lig	swarm_12	57.0	1.0	
lightdock	luciferin_score	-14.7004	2UUY_rec	2UUY_lig	swarm_12	58.0	5.0	
lightdock	luciferin_score	-17.12012	2UUY_rec	2UUY_lig	swarm_12	59.0	1.0	
lightdock	luciferin_score	-17.50475	2UUY_rec	2UUY_lig	swarm_12	60.0	2.0	
lightdock	luciferin_score	-23.13961	2UUY_rec	2UUY_lig	swarm_12	61.0	1.0	
lightdock	luciferin_score	-24.68795	2UUY_rec	2UUY_lig	swarm_12	62.0	1.0	
lightdock	luciferin_score	-24.77433	2UUY_rec	2UUY_lig	swarm_12	63.0	1.0	
lightdock	luciferin_score	-28.92913	2UUY_rec	2UUY_lig	swarm_12	64.0	1.0	
lightdock	luciferin_score	-38.22853	2UUY_rec	2UUY_lig	swarm_12	65.0	2.0	
lightdock	luciferin_score	-38.36963	2UUY_rec	2UUY_lig	swarm_12	66.0	2.0	
lightdock	luciferin_score	-48.81498	2UUY_rec	2UUY_lig	swarm_12	67.0	2.0	
lightdock	luciferin_score	-51.4993	2UUY_rec	2UUY_lig	swarm_12	68.0	1.0	
lightdock	luciferin_score	-56.27544	2UUY_rec	2UUY_lig	swarm_12	69.0	1.0	
lightdock	luciferin_score	16.39801	2UUY_rec	2UUY_lig	swarm_120	0.0	5.0	
lightdock	luciferin_score	14.38094	2UUY_rec	2UUY_lig	swarm_120	1.0	5.0	
lightdock	luciferin_score	14.08842	2UUY_rec	2UUY_lig	swarm_120	2.0	5.0	
lightdock	luciferin_score	13.59927	2UUY_rec	2UUY_lig	swarm_120	3.0	3.0	
lightdock	luciferin_score	13.37829	2UUY_rec	2UUY_lig	swarm_120	4.0	7.0	
lightdock	luciferin_score	13.10284	2UUY_rec	2UUY_lig	swarm_120	5.0	2.0	
lightdock	luciferin_score	12.36623	2UUY_rec	2UUY_lig	swarm_120	6.0	3.0	
lightdock	luciferin_score	12.32083	2UUY_rec	2UUY_lig	swarm_120	7.0	2.0	
lightdock	luciferin_score	11.55576	2UUY_rec	2UUY_lig	swarm_120	8.0	7.0	
lightdock	luciferin_score	11.37106	2UUY_rec	2UUY_lig	swarm_120	9.0	3.0	
lightdock	luciferin_score	11.25892	2UUY_rec	2UUY_lig	swarm_120	10.0	9.0	
lightdock	luciferin_score	11.20724	2UUY_rec	2UUY_lig	swarm_120	11.0	8.0	
lightdock	luciferin_score	11.02627	2UUY_rec	2UUY_lig	swarm_120	12.0	1.0	
lightdock	luciferin_score	10.89881	2UUY_rec	2UUY_lig	swarm_120	13.0	2.0	
lightdock	luciferin_score	10.7282	2UUY_rec	2UUY_lig	swarm_120	14.0	5.0	
lightdock	luciferin_score	10.13354	2UUY_rec	2UUY_lig	swarm_120	15.0	1.0	
lightdock	luciferin_score	10.05652	2UUY_rec	2UUY_lig	swarm_120	16.0	3.0	
lightdock	luciferin_score	9.9518	2UUY_rec	2UUY_lig	swarm_120	17.0	3.0	
lightdock	luciferin_score	9.58272	2UUY_rec	2UUY_lig	swarm_120	18.0	2.0	
lightdock	luciferin_score	9.56749	2UUY_rec	2UUY_lig	swarm_120	19.0	4.0	
lightdock	luciferin_score	9.199	2UUY_rec	2UUY_lig	swarm_120	20.0	4.0	
lightdock	luciferin_score	8.78433	2UUY_rec	2UUY_lig	swarm_120	21.0	9.0	
lightdock	luciferin_score	8.60823	2UUY_rec	2UUY_lig	swarm_120	22.0	8.0	
lightdock	luciferin_score	8.49096	2UUY_rec	2UUY_lig	swarm_120	23.0	1.0	
lightdock	luciferin_score	8.28736	2UUY_rec	2UUY_lig	swarm_120	24.0	3.0	
lightdock	luciferin_score	8.1011	2UUY_rec	2UUY_lig	swarm_120	25.0	2.0	
lightdock	luciferin_score	8.04783	2UUY_rec	2UUY_lig	swarm_120	26.0	1.0	
lightdock	luciferin_score	7.88906	2UUY_rec	2UUY_lig	swarm_120	27.0	2.0	
lightdock	luciferin_score	7.75992	2UUY_rec	2UUY_lig	swarm_120	28.0	2.0	
lightdock	luciferin_score	7.55233	2UUY_rec	2UUY_lig	swarm_120	29.0	2.0	
lightdock	luciferin_score	7.54634	2UUY_rec	2UUY_lig	swarm_120	30.0	1.0	
lightdock	luciferin_score	7.43167	2UUY_rec	2UUY_lig	swarm_120	31.0	1.0	
lightdock	luciferin_score	7.18011	2UUY_rec	2UUY_lig	swarm_120	32.0	1.0	
lightdock	luciferin_score	6.78962	2UUY_rec	2UUY_lig	swarm_120	33.0	2.0	
lightdock	luciferin_score	6.27258	2UUY_rec	2UUY_lig	swarm_120	34.0	1.0	
lightdock	luciferin_score	6.23772	2UUY_rec	2UUY_lig	swarm_120	35.0	1.0	
lightdock	luciferin_score	5.98505	2UUY_rec	2UUY_lig	swarm_120	36.0	2.0	
lightdock	luciferin_score	5.97238	2UUY_rec	2UUY_lig	swarm_120	37.0	1.0	
lightdock	luciferin_score	4.66469	2UUY_rec	2UUY_lig	swarm_120	38.0	1.0	
lightdock	luciferin_score	4.44293	2UUY_rec	2UUY_lig	swarm_120	39.0	2.0	
lightdock	luciferin_score	3.91638	2UUY_rec	2UUY_lig	swarm_120	40.0	2.0	
lightdock	luciferin_score	3.74387	2UUY_rec	2UUY_lig	swarm_120	41.0	6.0	
lightdock	luciferin_score	2.60093	2UUY_rec	2UUY_lig	swarm_120	42.0	16.0	
lightdock	luciferin_score	2.30932	2UUY_rec	2UUY_lig	swarm_120	43.0	2.0	
lightdock	luciferin_score	0.95634	2UUY_rec	2UUY_lig	swarm_120	44.0	2.0	
lightdock	luciferin_score	-0.53303	2UUY_rec	2UUY_lig	swarm_120	45.0	1.0	
lightdock	luciferin_score	-1.97422	2UUY_rec	2UUY_lig	swarm_120	46.0	10.0	
lightdock	luciferin_score	-2.54737	2UUY_rec	2UUY_lig	swarm_120	47.0	2.0	
lightdock	luciferin_score	-3.6922	2UUY_rec	2UUY_lig	swarm_120	48.0	9.0	
lightdock	luciferin_score	-7.80358	2UUY_rec	2UUY_lig	swarm_120	49.0	1.0	
lightdock	luciferin_score	-9.72944	2UUY_rec	2UUY_lig	swarm_120	50.0	1.0	
lightdock	luciferin_score	-10.79629	2UUY_rec	2UUY_lig	swarm_120	51.0	1.0	
lightdock	luciferin_score	-13.47214	2UUY_rec	2UUY_lig	swarm_120	52.0	1.0	
lightdock	luciferin_score	-20.516	2UUY_rec	2UUY_lig	swarm_120	53.0	4.0	
lightdock	luciferin_score	-25.33577	2UUY_rec	2UUY_lig	swarm_120	54.0	1.0	
lightdock	luciferin_score	-26.82399	2UUY_rec	2UUY_lig	swarm_120	55.0	2.0	
lightdock	luciferin_score	-28.56393	2UUY_rec	2UUY_lig	swarm_120	56.0	4.0	
lightdock	luciferin_score	-32.63093	2UUY_rec	2UUY_lig	swarm_120	57.0	2.0	
lightdock	luciferin_score	-33.05207	2UUY_rec	2UUY_lig	swarm_120	58.0	2.0	
lightdock	luciferin_score	-39.64788	2UUY_rec	2UUY_lig	swarm_120	59.0	2.0	
lightdock	luciferin_score	-46.77613	2UUY_rec	2UUY_lig	swarm_120	60.0	1.0	
lightdock	luciferin_score	-48.99201	2UUY_rec	2UUY_lig	swarm_120	61.0	1.0	
lightdock	luciferin_score	19.1107	2UUY_rec	2UUY_lig	swarm_121	0.0	5.0	
lightdock	luciferin_score	15.59996	2UUY_rec	2UUY_lig	swarm_121	1.0	9.0	
lightdock	luciferin_score	15.07252	2UUY_rec	2UUY_lig	swarm_121	2.0	5.0	
lightdock	luciferin_score	13.77517	2UUY_rec	2UUY_lig	swarm_121	3.0	2.0	
lightdock	luciferin_score	13.3644	2UUY_rec	2UUY_lig	swarm_121	4.0	3.0	
lightdock	luciferin_score	12.77174	2UUY_rec	2UUY_lig	swarm_121	5.0	5.0	
lightdock	luciferin_score	12.741	2UUY_rec	2UUY_lig	swarm_121	6.0	5.0	
lightdock	luciferin_score	12.63578	2UUY_rec	2UUY_lig	swarm_121	7.0	9.0	
lightdock	luciferin_score	12.50056	2UUY_rec	2UUY_lig	swarm_121	8.0	6.0	
lightdock	luciferin_score	11.511	2UUY_rec	2UUY_lig	swarm_121	9.0	3.0	
lightdock	luciferin_score	11.11023	2UUY_rec	2UUY_lig	swarm_121	10.0	3.0	
lightdock	luciferin_score	10.90228	2UUY_rec	2UUY_lig	swarm_121	11.0	9.0	
lightdock	luciferin_score	10.75442	2UUY_rec	2UUY_lig	swarm_121	12.0	8.0	
lightdock	luciferin_score	10.65098	2UUY_rec	2UUY_lig	swarm_121	13.0	3.0	
lightdock	luciferin_score	10.64847	2UUY_rec	2UUY_lig	swarm_121	14.0	2.0	
lightdock	luciferin_score	10.55435	2UUY_rec	2UUY_lig	swarm_121	15.0	5.0	
lightdock	luciferin_score	10.54507	2UUY_rec	2UUY_lig	swarm_121	16.0	14.0	
lightdock	luciferin_score	10.06226	2UUY_rec	2UUY_lig	swarm_121	17.0	4.0	
lightdock	luciferin_score	9.62362	2UUY_rec	2UUY_lig	swarm_121	18.0	6.0	
lightdock	luciferin_score	9.44164	2UUY_rec	2UUY_lig	swarm_121	19.0	7.0	
lightdock	luciferin_score	8.98834	2UUY_rec	2UUY_lig	swarm_121	20.0	4.0	
lightdock	luciferin_score	8.81353	2UUY_rec	2UUY_lig	swarm_121	21.0	3.0	
lightdock	luciferin_score	8.76197	2UUY_rec	2UUY_lig	swarm_121	22.0	4.0	
lightdock	luciferin_score	8.66379	2UUY_rec	2UUY_lig	swarm_121	23.0	5.0	
lightdock	luciferin_score	8.48115	2UUY_rec	2UUY_lig	swarm_121	24.0	4.0	
lightdock	luciferin_score	7.82642	2UUY_rec	2UUY_lig	swarm_121	25.0	3.0	
lightdock	luciferin_score	7.54372	2UUY_rec	2UUY_lig	swarm_121	26.0	2.0	
lightdock	luciferin_score	7.45432	2UUY_rec	2UUY_lig	swarm_121	27.0	1.0	
lightdock	luciferin_score	7.4344	2UUY_rec	2UUY_lig	swarm_121	28.0	5.0	
lightdock	luciferin_score	7.17955	2UUY_rec	2UUY_lig	swarm_121	29.0	1.0	
lightdock	luciferin_score	7.11714	2UUY_rec	2UUY_lig	swarm_121	30.0	1.0	
lightdock	luciferin_score	7.05421	2UUY_rec	2UUY_lig	swarm_121	31.0	1.0	
lightdock	luciferin_score	6.84234	2UUY_rec	2UUY_lig	swarm_121	32.0	1.0	
lightdock	luciferin_score	6.82151	2UUY_rec	2UUY_lig	swarm_121	33.0	1.0	
lightdock	luciferin_score	6.80713	2UUY_rec	2UUY_lig	swarm_121	34.0	3.0	
lightdock	luciferin_score	6.58662	2UUY_rec	2UUY_lig	swarm_121	35.0	1.0	
lightdock	luciferin_score	6.43758	2UUY_rec	2UUY_lig	swarm_121	36.0	1.0	
lightdock	luciferin_score	6.34151	2UUY_rec	2UUY_lig	swarm_121	37.0	2.0	
lightdock	luciferin_score	5.94968	2UUY_rec	2UUY_lig	swarm_121	38.0	1.0	
lightdock	luciferin_score	5.90287	2UUY_rec	2UUY_lig	swarm_121	39.0	2.0	
lightdock	luciferin_score	5.53882	2UUY_rec	2UUY_lig	swarm_121	40.0	1.0	
lightdock	luciferin_score	5.36856	2UUY_rec	2UUY_lig	swarm_121	41.0	1.0	
lightdock	luciferin_score	5.33115	2UUY_rec	2UUY_lig	swarm_121	42.0	4.0	
lightdock	luciferin_score	5.00743	2UUY_rec	2UUY_lig	swarm_121	43.0	1.0	
lightdock	luciferin_score	3.99095	2UUY_rec	2UUY_lig	swarm_121	44.0	1.0	
lightdock	luciferin_score	3.64798	2UUY_rec	2UUY_lig	swarm_121	45.0	4.0	
lightdock	luciferin_score	2.49973	2UUY_rec	2UUY_lig	swarm_121	46.0	1.0	
lightdock	luciferin_score	0.99005	2UUY_rec	2UUY_lig	swarm_121	47.0	2.0	
lightdock	luciferin_score	0.54753	2UUY_rec	2UUY_lig	swarm_121	48.0	1.0	
lightdock	luciferin_score	-1.27497	2UUY_rec	2UUY_lig	swarm_121	49.0	3.0	
lightdock	luciferin_score	-1.28155	2UUY_rec	2UUY_lig	swarm_121	50.0	1.0	
lightdock	luciferin_score	-1.99187	2UUY_rec	2UUY_lig	swarm_121	51.0	2.0	
lightdock	luciferin_score	-2.09951	2UUY_rec	2UUY_lig	swarm_121	52.0	2.0	
lightdock	luciferin_score	-2.40261	2UUY_rec	2UUY_lig	swarm_121	53.0	1.0	
lightdock	luciferin_score	-3.1289	2UUY_rec	2UUY_lig	swarm_121	54.0	1.0	
lightdock	luciferin_score	-6.66283	2UUY_rec	2UUY_lig	swarm_121	55.0	2.0	
lightdock	luciferin_score	-6.90827	2UUY_rec	2UUY_lig	swarm_121	56.0	1.0	
lightdock	luciferin_score	-9.01678	2UUY_rec	2UUY_lig	swarm_121	57.0	1.0	
lightdock	luciferin_score	-9.09936	2UUY_rec	2UUY_lig	swarm_121	58.0	2.0	
lightdock	luciferin_score	-16.1594	2UUY_rec	2UUY_lig	swarm_121	59.0	2.0	
lightdock	luciferin_score	-20.59025	2UUY_rec	2UUY_lig	swarm_121	60.0	3.0	
lightdock	luciferin_score	-23.28135	2UUY_rec	2UUY_lig	swarm_121	61.0	1.0	
lightdock	luciferin_score	-27.3255	2UUY_rec	2UUY_lig	swarm_121	62.0	1.0	
lightdock	luciferin_score	-32.82219	2UUY_rec	2UUY_lig	swarm_121	63.0	1.0	
lightdock	luciferin_score	-38.04711	2UUY_rec	2UUY_lig	swarm_121	64.0	1.0	
lightdock	luciferin_score	19.70294	2UUY_rec	2UUY_lig	swarm_122	0.0	12.0	
lightdock	luciferin_score	16.06629	2UUY_rec	2UUY_lig	swarm_122	1.0	4.0	
lightdock	luciferin_score	15.64336	2UUY_rec	2UUY_lig	swarm_122	2.0	3.0	
lightdock	luciferin_score	14.50559	2UUY_rec	2UUY_lig	swarm_122	3.0	8.0	
lightdock	luciferin_score	14.49924	2UUY_rec	2UUY_lig	swarm_122	4.0	5.0	
lightdock	luciferin_score	14.42336	2UUY_rec	2UUY_lig	swarm_122	5.0	16.0	
lightdock	luciferin_score	14.1575	2UUY_rec	2UUY_lig	swarm_122	6.0	8.0	
lightdock	luciferin_score	13.65523	2UUY_rec	2UUY_lig	swarm_122	7.0	7.0	
lightdock	luciferin_score	13.22196	2UUY_rec	2UUY_lig	swarm_122	8.0	1.0	
lightdock	luciferin_score	13.02562	2UUY_rec	2UUY_lig	swarm_122	9.0	1.0	
lightdock	luciferin_score	12.89274	2UUY_rec	2UUY_lig	swarm_122	10.0	3.0	
lightdock	luciferin_score	12.87692	2UUY_rec	2UUY_lig	swarm_122	11.0	2.0	
lightdock	luciferin_score	12.42413	2UUY_rec	2UUY_lig	swarm_122	12.0	2.0	
lightdock	luciferin_score	12.33942	2UUY_rec	2UUY_lig	swarm_122	13.0	4.0	
lightdock	luciferin_score	12.24412	2UUY_rec	2UUY_lig	swarm_122	14.0	6.0	
lightdock	luciferin_score	11.94591	2UUY_rec	2UUY_lig	swarm_122	15.0	6.0	
lightdock	luciferin_score	11.70262	2UUY_rec	2UUY_lig	swarm_122	16.0	3.0	
lightdock	luciferin_score	11.54313	2UUY_rec	2UUY_lig	swarm_122	17.0	2.0	
lightdock	luciferin_score	11.44511	2UUY_rec	2UUY_lig	swarm_122	18.0	3.0	
lightdock	luciferin_score	11.32565	2UUY_rec	2UUY_lig	swarm_122	19.0	2.0	
lightdock	luciferin_score	11.0077	2UUY_rec	2UUY_lig	swarm_122	20.0	2.0	
lightdock	luciferin_score	10.68988	2UUY_rec	2UUY_lig	swarm_122	21.0	2.0	
lightdock	luciferin_score	10.5109	2UUY_rec	2UUY_lig	swarm_122	22.0	4.0	
lightdock	luciferin_score	10.30741	2UUY_rec	2UUY_lig	swarm_122	23.0	2.0	
lightdock	luciferin_score	10.19437	2UUY_rec	2UUY_lig	swarm_122	24.0	2.0	
lightdock	luciferin_score	9.87079	2UUY_rec	2UUY_lig	swarm_122	25.0	3.0	
lightdock	luciferin_score	9.78513	2UUY_rec	2UUY_lig	swarm_122	26.0	6.0	
lightdock	luciferin_score	9.77462	2UUY_rec	2UUY_lig	swarm_122	27.0	1.0	
lightdock	luciferin_score	9.62319	2UUY_rec	2UUY_lig	swarm_122	28.0	5.0	
lightdock	luciferin_score	9.43852	2UUY_rec	2UUY_lig	swarm_122	29.0	2.0	
lightdock	luciferin_score	8.89254	2UUY_rec	2UUY_lig	swarm_122	30.0	2.0	
lightdock	luciferin_score	7.82335	2UUY_rec	2UUY_lig	swarm_122	31.0	2.0	
lightdock	luciferin_score	7.80536	2UUY_rec	2UUY_lig	swarm_122	32.0	1.0	
lightdock	luciferin_score	7.58062	2UUY_rec	2UUY_lig	swarm_122	33.0	1.0	
lightdock	luciferin_score	7.52947	2UUY_rec	2UUY_lig	swarm_122	34.0	14.0	
lightdock	luciferin_score	7.1714	2UUY_rec	2UUY_lig	swarm_122	35.0	1.0	
lightdock	luciferin_score	6.80351	2UUY_rec	2UUY_lig	swarm_122	36.0	2.0	
lightdock	luciferin_score	6.73418	2UUY_rec	2UUY_lig	swarm_122	37.0	3.0	
lightdock	luciferin_score	6.06363	2UUY_rec	2UUY_lig	swarm_122	38.0	6.0	
lightdock	luciferin_score	4.60784	2UUY_rec	2UUY_lig	swarm_122	39.0	2.0	
lightdock	luciferin_score	4.54186	2UUY_rec	2UUY_lig	swarm_122	40.0	5.0	
lightdock	luciferin_score	0.57638	2UUY_rec	2UUY_lig	swarm_122	41.0	4.0	
lightdock	luciferin_score	-4.17063	2UUY_rec	2UUY_lig	swarm_122	42.0	8.0	
lightdock	luciferin_score	-5.40978	2UUY_rec	2UUY_lig	swarm_122	43.0	5.0	
lightdock	luciferin_score	-6.38729	2UUY_rec	2UUY_lig	swarm_122	44.0	2.0	
lightdock	luciferin_score	-7.3517	2UUY_rec	2UUY_lig	swarm_122	45.0	1.0	
lightdock	luciferin_score	-8.7727	2UUY_rec	2UUY_lig	swarm_122	46.0	1.0	
lightdock	luciferin_score	-16.07949	2UUY_rec	2UUY_lig	swarm_122	47.0	1.0	
lightdock	luciferin_score	-22.52276	2UUY_rec	2UUY_lig	swarm_122	48.0	1.0	
lightdock	luciferin_score	-25.91536	2UUY_rec	2UUY_lig	swarm_122	49.0	5.0	
lightdock	luciferin_score	-26.40204	2UUY_rec	2UUY_lig	swarm_122	50.0	1.0	
lightdock	luciferin_score	-39.20172	2UUY_rec	2UUY_lig	swarm_122	51.0	1.0	
lightdock	luciferin_score	-42.94626	2UUY_rec	2UUY_lig	swarm_122	52.0	1.0	
lightdock	luciferin_score	-44.84129	2UUY_rec	2UUY_lig	swarm_122	53.0	2.0	
lightdock	luciferin_score	-51.86443	2UUY_rec	2UUY_lig	swarm_122	54.0	1.0	
lightdock	luciferin_score	15.48699	2UUY_rec	2UUY_lig	swarm_123	0.0	10.0	
lightdock	luciferin_score	15.01403	2UUY_rec	2UUY_lig	swarm_123	1.0	3.0	
lightdock	luciferin_score	13.97296	2UUY_rec	2UUY_lig	swarm_123	2.0	2.0	
lightdock	luciferin_score	13.48548	2UUY_rec	2UUY_lig	swarm_123	3.0	2.0	
lightdock	luciferin_score	13.22522	2UUY_rec	2UUY_lig	swarm_123	4.0	10.0	
lightdock	luciferin_score	13.13513	2UUY_rec	2UUY_lig	swarm_123	5.0	7.0	
lightdock	luciferin_score	12.53387	2UUY_rec	2UUY_lig	swarm_123	6.0	6.0	
lightdock	luciferin_score	12.08539	2UUY_rec	2UUY_lig	swarm_123	7.0	4.0	
lightdock	luciferin_score	11.77471	2UUY_rec	2UUY_lig	swarm_123	8.0	4.0	
lightdock	luciferin_score	11.72464	2UUY_rec	2UUY_lig	swarm_123	9.0	2.0	
lightdock	luciferin_score	11.38797	2UUY_rec	2UUY_lig	swarm_123	10.0	8.0	
lightdock	luciferin_score	11.23423	2UUY_rec	2UUY_lig	swarm_123	11.0	10.0	
lightdock	luciferin_score	11.06529	2UUY_rec	2UUY_lig	swarm_123	12.0	2.0	
lightdock	luciferin_score	11.01829	2UUY_rec	2UUY_lig	swarm_123	13.0	7.0	
lightdock	luciferin_score	10.8295	2UUY_rec	2UUY_lig	swarm_123	14.0	6.0	
lightdock	luciferin_score	10.68371	2UUY_rec	2UUY_lig	swarm_123	15.0	2.0	
lightdock	luciferin_score	10.4654	2UUY_rec	2UUY_lig	swarm_123	16.0	5.0	
lightdock	luciferin_score	10.38713	2UUY_rec	2UUY_lig	swarm_123	17.0	8.0	
lightdock	luciferin_score	10.36051	2UUY_rec	2UUY_lig	swarm_123	18.0	1.0	
lightdock	luciferin_score	10.25045	2UUY_rec	2UUY_lig	swarm_123	19.0	4.0	
lightdock	luciferin_score	10.22529	2UUY_rec	2UUY_lig	swarm_123	20.0	1.0	
lightdock	luciferin_score	9.96442	2UUY_rec	2UUY_lig	swarm_123	21.0	1.0	
lightdock	luciferin_score	9.54371	2UUY_rec	2UUY_lig	swarm_123	22.0	4.0	
lightdock	luciferin_score	9.13679	2UUY_rec	2UUY_lig	swarm_123	23.0	4.0	
lightdock	luciferin_score	8.94078	2UUY_rec	2UUY_lig	swarm_123	24.0	1.0	
lightdock	luciferin_score	8.92609	2UUY_rec	2UUY_lig	swarm_123	25.0	4.0	
lightdock	luciferin_score	8.92007	2UUY_rec	2UUY_lig	swarm_123	26.0	1.0	
lightdock	luciferin_score	8.86344	2UUY_rec	2UUY_lig	swarm_123	27.0	2.0	
lightdock	luciferin_score	8.73314	2UUY_rec	2UUY_lig	swarm_123	28.0	4.0	
lightdock	luciferin_score	8.72712	2UUY_rec	2UUY_lig	swarm_123	29.0	1.0	
lightdock	luciferin_score	8.65347	2UUY_rec	2UUY_lig	swarm_123	30.0	1.0	
lightdock	luciferin_score	8.42746	2UUY_rec	2UUY_lig	swarm_123	31.0	2.0	
lightdock	luciferin_score	8.00565	2UUY_rec	2UUY_lig	swarm_123	32.0	2.0	
lightdock	luciferin_score	7.92675	2UUY_rec	2UUY_lig	swarm_123	33.0	1.0	
lightdock	luciferin_score	7.75396	2UUY_rec	2UUY_lig	swarm_123	34.0	1.0	
lightdock	luciferin_score	7.6735	2UUY_rec	2UUY_lig	swarm_123	35.0	1.0	
lightdock	luciferin_score	7.49381	2UUY_rec	2UUY_lig	swarm_123	36.0	2.0	
lightdock	luciferin_score	7.45533	2UUY_rec	2UUY_lig	swarm_123	37.0	1.0	
lightdock	luciferin_score	7.27974	2UUY_rec	2UUY_lig	swarm_123	38.0	3.0	
lightdock	luciferin_score	7.21475	2UUY_rec	2UUY_lig	swarm_123	39.0	3.0	
lightdock	luciferin_score	7.08004	2UUY_rec	2UUY_lig	swarm_123	40.0	1.0	
lightdock	luciferin_score	6.44041	2UUY_rec	2UUY_lig	swarm_123	41.0	1.0	
lightdock	luciferin_score	6.43832	2UUY_rec	2UUY_lig	swarm_123	42.0	3.0	
lightdock	luciferin_score	6.18031	2UUY_rec	2UUY_lig	swarm_123	43.0	1.0	
lightdock	luciferin_score	5.77591	2UUY_rec	2UUY_lig	swarm_123	44.0	1.0	
lightdock	luciferin_score	5.70598	2UUY_rec	2UUY_lig	swarm_123	45.0	1.0	
lightdock	luciferin_score	5.45221	2UUY_rec	2UUY_lig	swarm_123	46.0	1.0	
lightdock	luciferin_score	5.33074	2UUY_rec	2UUY_lig	swarm_123	47.0	1.0	
lightdock	luciferin_score	5.27867	2UUY_rec	2UUY_lig	swarm_123	48.0	1.0	
lightdock	luciferin_score	5.18121	2UUY_rec	2UUY_lig	swarm_123	49.0	1.0	
lightdock	luciferin_score	4.39306	2UUY_rec	2UUY_lig	swarm_123	50.0	2.0	
lightdock	luciferin_score	4.33135	2UUY_rec	2UUY_lig	swarm_123	51.0	4.0	
lightdock	luciferin_score	2.69977	2UUY_rec	2UUY_lig	swarm_123	52.0	2.0	
lightdock	luciferin_score	2.51652	2UUY_rec	2UUY_lig	swarm_123	53.0	1.0	
lightdock	luciferin_score	2.47254	2UUY_rec	2UUY_lig	swarm_123	54.0	2.0	
lightdock	luciferin_score	2.44372	2UUY_rec	2UUY_lig	swarm_123	55.0	1.0	
lightdock	luciferin_score	1.68452	2UUY_rec	2UUY_lig	swarm_123	56.0	7.0	
lightdock	luciferin_score	0.53964	2UUY_rec	2UUY_lig	swarm_123	57.0	1.0	
lightdock	luciferin_score	0.21202	2UUY_rec	2UUY_lig	swarm_123	58.0	1.0	
lightdock	luciferin_score	-2.57821	2UUY_rec	2UUY_lig	swarm_123	59.0	6.0	
lightdock	luciferin_score	-3.91246	2UUY_rec	2UUY_lig	swarm_123	60.0	1.0	
lightdock	luciferin_score	-4.98243	2UUY_rec	2UUY_lig	swarm_123	61.0	1.0	
lightdock	luciferin_score	-7.52646	2UUY_rec	2UUY_lig	swarm_123	62.0	1.0	
lightdock	luciferin_score	-11.70081	2UUY_rec	2UUY_lig	swarm_123	63.0	4.0	
lightdock	luciferin_score	-18.82908	2UUY_rec	2UUY_lig	swarm_123	64.0	5.0	
lightdock	luciferin_score	-21.11785	2UUY_rec	2UUY_lig	swarm_123	65.0	1.0	
lightdock	luciferin_score	-28.59951	2UUY_rec	2UUY_lig	swarm_123	66.0	1.0	
lightdock	luciferin_score	-36.41236	2UUY_rec	2UUY_lig	swarm_123	67.0	1.0	
lightdock	luciferin_score	-40.89981	2UUY_rec	2UUY_lig	swarm_123	68.0	2.0	
lightdock	luciferin_score	-63.93433	2UUY_rec	2UUY_lig	swarm_123	69.0	1.0	
lightdock	luciferin_score	20.61293	2UUY_rec	2UUY_lig	swarm_124	0.0	5.0	
lightdock	luciferin_score	19.76895	2UUY_rec	2UUY_lig	swarm_124	1.0	1.0	
lightdock	luciferin_score	18.55198	2UUY_rec	2UUY_lig	swarm_124	2.0	6.0	
lightdock	luciferin_score	17.29467	2UUY_rec	2UUY_lig	swarm_124	3.0	10.0	
lightdock	luciferin_score	16.86653	2UUY_rec	2UUY_lig	swarm_124	4.0	12.0	
lightdock	luciferin_score	16.62768	2UUY_rec	2UUY_lig	swarm_124	5.0	1.0	
lightdock	luciferin_score	16.56325	2UUY_rec	2UUY_lig	swarm_124	6.0	5.0	
lightdock	luciferin_score	15.75897	2UUY_rec	2UUY_lig	swarm_124	7.0	2.0	
lightdock	luciferin_score	15.60495	2UUY_rec	2UUY_lig	swarm_124	8.0	1.0	
lightdock	luciferin_score	15.29846	2UUY_rec	2UUY_lig	swarm_124	9.0	11.0	
lightdock	luciferin_score	14.92516	2UUY_rec	2UUY_lig	swarm_124	10.0	4.0	
lightdock	luciferin_score	13.38962	2UUY_rec	2UUY_lig	swarm_124	11.0	6.0	
lightdock	luciferin_score	13.18514	2UUY_rec	2UUY_lig	swarm_124	12.0	2.0	
lightdock	luciferin_score	12.53011	2UUY_rec	2UUY_lig	swarm_124	13.0	17.0	
lightdock	luciferin_score	12.44627	2UUY_rec	2UUY_lig	swarm_124	14.0	6.0	
lightdock	luciferin_score	12.43451	2UUY_rec	2UUY_lig	swarm_124	15.0	2.0	
lightdock	luciferin_score	12.09161	2UUY_rec	2UUY_lig	swarm_124	16.0	1.0	
lightdock	luciferin_score	11.79896	2UUY_rec	2UUY_lig	swarm_124	17.0	1.0	
lightdock	luciferin_score	11.70133	2UUY_rec	2UUY_lig	swarm_124	18.0	1.0	
lightdock	luciferin_score	11.61988	2UUY_rec	2UUY_lig	swarm_124	19.0	3.0	
lightdock	luciferin_score	11.4242	2UUY_rec	2UUY_lig	swarm_124	20.0	5.0	
lightdock	luciferin_score	11.17501	2UUY_rec	2UUY_lig	swarm_124	21.0	1.0	
lightdock	luciferin_score	11.13558	2UUY_rec	2UUY_lig	swarm_124	22.0	3.0	
lightdock	luciferin_score	11.09668	2UUY_rec	2UUY_lig	swarm_124	23.0	6.0	
lightdock	luciferin_score	11.07605	2UUY_rec	2UUY_lig	swarm_124	24.0	6.0	
lightdock	luciferin_score	10.88339	2UUY_rec	2UUY_lig	swarm_124	25.0	1.0	
lightdock	luciferin_score	10.35609	2UUY_rec	2UUY_lig	swarm_124	26.0	4.0	
lightdock	luciferin_score	10.35363	2UUY_rec	2UUY_lig	swarm_124	27.0	3.0	
lightdock	luciferin_score	10.34766	2UUY_rec	2UUY_lig	swarm_124	28.0	5.0	
lightdock	luciferin_score	10.00083	2UUY_rec	2UUY_lig	swarm_124	29.0	4.0	
lightdock	luciferin_score	9.88668	2UUY_rec	2UUY_lig	swarm_124	30.0	3.0	
lightdock	luciferin_score	9.7507	2UUY_rec	2UUY_lig	swarm_124	31.0	5.0	
lightdock	luciferin_score	9.65516	2UUY_rec	2UUY_lig	swarm_124	32.0	2.0	
lightdock	luciferin_score	9.50982	2UUY_rec	2UUY_lig	swarm_124	33.0	1.0	
lightdock	luciferin_score	9.23974	2UUY_rec	2UUY_lig	swarm_124	34.0	2.0	
lightdock	luciferin_score	8.99446	2UUY_rec	2UUY_lig	swarm_124	35.0	2.0	
lightdock	luciferin_score	8.43393	2UUY_rec	2UUY_lig	swarm_124	36.0	3.0	
lightdock	luciferin_score	8.24628	2UUY_rec	2UUY_lig	swarm_124	37.0	4.0	
lightdock	luciferin_score	8.16277	2UUY_rec	2UUY_lig	swarm_124	38.0	3.0	
lightdock	luciferin_score	7.52754	2UUY_rec	2UUY_lig	swarm_124	39.0	1.0	
lightdock	luciferin_score	7.4327	2UUY_rec	2UUY_lig	swarm_124	40.0	3.0	
lightdock	luciferin_score	7.09213	2UUY_rec	2UUY_lig	swarm_124	41.0	1.0	
lightdock	luciferin_score	7.03715	2UUY_rec	2UUY_lig	swarm_124	42.0	1.0	
lightdock	luciferin_score	6.74728	2UUY_rec	2UUY_lig	swarm_124	43.0	1.0	
lightdock	luciferin_score	6.38762	2UUY_rec	2UUY_lig	swarm_124	44.0	2.0	
lightdock	luciferin_score	6.27314	2UUY_rec	2UUY_lig	swarm_124	45.0	1.0	
lightdock	luciferin_score	4.68819	2UUY_rec	2UUY_lig	swarm_124	46.0	1.0	
lightdock	luciferin_score	4.65499	2UUY_rec	2UUY_lig	swarm_124	47.0	2.0	
lightdock	luciferin_score	4.51933	2UUY_rec	2UUY_lig	swarm_124	48.0	2.0	
lightdock	luciferin_score	4.0096	2UUY_rec	2UUY_lig	swarm_124	49.0	2.0	
lightdock	luciferin_score	3.92938	2UUY_rec	2UUY_lig	swarm_124	50.0	1.0	
lightdock	luciferin_score	-1.2161	2UUY_rec	2UUY_lig	swarm_124	51.0	1.0	
lightdock	luciferin_score	-2.14803	2UUY_rec	2UUY_lig	swarm_124	52.0	1.0	
lightdock	luciferin_score	-3.42518	2UUY_rec	2UUY_lig	swarm_124	53.0	2.0	
lightdock	luciferin_score	-8.21669	2UUY_rec	2UUY_lig	swarm_124	54.0	1.0	
lightdock	luciferin_score	-8.46108	2UUY_rec	2UUY_lig	swarm_124	55.0	4.0	
lightdock	luciferin_score	-12.35784	2UUY_rec	2UUY_lig	swarm_124	56.0	1.0	
lightdock	luciferin_score	-12.90709	2UUY_rec	2UUY_lig	swarm_124	57.0	4.0	
lightdock	luciferin_score	-13.89982	2UUY_rec	2UUY_lig	swarm_124	58.0	2.0	
lightdock	luciferin_score	-20.08954	2UUY_rec	2UUY_lig	swarm_124	59.0	1.0	
lightdock	luciferin_score	-23.14376	2UUY_rec	2UUY_lig	swarm_124	60.0	2.0	
lightdock	luciferin_score	-23.22968	2UUY_rec	2UUY_lig	swarm_124	61.0	1.0	
lightdock	luciferin_score	-32.37453	2UUY_rec	2UUY_lig	swarm_124	62.0	1.0	
lightdock	luciferin_score	-65.87985	2UUY_rec	2UUY_lig	swarm_124	63.0	1.0	
lightdock	luciferin_score	23.26176	2UUY_rec	2UUY_lig	swarm_125	0.0	5.0	
lightdock	luciferin_score	17.98991	2UUY_rec	2UUY_lig	swarm_125	1.0	4.0	
lightdock	luciferin_score	17.07128	2UUY_rec	2UUY_lig	swarm_125	2.0	6.0	
lightdock	luciferin_score	16.09887	2UUY_rec	2UUY_lig	swarm_125	3.0	1.0	
lightdock	luciferin_score	15.3156	2UUY_rec	2UUY_lig	swarm_125	4.0	6.0	
lightdock	luciferin_score	14.3093	2UUY_rec	2UUY_lig	swarm_125	5.0	5.0	
lightdock	luciferin_score	13.86685	2UUY_rec	2UUY_lig	swarm_125	6.0	5.0	
lightdock	luciferin_score	12.49254	2UUY_rec	2UUY_lig	swarm_125	7.0	6.0	
lightdock	luciferin_score	12.46972	2UUY_rec	2UUY_lig	swarm_125	8.0	3.0	
lightdock	luciferin_score	12.2501	2UUY_rec	2UUY_lig	swarm_125	9.0	3.0	
lightdock	luciferin_score	12.0377	2UUY_rec	2UUY_lig	swarm_125	10.0	3.0	
lightdock	luciferin_score	11.81474	2UUY_rec	2UUY_lig	swarm_125	11.0	4.0	
lightdock	luciferin_score	11.6858	2UUY_rec	2UUY_lig	swarm_125	12.0	4.0	
lightdock	luciferin_score	11.53732	2UUY_rec	2UUY_lig	swarm_125	13.0	3.0	
lightdock	luciferin_score	11.37446	2UUY_rec	2UUY_lig	swarm_125	14.0	1.0	
lightdock	luciferin_score	11.21297	2UUY_rec	2UUY_lig	swarm_125	15.0	3.0	
lightdock	luciferin_score	10.63034	2UUY_rec	2UUY_lig	swarm_125	16.0	5.0	
lightdock	luciferin_score	10.38196	2UUY_rec	2UUY_lig	swarm_125	17.0	18.0	
lightdock	luciferin_score	10.33336	2UUY_rec	2UUY_lig	swarm_125	18.0	1.0	
lightdock	luciferin_score	10.28843	2UUY_rec	2UUY_lig	swarm_125	19.0	1.0	
lightdock	luciferin_score	10.098	2UUY_rec	2UUY_lig	swarm_125	20.0	18.0	
lightdock	luciferin_score	9.93097	2UUY_rec	2UUY_lig	swarm_125	21.0	1.0	
lightdock	luciferin_score	9.86521	2UUY_rec	2UUY_lig	swarm_125	22.0	3.0	
lightdock	luciferin_score	9.76088	2UUY_rec	2UUY_lig	swarm_125	23.0	3.0	
lightdock	luciferin_score	9.68196	2UUY_rec	2UUY_lig	swarm_125	24.0	2.0	
lightdock	luciferin_score	9.52039	2UUY_rec	2UUY_lig	swarm_125	25.0	7.0	
lightdock	luciferin_score	9.38489	2UUY_rec	2UUY_lig	swarm_125	26.0	4.0	
lightdock	luciferin_score	9.05505	2UUY_rec	2UUY_lig	swarm_125	27.0	5.0	
lightdock	luciferin_score	8.94124	2UUY_rec	2UUY_lig	swarm_125	28.0	2.0	
lightdock	luciferin_score	8.81378	2UUY_rec	2UUY_lig	swarm_125	29.0	1.0	
lightdock	luciferin_score	8.73219	2UUY_rec	2UUY_lig	swarm_125	30.0	1.0	
lightdock	luciferin_score	8.22358	2UUY_rec	2UUY_lig	swarm_125	31.0	3.0	
lightdock	luciferin_score	8.08221	2UUY_rec	2UUY_lig	swarm_125	32.0	1.0	
lightdock	luciferin_score	8.01466	2UUY_rec	2UUY_lig	swarm_125	33.0	2.0	
lightdock	luciferin_score	7.97681	2UUY_rec	2UUY_lig	swarm_125	34.0	3.0	
lightdock	luciferin_score	7.74774	2UUY_rec	2UUY_lig	swarm_125	35.0	1.0	
lightdock	luciferin_score	7.64734	2UUY_rec	2UUY_lig	swarm_125	36.0	2.0	
lightdock	luciferin_score	7.37415	2UUY_rec	2UUY_lig	swarm_125	37.0	7.0	
lightdock	luciferin_score	7.10389	2UUY_rec	2UUY_lig	swarm_125	38.0	2.0	
lightdock	luciferin_score	6.71431	2UUY_rec	2UUY_lig	swarm_125	39.0	2.0	
lightdock	luciferin_score	6.51334	2UUY_rec	2UUY_lig	swarm_125	40.0	2.0	
lightdock	luciferin_score	6.03347	2UUY_rec	2UUY_lig	swarm_125	41.0	2.0	
lightdock	luciferin_score	5.87309	2UUY_rec	2UUY_lig	swarm_125	42.0	2.0	
lightdock	luciferin_score	5.71444	2UUY_rec	2UUY_lig	swarm_125	43.0	1.0	
lightdock	luciferin_score	5.44385	2UUY_rec	2UUY_lig	swarm_125	44.0	7.0	
lightdock	luciferin_score	5.00467	2UUY_rec	2UUY_lig	swarm_125	45.0	1.0	
lightdock	luciferin_score	3.21222	2UUY_rec	2UUY_lig	swarm_125	46.0	3.0	
lightdock	luciferin_score	1.43179	2UUY_rec	2UUY_lig	swarm_125	47.0	1.0	
lightdock	luciferin_score	1.2409	2UUY_rec	2UUY_lig	swarm_125	48.0	2.0	
lightdock	luciferin_score	1.12974	2UUY_rec	2UUY_lig	swarm_125	49.0	2.0	
lightdock	luciferin_score	-1.23354	2UUY_rec	2UUY_lig	swarm_125	50.0	1.0	
lightdock	luciferin_score	-2.00845	2UUY_rec	2UUY_lig	swarm_125	51.0	2.0	
lightdock	luciferin_score	-2.26087	2UUY_rec	2UUY_lig	swarm_125	52.0	2.0	
lightdock	luciferin_score	-4.78371	2UUY_rec	2UUY_lig	swarm_125	53.0	2.0	
lightdock	luciferin_score	-4.95128	2UUY_rec	2UUY_lig	swarm_125	54.0	1.0	
lightdock	luciferin_score	-6.19419	2UUY_rec	2UUY_lig	swarm_125	55.0	2.0	
lightdock	luciferin_score	-11.38719	2UUY_rec	2UUY_lig	swarm_125	56.0	3.0	
lightdock	luciferin_score	-11.93206	2UUY_rec	2UUY_lig	swarm_125	57.0	1.0	
lightdock	luciferin_score	-18.26493	2UUY_rec	2UUY_lig	swarm_125	58.0	1.0	
lightdock	luciferin_score	-23.49671	2UUY_rec	2UUY_lig	swarm_125	59.0	1.0	
lightdock	luciferin_score	-25.72044	2UUY_rec	2UUY_lig	swarm_125	60.0	1.0	
lightdock	luciferin_score	-31.29019	2UUY_rec	2UUY_lig	swarm_125	61.0	1.0	
lightdock	luciferin_score	-38.01933	2UUY_rec	2UUY_lig	swarm_125	62.0	1.0	
lightdock	luciferin_score	-54.63478	2UUY_rec	2UUY_lig	swarm_125	63.0	1.0	
lightdock	luciferin_score	14.6155	2UUY_rec	2UUY_lig	swarm_126	0.0	7.0	
lightdock	luciferin_score	14.2962	2UUY_rec	2UUY_lig	swarm_126	1.0	4.0	
lightdock	luciferin_score	13.85495	2UUY_rec	2UUY_lig	swarm_126	2.0	3.0	
lightdock	luciferin_score	13.74852	2UUY_rec	2UUY_lig	swarm_126	3.0	4.0	
lightdock	luciferin_score	13.33975	2UUY_rec	2UUY_lig	swarm_126	4.0	5.0	
lightdock	luciferin_score	13.01396	2UUY_rec	2UUY_lig	swarm_126	5.0	6.0	
lightdock	luciferin_score	12.71727	2UUY_rec	2UUY_lig	swarm_126	6.0	7.0	
lightdock	luciferin_score	11.93603	2UUY_rec	2UUY_lig	swarm_126	7.0	3.0	
lightdock	luciferin_score	11.48145	2UUY_rec	2UUY_lig	swarm_126	8.0	6.0	
lightdock	luciferin_score	10.60662	2UUY_rec	2UUY_lig	swarm_126	9.0	10.0	
lightdock	luciferin_score	10.31256	2UUY_rec	2UUY_lig	swarm_126	10.0	5.0	
lightdock	luciferin_score	9.93976	2UUY_rec	2UUY_lig	swarm_126	11.0	5.0	
lightdock	luciferin_score	9.92388	2UUY_rec	2UUY_lig	swarm_126	12.0	3.0	
lightdock	luciferin_score	9.80414	2UUY_rec	2UUY_lig	swarm_126	13.0	2.0	
lightdock	luciferin_score	9.72737	2UUY_rec	2UUY_lig	swarm_126	14.0	5.0	
lightdock	luciferin_score	9.2724	2UUY_rec	2UUY_lig	swarm_126	15.0	1.0	
lightdock	luciferin_score	9.14842	2UUY_rec	2UUY_lig	swarm_126	16.0	7.0	
lightdock	luciferin_score	9.04325	2UUY_rec	2UUY_lig	swarm_126	17.0	4.0	
lightdock	luciferin_score	8.85975	2UUY_rec	2UUY_lig	swarm_126	18.0	6.0	
lightdock	luciferin_score	8.81938	2UUY_rec	2UUY_lig	swarm_126	19.0	1.0	
lightdock	luciferin_score	8.52175	2UUY_rec	2UUY_lig	swarm_126	20.0	6.0	
lightdock	luciferin_score	8.51113	2UUY_rec	2UUY_lig	swarm_126	21.0	6.0	
lightdock	luciferin_score	8.19043	2UUY_rec	2UUY_lig	swarm_126	22.0	2.0	
lightdock	luciferin_score	8.08388	2UUY_rec	2UUY_lig	swarm_126	23.0	1.0	
lightdock	luciferin_score	7.93181	2UUY_rec	2UUY_lig	swarm_126	24.0	3.0	
lightdock	luciferin_score	7.8727	2UUY_rec	2UUY_lig	swarm_126	25.0	2.0	
lightdock	luciferin_score	7.78847	2UUY_rec	2UUY_lig	swarm_126	26.0	1.0	
lightdock	luciferin_score	7.75099	2UUY_rec	2UUY_lig	swarm_126	27.0	1.0	
lightdock	luciferin_score	7.7257	2UUY_rec	2UUY_lig	swarm_126	28.0	4.0	
lightdock	luciferin_score	7.58464	2UUY_rec	2UUY_lig	swarm_126	29.0	1.0	
lightdock	luciferin_score	7.36695	2UUY_rec	2UUY_lig	swarm_126	30.0	1.0	
lightdock	luciferin_score	7.14869	2UUY_rec	2UUY_lig	swarm_126	31.0	1.0	
lightdock	luciferin_score	7.12751	2UUY_rec	2UUY_lig	swarm_126	32.0	3.0	
lightdock	luciferin_score	7.12414	2UUY_rec	2UUY_lig	swarm_126	33.0	3.0	
lightdock	luciferin_score	6.99457	2UUY_rec	2UUY_lig	swarm_126	34.0	4.0	
lightdock	luciferin_score	6.95508	2UUY_rec	2UUY_lig	swarm_126	35.0	1.0	
lightdock	luciferin_score	6.84998	2UUY_rec	2UUY_lig	swarm_126	36.0	1.0	
lightdock	luciferin_score	6.48253	2UUY_rec	2UUY_lig	swarm_126	37.0	1.0	
lightdock	luciferin_score	5.99343	2UUY_rec	2UUY_lig	swarm_126	38.0	3.0	
lightdock	luciferin_score	5.92214	2UUY_rec	2UUY_lig	swarm_126	39.0	8.0	
lightdock	luciferin_score	5.33545	2UUY_rec	2UUY_lig	swarm_126	40.0	1.0	
lightdock	luciferin_score	4.77733	2UUY_rec	2UUY_lig	swarm_126	41.0	1.0	
lightdock	luciferin_score	4.57608	2UUY_rec	2UUY_lig	swarm_126	42.0	9.0	
lightdock	luciferin_score	2.49489	2UUY_rec	2UUY_lig	swarm_126	43.0	1.0	
lightdock	luciferin_score	1.52308	2UUY_rec	2UUY_lig	swarm_126	44.0	2.0	
lightdock	luciferin_score	0.43349	2UUY_rec	2UUY_lig	swarm_126	45.0	1.0	
lightdock	luciferin_score	-0.10703	2UUY_rec	2UUY_lig	swarm_126	46.0	1.0	
lightdock	luciferin_score	-0.61024	2UUY_rec	2UUY_lig	swarm_126	47.0	1.0	
lightdock	luciferin_score	-0.84708	2UUY_rec	2UUY_lig	swarm_126	48.0	1.0	
lightdock	luciferin_score	-1.881	2UUY_rec	2UUY_lig	swarm_126	49.0	2.0	
lightdock	luciferin_score	-2.65445	2UUY_rec	2UUY_lig	swarm_126	50.0	2.0	
lightdock	luciferin_score	-2.798	2UUY_rec	2UUY_lig	swarm_126	51.0	4.0	
lightdock	luciferin_score	-7.06072	2UUY_rec	2UUY_lig	swarm_126	52.0	2.0	
lightdock	luciferin_score	-9.20005	2UUY_rec	2UUY_lig	swarm_126	53.0	1.0	
lightdock	luciferin_score	-10.42446	2UUY_rec	2UUY_lig	swarm_126	54.0	1.0	
lightdock	luciferin_score	-13.17922	2UUY_rec	2UUY_lig	swarm_126	55.0	1.0	
lightdock	luciferin_score	-21.51294	2UUY_rec	2UUY_lig	swarm_126	56.0	1.0	
lightdock	luciferin_score	-23.99607	2UUY_rec	2UUY_lig	swarm_126	57.0	3.0	
lightdock	luciferin_score	-25.15857	2UUY_rec	2UUY_lig	swarm_126	58.0	1.0	
lightdock	luciferin_score	-26.41916	2UUY_rec	2UUY_lig	swarm_126	59.0	1.0	
lightdock	luciferin_score	-27.09423	2UUY_rec	2UUY_lig	swarm_126	60.0	1.0	
lightdock	luciferin_score	-28.90219	2UUY_rec	2UUY_lig	swarm_126	61.0	2.0	
lightdock	luciferin_score	-31.81804	2UUY_rec	2UUY_lig	swarm_126	62.0	1.0	
lightdock	luciferin_score	-33.88471	2UUY_rec	2UUY_lig	swarm_126	63.0	5.0	
lightdock	luciferin_score	-35.87258	2UUY_rec	2UUY_lig	swarm_126	64.0	1.0	
lightdock	luciferin_score	-38.61412	2UUY_rec	2UUY_lig	swarm_126	65.0	3.0	
lightdock	luciferin_score	-38.70062	2UUY_rec	2UUY_lig	swarm_126	66.0	1.0	
lightdock	luciferin_score	-43.40924	2UUY_rec	2UUY_lig	swarm_126	67.0	2.0	
lightdock	luciferin_score	14.6803	2UUY_rec	2UUY_lig	swarm_127	0.0	5.0	
lightdock	luciferin_score	13.47093	2UUY_rec	2UUY_lig	swarm_127	1.0	4.0	
lightdock	luciferin_score	13.05043	2UUY_rec	2UUY_lig	swarm_127	2.0	6.0	
lightdock	luciferin_score	12.96501	2UUY_rec	2UUY_lig	swarm_127	3.0	2.0	
lightdock	luciferin_score	12.78065	2UUY_rec	2UUY_lig	swarm_127	4.0	6.0	
lightdock	luciferin_score	11.4097	2UUY_rec	2UUY_lig	swarm_127	5.0	9.0	
lightdock	luciferin_score	11.12779	2UUY_rec	2UUY_lig	swarm_127	6.0	9.0	
lightdock	luciferin_score	11.09354	2UUY_rec	2UUY_lig	swarm_127	7.0	4.0	
lightdock	luciferin_score	10.95148	2UUY_rec	2UUY_lig	swarm_127	8.0	5.0	
lightdock	luciferin_score	10.94024	2UUY_rec	2UUY_lig	swarm_127	9.0	7.0	
lightdock	luciferin_score	10.41579	2UUY_rec	2UUY_lig	swarm_127	10.0	4.0	
lightdock	luciferin_score	10.28251	2UUY_rec	2UUY_lig	swarm_127	11.0	4.0	
lightdock	luciferin_score	10.27328	2UUY_rec	2UUY_lig	swarm_127	12.0	5.0	
lightdock	luciferin_score	10.06925	2UUY_rec	2UUY_lig	swarm_127	13.0	3.0	
lightdock	luciferin_score	9.62511	2UUY_rec	2UUY_lig	swarm_127	14.0	5.0	
lightdock	luciferin_score	9.52889	2UUY_rec	2UUY_lig	swarm_127	15.0	3.0	
lightdock	luciferin_score	9.13197	2UUY_rec	2UUY_lig	swarm_127	16.0	3.0	
lightdock	luciferin_score	9.12165	2UUY_rec	2UUY_lig	swarm_127	17.0	2.0	
lightdock	luciferin_score	9.11337	2UUY_rec	2UUY_lig	swarm_127	18.0	5.0	
lightdock	luciferin_score	8.93568	2UUY_rec	2UUY_lig	swarm_127	19.0	5.0	
lightdock	luciferin_score	8.72164	2UUY_rec	2UUY_lig	swarm_127	20.0	3.0	
lightdock	luciferin_score	8.60279	2UUY_rec	2UUY_lig	swarm_127	21.0	3.0	
lightdock	luciferin_score	8.57135	2UUY_rec	2UUY_lig	swarm_127	22.0	6.0	
lightdock	luciferin_score	8.53424	2UUY_rec	2UUY_lig	swarm_127	23.0	2.0	
lightdock	luciferin_score	8.48688	2UUY_rec	2UUY_lig	swarm_127	24.0	4.0	
lightdock	luciferin_score	8.0197	2UUY_rec	2UUY_lig	swarm_127	25.0	1.0	
lightdock	luciferin_score	7.85432	2UUY_rec	2UUY_lig	swarm_127	26.0	3.0	
lightdock	luciferin_score	7.85124	2UUY_rec	2UUY_lig	swarm_127	27.0	4.0	
lightdock	luciferin_score	7.70647	2UUY_rec	2UUY_lig	swarm_127	28.0	6.0	
lightdock	luciferin_score	7.66388	2UUY_rec	2UUY_lig	swarm_127	29.0	2.0	
lightdock	luciferin_score	7.57649	2UUY_rec	2UUY_lig	swarm_127	30.0	1.0	
lightdock	luciferin_score	7.44351	2UUY_rec	2UUY_lig	swarm_127	31.0	3.0	
lightdock	luciferin_score	7.20361	2UUY_rec	2UUY_lig	swarm_127	32.0	9.0	
lightdock	luciferin_score	6.97461	2UUY_rec	2UUY_lig	swarm_127	33.0	3.0	
lightdock	luciferin_score	6.95179	2UUY_rec	2UUY_lig	swarm_127	34.0	2.0	
lightdock	luciferin_score	6.80688	2UUY_rec	2UUY_lig	swarm_127	35.0	4.0	
lightdock	luciferin_score	6.77144	2UUY_rec	2UUY_lig	swarm_127	36.0	5.0	
lightdock	luciferin_score	6.25209	2UUY_rec	2UUY_lig	swarm_127	37.0	1.0	
lightdock	luciferin_score	5.83231	2UUY_rec	2UUY_lig	swarm_127	38.0	3.0	
lightdock	luciferin_score	5.7211	2UUY_rec	2UUY_lig	swarm_127	39.0	1.0	
lightdock	luciferin_score	5.30511	2UUY_rec	2UUY_lig	swarm_127	40.0	1.0	
lightdock	luciferin_score	5.26529	2UUY_rec	2UUY_lig	swarm_127	41.0	1.0	
lightdock	luciferin_score	4.95648	2UUY_rec	2UUY_lig	swarm_127	42.0	2.0	
lightdock	luciferin_score	4.71515	2UUY_rec	2UUY_lig	swarm_127	43.0	1.0	
lightdock	luciferin_score	4.66033	2UUY_rec	2UUY_lig	swarm_127	44.0	1.0	
lightdock	luciferin_score	1.20682	2UUY_rec	2UUY_lig	swarm_127	45.0	2.0	
lightdock	luciferin_score	-1.83374	2UUY_rec	2UUY_lig	swarm_127	46.0	3.0	
lightdock	luciferin_score	-2.08978	2UUY_rec	2UUY_lig	swarm_127	47.0	2.0	
lightdock	luciferin_score	-2.2365	2UUY_rec	2UUY_lig	swarm_127	48.0	3.0	
lightdock	luciferin_score	-2.79838	2UUY_rec	2UUY_lig	swarm_127	49.0	4.0	
lightdock	luciferin_score	-3.59552	2UUY_rec	2UUY_lig	swarm_127	50.0	1.0	
lightdock	luciferin_score	-7.19446	2UUY_rec	2UUY_lig	swarm_127	51.0	1.0	
lightdock	luciferin_score	-8.60085	2UUY_rec	2UUY_lig	swarm_127	52.0	2.0	
lightdock	luciferin_score	-9.80721	2UUY_rec	2UUY_lig	swarm_127	53.0	1.0	
lightdock	luciferin_score	-10.91515	2UUY_rec	2UUY_lig	swarm_127	54.0	1.0	
lightdock	luciferin_score	-12.17984	2UUY_rec	2UUY_lig	swarm_127	55.0	2.0	
lightdock	luciferin_score	-19.12675	2UUY_rec	2UUY_lig	swarm_127	56.0	2.0	
lightdock	luciferin_score	-19.91207	2UUY_rec	2UUY_lig	swarm_127	57.0	2.0	
lightdock	luciferin_score	-21.67288	2UUY_rec	2UUY_lig	swarm_127	58.0	1.0	
lightdock	luciferin_score	-35.43157	2UUY_rec	2UUY_lig	swarm_127	59.0	1.0	
lightdock	luciferin_score	-46.05031	2UUY_rec	2UUY_lig	swarm_127	60.0	1.0	
lightdock	luciferin_score	-51.44987	2UUY_rec	2UUY_lig	swarm_127	61.0	1.0	
lightdock	luciferin_score	-52.05008	2UUY_rec	2UUY_lig	swarm_127	62.0	1.0	
lightdock	luciferin_score	-56.62819	2UUY_rec	2UUY_lig	swarm_127	63.0	1.0	
lightdock	luciferin_score	18.19486	2UUY_rec	2UUY_lig	swarm_128	0.0	1.0	
lightdock	luciferin_score	17.70421	2UUY_rec	2UUY_lig	swarm_128	1.0	2.0	
lightdock	luciferin_score	17.61534	2UUY_rec	2UUY_lig	swarm_128	2.0	7.0	
lightdock	luciferin_score	16.31694	2UUY_rec	2UUY_lig	swarm_128	3.0	8.0	
lightdock	luciferin_score	15.49543	2UUY_rec	2UUY_lig	swarm_128	4.0	6.0	
lightdock	luciferin_score	14.73618	2UUY_rec	2UUY_lig	swarm_128	5.0	1.0	
lightdock	luciferin_score	14.68504	2UUY_rec	2UUY_lig	swarm_128	6.0	2.0	
lightdock	luciferin_score	14.51119	2UUY_rec	2UUY_lig	swarm_128	7.0	6.0	
lightdock	luciferin_score	14.47331	2UUY_rec	2UUY_lig	swarm_128	8.0	3.0	
lightdock	luciferin_score	14.41614	2UUY_rec	2UUY_lig	swarm_128	9.0	1.0	
lightdock	luciferin_score	13.65376	2UUY_rec	2UUY_lig	swarm_128	10.0	6.0	
lightdock	luciferin_score	13.05768	2UUY_rec	2UUY_lig	swarm_128	11.0	9.0	
lightdock	luciferin_score	12.88273	2UUY_rec	2UUY_lig	swarm_128	12.0	6.0	
lightdock	luciferin_score	12.81184	2UUY_rec	2UUY_lig	swarm_128	13.0	1.0	
lightdock	luciferin_score	12.64571	2UUY_rec	2UUY_lig	swarm_128	14.0	3.0	
lightdock	luciferin_score	12.38196	2UUY_rec	2UUY_lig	swarm_128	15.0	1.0	
lightdock	luciferin_score	12.35003	2UUY_rec	2UUY_lig	swarm_128	16.0	4.0	
lightdock	luciferin_score	11.97564	2UUY_rec	2UUY_lig	swarm_128	17.0	6.0	
lightdock	luciferin_score	11.94437	2UUY_rec	2UUY_lig	swarm_128	18.0	3.0	
lightdock	luciferin_score	11.38503	2UUY_rec	2UUY_lig	swarm_128	19.0	2.0	
lightdock	luciferin_score	11.24299	2UUY_rec	2UUY_lig	swarm_128	20.0	1.0	
lightdock	luciferin_score	11.1162	2UUY_rec	2UUY_lig	swarm_128	21.0	1.0	
lightdock	luciferin_score	10.62795	2UUY_rec	2UUY_lig	swarm_128	22.0	2.0	
lightdock	luciferin_score	9.63597	2UUY_rec	2UUY_lig	swarm_128	23.0	5.0	
lightdock	luciferin_score	9.30273	2UUY_rec	2UUY_lig	swarm_128	24.0	2.0	
lightdock	luciferin_score	8.8903	2UUY_rec	2UUY_lig	swarm_128	25.0	5.0	
lightdock	luciferin_score	8.62559	2UUY_rec	2UUY_lig	swarm_128	26.0	2.0	
lightdock	luciferin_score	8.39694	2UUY_rec	2UUY_lig	swarm_128	27.0	2.0	
lightdock	luciferin_score	8.30226	2UUY_rec	2UUY_lig	swarm_128	28.0	2.0	
lightdock	luciferin_score	6.20836	2UUY_rec	2UUY_lig	swarm_128	29.0	2.0	
lightdock	luciferin_score	6.07829	2UUY_rec	2UUY_lig	swarm_128	30.0	8.0	
lightdock	luciferin_score	5.71627	2UUY_rec	2UUY_lig	swarm_128	31.0	1.0	
lightdock	luciferin_score	5.6198	2UUY_rec	2UUY_lig	swarm_128	32.0	8.0	
lightdock	luciferin_score	5.50207	2UUY_rec	2UUY_lig	swarm_128	33.0	1.0	
lightdock	luciferin_score	4.65492	2UUY_rec	2UUY_lig	swarm_128	34.0	1.0	
lightdock	luciferin_score	4.59518	2UUY_rec	2UUY_lig	swarm_128	35.0	3.0	
lightdock	luciferin_score	4.52002	2UUY_rec	2UUY_lig	swarm_128	36.0	2.0	
lightdock	luciferin_score	4.48169	2UUY_rec	2UUY_lig	swarm_128	37.0	6.0	
lightdock	luciferin_score	4.43607	2UUY_rec	2UUY_lig	swarm_128	38.0	1.0	
lightdock	luciferin_score	3.77401	2UUY_rec	2UUY_lig	swarm_128	39.0	1.0	
lightdock	luciferin_score	3.26222	2UUY_rec	2UUY_lig	swarm_128	40.0	2.0	
lightdock	luciferin_score	0.24577	2UUY_rec	2UUY_lig	swarm_128	41.0	1.0	
lightdock	luciferin_score	-1.36376	2UUY_rec	2UUY_lig	swarm_128	42.0	5.0	
lightdock	luciferin_score	-2.31198	2UUY_rec	2UUY_lig	swarm_128	43.0	1.0	
lightdock	luciferin_score	-2.53791	2UUY_rec	2UUY_lig	swarm_128	44.0	1.0	
lightdock	luciferin_score	-8.16303	2UUY_rec	2UUY_lig	swarm_128	45.0	4.0	
lightdock	luciferin_score	-11.07149	2UUY_rec	2UUY_lig	swarm_128	46.0	1.0	
lightdock	luciferin_score	-14.41841	2UUY_rec	2UUY_lig	swarm_128	47.0	12.0	
lightdock	luciferin_score	-15.15647	2UUY_rec	2UUY_lig	swarm_128	48.0	2.0	
lightdock	luciferin_score	-16.17367	2UUY_rec	2UUY_lig	swarm_128	49.0	2.0	
lightdock	luciferin_score	-18.20631	2UUY_rec	2UUY_lig	swarm_128	50.0	1.0	
lightdock	luciferin_score	-18.37778	2UUY_rec	2UUY_lig	swarm_128	51.0	5.0	
lightdock	luciferin_score	-19.28646	2UUY_rec	2UUY_lig	swarm_128	52.0	1.0	
lightdock	luciferin_score	-20.29903	2UUY_rec	2UUY_lig	swarm_128	53.0	1.0	
lightdock	luciferin_score	-22.67525	2UUY_rec	2UUY_lig	swarm_128	54.0	2.0	
lightdock	luciferin_score	-23.7731	2UUY_rec	2UUY_lig	swarm_128	55.0	1.0	
lightdock	luciferin_score	-29.64452	2UUY_rec	2UUY_lig	swarm_128	56.0	4.0	
lightdock	luciferin_score	-32.53171	2UUY_rec	2UUY_lig	swarm_128	57.0	1.0	
lightdock	luciferin_score	-34.42046	2UUY_rec	2UUY_lig	swarm_128	58.0	7.0	
lightdock	luciferin_score	-34.95274	2UUY_rec	2UUY_lig	swarm_128	59.0	1.0	
lightdock	luciferin_score	-39.28482	2UUY_rec	2UUY_lig	swarm_128	60.0	1.0	
lightdock	luciferin_score	-44.11368	2UUY_rec	2UUY_lig	swarm_128	61.0	1.0	
lightdock	luciferin_score	-45.25551	2UUY_rec	2UUY_lig	swarm_128	62.0	1.0	
lightdock	luciferin_score	-47.41665	2UUY_rec	2UUY_lig	swarm_128	63.0	2.0	
lightdock	luciferin_score	-51.26736	2UUY_rec	2UUY_lig	swarm_128	64.0	1.0	
lightdock	luciferin_score	-60.4656	2UUY_rec	2UUY_lig	swarm_128	65.0	5.0	
lightdock	luciferin_score	20.24278	2UUY_rec	2UUY_lig	swarm_129	0.0	3.0	
lightdock	luciferin_score	16.68488	2UUY_rec	2UUY_lig	swarm_129	1.0	12.0	
lightdock	luciferin_score	14.68116	2UUY_rec	2UUY_lig	swarm_129	2.0	2.0	
lightdock	luciferin_score	14.32729	2UUY_rec	2UUY_lig	swarm_129	3.0	12.0	
lightdock	luciferin_score	14.01623	2UUY_rec	2UUY_lig	swarm_129	4.0	3.0	
lightdock	luciferin_score	13.63252	2UUY_rec	2UUY_lig	swarm_129	5.0	3.0	
lightdock	luciferin_score	13.23028	2UUY_rec	2UUY_lig	swarm_129	6.0	8.0	
lightdock	luciferin_score	12.85991	2UUY_rec	2UUY_lig	swarm_129	7.0	1.0	
lightdock	luciferin_score	12.62483	2UUY_rec	2UUY_lig	swarm_129	8.0	1.0	
lightdock	luciferin_score	11.93704	2UUY_rec	2UUY_lig	swarm_129	9.0	5.0	
lightdock	luciferin_score	11.87135	2UUY_rec	2UUY_lig	swarm_129	10.0	9.0	
lightdock	luciferin_score	11.15452	2UUY_rec	2UUY_lig	swarm_129	11.0	5.0	
lightdock	luciferin_score	10.8529	2UUY_rec	2UUY_lig	swarm_129	12.0	11.0	
lightdock	luciferin_score	10.82055	2UUY_rec	2UUY_lig	swarm_129	13.0	1.0	
lightdock	luciferin_score	10.67913	2UUY_rec	2UUY_lig	swarm_129	14.0	5.0	
lightdock	luciferin_score	10.53533	2UUY_rec	2UUY_lig	swarm_129	15.0	1.0	
lightdock	luciferin_score	9.90245	2UUY_rec	2UUY_lig	swarm_129	16.0	4.0	
lightdock	luciferin_score	9.84425	2UUY_rec	2UUY_lig	swarm_129	17.0	4.0	
lightdock	luciferin_score	9.51582	2UUY_rec	2UUY_lig	swarm_129	18.0	7.0	
lightdock	luciferin_score	9.51309	2UUY_rec	2UUY_lig	swarm_129	19.0	4.0	
lightdock	luciferin_score	9.50529	2UUY_rec	2UUY_lig	swarm_129	20.0	1.0	
lightdock	luciferin_score	9.07932	2UUY_rec	2UUY_lig	swarm_129	21.0	1.0	
lightdock	luciferin_score	7.9089	2UUY_rec	2UUY_lig	swarm_129	22.0	1.0	
lightdock	luciferin_score	7.29481	2UUY_rec	2UUY_lig	swarm_129	23.0	1.0	
lightdock	luciferin_score	6.30443	2UUY_rec	2UUY_lig	swarm_129	24.0	1.0	
lightdock	luciferin_score	5.72783	2UUY_rec	2UUY_lig	swarm_129	25.0	7.0	
lightdock	luciferin_score	5.69789	2UUY_rec	2UUY_lig	swarm_129	26.0	2.0	
lightdock	luciferin_score	4.86232	2UUY_rec	2UUY_lig	swarm_129	27.0	5.0	
lightdock	luciferin_score	4.82298	2UUY_rec	2UUY_lig	swarm_129	28.0	1.0	
lightdock	luciferin_score	4.45011	2UUY_rec	2UUY_lig	swarm_129	29.0	1.0	
lightdock	luciferin_score	3.96252	2UUY_rec	2UUY_lig	swarm_129	30.0	3.0	
lightdock	luciferin_score	3.72801	2UUY_rec	2UUY_lig	swarm_129	31.0	1.0	
lightdock	luciferin_score	0.89206	2UUY_rec	2UUY_lig	swarm_129	32.0	15.0	
lightdock	luciferin_score	0.49962	2UUY_rec	2UUY_lig	swarm_129	33.0	3.0	
lightdock	luciferin_score	-0.67298	2UUY_rec	2UUY_lig	swarm_129	34.0	3.0	
lightdock	luciferin_score	-0.9619	2UUY_rec	2UUY_lig	swarm_129	35.0	1.0	
lightdock	luciferin_score	-1.60559	2UUY_rec	2UUY_lig	swarm_129	36.0	4.0	
lightdock	luciferin_score	-2.12791	2UUY_rec	2UUY_lig	swarm_129	37.0	1.0	
lightdock	luciferin_score	-2.49849	2UUY_rec	2UUY_lig	swarm_129	38.0	5.0	
lightdock	luciferin_score	-3.94981	2UUY_rec	2UUY_lig	swarm_129	39.0	1.0	
lightdock	luciferin_score	-4.21482	2UUY_rec	2UUY_lig	swarm_129	40.0	1.0	
lightdock	luciferin_score	-7.96979	2UUY_rec	2UUY_lig	swarm_129	41.0	6.0	
lightdock	luciferin_score	-8.04461	2UUY_rec	2UUY_lig	swarm_129	42.0	1.0	
lightdock	luciferin_score	-8.84887	2UUY_rec	2UUY_lig	swarm_129	43.0	1.0	
lightdock	luciferin_score	-8.97982	2UUY_rec	2UUY_lig	swarm_129	44.0	1.0	
lightdock	luciferin_score	-10.15892	2UUY_rec	2UUY_lig	swarm_129	45.0	6.0	
lightdock	luciferin_score	-10.24456	2UUY_rec	2UUY_lig	swarm_129	46.0	1.0	
lightdock	luciferin_score	-10.56417	2UUY_rec	2UUY_lig	swarm_129	47.0	3.0	
lightdock	luciferin_score	-13.19282	2UUY_rec	2UUY_lig	swarm_129	48.0	1.0	
lightdock	luciferin_score	-13.27166	2UUY_rec	2UUY_lig	swarm_129	49.0	1.0	
lightdock	luciferin_score	-15.21801	2UUY_rec	2UUY_lig	swarm_129	50.0	2.0	
lightdock	luciferin_score	-16.30385	2UUY_rec	2UUY_lig	swarm_129	51.0	2.0	
lightdock	luciferin_score	-16.69268	2UUY_rec	2UUY_lig	swarm_129	52.0	1.0	
lightdock	luciferin_score	-24.95888	2UUY_rec	2UUY_lig	swarm_129	53.0	1.0	
lightdock	luciferin_score	-27.42787	2UUY_rec	2UUY_lig	swarm_129	54.0	4.0	
lightdock	luciferin_score	-42.8982	2UUY_rec	2UUY_lig	swarm_129	55.0	1.0	
lightdock	luciferin_score	-44.40226	2UUY_rec	2UUY_lig	swarm_129	56.0	4.0	
lightdock	luciferin_score	-54.69412	2UUY_rec	2UUY_lig	swarm_129	57.0	1.0	
lightdock	luciferin_score	-58.86156	2UUY_rec	2UUY_lig	swarm_129	58.0	2.0	
lightdock	luciferin_score	-77.44735	2UUY_rec	2UUY_lig	swarm_129	59.0	1.0	
lightdock	luciferin_score	15.5119	2UUY_rec	2UUY_lig	swarm_13	0.0	6.0	
lightdock	luciferin_score	14.06845	2UUY_rec	2UUY_lig	swarm_13	1.0	3.0	
lightdock	luciferin_score	12.50207	2UUY_rec	2UUY_lig	swarm_13	2.0	6.0	
lightdock	luciferin_score	12.06833	2UUY_rec	2UUY_lig	swarm_13	3.0	7.0	
lightdock	luciferin_score	12.03185	2UUY_rec	2UUY_lig	swarm_13	4.0	7.0	
lightdock	luciferin_score	11.81597	2UUY_rec	2UUY_lig	swarm_13	5.0	5.0	
lightdock	luciferin_score	11.71468	2UUY_rec	2UUY_lig	swarm_13	6.0	8.0	
lightdock	luciferin_score	11.63726	2UUY_rec	2UUY_lig	swarm_13	7.0	1.0	
lightdock	luciferin_score	11.61256	2UUY_rec	2UUY_lig	swarm_13	8.0	3.0	
lightdock	luciferin_score	11.28117	2UUY_rec	2UUY_lig	swarm_13	9.0	8.0	
lightdock	luciferin_score	10.71939	2UUY_rec	2UUY_lig	swarm_13	10.0	10.0	
lightdock	luciferin_score	10.65957	2UUY_rec	2UUY_lig	swarm_13	11.0	2.0	
lightdock	luciferin_score	10.57482	2UUY_rec	2UUY_lig	swarm_13	12.0	2.0	
lightdock	luciferin_score	10.5422	2UUY_rec	2UUY_lig	swarm_13	13.0	4.0	
lightdock	luciferin_score	10.30922	2UUY_rec	2UUY_lig	swarm_13	14.0	3.0	
lightdock	luciferin_score	10.18893	2UUY_rec	2UUY_lig	swarm_13	15.0	7.0	
lightdock	luciferin_score	10.08793	2UUY_rec	2UUY_lig	swarm_13	16.0	2.0	
lightdock	luciferin_score	10.01682	2UUY_rec	2UUY_lig	swarm_13	17.0	3.0	
lightdock	luciferin_score	9.33715	2UUY_rec	2UUY_lig	swarm_13	18.0	5.0	
lightdock	luciferin_score	9.30936	2UUY_rec	2UUY_lig	swarm_13	19.0	4.0	
lightdock	luciferin_score	9.30222	2UUY_rec	2UUY_lig	swarm_13	20.0	7.0	
lightdock	luciferin_score	8.82249	2UUY_rec	2UUY_lig	swarm_13	21.0	5.0	
lightdock	luciferin_score	8.70335	2UUY_rec	2UUY_lig	swarm_13	22.0	2.0	
lightdock	luciferin_score	8.64061	2UUY_rec	2UUY_lig	swarm_13	23.0	2.0	
lightdock	luciferin_score	8.58621	2UUY_rec	2UUY_lig	swarm_13	24.0	5.0	
lightdock	luciferin_score	8.53914	2UUY_rec	2UUY_lig	swarm_13	25.0	4.0	
lightdock	luciferin_score	8.28107	2UUY_rec	2UUY_lig	swarm_13	26.0	1.0	
lightdock	luciferin_score	8.25049	2UUY_rec	2UUY_lig	swarm_13	27.0	1.0	
lightdock	luciferin_score	8.16335	2UUY_rec	2UUY_lig	swarm_13	28.0	4.0	
lightdock	luciferin_score	7.96624	2UUY_rec	2UUY_lig	swarm_13	29.0	3.0	
lightdock	luciferin_score	7.94157	2UUY_rec	2UUY_lig	swarm_13	30.0	2.0	
lightdock	luciferin_score	7.75665	2UUY_rec	2UUY_lig	swarm_13	31.0	1.0	
lightdock	luciferin_score	7.48847	2UUY_rec	2UUY_lig	swarm_13	32.0	1.0	
lightdock	luciferin_score	7.4881	2UUY_rec	2UUY_lig	swarm_13	33.0	3.0	
lightdock	luciferin_score	7.42311	2UUY_rec	2UUY_lig	swarm_13	34.0	1.0	
lightdock	luciferin_score	7.36159	2UUY_rec	2UUY_lig	swarm_13	35.0	2.0	
lightdock	luciferin_score	7.30322	2UUY_rec	2UUY_lig	swarm_13	36.0	1.0	
lightdock	luciferin_score	7.24326	2UUY_rec	2UUY_lig	swarm_13	37.0	1.0	
lightdock	luciferin_score	7.23726	2UUY_rec	2UUY_lig	swarm_13	38.0	3.0	
lightdock	luciferin_score	7.20694	2UUY_rec	2UUY_lig	swarm_13	39.0	5.0	
lightdock	luciferin_score	7.14674	2UUY_rec	2UUY_lig	swarm_13	40.0	4.0	
lightdock	luciferin_score	7.0807	2UUY_rec	2UUY_lig	swarm_13	41.0	2.0	
lightdock	luciferin_score	6.98371	2UUY_rec	2UUY_lig	swarm_13	42.0	1.0	
lightdock	luciferin_score	6.89481	2UUY_rec	2UUY_lig	swarm_13	43.0	1.0	
lightdock	luciferin_score	6.87053	2UUY_rec	2UUY_lig	swarm_13	44.0	2.0	
lightdock	luciferin_score	6.8289	2UUY_rec	2UUY_lig	swarm_13	45.0	2.0	
lightdock	luciferin_score	6.67398	2UUY_rec	2UUY_lig	swarm_13	46.0	1.0	
lightdock	luciferin_score	6.64091	2UUY_rec	2UUY_lig	swarm_13	47.0	1.0	
lightdock	luciferin_score	6.56913	2UUY_rec	2UUY_lig	swarm_13	48.0	1.0	
lightdock	luciferin_score	6.44209	2UUY_rec	2UUY_lig	swarm_13	49.0	2.0	
lightdock	luciferin_score	5.49697	2UUY_rec	2UUY_lig	swarm_13	50.0	1.0	
lightdock	luciferin_score	5.09619	2UUY_rec	2UUY_lig	swarm_13	51.0	1.0	
lightdock	luciferin_score	4.20503	2UUY_rec	2UUY_lig	swarm_13	52.0	1.0	
lightdock	luciferin_score	3.14269	2UUY_rec	2UUY_lig	swarm_13	53.0	5.0	
lightdock	luciferin_score	0.45919	2UUY_rec	2UUY_lig	swarm_13	54.0	1.0	
lightdock	luciferin_score	-0.70951	2UUY_rec	2UUY_lig	swarm_13	55.0	1.0	
lightdock	luciferin_score	-2.76167	2UUY_rec	2UUY_lig	swarm_13	56.0	2.0	
lightdock	luciferin_score	-5.06945	2UUY_rec	2UUY_lig	swarm_13	57.0	5.0	
lightdock	luciferin_score	-5.35793	2UUY_rec	2UUY_lig	swarm_13	58.0	1.0	
lightdock	luciferin_score	-5.79824	2UUY_rec	2UUY_lig	swarm_13	59.0	1.0	
lightdock	luciferin_score	-6.00714	2UUY_rec	2UUY_lig	swarm_13	60.0	1.0	
lightdock	luciferin_score	-9.56998	2UUY_rec	2UUY_lig	swarm_13	61.0	1.0	
lightdock	luciferin_score	-13.70967	2UUY_rec	2UUY_lig	swarm_13	62.0	5.0	
lightdock	luciferin_score	-15.3718	2UUY_rec	2UUY_lig	swarm_13	63.0	2.0	
lightdock	luciferin_score	-28.62713	2UUY_rec	2UUY_lig	swarm_13	64.0	1.0	
lightdock	luciferin_score	-30.51274	2UUY_rec	2UUY_lig	swarm_13	65.0	1.0	
lightdock	luciferin_score	-36.45734	2UUY_rec	2UUY_lig	swarm_13	66.0	2.0	
lightdock	luciferin_score	-37.17239	2UUY_rec	2UUY_lig	swarm_13	67.0	1.0	
lightdock	luciferin_score	13.30102	2UUY_rec	2UUY_lig	swarm_130	0.0	3.0	
lightdock	luciferin_score	12.83872	2UUY_rec	2UUY_lig	swarm_130	1.0	7.0	
lightdock	luciferin_score	11.49555	2UUY_rec	2UUY_lig	swarm_130	2.0	3.0	
lightdock	luciferin_score	11.44937	2UUY_rec	2UUY_lig	swarm_130	3.0	7.0	
lightdock	luciferin_score	11.34919	2UUY_rec	2UUY_lig	swarm_130	4.0	1.0	
lightdock	luciferin_score	10.40254	2UUY_rec	2UUY_lig	swarm_130	5.0	4.0	
lightdock	luciferin_score	10.05392	2UUY_rec	2UUY_lig	swarm_130	6.0	5.0	
lightdock	luciferin_score	9.99331	2UUY_rec	2UUY_lig	swarm_130	7.0	9.0	
lightdock	luciferin_score	9.85711	2UUY_rec	2UUY_lig	swarm_130	8.0	4.0	
lightdock	luciferin_score	9.83365	2UUY_rec	2UUY_lig	swarm_130	9.0	7.0	
lightdock	luciferin_score	9.58691	2UUY_rec	2UUY_lig	swarm_130	10.0	2.0	
lightdock	luciferin_score	9.57991	2UUY_rec	2UUY_lig	swarm_130	11.0	5.0	
lightdock	luciferin_score	9.46935	2UUY_rec	2UUY_lig	swarm_130	12.0	2.0	
lightdock	luciferin_score	8.61044	2UUY_rec	2UUY_lig	swarm_130	13.0	7.0	
lightdock	luciferin_score	8.55609	2UUY_rec	2UUY_lig	swarm_130	14.0	11.0	
lightdock	luciferin_score	8.09706	2UUY_rec	2UUY_lig	swarm_130	15.0	7.0	
lightdock	luciferin_score	8.0432	2UUY_rec	2UUY_lig	swarm_130	16.0	3.0	
lightdock	luciferin_score	7.92195	2UUY_rec	2UUY_lig	swarm_130	17.0	2.0	
lightdock	luciferin_score	7.7689	2UUY_rec	2UUY_lig	swarm_130	18.0	4.0	
lightdock	luciferin_score	7.70959	2UUY_rec	2UUY_lig	swarm_130	19.0	7.0	
lightdock	luciferin_score	7.7047	2UUY_rec	2UUY_lig	swarm_130	20.0	3.0	
lightdock	luciferin_score	7.64704	2UUY_rec	2UUY_lig	swarm_130	21.0	5.0	
lightdock	luciferin_score	7.49979	2UUY_rec	2UUY_lig	swarm_130	22.0	1.0	
lightdock	luciferin_score	7.4883	2UUY_rec	2UUY_lig	swarm_130	23.0	1.0	
lightdock	luciferin_score	7.40717	2UUY_rec	2UUY_lig	swarm_130	24.0	3.0	
lightdock	luciferin_score	7.35359	2UUY_rec	2UUY_lig	swarm_130	25.0	5.0	
lightdock	luciferin_score	7.14289	2UUY_rec	2UUY_lig	swarm_130	26.0	1.0	
lightdock	luciferin_score	7.12603	2UUY_rec	2UUY_lig	swarm_130	27.0	2.0	
lightdock	luciferin_score	6.90396	2UUY_rec	2UUY_lig	swarm_130	28.0	6.0	
lightdock	luciferin_score	6.88349	2UUY_rec	2UUY_lig	swarm_130	29.0	6.0	
lightdock	luciferin_score	6.8248	2UUY_rec	2UUY_lig	swarm_130	30.0	1.0	
lightdock	luciferin_score	6.8091	2UUY_rec	2UUY_lig	swarm_130	31.0	1.0	
lightdock	luciferin_score	6.78413	2UUY_rec	2UUY_lig	swarm_130	32.0	1.0	
lightdock	luciferin_score	6.7406	2UUY_rec	2UUY_lig	swarm_130	33.0	4.0	
lightdock	luciferin_score	6.71051	2UUY_rec	2UUY_lig	swarm_130	34.0	1.0	
lightdock	luciferin_score	6.68056	2UUY_rec	2UUY_lig	swarm_130	35.0	2.0	
lightdock	luciferin_score	6.67341	2UUY_rec	2UUY_lig	swarm_130	36.0	3.0	
lightdock	luciferin_score	6.66392	2UUY_rec	2UUY_lig	swarm_130	37.0	5.0	
lightdock	luciferin_score	6.45441	2UUY_rec	2UUY_lig	swarm_130	38.0	2.0	
lightdock	luciferin_score	6.3027	2UUY_rec	2UUY_lig	swarm_130	39.0	7.0	
lightdock	luciferin_score	6.27488	2UUY_rec	2UUY_lig	swarm_130	40.0	1.0	
lightdock	luciferin_score	6.23017	2UUY_rec	2UUY_lig	swarm_130	41.0	2.0	
lightdock	luciferin_score	6.18173	2UUY_rec	2UUY_lig	swarm_130	42.0	2.0	
lightdock	luciferin_score	6.16232	2UUY_rec	2UUY_lig	swarm_130	43.0	1.0	
lightdock	luciferin_score	6.10484	2UUY_rec	2UUY_lig	swarm_130	44.0	4.0	
lightdock	luciferin_score	6.07883	2UUY_rec	2UUY_lig	swarm_130	45.0	1.0	
lightdock	luciferin_score	5.93475	2UUY_rec	2UUY_lig	swarm_130	46.0	1.0	
lightdock	luciferin_score	5.92044	2UUY_rec	2UUY_lig	swarm_130	47.0	1.0	
lightdock	luciferin_score	5.66613	2UUY_rec	2UUY_lig	swarm_130	48.0	1.0	
lightdock	luciferin_score	5.59552	2UUY_rec	2UUY_lig	swarm_130	49.0	2.0	
lightdock	luciferin_score	5.59407	2UUY_rec	2UUY_lig	swarm_130	50.0	1.0	
lightdock	luciferin_score	4.93113	2UUY_rec	2UUY_lig	swarm_130	51.0	1.0	
lightdock	luciferin_score	4.111	2UUY_rec	2UUY_lig	swarm_130	52.0	1.0	
lightdock	luciferin_score	3.05972	2UUY_rec	2UUY_lig	swarm_130	53.0	1.0	
lightdock	luciferin_score	2.86882	2UUY_rec	2UUY_lig	swarm_130	54.0	1.0	
lightdock	luciferin_score	2.67832	2UUY_rec	2UUY_lig	swarm_130	55.0	2.0	
lightdock	luciferin_score	2.67421	2UUY_rec	2UUY_lig	swarm_130	56.0	1.0	
lightdock	luciferin_score	-0.5875	2UUY_rec	2UUY_lig	swarm_130	57.0	1.0	
lightdock	luciferin_score	-3.53143	2UUY_rec	2UUY_lig	swarm_130	58.0	1.0	
lightdock	luciferin_score	-4.05078	2UUY_rec	2UUY_lig	swarm_130	59.0	2.0	
lightdock	luciferin_score	-5.9812	2UUY_rec	2UUY_lig	swarm_130	60.0	4.0	
lightdock	luciferin_score	-10.56961	2UUY_rec	2UUY_lig	swarm_130	61.0	1.0	
lightdock	luciferin_score	-12.00339	2UUY_rec	2UUY_lig	swarm_130	62.0	1.0	
lightdock	luciferin_score	-14.27201	2UUY_rec	2UUY_lig	swarm_130	63.0	1.0	
lightdock	luciferin_score	-17.88142	2UUY_rec	2UUY_lig	swarm_130	64.0	2.0	
lightdock	luciferin_score	-23.39704	2UUY_rec	2UUY_lig	swarm_130	65.0	1.0	
lightdock	luciferin_score	-24.05648	2UUY_rec	2UUY_lig	swarm_130	66.0	1.0	
lightdock	luciferin_score	-31.0839	2UUY_rec	2UUY_lig	swarm_130	67.0	1.0	
lightdock	luciferin_score	15.8716	2UUY_rec	2UUY_lig	swarm_131	0.0	7.0	
lightdock	luciferin_score	15.5624	2UUY_rec	2UUY_lig	swarm_131	1.0	2.0	
lightdock	luciferin_score	15.53363	2UUY_rec	2UUY_lig	swarm_131	2.0	8.0	
lightdock	luciferin_score	15.4315	2UUY_rec	2UUY_lig	swarm_131	3.0	2.0	
lightdock	luciferin_score	11.9394	2UUY_rec	2UUY_lig	swarm_131	4.0	11.0	
lightdock	luciferin_score	11.91648	2UUY_rec	2UUY_lig	swarm_131	5.0	8.0	
lightdock	luciferin_score	11.31136	2UUY_rec	2UUY_lig	swarm_131	6.0	3.0	
lightdock	luciferin_score	10.93302	2UUY_rec	2UUY_lig	swarm_131	7.0	1.0	
lightdock	luciferin_score	10.84566	2UUY_rec	2UUY_lig	swarm_131	8.0	4.0	
lightdock	luciferin_score	10.8222	2UUY_rec	2UUY_lig	swarm_131	9.0	1.0	
lightdock	luciferin_score	10.55886	2UUY_rec	2UUY_lig	swarm_131	10.0	2.0	
lightdock	luciferin_score	10.54417	2UUY_rec	2UUY_lig	swarm_131	11.0	2.0	
lightdock	luciferin_score	10.28421	2UUY_rec	2UUY_lig	swarm_131	12.0	4.0	
lightdock	luciferin_score	10.19472	2UUY_rec	2UUY_lig	swarm_131	13.0	3.0	
lightdock	luciferin_score	9.86443	2UUY_rec	2UUY_lig	swarm_131	14.0	3.0	
lightdock	luciferin_score	9.73929	2UUY_rec	2UUY_lig	swarm_131	15.0	8.0	
lightdock	luciferin_score	9.0725	2UUY_rec	2UUY_lig	swarm_131	16.0	2.0	
lightdock	luciferin_score	8.60639	2UUY_rec	2UUY_lig	swarm_131	17.0	1.0	
lightdock	luciferin_score	8.52189	2UUY_rec	2UUY_lig	swarm_131	18.0	4.0	
lightdock	luciferin_score	8.4673	2UUY_rec	2UUY_lig	swarm_131	19.0	6.0	
lightdock	luciferin_score	8.43215	2UUY_rec	2UUY_lig	swarm_131	20.0	1.0	
lightdock	luciferin_score	8.36932	2UUY_rec	2UUY_lig	swarm_131	21.0	6.0	
lightdock	luciferin_score	8.34558	2UUY_rec	2UUY_lig	swarm_131	22.0	6.0	
lightdock	luciferin_score	8.33069	2UUY_rec	2UUY_lig	swarm_131	23.0	4.0	
lightdock	luciferin_score	8.17955	2UUY_rec	2UUY_lig	swarm_131	24.0	4.0	
lightdock	luciferin_score	7.98575	2UUY_rec	2UUY_lig	swarm_131	25.0	5.0	
lightdock	luciferin_score	7.95153	2UUY_rec	2UUY_lig	swarm_131	26.0	5.0	
lightdock	luciferin_score	7.94758	2UUY_rec	2UUY_lig	swarm_131	27.0	1.0	
lightdock	luciferin_score	7.67145	2UUY_rec	2UUY_lig	swarm_131	28.0	6.0	
lightdock	luciferin_score	7.6686	2UUY_rec	2UUY_lig	swarm_131	29.0	3.0	
lightdock	luciferin_score	7.51445	2UUY_rec	2UUY_lig	swarm_131	30.0	8.0	
lightdock	luciferin_score	7.45385	2UUY_rec	2UUY_lig	swarm_131	31.0	1.0	
lightdock	luciferin_score	7.31062	2UUY_rec	2UUY_lig	swarm_131	32.0	3.0	
lightdock	luciferin_score	7.00979	2UUY_rec	2UUY_lig	swarm_131	33.0	4.0	
lightdock	luciferin_score	6.86488	2UUY_rec	2UUY_lig	swarm_131	34.0	2.0	
lightdock	luciferin_score	6.69975	2UUY_rec	2UUY_lig	swarm_131	35.0	9.0	
lightdock	luciferin_score	6.68494	2UUY_rec	2UUY_lig	swarm_131	36.0	2.0	
lightdock	luciferin_score	6.67837	2UUY_rec	2UUY_lig	swarm_131	37.0	2.0	
lightdock	luciferin_score	6.62753	2UUY_rec	2UUY_lig	swarm_131	38.0	4.0	
lightdock	luciferin_score	6.55586	2UUY_rec	2UUY_lig	swarm_131	39.0	1.0	
lightdock	luciferin_score	6.54801	2UUY_rec	2UUY_lig	swarm_131	40.0	1.0	
lightdock	luciferin_score	6.52803	2UUY_rec	2UUY_lig	swarm_131	41.0	3.0	
lightdock	luciferin_score	6.28778	2UUY_rec	2UUY_lig	swarm_131	42.0	1.0	
lightdock	luciferin_score	6.21386	2UUY_rec	2UUY_lig	swarm_131	43.0	3.0	
lightdock	luciferin_score	6.14447	2UUY_rec	2UUY_lig	swarm_131	44.0	2.0	
lightdock	luciferin_score	5.60834	2UUY_rec	2UUY_lig	swarm_131	45.0	3.0	
lightdock	luciferin_score	5.46376	2UUY_rec	2UUY_lig	swarm_131	46.0	1.0	
lightdock	luciferin_score	5.37094	2UUY_rec	2UUY_lig	swarm_131	47.0	1.0	
lightdock	luciferin_score	5.14309	2UUY_rec	2UUY_lig	swarm_131	48.0	1.0	
lightdock	luciferin_score	4.52989	2UUY_rec	2UUY_lig	swarm_131	49.0	1.0	
lightdock	luciferin_score	2.237	2UUY_rec	2UUY_lig	swarm_131	50.0	2.0	
lightdock	luciferin_score	-2.20507	2UUY_rec	2UUY_lig	swarm_131	51.0	1.0	
lightdock	luciferin_score	-6.43181	2UUY_rec	2UUY_lig	swarm_131	52.0	1.0	
lightdock	luciferin_score	-7.2893	2UUY_rec	2UUY_lig	swarm_131	53.0	1.0	
lightdock	luciferin_score	-7.88375	2UUY_rec	2UUY_lig	swarm_131	54.0	1.0	
lightdock	luciferin_score	-9.95508	2UUY_rec	2UUY_lig	swarm_131	55.0	1.0	
lightdock	luciferin_score	-10.95763	2UUY_rec	2UUY_lig	swarm_131	56.0	2.0	
lightdock	luciferin_score	-11.97344	2UUY_rec	2UUY_lig	swarm_131	57.0	5.0	
lightdock	luciferin_score	-15.39108	2UUY_rec	2UUY_lig	swarm_131	58.0	1.0	
lightdock	luciferin_score	-20.4038	2UUY_rec	2UUY_lig	swarm_131	59.0	3.0	
lightdock	luciferin_score	-20.43232	2UUY_rec	2UUY_lig	swarm_131	60.0	2.0	
lightdock	luciferin_score	-24.27887	2UUY_rec	2UUY_lig	swarm_131	61.0	3.0	
lightdock	luciferin_score	-25.3148	2UUY_rec	2UUY_lig	swarm_131	62.0	1.0	
lightdock	luciferin_score	15.01692	2UUY_rec	2UUY_lig	swarm_132	0.0	2.0	
lightdock	luciferin_score	14.8606	2UUY_rec	2UUY_lig	swarm_132	1.0	5.0	
lightdock	luciferin_score	13.70542	2UUY_rec	2UUY_lig	swarm_132	2.0	4.0	
lightdock	luciferin_score	13.18996	2UUY_rec	2UUY_lig	swarm_132	3.0	3.0	
lightdock	luciferin_score	13.07643	2UUY_rec	2UUY_lig	swarm_132	4.0	9.0	
lightdock	luciferin_score	11.84458	2UUY_rec	2UUY_lig	swarm_132	5.0	6.0	
lightdock	luciferin_score	11.66018	2UUY_rec	2UUY_lig	swarm_132	6.0	3.0	
lightdock	luciferin_score	11.17644	2UUY_rec	2UUY_lig	swarm_132	7.0	1.0	
lightdock	luciferin_score	11.14665	2UUY_rec	2UUY_lig	swarm_132	8.0	2.0	
lightdock	luciferin_score	11.03537	2UUY_rec	2UUY_lig	swarm_132	9.0	4.0	
lightdock	luciferin_score	10.2707	2UUY_rec	2UUY_lig	swarm_132	10.0	1.0	
lightdock	luciferin_score	10.24685	2UUY_rec	2UUY_lig	swarm_132	11.0	2.0	
lightdock	luciferin_score	10.06865	2UUY_rec	2UUY_lig	swarm_132	12.0	17.0	
lightdock	luciferin_score	9.82479	2UUY_rec	2UUY_lig	swarm_132	13.0	4.0	
lightdock	luciferin_score	9.54537	2UUY_rec	2UUY_lig	swarm_132	14.0	5.0	
lightdock	luciferin_score	9.48169	2UUY_rec	2UUY_lig	swarm_132	15.0	3.0	
lightdock	luciferin_score	9.39652	2UUY_rec	2UUY_lig	swarm_132	16.0	1.0	
lightdock	luciferin_score	9.38803	2UUY_rec	2UUY_lig	swarm_132	17.0	2.0	
lightdock	luciferin_score	9.34137	2UUY_rec	2UUY_lig	swarm_132	18.0	5.0	
lightdock	luciferin_score	8.88142	2UUY_rec	2UUY_lig	swarm_132	19.0	5.0	
lightdock	luciferin_score	8.67747	2UUY_rec	2UUY_lig	swarm_132	20.0	2.0	
lightdock	luciferin_score	8.34052	2UUY_rec	2UUY_lig	swarm_132	21.0	4.0	
lightdock	luciferin_score	8.13315	2UUY_rec	2UUY_lig	swarm_132	22.0	1.0	
lightdock	luciferin_score	8.1284	2UUY_rec	2UUY_lig	swarm_132	23.0	3.0	
lightdock	luciferin_score	8.08879	2UUY_rec	2UUY_lig	swarm_132	24.0	2.0	
lightdock	luciferin_score	8.04182	2UUY_rec	2UUY_lig	swarm_132	25.0	9.0	
lightdock	luciferin_score	7.77638	2UUY_rec	2UUY_lig	swarm_132	26.0	1.0	
lightdock	luciferin_score	7.60127	2UUY_rec	2UUY_lig	swarm_132	27.0	4.0	
lightdock	luciferin_score	7.55988	2UUY_rec	2UUY_lig	swarm_132	28.0	4.0	
lightdock	luciferin_score	7.50866	2UUY_rec	2UUY_lig	swarm_132	29.0	4.0	
lightdock	luciferin_score	7.42922	2UUY_rec	2UUY_lig	swarm_132	30.0	6.0	
lightdock	luciferin_score	7.36934	2UUY_rec	2UUY_lig	swarm_132	31.0	2.0	
lightdock	luciferin_score	7.36772	2UUY_rec	2UUY_lig	swarm_132	32.0	6.0	
lightdock	luciferin_score	7.28273	2UUY_rec	2UUY_lig	swarm_132	33.0	2.0	
lightdock	luciferin_score	6.9304	2UUY_rec	2UUY_lig	swarm_132	34.0	4.0	
lightdock	luciferin_score	6.85385	2UUY_rec	2UUY_lig	swarm_132	35.0	1.0	
lightdock	luciferin_score	6.85273	2UUY_rec	2UUY_lig	swarm_132	36.0	2.0	
lightdock	luciferin_score	6.7862	2UUY_rec	2UUY_lig	swarm_132	37.0	3.0	
lightdock	luciferin_score	6.47807	2UUY_rec	2UUY_lig	swarm_132	38.0	1.0	
lightdock	luciferin_score	6.45019	2UUY_rec	2UUY_lig	swarm_132	39.0	1.0	
lightdock	luciferin_score	6.14288	2UUY_rec	2UUY_lig	swarm_132	40.0	1.0	
lightdock	luciferin_score	5.95095	2UUY_rec	2UUY_lig	swarm_132	41.0	1.0	
lightdock	luciferin_score	5.81393	2UUY_rec	2UUY_lig	swarm_132	42.0	2.0	
lightdock	luciferin_score	5.75591	2UUY_rec	2UUY_lig	swarm_132	43.0	1.0	
lightdock	luciferin_score	5.28364	2UUY_rec	2UUY_lig	swarm_132	44.0	2.0	
lightdock	luciferin_score	5.26521	2UUY_rec	2UUY_lig	swarm_132	45.0	1.0	
lightdock	luciferin_score	5.14431	2UUY_rec	2UUY_lig	swarm_132	46.0	1.0	
lightdock	luciferin_score	4.52061	2UUY_rec	2UUY_lig	swarm_132	47.0	2.0	
lightdock	luciferin_score	4.48407	2UUY_rec	2UUY_lig	swarm_132	48.0	4.0	
lightdock	luciferin_score	4.45641	2UUY_rec	2UUY_lig	swarm_132	49.0	6.0	
lightdock	luciferin_score	4.45314	2UUY_rec	2UUY_lig	swarm_132	50.0	4.0	
lightdock	luciferin_score	2.94322	2UUY_rec	2UUY_lig	swarm_132	51.0	1.0	
lightdock	luciferin_score	2.57696	2UUY_rec	2UUY_lig	swarm_132	52.0	1.0	
lightdock	luciferin_score	1.91079	2UUY_rec	2UUY_lig	swarm_132	53.0	1.0	
lightdock	luciferin_score	1.5673	2UUY_rec	2UUY_lig	swarm_132	54.0	1.0	
lightdock	luciferin_score	1.42452	2UUY_rec	2UUY_lig	swarm_132	55.0	1.0	
lightdock	luciferin_score	0.85085	2UUY_rec	2UUY_lig	swarm_132	56.0	1.0	
lightdock	luciferin_score	0.52244	2UUY_rec	2UUY_lig	swarm_132	57.0	1.0	
lightdock	luciferin_score	0.16514	2UUY_rec	2UUY_lig	swarm_132	58.0	2.0	
lightdock	luciferin_score	-1.63643	2UUY_rec	2UUY_lig	swarm_132	59.0	3.0	
lightdock	luciferin_score	-1.6415	2UUY_rec	2UUY_lig	swarm_132	60.0	1.0	
lightdock	luciferin_score	-3.57441	2UUY_rec	2UUY_lig	swarm_132	61.0	2.0	
lightdock	luciferin_score	-3.64168	2UUY_rec	2UUY_lig	swarm_132	62.0	3.0	
lightdock	luciferin_score	-3.85316	2UUY_rec	2UUY_lig	swarm_132	63.0	1.0	
lightdock	luciferin_score	-5.26278	2UUY_rec	2UUY_lig	swarm_132	64.0	1.0	
lightdock	luciferin_score	-6.05838	2UUY_rec	2UUY_lig	swarm_132	65.0	1.0	
lightdock	luciferin_score	-7.14971	2UUY_rec	2UUY_lig	swarm_132	66.0	1.0	
lightdock	luciferin_score	-11.32321	2UUY_rec	2UUY_lig	swarm_132	67.0	2.0	
lightdock	luciferin_score	-12.55419	2UUY_rec	2UUY_lig	swarm_132	68.0	1.0	
lightdock	luciferin_score	-15.85239	2UUY_rec	2UUY_lig	swarm_132	69.0	1.0	
lightdock	luciferin_score	-17.89775	2UUY_rec	2UUY_lig	swarm_132	70.0	1.0	
lightdock	luciferin_score	-20.94632	2UUY_rec	2UUY_lig	swarm_132	71.0	1.0	
lightdock	luciferin_score	-32.93481	2UUY_rec	2UUY_lig	swarm_132	72.0	1.0	
lightdock	luciferin_score	14.98517	2UUY_rec	2UUY_lig	swarm_133	0.0	9.0	
lightdock	luciferin_score	14.01263	2UUY_rec	2UUY_lig	swarm_133	1.0	2.0	
lightdock	luciferin_score	13.39147	2UUY_rec	2UUY_lig	swarm_133	2.0	13.0	
lightdock	luciferin_score	13.23519	2UUY_rec	2UUY_lig	swarm_133	3.0	13.0	
lightdock	luciferin_score	13.0238	2UUY_rec	2UUY_lig	swarm_133	4.0	2.0	
lightdock	luciferin_score	12.78217	2UUY_rec	2UUY_lig	swarm_133	5.0	5.0	
lightdock	luciferin_score	12.60133	2UUY_rec	2UUY_lig	swarm_133	6.0	10.0	
lightdock	luciferin_score	12.59542	2UUY_rec	2UUY_lig	swarm_133	7.0	3.0	
lightdock	luciferin_score	12.04963	2UUY_rec	2UUY_lig	swarm_133	8.0	8.0	
lightdock	luciferin_score	11.58762	2UUY_rec	2UUY_lig	swarm_133	9.0	1.0	
lightdock	luciferin_score	11.58397	2UUY_rec	2UUY_lig	swarm_133	10.0	5.0	
lightdock	luciferin_score	11.14253	2UUY_rec	2UUY_lig	swarm_133	11.0	8.0	
lightdock	luciferin_score	11.02467	2UUY_rec	2UUY_lig	swarm_133	12.0	9.0	
lightdock	luciferin_score	10.37045	2UUY_rec	2UUY_lig	swarm_133	13.0	1.0	
lightdock	luciferin_score	10.35698	2UUY_rec	2UUY_lig	swarm_133	14.0	3.0	
lightdock	luciferin_score	10.31218	2UUY_rec	2UUY_lig	swarm_133	15.0	3.0	
lightdock	luciferin_score	10.28466	2UUY_rec	2UUY_lig	swarm_133	16.0	4.0	
lightdock	luciferin_score	9.6126	2UUY_rec	2UUY_lig	swarm_133	17.0	3.0	
lightdock	luciferin_score	9.52425	2UUY_rec	2UUY_lig	swarm_133	18.0	2.0	
lightdock	luciferin_score	9.44938	2UUY_rec	2UUY_lig	swarm_133	19.0	4.0	
lightdock	luciferin_score	9.32093	2UUY_rec	2UUY_lig	swarm_133	20.0	2.0	
lightdock	luciferin_score	9.09824	2UUY_rec	2UUY_lig	swarm_133	21.0	1.0	
lightdock	luciferin_score	9.05426	2UUY_rec	2UUY_lig	swarm_133	22.0	2.0	
lightdock	luciferin_score	9.00427	2UUY_rec	2UUY_lig	swarm_133	23.0	3.0	
lightdock	luciferin_score	8.66949	2UUY_rec	2UUY_lig	swarm_133	24.0	1.0	
lightdock	luciferin_score	8.61078	2UUY_rec	2UUY_lig	swarm_133	25.0	6.0	
lightdock	luciferin_score	8.48591	2UUY_rec	2UUY_lig	swarm_133	26.0	4.0	
lightdock	luciferin_score	7.87638	2UUY_rec	2UUY_lig	swarm_133	27.0	4.0	
lightdock	luciferin_score	7.74609	2UUY_rec	2UUY_lig	swarm_133	28.0	1.0	
lightdock	luciferin_score	7.43919	2UUY_rec	2UUY_lig	swarm_133	29.0	1.0	
lightdock	luciferin_score	6.73265	2UUY_rec	2UUY_lig	swarm_133	30.0	4.0	
lightdock	luciferin_score	6.49606	2UUY_rec	2UUY_lig	swarm_133	31.0	3.0	
lightdock	luciferin_score	6.44363	2UUY_rec	2UUY_lig	swarm_133	32.0	1.0	
lightdock	luciferin_score	6.23754	2UUY_rec	2UUY_lig	swarm_133	33.0	1.0	
lightdock	luciferin_score	5.97357	2UUY_rec	2UUY_lig	swarm_133	34.0	2.0	
lightdock	luciferin_score	5.59421	2UUY_rec	2UUY_lig	swarm_133	35.0	3.0	
lightdock	luciferin_score	5.43418	2UUY_rec	2UUY_lig	swarm_133	36.0	1.0	
lightdock	luciferin_score	4.81187	2UUY_rec	2UUY_lig	swarm_133	37.0	8.0	
lightdock	luciferin_score	4.26291	2UUY_rec	2UUY_lig	swarm_133	38.0	2.0	
lightdock	luciferin_score	3.80622	2UUY_rec	2UUY_lig	swarm_133	39.0	1.0	
lightdock	luciferin_score	3.24915	2UUY_rec	2UUY_lig	swarm_133	40.0	6.0	
lightdock	luciferin_score	1.16568	2UUY_rec	2UUY_lig	swarm_133	41.0	3.0	
lightdock	luciferin_score	0.68966	2UUY_rec	2UUY_lig	swarm_133	42.0	1.0	
lightdock	luciferin_score	-0.62044	2UUY_rec	2UUY_lig	swarm_133	43.0	1.0	
lightdock	luciferin_score	-0.91033	2UUY_rec	2UUY_lig	swarm_133	44.0	4.0	
lightdock	luciferin_score	-1.71714	2UUY_rec	2UUY_lig	swarm_133	45.0	1.0	
lightdock	luciferin_score	-1.76432	2UUY_rec	2UUY_lig	swarm_133	46.0	3.0	
lightdock	luciferin_score	-2.12111	2UUY_rec	2UUY_lig	swarm_133	47.0	1.0	
lightdock	luciferin_score	-5.60026	2UUY_rec	2UUY_lig	swarm_133	48.0	3.0	
lightdock	luciferin_score	-5.73285	2UUY_rec	2UUY_lig	swarm_133	49.0	2.0	
lightdock	luciferin_score	-8.87112	2UUY_rec	2UUY_lig	swarm_133	50.0	2.0	
lightdock	luciferin_score	-10.74107	2UUY_rec	2UUY_lig	swarm_133	51.0	2.0	
lightdock	luciferin_score	-11.15492	2UUY_rec	2UUY_lig	swarm_133	52.0	3.0	
lightdock	luciferin_score	-13.47966	2UUY_rec	2UUY_lig	swarm_133	53.0	1.0	
lightdock	luciferin_score	-15.86663	2UUY_rec	2UUY_lig	swarm_133	54.0	2.0	
lightdock	luciferin_score	-19.54755	2UUY_rec	2UUY_lig	swarm_133	55.0	2.0	
lightdock	luciferin_score	-22.80661	2UUY_rec	2UUY_lig	swarm_133	56.0	1.0	
lightdock	luciferin_score	-25.28335	2UUY_rec	2UUY_lig	swarm_133	57.0	1.0	
lightdock	luciferin_score	-26.29252	2UUY_rec	2UUY_lig	swarm_133	58.0	1.0	
lightdock	luciferin_score	-41.30388	2UUY_rec	2UUY_lig	swarm_133	59.0	1.0	
lightdock	luciferin_score	17.05147	2UUY_rec	2UUY_lig	swarm_134	0.0	3.0	
lightdock	luciferin_score	14.78613	2UUY_rec	2UUY_lig	swarm_134	1.0	5.0	
lightdock	luciferin_score	13.11172	2UUY_rec	2UUY_lig	swarm_134	2.0	4.0	
lightdock	luciferin_score	12.47008	2UUY_rec	2UUY_lig	swarm_134	3.0	7.0	
lightdock	luciferin_score	12.00182	2UUY_rec	2UUY_lig	swarm_134	4.0	2.0	
lightdock	luciferin_score	11.98176	2UUY_rec	2UUY_lig	swarm_134	5.0	6.0	
lightdock	luciferin_score	11.6638	2UUY_rec	2UUY_lig	swarm_134	6.0	3.0	
lightdock	luciferin_score	11.44971	2UUY_rec	2UUY_lig	swarm_134	7.0	6.0	
lightdock	luciferin_score	11.25134	2UUY_rec	2UUY_lig	swarm_134	8.0	4.0	
lightdock	luciferin_score	10.8832	2UUY_rec	2UUY_lig	swarm_134	9.0	7.0	
lightdock	luciferin_score	10.29559	2UUY_rec	2UUY_lig	swarm_134	10.0	5.0	
lightdock	luciferin_score	10.26282	2UUY_rec	2UUY_lig	swarm_134	11.0	2.0	
lightdock	luciferin_score	10.18125	2UUY_rec	2UUY_lig	swarm_134	12.0	7.0	
lightdock	luciferin_score	9.73513	2UUY_rec	2UUY_lig	swarm_134	13.0	1.0	
lightdock	luciferin_score	9.70444	2UUY_rec	2UUY_lig	swarm_134	14.0	4.0	
lightdock	luciferin_score	9.44801	2UUY_rec	2UUY_lig	swarm_134	15.0	5.0	
lightdock	luciferin_score	9.13773	2UUY_rec	2UUY_lig	swarm_134	16.0	7.0	
lightdock	luciferin_score	9.13529	2UUY_rec	2UUY_lig	swarm_134	17.0	6.0	
lightdock	luciferin_score	9.09308	2UUY_rec	2UUY_lig	swarm_134	18.0	3.0	
lightdock	luciferin_score	8.99218	2UUY_rec	2UUY_lig	swarm_134	19.0	5.0	
lightdock	luciferin_score	8.77451	2UUY_rec	2UUY_lig	swarm_134	20.0	3.0	
lightdock	luciferin_score	8.73159	2UUY_rec	2UUY_lig	swarm_134	21.0	2.0	
lightdock	luciferin_score	8.49785	2UUY_rec	2UUY_lig	swarm_134	22.0	2.0	
lightdock	luciferin_score	8.41045	2UUY_rec	2UUY_lig	swarm_134	23.0	3.0	
lightdock	luciferin_score	7.62937	2UUY_rec	2UUY_lig	swarm_134	24.0	1.0	
lightdock	luciferin_score	7.57049	2UUY_rec	2UUY_lig	swarm_134	25.0	1.0	
lightdock	luciferin_score	7.27873	2UUY_rec	2UUY_lig	swarm_134	26.0	3.0	
lightdock	luciferin_score	7.22652	2UUY_rec	2UUY_lig	swarm_134	27.0	2.0	
lightdock	luciferin_score	7.04224	2UUY_rec	2UUY_lig	swarm_134	28.0	1.0	
lightdock	luciferin_score	6.77469	2UUY_rec	2UUY_lig	swarm_134	29.0	10.0	
lightdock	luciferin_score	6.21132	2UUY_rec	2UUY_lig	swarm_134	30.0	2.0	
lightdock	luciferin_score	6.18363	2UUY_rec	2UUY_lig	swarm_134	31.0	1.0	
lightdock	luciferin_score	5.78829	2UUY_rec	2UUY_lig	swarm_134	32.0	3.0	
lightdock	luciferin_score	5.76871	2UUY_rec	2UUY_lig	swarm_134	33.0	1.0	
lightdock	luciferin_score	4.81812	2UUY_rec	2UUY_lig	swarm_134	34.0	1.0	
lightdock	luciferin_score	4.44846	2UUY_rec	2UUY_lig	swarm_134	35.0	1.0	
lightdock	luciferin_score	3.78436	2UUY_rec	2UUY_lig	swarm_134	36.0	4.0	
lightdock	luciferin_score	3.77604	2UUY_rec	2UUY_lig	swarm_134	37.0	4.0	
lightdock	luciferin_score	3.29582	2UUY_rec	2UUY_lig	swarm_134	38.0	9.0	
lightdock	luciferin_score	2.32622	2UUY_rec	2UUY_lig	swarm_134	39.0	1.0	
lightdock	luciferin_score	2.19878	2UUY_rec	2UUY_lig	swarm_134	40.0	2.0	
lightdock	luciferin_score	1.86045	2UUY_rec	2UUY_lig	swarm_134	41.0	4.0	
lightdock	luciferin_score	0.81503	2UUY_rec	2UUY_lig	swarm_134	42.0	2.0	
lightdock	luciferin_score	-0.77999	2UUY_rec	2UUY_lig	swarm_134	43.0	6.0	
lightdock	luciferin_score	-2.54238	2UUY_rec	2UUY_lig	swarm_134	44.0	3.0	
lightdock	luciferin_score	-2.64404	2UUY_rec	2UUY_lig	swarm_134	45.0	1.0	
lightdock	luciferin_score	-3.04868	2UUY_rec	2UUY_lig	swarm_134	46.0	3.0	
lightdock	luciferin_score	-3.22424	2UUY_rec	2UUY_lig	swarm_134	47.0	1.0	
lightdock	luciferin_score	-3.31305	2UUY_rec	2UUY_lig	swarm_134	48.0	1.0	
lightdock	luciferin_score	-4.19974	2UUY_rec	2UUY_lig	swarm_134	49.0	1.0	
lightdock	luciferin_score	-5.2953	2UUY_rec	2UUY_lig	swarm_134	50.0	5.0	
lightdock	luciferin_score	-6.6113	2UUY_rec	2UUY_lig	swarm_134	51.0	1.0	
lightdock	luciferin_score	-6.69709	2UUY_rec	2UUY_lig	swarm_134	52.0	1.0	
lightdock	luciferin_score	-7.0489	2UUY_rec	2UUY_lig	swarm_134	53.0	2.0	
lightdock	luciferin_score	-11.47069	2UUY_rec	2UUY_lig	swarm_134	54.0	3.0	
lightdock	luciferin_score	-14.11027	2UUY_rec	2UUY_lig	swarm_134	55.0	1.0	
lightdock	luciferin_score	-14.71574	2UUY_rec	2UUY_lig	swarm_134	56.0	8.0	
lightdock	luciferin_score	-19.54003	2UUY_rec	2UUY_lig	swarm_134	57.0	1.0	
lightdock	luciferin_score	-20.72323	2UUY_rec	2UUY_lig	swarm_134	58.0	1.0	
lightdock	luciferin_score	-39.66805	2UUY_rec	2UUY_lig	swarm_134	59.0	4.0	
lightdock	luciferin_score	-52.86408	2UUY_rec	2UUY_lig	swarm_134	60.0	1.0	
lightdock	luciferin_score	-61.53607	2UUY_rec	2UUY_lig	swarm_134	61.0	1.0	
lightdock	luciferin_score	16.89928	2UUY_rec	2UUY_lig	swarm_135	0.0	1.0	
lightdock	luciferin_score	16.36221	2UUY_rec	2UUY_lig	swarm_135	1.0	3.0	
lightdock	luciferin_score	16.31914	2UUY_rec	2UUY_lig	swarm_135	2.0	7.0	
lightdock	luciferin_score	16.00728	2UUY_rec	2UUY_lig	swarm_135	3.0	6.0	
lightdock	luciferin_score	16.00103	2UUY_rec	2UUY_lig	swarm_135	4.0	5.0	
lightdock	luciferin_score	15.98735	2UUY_rec	2UUY_lig	swarm_135	5.0	6.0	
lightdock	luciferin_score	14.42587	2UUY_rec	2UUY_lig	swarm_135	6.0	4.0	
lightdock	luciferin_score	14.25746	2UUY_rec	2UUY_lig	swarm_135	7.0	3.0	
lightdock	luciferin_score	13.73968	2UUY_rec	2UUY_lig	swarm_135	8.0	1.0	
lightdock	luciferin_score	13.71573	2UUY_rec	2UUY_lig	swarm_135	9.0	6.0	
lightdock	luciferin_score	12.2041	2UUY_rec	2UUY_lig	swarm_135	10.0	5.0	
lightdock	luciferin_score	12.15494	2UUY_rec	2UUY_lig	swarm_135	11.0	7.0	
lightdock	luciferin_score	12.02519	2UUY_rec	2UUY_lig	swarm_135	12.0	3.0	
lightdock	luciferin_score	11.52357	2UUY_rec	2UUY_lig	swarm_135	13.0	7.0	
lightdock	luciferin_score	10.60928	2UUY_rec	2UUY_lig	swarm_135	14.0	6.0	
lightdock	luciferin_score	10.56262	2UUY_rec	2UUY_lig	swarm_135	15.0	5.0	
lightdock	luciferin_score	10.27963	2UUY_rec	2UUY_lig	swarm_135	16.0	9.0	
lightdock	luciferin_score	10.23437	2UUY_rec	2UUY_lig	swarm_135	17.0	2.0	
lightdock	luciferin_score	10.20559	2UUY_rec	2UUY_lig	swarm_135	18.0	3.0	
lightdock	luciferin_score	10.11843	2UUY_rec	2UUY_lig	swarm_135	19.0	6.0	
lightdock	luciferin_score	10.10622	2UUY_rec	2UUY_lig	swarm_135	20.0	5.0	
lightdock	luciferin_score	9.96659	2UUY_rec	2UUY_lig	swarm_135	21.0	6.0	
lightdock	luciferin_score	9.81797	2UUY_rec	2UUY_lig	swarm_135	22.0	5.0	
lightdock	luciferin_score	9.79133	2UUY_rec	2UUY_lig	swarm_135	23.0	2.0	
lightdock	luciferin_score	9.62131	2UUY_rec	2UUY_lig	swarm_135	24.0	2.0	
lightdock	luciferin_score	9.25234	2UUY_rec	2UUY_lig	swarm_135	25.0	5.0	
lightdock	luciferin_score	9.17275	2UUY_rec	2UUY_lig	swarm_135	26.0	3.0	
lightdock	luciferin_score	8.73165	2UUY_rec	2UUY_lig	swarm_135	27.0	1.0	
lightdock	luciferin_score	8.71286	2UUY_rec	2UUY_lig	swarm_135	28.0	3.0	
lightdock	luciferin_score	8.33263	2UUY_rec	2UUY_lig	swarm_135	29.0	3.0	
lightdock	luciferin_score	7.89867	2UUY_rec	2UUY_lig	swarm_135	30.0	1.0	
lightdock	luciferin_score	7.89638	2UUY_rec	2UUY_lig	swarm_135	31.0	1.0	
lightdock	luciferin_score	7.60864	2UUY_rec	2UUY_lig	swarm_135	32.0	3.0	
lightdock	luciferin_score	7.60253	2UUY_rec	2UUY_lig	swarm_135	33.0	1.0	
lightdock	luciferin_score	7.38556	2UUY_rec	2UUY_lig	swarm_135	34.0	1.0	
lightdock	luciferin_score	7.19894	2UUY_rec	2UUY_lig	swarm_135	35.0	5.0	
lightdock	luciferin_score	6.90512	2UUY_rec	2UUY_lig	swarm_135	36.0	4.0	
lightdock	luciferin_score	6.4968	2UUY_rec	2UUY_lig	swarm_135	37.0	2.0	
lightdock	luciferin_score	6.44641	2UUY_rec	2UUY_lig	swarm_135	38.0	3.0	
lightdock	luciferin_score	5.6	2UUY_rec	2UUY_lig	swarm_135	39.0	2.0	
lightdock	luciferin_score	5.39724	2UUY_rec	2UUY_lig	swarm_135	40.0	1.0	
lightdock	luciferin_score	5.14106	2UUY_rec	2UUY_lig	swarm_135	41.0	1.0	
lightdock	luciferin_score	3.56757	2UUY_rec	2UUY_lig	swarm_135	42.0	1.0	
lightdock	luciferin_score	0.05939	2UUY_rec	2UUY_lig	swarm_135	43.0	1.0	
lightdock	luciferin_score	-0.79315	2UUY_rec	2UUY_lig	swarm_135	44.0	3.0	
lightdock	luciferin_score	-1.60818	2UUY_rec	2UUY_lig	swarm_135	45.0	1.0	
lightdock	luciferin_score	-2.13781	2UUY_rec	2UUY_lig	swarm_135	46.0	1.0	
lightdock	luciferin_score	-4.60933	2UUY_rec	2UUY_lig	swarm_135	47.0	3.0	
lightdock	luciferin_score	-5.3756	2UUY_rec	2UUY_lig	swarm_135	48.0	1.0	
lightdock	luciferin_score	-6.17108	2UUY_rec	2UUY_lig	swarm_135	49.0	5.0	
lightdock	luciferin_score	-6.47748	2UUY_rec	2UUY_lig	swarm_135	50.0	1.0	
lightdock	luciferin_score	-7.31007	2UUY_rec	2UUY_lig	swarm_135	51.0	1.0	
lightdock	luciferin_score	-10.44384	2UUY_rec	2UUY_lig	swarm_135	52.0	4.0	
lightdock	luciferin_score	-10.48809	2UUY_rec	2UUY_lig	swarm_135	53.0	7.0	
lightdock	luciferin_score	-14.1207	2UUY_rec	2UUY_lig	swarm_135	54.0	2.0	
lightdock	luciferin_score	-14.49084	2UUY_rec	2UUY_lig	swarm_135	55.0	1.0	
lightdock	luciferin_score	-17.13148	2UUY_rec	2UUY_lig	swarm_135	56.0	2.0	
lightdock	luciferin_score	-18.41661	2UUY_rec	2UUY_lig	swarm_135	57.0	1.0	
lightdock	luciferin_score	-23.43836	2UUY_rec	2UUY_lig	swarm_135	58.0	1.0	
lightdock	luciferin_score	-30.44913	2UUY_rec	2UUY_lig	swarm_135	59.0	1.0	
lightdock	luciferin_score	-34.6029	2UUY_rec	2UUY_lig	swarm_135	60.0	2.0	
lightdock	luciferin_score	-38.66361	2UUY_rec	2UUY_lig	swarm_135	61.0	3.0	
lightdock	luciferin_score	-46.20755	2UUY_rec	2UUY_lig	swarm_135	62.0	1.0	
lightdock	luciferin_score	-49.82563	2UUY_rec	2UUY_lig	swarm_135	63.0	1.0	
lightdock	luciferin_score	-61.40036	2UUY_rec	2UUY_lig	swarm_135	64.0	1.0	
lightdock	luciferin_score	12.54197	2UUY_rec	2UUY_lig	swarm_136	0.0	6.0	
lightdock	luciferin_score	12.26114	2UUY_rec	2UUY_lig	swarm_136	1.0	15.0	
lightdock	luciferin_score	12.16257	2UUY_rec	2UUY_lig	swarm_136	2.0	1.0	
lightdock	luciferin_score	11.84663	2UUY_rec	2UUY_lig	swarm_136	3.0	3.0	
lightdock	luciferin_score	11.22237	2UUY_rec	2UUY_lig	swarm_136	4.0	14.0	
lightdock	luciferin_score	11.0402	2UUY_rec	2UUY_lig	swarm_136	5.0	1.0	
lightdock	luciferin_score	10.98149	2UUY_rec	2UUY_lig	swarm_136	6.0	7.0	
lightdock	luciferin_score	10.96025	2UUY_rec	2UUY_lig	swarm_136	7.0	3.0	
lightdock	luciferin_score	10.93796	2UUY_rec	2UUY_lig	swarm_136	8.0	2.0	
lightdock	luciferin_score	10.33976	2UUY_rec	2UUY_lig	swarm_136	9.0	9.0	
lightdock	luciferin_score	10.20211	2UUY_rec	2UUY_lig	swarm_136	10.0	6.0	
lightdock	luciferin_score	10.16763	2UUY_rec	2UUY_lig	swarm_136	11.0	5.0	
lightdock	luciferin_score	10.00604	2UUY_rec	2UUY_lig	swarm_136	12.0	7.0	
lightdock	luciferin_score	9.78948	2UUY_rec	2UUY_lig	swarm_136	13.0	4.0	
lightdock	luciferin_score	9.56595	2UUY_rec	2UUY_lig	swarm_136	14.0	2.0	
lightdock	luciferin_score	9.42685	2UUY_rec	2UUY_lig	swarm_136	15.0	1.0	
lightdock	luciferin_score	9.16798	2UUY_rec	2UUY_lig	swarm_136	16.0	3.0	
lightdock	luciferin_score	9.12826	2UUY_rec	2UUY_lig	swarm_136	17.0	2.0	
lightdock	luciferin_score	8.81184	2UUY_rec	2UUY_lig	swarm_136	18.0	5.0	
lightdock	luciferin_score	8.73621	2UUY_rec	2UUY_lig	swarm_136	19.0	1.0	
lightdock	luciferin_score	8.64294	2UUY_rec	2UUY_lig	swarm_136	20.0	1.0	
lightdock	luciferin_score	8.60347	2UUY_rec	2UUY_lig	swarm_136	21.0	2.0	
lightdock	luciferin_score	8.57065	2UUY_rec	2UUY_lig	swarm_136	22.0	2.0	
lightdock	luciferin_score	8.324	2UUY_rec	2UUY_lig	swarm_136	23.0	4.0	
lightdock	luciferin_score	8.26806	2UUY_rec	2UUY_lig	swarm_136	24.0	3.0	
lightdock	luciferin_score	8.14804	2UUY_rec	2UUY_lig	swarm_136	25.0	5.0	
lightdock	luciferin_score	8.08846	2UUY_rec	2UUY_lig	swarm_136	26.0	2.0	
lightdock	luciferin_score	8.07585	2UUY_rec	2UUY_lig	swarm_136	27.0	5.0	
lightdock	luciferin_score	7.89808	2UUY_rec	2UUY_lig	swarm_136	28.0	2.0	
lightdock	luciferin_score	7.6588	2UUY_rec	2UUY_lig	swarm_136	29.0	3.0	
lightdock	luciferin_score	7.59764	2UUY_rec	2UUY_lig	swarm_136	30.0	1.0	
lightdock	luciferin_score	7.52415	2UUY_rec	2UUY_lig	swarm_136	31.0	7.0	
lightdock	luciferin_score	7.19543	2UUY_rec	2UUY_lig	swarm_136	32.0	2.0	
lightdock	luciferin_score	7.0876	2UUY_rec	2UUY_lig	swarm_136	33.0	1.0	
lightdock	luciferin_score	6.96208	2UUY_rec	2UUY_lig	swarm_136	34.0	3.0	
lightdock	luciferin_score	6.78058	2UUY_rec	2UUY_lig	swarm_136	35.0	3.0	
lightdock	luciferin_score	6.70052	2UUY_rec	2UUY_lig	swarm_136	36.0	1.0	
lightdock	luciferin_score	6.45513	2UUY_rec	2UUY_lig	swarm_136	37.0	1.0	
lightdock	luciferin_score	6.38732	2UUY_rec	2UUY_lig	swarm_136	38.0	3.0	
lightdock	luciferin_score	6.38038	2UUY_rec	2UUY_lig	swarm_136	39.0	1.0	
lightdock	luciferin_score	6.22953	2UUY_rec	2UUY_lig	swarm_136	40.0	2.0	
lightdock	luciferin_score	6.0986	2UUY_rec	2UUY_lig	swarm_136	41.0	3.0	
lightdock	luciferin_score	5.87413	2UUY_rec	2UUY_lig	swarm_136	42.0	2.0	
lightdock	luciferin_score	5.81046	2UUY_rec	2UUY_lig	swarm_136	43.0	4.0	
lightdock	luciferin_score	5.7779	2UUY_rec	2UUY_lig	swarm_136	44.0	1.0	
lightdock	luciferin_score	3.23556	2UUY_rec	2UUY_lig	swarm_136	45.0	3.0	
lightdock	luciferin_score	2.46391	2UUY_rec	2UUY_lig	swarm_136	46.0	1.0	
lightdock	luciferin_score	-0.44003	2UUY_rec	2UUY_lig	swarm_136	47.0	1.0	
lightdock	luciferin_score	-0.91583	2UUY_rec	2UUY_lig	swarm_136	48.0	7.0	
lightdock	luciferin_score	-0.92891	2UUY_rec	2UUY_lig	swarm_136	49.0	6.0	
lightdock	luciferin_score	-1.62087	2UUY_rec	2UUY_lig	swarm_136	50.0	3.0	
lightdock	luciferin_score	-6.05658	2UUY_rec	2UUY_lig	swarm_136	51.0	4.0	
lightdock	luciferin_score	-6.83131	2UUY_rec	2UUY_lig	swarm_136	52.0	2.0	
lightdock	luciferin_score	-11.14399	2UUY_rec	2UUY_lig	swarm_136	53.0	1.0	
lightdock	luciferin_score	-13.55192	2UUY_rec	2UUY_lig	swarm_136	54.0	1.0	
lightdock	luciferin_score	-14.65371	2UUY_rec	2UUY_lig	swarm_136	55.0	1.0	
lightdock	luciferin_score	-27.71407	2UUY_rec	2UUY_lig	swarm_136	56.0	2.0	
lightdock	luciferin_score	-39.27245	2UUY_rec	2UUY_lig	swarm_136	57.0	2.0	
lightdock	luciferin_score	-41.54688	2UUY_rec	2UUY_lig	swarm_136	58.0	1.0	
lightdock	luciferin_score	-41.93898	2UUY_rec	2UUY_lig	swarm_136	59.0	1.0	
lightdock	luciferin_score	-44.41124	2UUY_rec	2UUY_lig	swarm_136	60.0	1.0	
lightdock	luciferin_score	-46.16347	2UUY_rec	2UUY_lig	swarm_136	61.0	1.0	
lightdock	luciferin_score	-56.6192	2UUY_rec	2UUY_lig	swarm_136	62.0	1.0	
lightdock	luciferin_score	18.80048	2UUY_rec	2UUY_lig	swarm_137	0.0	6.0	
lightdock	luciferin_score	14.69461	2UUY_rec	2UUY_lig	swarm_137	1.0	2.0	
lightdock	luciferin_score	14.68539	2UUY_rec	2UUY_lig	swarm_137	2.0	3.0	
lightdock	luciferin_score	14.24947	2UUY_rec	2UUY_lig	swarm_137	3.0	2.0	
lightdock	luciferin_score	13.71956	2UUY_rec	2UUY_lig	swarm_137	4.0	6.0	
lightdock	luciferin_score	13.64601	2UUY_rec	2UUY_lig	swarm_137	5.0	4.0	
lightdock	luciferin_score	13.12395	2UUY_rec	2UUY_lig	swarm_137	6.0	3.0	
lightdock	luciferin_score	13.08726	2UUY_rec	2UUY_lig	swarm_137	7.0	5.0	
lightdock	luciferin_score	13.08188	2UUY_rec	2UUY_lig	swarm_137	8.0	2.0	
lightdock	luciferin_score	13.02851	2UUY_rec	2UUY_lig	swarm_137	9.0	7.0	
lightdock	luciferin_score	12.56228	2UUY_rec	2UUY_lig	swarm_137	10.0	10.0	
lightdock	luciferin_score	12.36528	2UUY_rec	2UUY_lig	swarm_137	11.0	8.0	
lightdock	luciferin_score	12.31163	2UUY_rec	2UUY_lig	swarm_137	12.0	4.0	
lightdock	luciferin_score	11.00565	2UUY_rec	2UUY_lig	swarm_137	13.0	2.0	
lightdock	luciferin_score	10.88807	2UUY_rec	2UUY_lig	swarm_137	14.0	1.0	
lightdock	luciferin_score	10.72958	2UUY_rec	2UUY_lig	swarm_137	15.0	6.0	
lightdock	luciferin_score	10.43984	2UUY_rec	2UUY_lig	swarm_137	16.0	2.0	
lightdock	luciferin_score	10.20698	2UUY_rec	2UUY_lig	swarm_137	17.0	4.0	
lightdock	luciferin_score	10.1411	2UUY_rec	2UUY_lig	swarm_137	18.0	5.0	
lightdock	luciferin_score	10.12092	2UUY_rec	2UUY_lig	swarm_137	19.0	3.0	
lightdock	luciferin_score	9.53216	2UUY_rec	2UUY_lig	swarm_137	20.0	4.0	
lightdock	luciferin_score	9.33899	2UUY_rec	2UUY_lig	swarm_137	21.0	2.0	
lightdock	luciferin_score	9.28148	2UUY_rec	2UUY_lig	swarm_137	22.0	2.0	
lightdock	luciferin_score	9.23777	2UUY_rec	2UUY_lig	swarm_137	23.0	3.0	
lightdock	luciferin_score	9.21775	2UUY_rec	2UUY_lig	swarm_137	24.0	1.0	
lightdock	luciferin_score	8.92157	2UUY_rec	2UUY_lig	swarm_137	25.0	2.0	
lightdock	luciferin_score	8.89044	2UUY_rec	2UUY_lig	swarm_137	26.0	9.0	
lightdock	luciferin_score	8.79423	2UUY_rec	2UUY_lig	swarm_137	27.0	1.0	
lightdock	luciferin_score	8.7581	2UUY_rec	2UUY_lig	swarm_137	28.0	7.0	
lightdock	luciferin_score	8.707	2UUY_rec	2UUY_lig	swarm_137	29.0	2.0	
lightdock	luciferin_score	8.6457	2UUY_rec	2UUY_lig	swarm_137	30.0	1.0	
lightdock	luciferin_score	8.58689	2UUY_rec	2UUY_lig	swarm_137	31.0	3.0	
lightdock	luciferin_score	8.10515	2UUY_rec	2UUY_lig	swarm_137	32.0	1.0	
lightdock	luciferin_score	8.02176	2UUY_rec	2UUY_lig	swarm_137	33.0	2.0	
lightdock	luciferin_score	7.79163	2UUY_rec	2UUY_lig	swarm_137	34.0	1.0	
lightdock	luciferin_score	7.71405	2UUY_rec	2UUY_lig	swarm_137	35.0	1.0	
lightdock	luciferin_score	7.59272	2UUY_rec	2UUY_lig	swarm_137	36.0	1.0	
lightdock	luciferin_score	7.49271	2UUY_rec	2UUY_lig	swarm_137	37.0	1.0	
lightdock	luciferin_score	7.22034	2UUY_rec	2UUY_lig	swarm_137	38.0	4.0	
lightdock	luciferin_score	7.17831	2UUY_rec	2UUY_lig	swarm_137	39.0	4.0	
lightdock	luciferin_score	6.94024	2UUY_rec	2UUY_lig	swarm_137	40.0	1.0	
lightdock	luciferin_score	6.7145	2UUY_rec	2UUY_lig	swarm_137	41.0	7.0	
lightdock	luciferin_score	6.64291	2UUY_rec	2UUY_lig	swarm_137	42.0	1.0	
lightdock	luciferin_score	5.51161	2UUY_rec	2UUY_lig	swarm_137	43.0	1.0	
lightdock	luciferin_score	5.03629	2UUY_rec	2UUY_lig	swarm_137	44.0	2.0	
lightdock	luciferin_score	2.6289	2UUY_rec	2UUY_lig	swarm_137	45.0	1.0	
lightdock	luciferin_score	2.3154	2UUY_rec	2UUY_lig	swarm_137	46.0	1.0	
lightdock	luciferin_score	1.76407	2UUY_rec	2UUY_lig	swarm_137	47.0	2.0	
lightdock	luciferin_score	1.62766	2UUY_rec	2UUY_lig	swarm_137	48.0	1.0	
lightdock	luciferin_score	0.12356	2UUY_rec	2UUY_lig	swarm_137	49.0	1.0	
lightdock	luciferin_score	-0.62925	2UUY_rec	2UUY_lig	swarm_137	50.0	5.0	
lightdock	luciferin_score	-3.35588	2UUY_rec	2UUY_lig	swarm_137	51.0	1.0	
lightdock	luciferin_score	-3.64327	2UUY_rec	2UUY_lig	swarm_137	52.0	2.0	
lightdock	luciferin_score	-4.30447	2UUY_rec	2UUY_lig	swarm_137	53.0	1.0	
lightdock	luciferin_score	-5.6697	2UUY_rec	2UUY_lig	swarm_137	54.0	1.0	
lightdock	luciferin_score	-5.74233	2UUY_rec	2UUY_lig	swarm_137	55.0	1.0	
lightdock	luciferin_score	-8.41708	2UUY_rec	2UUY_lig	swarm_137	56.0	1.0	
lightdock	luciferin_score	-11.17544	2UUY_rec	2UUY_lig	swarm_137	57.0	1.0	
lightdock	luciferin_score	-12.22856	2UUY_rec	2UUY_lig	swarm_137	58.0	1.0	
lightdock	luciferin_score	-13.76069	2UUY_rec	2UUY_lig	swarm_137	59.0	1.0	
lightdock	luciferin_score	-14.59958	2UUY_rec	2UUY_lig	swarm_137	60.0	1.0	
lightdock	luciferin_score	-16.63419	2UUY_rec	2UUY_lig	swarm_137	61.0	3.0	
lightdock	luciferin_score	-18.35139	2UUY_rec	2UUY_lig	swarm_137	62.0	4.0	
lightdock	luciferin_score	-20.38903	2UUY_rec	2UUY_lig	swarm_137	63.0	1.0	
lightdock	luciferin_score	-20.39533	2UUY_rec	2UUY_lig	swarm_137	64.0	1.0	
lightdock	luciferin_score	-21.8428	2UUY_rec	2UUY_lig	swarm_137	65.0	3.0	
lightdock	luciferin_score	-24.74941	2UUY_rec	2UUY_lig	swarm_137	66.0	1.0	
lightdock	luciferin_score	-26.16678	2UUY_rec	2UUY_lig	swarm_137	67.0	1.0	
lightdock	luciferin_score	-33.61383	2UUY_rec	2UUY_lig	swarm_137	68.0	2.0	
lightdock	luciferin_score	-34.06435	2UUY_rec	2UUY_lig	swarm_137	69.0	6.0	
lightdock	luciferin_score	-34.6006	2UUY_rec	2UUY_lig	swarm_137	70.0	1.0	
lightdock	luciferin_score	-40.20698	2UUY_rec	2UUY_lig	swarm_137	71.0	2.0	
lightdock	luciferin_score	-43.35681	2UUY_rec	2UUY_lig	swarm_137	72.0	1.0	
lightdock	luciferin_score	-44.46466	2UUY_rec	2UUY_lig	swarm_137	73.0	1.0	
lightdock	luciferin_score	-53.90252	2UUY_rec	2UUY_lig	swarm_137	74.0	1.0	
lightdock	luciferin_score	-78.0433	2UUY_rec	2UUY_lig	swarm_137	75.0	1.0	
lightdock	luciferin_score	18.22757	2UUY_rec	2UUY_lig	swarm_138	0.0	6.0	
lightdock	luciferin_score	15.65784	2UUY_rec	2UUY_lig	swarm_138	1.0	9.0	
lightdock	luciferin_score	14.44614	2UUY_rec	2UUY_lig	swarm_138	2.0	6.0	
lightdock	luciferin_score	13.89606	2UUY_rec	2UUY_lig	swarm_138	3.0	2.0	
lightdock	luciferin_score	13.37489	2UUY_rec	2UUY_lig	swarm_138	4.0	2.0	
lightdock	luciferin_score	13.08468	2UUY_rec	2UUY_lig	swarm_138	5.0	4.0	
lightdock	luciferin_score	12.66883	2UUY_rec	2UUY_lig	swarm_138	6.0	1.0	
lightdock	luciferin_score	12.54654	2UUY_rec	2UUY_lig	swarm_138	7.0	4.0	
lightdock	luciferin_score	12.37489	2UUY_rec	2UUY_lig	swarm_138	8.0	3.0	
lightdock	luciferin_score	12.31564	2UUY_rec	2UUY_lig	swarm_138	9.0	19.0	
lightdock	luciferin_score	12.24072	2UUY_rec	2UUY_lig	swarm_138	10.0	5.0	
lightdock	luciferin_score	12.2288	2UUY_rec	2UUY_lig	swarm_138	11.0	4.0	
lightdock	luciferin_score	12.17384	2UUY_rec	2UUY_lig	swarm_138	12.0	15.0	
lightdock	luciferin_score	11.85824	2UUY_rec	2UUY_lig	swarm_138	13.0	7.0	
lightdock	luciferin_score	11.26629	2UUY_rec	2UUY_lig	swarm_138	14.0	5.0	
lightdock	luciferin_score	11.05232	2UUY_rec	2UUY_lig	swarm_138	15.0	3.0	
lightdock	luciferin_score	10.8843	2UUY_rec	2UUY_lig	swarm_138	16.0	6.0	
lightdock	luciferin_score	10.85241	2UUY_rec	2UUY_lig	swarm_138	17.0	6.0	
lightdock	luciferin_score	10.7614	2UUY_rec	2UUY_lig	swarm_138	18.0	5.0	
lightdock	luciferin_score	9.94651	2UUY_rec	2UUY_lig	swarm_138	19.0	8.0	
lightdock	luciferin_score	9.81935	2UUY_rec	2UUY_lig	swarm_138	20.0	1.0	
lightdock	luciferin_score	9.8013	2UUY_rec	2UUY_lig	swarm_138	21.0	4.0	
lightdock	luciferin_score	9.6987	2UUY_rec	2UUY_lig	swarm_138	22.0	9.0	
lightdock	luciferin_score	9.30786	2UUY_rec	2UUY_lig	swarm_138	23.0	1.0	
lightdock	luciferin_score	9.19941	2UUY_rec	2UUY_lig	swarm_138	24.0	2.0	
lightdock	luciferin_score	8.69883	2UUY_rec	2UUY_lig	swarm_138	25.0	2.0	
lightdock	luciferin_score	8.22166	2UUY_rec	2UUY_lig	swarm_138	26.0	2.0	
lightdock	luciferin_score	8.19774	2UUY_rec	2UUY_lig	swarm_138	27.0	1.0	
lightdock	luciferin_score	8.09358	2UUY_rec	2UUY_lig	swarm_138	28.0	2.0	
lightdock	luciferin_score	8.06347	2UUY_rec	2UUY_lig	swarm_138	29.0	2.0	
lightdock	luciferin_score	7.93146	2UUY_rec	2UUY_lig	swarm_138	30.0	1.0	
lightdock	luciferin_score	7.92651	2UUY_rec	2UUY_lig	swarm_138	31.0	1.0	
lightdock	luciferin_score	7.90895	2UUY_rec	2UUY_lig	swarm_138	32.0	3.0	
lightdock	luciferin_score	7.80772	2UUY_rec	2UUY_lig	swarm_138	33.0	2.0	
lightdock	luciferin_score	7.80205	2UUY_rec	2UUY_lig	swarm_138	34.0	1.0	
lightdock	luciferin_score	7.56757	2UUY_rec	2UUY_lig	swarm_138	35.0	5.0	
lightdock	luciferin_score	7.53214	2UUY_rec	2UUY_lig	swarm_138	36.0	2.0	
lightdock	luciferin_score	7.49462	2UUY_rec	2UUY_lig	swarm_138	37.0	1.0	
lightdock	luciferin_score	7.30126	2UUY_rec	2UUY_lig	swarm_138	38.0	1.0	
lightdock	luciferin_score	7.12599	2UUY_rec	2UUY_lig	swarm_138	39.0	3.0	
lightdock	luciferin_score	6.96415	2UUY_rec	2UUY_lig	swarm_138	40.0	2.0	
lightdock	luciferin_score	6.92031	2UUY_rec	2UUY_lig	swarm_138	41.0	2.0	
lightdock	luciferin_score	6.68901	2UUY_rec	2UUY_lig	swarm_138	42.0	1.0	
lightdock	luciferin_score	6.6009	2UUY_rec	2UUY_lig	swarm_138	43.0	1.0	
lightdock	luciferin_score	6.39898	2UUY_rec	2UUY_lig	swarm_138	44.0	1.0	
lightdock	luciferin_score	5.78194	2UUY_rec	2UUY_lig	swarm_138	45.0	2.0	
lightdock	luciferin_score	5.53256	2UUY_rec	2UUY_lig	swarm_138	46.0	1.0	
lightdock	luciferin_score	5.30381	2UUY_rec	2UUY_lig	swarm_138	47.0	2.0	
lightdock	luciferin_score	4.91765	2UUY_rec	2UUY_lig	swarm_138	48.0	1.0	
lightdock	luciferin_score	2.91214	2UUY_rec	2UUY_lig	swarm_138	49.0	1.0	
lightdock	luciferin_score	1.98362	2UUY_rec	2UUY_lig	swarm_138	50.0	9.0	
lightdock	luciferin_score	1.23204	2UUY_rec	2UUY_lig	swarm_138	51.0	1.0	
lightdock	luciferin_score	-1.07619	2UUY_rec	2UUY_lig	swarm_138	52.0	4.0	
lightdock	luciferin_score	-1.92494	2UUY_rec	2UUY_lig	swarm_138	53.0	1.0	
lightdock	luciferin_score	-14.68477	2UUY_rec	2UUY_lig	swarm_138	54.0	1.0	
lightdock	luciferin_score	-36.63197	2UUY_rec	2UUY_lig	swarm_138	55.0	2.0	
lightdock	luciferin_score	-37.04938	2UUY_rec	2UUY_lig	swarm_138	56.0	1.0	
lightdock	luciferin_score	-49.15345	2UUY_rec	2UUY_lig	swarm_138	57.0	1.0	
lightdock	luciferin_score	22.50224	2UUY_rec	2UUY_lig	swarm_139	0.0	1.0	
lightdock	luciferin_score	22.01021	2UUY_rec	2UUY_lig	swarm_139	1.0	6.0	
lightdock	luciferin_score	20.3249	2UUY_rec	2UUY_lig	swarm_139	2.0	10.0	
lightdock	luciferin_score	20.14541	2UUY_rec	2UUY_lig	swarm_139	3.0	1.0	
lightdock	luciferin_score	19.47678	2UUY_rec	2UUY_lig	swarm_139	4.0	5.0	
lightdock	luciferin_score	19.28396	2UUY_rec	2UUY_lig	swarm_139	5.0	8.0	
lightdock	luciferin_score	17.10171	2UUY_rec	2UUY_lig	swarm_139	6.0	4.0	
lightdock	luciferin_score	15.82859	2UUY_rec	2UUY_lig	swarm_139	7.0	5.0	
lightdock	luciferin_score	15.07308	2UUY_rec	2UUY_lig	swarm_139	8.0	2.0	
lightdock	luciferin_score	13.54301	2UUY_rec	2UUY_lig	swarm_139	9.0	5.0	
lightdock	luciferin_score	13.43564	2UUY_rec	2UUY_lig	swarm_139	10.0	4.0	
lightdock	luciferin_score	12.91611	2UUY_rec	2UUY_lig	swarm_139	11.0	6.0	
lightdock	luciferin_score	12.80384	2UUY_rec	2UUY_lig	swarm_139	12.0	6.0	
lightdock	luciferin_score	12.47127	2UUY_rec	2UUY_lig	swarm_139	13.0	9.0	
lightdock	luciferin_score	12.35518	2UUY_rec	2UUY_lig	swarm_139	14.0	5.0	
lightdock	luciferin_score	11.88779	2UUY_rec	2UUY_lig	swarm_139	15.0	5.0	
lightdock	luciferin_score	11.46942	2UUY_rec	2UUY_lig	swarm_139	16.0	2.0	
lightdock	luciferin_score	11.34844	2UUY_rec	2UUY_lig	swarm_139	17.0	4.0	
lightdock	luciferin_score	11.29406	2UUY_rec	2UUY_lig	swarm_139	18.0	3.0	
lightdock	luciferin_score	10.95298	2UUY_rec	2UUY_lig	swarm_139	19.0	2.0	
lightdock	luciferin_score	10.28975	2UUY_rec	2UUY_lig	swarm_139	20.0	4.0	
lightdock	luciferin_score	10.2849	2UUY_rec	2UUY_lig	swarm_139	21.0	2.0	
lightdock	luciferin_score	10.25012	2UUY_rec	2UUY_lig	swarm_139	22.0	3.0	
lightdock	luciferin_score	10.14436	2UUY_rec	2UUY_lig	swarm_139	23.0	2.0	
lightdock	luciferin_score	10.08609	2UUY_rec	2UUY_lig	swarm_139	24.0	1.0	
lightdock	luciferin_score	9.5491	2UUY_rec	2UUY_lig	swarm_139	25.0	4.0	
lightdock	luciferin_score	9.33412	2UUY_rec	2UUY_lig	swarm_139	26.0	1.0	
lightdock	luciferin_score	9.2945	2UUY_rec	2UUY_lig	swarm_139	27.0	4.0	
lightdock	luciferin_score	9.21253	2UUY_rec	2UUY_lig	swarm_139	28.0	4.0	
lightdock	luciferin_score	8.91426	2UUY_rec	2UUY_lig	swarm_139	29.0	5.0	
lightdock	luciferin_score	8.85247	2UUY_rec	2UUY_lig	swarm_139	30.0	5.0	
lightdock	luciferin_score	8.8211	2UUY_rec	2UUY_lig	swarm_139	31.0	3.0	
lightdock	luciferin_score	8.70438	2UUY_rec	2UUY_lig	swarm_139	32.0	5.0	
lightdock	luciferin_score	8.65802	2UUY_rec	2UUY_lig	swarm_139	33.0	4.0	
lightdock	luciferin_score	8.51249	2UUY_rec	2UUY_lig	swarm_139	34.0	1.0	
lightdock	luciferin_score	8.42885	2UUY_rec	2UUY_lig	swarm_139	35.0	3.0	
lightdock	luciferin_score	8.18279	2UUY_rec	2UUY_lig	swarm_139	36.0	2.0	
lightdock	luciferin_score	8.00913	2UUY_rec	2UUY_lig	swarm_139	37.0	2.0	
lightdock	luciferin_score	7.88378	2UUY_rec	2UUY_lig	swarm_139	38.0	1.0	
lightdock	luciferin_score	7.74167	2UUY_rec	2UUY_lig	swarm_139	39.0	4.0	
lightdock	luciferin_score	6.96112	2UUY_rec	2UUY_lig	swarm_139	40.0	1.0	
lightdock	luciferin_score	6.9449	2UUY_rec	2UUY_lig	swarm_139	41.0	1.0	
lightdock	luciferin_score	6.64151	2UUY_rec	2UUY_lig	swarm_139	42.0	1.0	
lightdock	luciferin_score	6.61373	2UUY_rec	2UUY_lig	swarm_139	43.0	1.0	
lightdock	luciferin_score	6.26055	2UUY_rec	2UUY_lig	swarm_139	44.0	1.0	
lightdock	luciferin_score	5.77438	2UUY_rec	2UUY_lig	swarm_139	45.0	1.0	
lightdock	luciferin_score	5.20234	2UUY_rec	2UUY_lig	swarm_139	46.0	1.0	
lightdock	luciferin_score	5.15286	2UUY_rec	2UUY_lig	swarm_139	47.0	1.0	
lightdock	luciferin_score	5.02194	2UUY_rec	2UUY_lig	swarm_139	48.0	2.0	
lightdock	luciferin_score	4.66924	2UUY_rec	2UUY_lig	swarm_139	49.0	3.0	
lightdock	luciferin_score	4.38117	2UUY_rec	2UUY_lig	swarm_139	50.0	1.0	
lightdock	luciferin_score	3.77366	2UUY_rec	2UUY_lig	swarm_139	51.0	1.0	
lightdock	luciferin_score	2.45628	2UUY_rec	2UUY_lig	swarm_139	52.0	1.0	
lightdock	luciferin_score	-0.06606	2UUY_rec	2UUY_lig	swarm_139	53.0	2.0	
lightdock	luciferin_score	-1.83048	2UUY_rec	2UUY_lig	swarm_139	54.0	1.0	
lightdock	luciferin_score	-3.39142	2UUY_rec	2UUY_lig	swarm_139	55.0	1.0	
lightdock	luciferin_score	-4.07103	2UUY_rec	2UUY_lig	swarm_139	56.0	1.0	
lightdock	luciferin_score	-4.75712	2UUY_rec	2UUY_lig	swarm_139	57.0	9.0	
lightdock	luciferin_score	-7.12934	2UUY_rec	2UUY_lig	swarm_139	58.0	2.0	
lightdock	luciferin_score	-8.28423	2UUY_rec	2UUY_lig	swarm_139	59.0	1.0	
lightdock	luciferin_score	-13.84514	2UUY_rec	2UUY_lig	swarm_139	60.0	1.0	
lightdock	luciferin_score	-14.48874	2UUY_rec	2UUY_lig	swarm_139	61.0	1.0	
lightdock	luciferin_score	-19.02811	2UUY_rec	2UUY_lig	swarm_139	62.0	1.0	
lightdock	luciferin_score	-22.9219	2UUY_rec	2UUY_lig	swarm_139	63.0	2.0	
lightdock	luciferin_score	-26.21943	2UUY_rec	2UUY_lig	swarm_139	64.0	1.0	
lightdock	luciferin_score	-26.31083	2UUY_rec	2UUY_lig	swarm_139	65.0	1.0	
lightdock	luciferin_score	-30.30612	2UUY_rec	2UUY_lig	swarm_139	66.0	5.0	
lightdock	luciferin_score	-45.66482	2UUY_rec	2UUY_lig	swarm_139	67.0	1.0	
lightdock	luciferin_score	-45.81362	2UUY_rec	2UUY_lig	swarm_139	68.0	1.0	
lightdock	luciferin_score	15.69867	2UUY_rec	2UUY_lig	swarm_14	0.0	6.0	
lightdock	luciferin_score	15.32207	2UUY_rec	2UUY_lig	swarm_14	1.0	4.0	
lightdock	luciferin_score	14.94317	2UUY_rec	2UUY_lig	swarm_14	2.0	11.0	
lightdock	luciferin_score	14.59929	2UUY_rec	2UUY_lig	swarm_14	3.0	3.0	
lightdock	luciferin_score	12.74029	2UUY_rec	2UUY_lig	swarm_14	4.0	6.0	
lightdock	luciferin_score	12.64165	2UUY_rec	2UUY_lig	swarm_14	5.0	7.0	
lightdock	luciferin_score	12.31888	2UUY_rec	2UUY_lig	swarm_14	6.0	5.0	
lightdock	luciferin_score	12.15613	2UUY_rec	2UUY_lig	swarm_14	7.0	7.0	
lightdock	luciferin_score	12.12925	2UUY_rec	2UUY_lig	swarm_14	8.0	15.0	
lightdock	luciferin_score	11.81023	2UUY_rec	2UUY_lig	swarm_14	9.0	2.0	
lightdock	luciferin_score	11.53245	2UUY_rec	2UUY_lig	swarm_14	10.0	5.0	
lightdock	luciferin_score	11.41689	2UUY_rec	2UUY_lig	swarm_14	11.0	2.0	
lightdock	luciferin_score	11.083	2UUY_rec	2UUY_lig	swarm_14	12.0	3.0	
lightdock	luciferin_score	10.51627	2UUY_rec	2UUY_lig	swarm_14	13.0	1.0	
lightdock	luciferin_score	10.42645	2UUY_rec	2UUY_lig	swarm_14	14.0	3.0	
lightdock	luciferin_score	10.20799	2UUY_rec	2UUY_lig	swarm_14	15.0	2.0	
lightdock	luciferin_score	10.04815	2UUY_rec	2UUY_lig	swarm_14	16.0	2.0	
lightdock	luciferin_score	9.74905	2UUY_rec	2UUY_lig	swarm_14	17.0	6.0	
lightdock	luciferin_score	9.55817	2UUY_rec	2UUY_lig	swarm_14	18.0	8.0	
lightdock	luciferin_score	9.48526	2UUY_rec	2UUY_lig	swarm_14	19.0	2.0	
lightdock	luciferin_score	9.02605	2UUY_rec	2UUY_lig	swarm_14	20.0	1.0	
lightdock	luciferin_score	9.01478	2UUY_rec	2UUY_lig	swarm_14	21.0	4.0	
lightdock	luciferin_score	8.91398	2UUY_rec	2UUY_lig	swarm_14	22.0	1.0	
lightdock	luciferin_score	8.58397	2UUY_rec	2UUY_lig	swarm_14	23.0	3.0	
lightdock	luciferin_score	8.08036	2UUY_rec	2UUY_lig	swarm_14	24.0	3.0	
lightdock	luciferin_score	8.00167	2UUY_rec	2UUY_lig	swarm_14	25.0	5.0	
lightdock	luciferin_score	7.97121	2UUY_rec	2UUY_lig	swarm_14	26.0	3.0	
lightdock	luciferin_score	7.90378	2UUY_rec	2UUY_lig	swarm_14	27.0	1.0	
lightdock	luciferin_score	7.86497	2UUY_rec	2UUY_lig	swarm_14	28.0	1.0	
lightdock	luciferin_score	7.7309	2UUY_rec	2UUY_lig	swarm_14	29.0	2.0	
lightdock	luciferin_score	7.47553	2UUY_rec	2UUY_lig	swarm_14	30.0	3.0	
lightdock	luciferin_score	7.47535	2UUY_rec	2UUY_lig	swarm_14	31.0	1.0	
lightdock	luciferin_score	7.31145	2UUY_rec	2UUY_lig	swarm_14	32.0	4.0	
lightdock	luciferin_score	6.57689	2UUY_rec	2UUY_lig	swarm_14	33.0	1.0	
lightdock	luciferin_score	6.40204	2UUY_rec	2UUY_lig	swarm_14	34.0	2.0	
lightdock	luciferin_score	6.33761	2UUY_rec	2UUY_lig	swarm_14	35.0	2.0	
lightdock	luciferin_score	5.95829	2UUY_rec	2UUY_lig	swarm_14	36.0	1.0	
lightdock	luciferin_score	5.20286	2UUY_rec	2UUY_lig	swarm_14	37.0	1.0	
lightdock	luciferin_score	4.11424	2UUY_rec	2UUY_lig	swarm_14	38.0	2.0	
lightdock	luciferin_score	3.8172	2UUY_rec	2UUY_lig	swarm_14	39.0	5.0	
lightdock	luciferin_score	3.25569	2UUY_rec	2UUY_lig	swarm_14	40.0	2.0	
lightdock	luciferin_score	2.03366	2UUY_rec	2UUY_lig	swarm_14	41.0	3.0	
lightdock	luciferin_score	1.46612	2UUY_rec	2UUY_lig	swarm_14	42.0	1.0	
lightdock	luciferin_score	0.89881	2UUY_rec	2UUY_lig	swarm_14	43.0	2.0	
lightdock	luciferin_score	-0.06622	2UUY_rec	2UUY_lig	swarm_14	44.0	4.0	
lightdock	luciferin_score	-0.3762	2UUY_rec	2UUY_lig	swarm_14	45.0	1.0	
lightdock	luciferin_score	-1.79867	2UUY_rec	2UUY_lig	swarm_14	46.0	3.0	
lightdock	luciferin_score	-2.25516	2UUY_rec	2UUY_lig	swarm_14	47.0	3.0	
lightdock	luciferin_score	-2.3662	2UUY_rec	2UUY_lig	swarm_14	48.0	1.0	
lightdock	luciferin_score	-3.34027	2UUY_rec	2UUY_lig	swarm_14	49.0	3.0	
lightdock	luciferin_score	-5.20212	2UUY_rec	2UUY_lig	swarm_14	50.0	7.0	
lightdock	luciferin_score	-6.89842	2UUY_rec	2UUY_lig	swarm_14	51.0	6.0	
lightdock	luciferin_score	-9.63464	2UUY_rec	2UUY_lig	swarm_14	52.0	3.0	
lightdock	luciferin_score	-12.37176	2UUY_rec	2UUY_lig	swarm_14	53.0	2.0	
lightdock	luciferin_score	-16.3111	2UUY_rec	2UUY_lig	swarm_14	54.0	1.0	
lightdock	luciferin_score	-16.86895	2UUY_rec	2UUY_lig	swarm_14	55.0	1.0	
lightdock	luciferin_score	-18.23375	2UUY_rec	2UUY_lig	swarm_14	56.0	1.0	
lightdock	luciferin_score	-24.23353	2UUY_rec	2UUY_lig	swarm_14	57.0	2.0	
lightdock	luciferin_score	-44.97451	2UUY_rec	2UUY_lig	swarm_14	58.0	3.0	
lightdock	luciferin_score	-46.88286	2UUY_rec	2UUY_lig	swarm_14	59.0	1.0	
lightdock	luciferin_score	-57.41036	2UUY_rec	2UUY_lig	swarm_14	60.0	3.0	
lightdock	luciferin_score	-71.23787	2UUY_rec	2UUY_lig	swarm_14	61.0	1.0	
lightdock	luciferin_score	15.19347	2UUY_rec	2UUY_lig	swarm_140	0.0	4.0	
lightdock	luciferin_score	14.45169	2UUY_rec	2UUY_lig	swarm_140	1.0	15.0	
lightdock	luciferin_score	13.13228	2UUY_rec	2UUY_lig	swarm_140	2.0	4.0	
lightdock	luciferin_score	13.02643	2UUY_rec	2UUY_lig	swarm_140	3.0	1.0	
lightdock	luciferin_score	11.8875	2UUY_rec	2UUY_lig	swarm_140	4.0	3.0	
lightdock	luciferin_score	11.85658	2UUY_rec	2UUY_lig	swarm_140	5.0	7.0	
lightdock	luciferin_score	11.61859	2UUY_rec	2UUY_lig	swarm_140	6.0	9.0	
lightdock	luciferin_score	11.187	2UUY_rec	2UUY_lig	swarm_140	7.0	4.0	
lightdock	luciferin_score	10.80076	2UUY_rec	2UUY_lig	swarm_140	8.0	2.0	
lightdock	luciferin_score	10.70442	2UUY_rec	2UUY_lig	swarm_140	9.0	8.0	
lightdock	luciferin_score	10.58517	2UUY_rec	2UUY_lig	swarm_140	10.0	10.0	
lightdock	luciferin_score	10.38881	2UUY_rec	2UUY_lig	swarm_140	11.0	2.0	
lightdock	luciferin_score	10.24735	2UUY_rec	2UUY_lig	swarm_140	12.0	3.0	
lightdock	luciferin_score	10.10687	2UUY_rec	2UUY_lig	swarm_140	13.0	5.0	
lightdock	luciferin_score	9.77496	2UUY_rec	2UUY_lig	swarm_140	14.0	3.0	
lightdock	luciferin_score	9.76265	2UUY_rec	2UUY_lig	swarm_140	15.0	3.0	
lightdock	luciferin_score	9.74813	2UUY_rec	2UUY_lig	swarm_140	16.0	3.0	
lightdock	luciferin_score	9.59466	2UUY_rec	2UUY_lig	swarm_140	17.0	3.0	
lightdock	luciferin_score	9.58322	2UUY_rec	2UUY_lig	swarm_140	18.0	1.0	
lightdock	luciferin_score	9.46914	2UUY_rec	2UUY_lig	swarm_140	19.0	4.0	
lightdock	luciferin_score	9.43836	2UUY_rec	2UUY_lig	swarm_140	20.0	3.0	
lightdock	luciferin_score	9.29601	2UUY_rec	2UUY_lig	swarm_140	21.0	3.0	
lightdock	luciferin_score	9.26107	2UUY_rec	2UUY_lig	swarm_140	22.0	2.0	
lightdock	luciferin_score	9.16068	2UUY_rec	2UUY_lig	swarm_140	23.0	5.0	
lightdock	luciferin_score	8.73247	2UUY_rec	2UUY_lig	swarm_140	24.0	2.0	
lightdock	luciferin_score	8.58025	2UUY_rec	2UUY_lig	swarm_140	25.0	5.0	
lightdock	luciferin_score	8.39501	2UUY_rec	2UUY_lig	swarm_140	26.0	3.0	
lightdock	luciferin_score	8.26178	2UUY_rec	2UUY_lig	swarm_140	27.0	2.0	
lightdock	luciferin_score	8.25291	2UUY_rec	2UUY_lig	swarm_140	28.0	6.0	
lightdock	luciferin_score	8.13111	2UUY_rec	2UUY_lig	swarm_140	29.0	1.0	
lightdock	luciferin_score	7.95767	2UUY_rec	2UUY_lig	swarm_140	30.0	1.0	
lightdock	luciferin_score	7.68544	2UUY_rec	2UUY_lig	swarm_140	31.0	8.0	
lightdock	luciferin_score	7.66494	2UUY_rec	2UUY_lig	swarm_140	32.0	6.0	
lightdock	luciferin_score	7.63228	2UUY_rec	2UUY_lig	swarm_140	33.0	1.0	
lightdock	luciferin_score	7.6132	2UUY_rec	2UUY_lig	swarm_140	34.0	1.0	
lightdock	luciferin_score	7.48464	2UUY_rec	2UUY_lig	swarm_140	35.0	1.0	
lightdock	luciferin_score	7.1902	2UUY_rec	2UUY_lig	swarm_140	36.0	1.0	
lightdock	luciferin_score	7.06961	2UUY_rec	2UUY_lig	swarm_140	37.0	3.0	
lightdock	luciferin_score	7.02886	2UUY_rec	2UUY_lig	swarm_140	38.0	1.0	
lightdock	luciferin_score	6.87945	2UUY_rec	2UUY_lig	swarm_140	39.0	1.0	
lightdock	luciferin_score	6.77273	2UUY_rec	2UUY_lig	swarm_140	40.0	1.0	
lightdock	luciferin_score	6.5303	2UUY_rec	2UUY_lig	swarm_140	41.0	3.0	
lightdock	luciferin_score	5.10411	2UUY_rec	2UUY_lig	swarm_140	42.0	1.0	
lightdock	luciferin_score	4.76781	2UUY_rec	2UUY_lig	swarm_140	43.0	2.0	
lightdock	luciferin_score	4.71838	2UUY_rec	2UUY_lig	swarm_140	44.0	4.0	
lightdock	luciferin_score	4.36494	2UUY_rec	2UUY_lig	swarm_140	45.0	3.0	
lightdock	luciferin_score	4.00254	2UUY_rec	2UUY_lig	swarm_140	46.0	1.0	
lightdock	luciferin_score	3.0146	2UUY_rec	2UUY_lig	swarm_140	47.0	1.0	
lightdock	luciferin_score	2.75051	2UUY_rec	2UUY_lig	swarm_140	48.0	1.0	
lightdock	luciferin_score	1.68715	2UUY_rec	2UUY_lig	swarm_140	49.0	2.0	
lightdock	luciferin_score	1.34253	2UUY_rec	2UUY_lig	swarm_140	50.0	3.0	
lightdock	luciferin_score	1.19182	2UUY_rec	2UUY_lig	swarm_140	51.0	1.0	
lightdock	luciferin_score	0.36414	2UUY_rec	2UUY_lig	swarm_140	52.0	1.0	
lightdock	luciferin_score	-0.20979	2UUY_rec	2UUY_lig	swarm_140	53.0	2.0	
lightdock	luciferin_score	-0.38354	2UUY_rec	2UUY_lig	swarm_140	54.0	2.0	
lightdock	luciferin_score	-4.87796	2UUY_rec	2UUY_lig	swarm_140	55.0	5.0	
lightdock	luciferin_score	-9.01826	2UUY_rec	2UUY_lig	swarm_140	56.0	9.0	
lightdock	luciferin_score	-13.57045	2UUY_rec	2UUY_lig	swarm_140	57.0	2.0	
lightdock	luciferin_score	-19.1747	2UUY_rec	2UUY_lig	swarm_140	58.0	1.0	
lightdock	luciferin_score	-27.41115	2UUY_rec	2UUY_lig	swarm_140	59.0	1.0	
lightdock	luciferin_score	-31.46113	2UUY_rec	2UUY_lig	swarm_140	60.0	1.0	
lightdock	luciferin_score	-34.15762	2UUY_rec	2UUY_lig	swarm_140	61.0	1.0	
lightdock	luciferin_score	-45.94068	2UUY_rec	2UUY_lig	swarm_140	62.0	1.0	
lightdock	luciferin_score	-51.10532	2UUY_rec	2UUY_lig	swarm_140	63.0	1.0	
lightdock	luciferin_score	17.85251	2UUY_rec	2UUY_lig	swarm_141	0.0	5.0	
lightdock	luciferin_score	16.69063	2UUY_rec	2UUY_lig	swarm_141	1.0	3.0	
lightdock	luciferin_score	16.0625	2UUY_rec	2UUY_lig	swarm_141	2.0	1.0	
lightdock	luciferin_score	15.30049	2UUY_rec	2UUY_lig	swarm_141	3.0	4.0	
lightdock	luciferin_score	13.89716	2UUY_rec	2UUY_lig	swarm_141	4.0	10.0	
lightdock	luciferin_score	13.21894	2UUY_rec	2UUY_lig	swarm_141	5.0	4.0	
lightdock	luciferin_score	12.81478	2UUY_rec	2UUY_lig	swarm_141	6.0	8.0	
lightdock	luciferin_score	12.78109	2UUY_rec	2UUY_lig	swarm_141	7.0	5.0	
lightdock	luciferin_score	12.25884	2UUY_rec	2UUY_lig	swarm_141	8.0	2.0	
lightdock	luciferin_score	11.49408	2UUY_rec	2UUY_lig	swarm_141	9.0	3.0	
lightdock	luciferin_score	10.71663	2UUY_rec	2UUY_lig	swarm_141	10.0	7.0	
lightdock	luciferin_score	10.70063	2UUY_rec	2UUY_lig	swarm_141	11.0	7.0	
lightdock	luciferin_score	10.26401	2UUY_rec	2UUY_lig	swarm_141	12.0	2.0	
lightdock	luciferin_score	9.98829	2UUY_rec	2UUY_lig	swarm_141	13.0	2.0	
lightdock	luciferin_score	9.86106	2UUY_rec	2UUY_lig	swarm_141	14.0	11.0	
lightdock	luciferin_score	9.62033	2UUY_rec	2UUY_lig	swarm_141	15.0	6.0	
lightdock	luciferin_score	9.59602	2UUY_rec	2UUY_lig	swarm_141	16.0	5.0	
lightdock	luciferin_score	9.48378	2UUY_rec	2UUY_lig	swarm_141	17.0	1.0	
lightdock	luciferin_score	9.47039	2UUY_rec	2UUY_lig	swarm_141	18.0	6.0	
lightdock	luciferin_score	9.38404	2UUY_rec	2UUY_lig	swarm_141	19.0	5.0	
lightdock	luciferin_score	9.3108	2UUY_rec	2UUY_lig	swarm_141	20.0	10.0	
lightdock	luciferin_score	9.13703	2UUY_rec	2UUY_lig	swarm_141	21.0	2.0	
lightdock	luciferin_score	8.70443	2UUY_rec	2UUY_lig	swarm_141	22.0	1.0	
lightdock	luciferin_score	8.68156	2UUY_rec	2UUY_lig	swarm_141	23.0	1.0	
lightdock	luciferin_score	8.49526	2UUY_rec	2UUY_lig	swarm_141	24.0	9.0	
lightdock	luciferin_score	8.43796	2UUY_rec	2UUY_lig	swarm_141	25.0	1.0	
lightdock	luciferin_score	8.30201	2UUY_rec	2UUY_lig	swarm_141	26.0	1.0	
lightdock	luciferin_score	8.26918	2UUY_rec	2UUY_lig	swarm_141	27.0	3.0	
lightdock	luciferin_score	7.99082	2UUY_rec	2UUY_lig	swarm_141	28.0	1.0	
lightdock	luciferin_score	7.79343	2UUY_rec	2UUY_lig	swarm_141	29.0	2.0	
lightdock	luciferin_score	7.74886	2UUY_rec	2UUY_lig	swarm_141	30.0	1.0	
lightdock	luciferin_score	7.62281	2UUY_rec	2UUY_lig	swarm_141	31.0	1.0	
lightdock	luciferin_score	7.54229	2UUY_rec	2UUY_lig	swarm_141	32.0	3.0	
lightdock	luciferin_score	7.46121	2UUY_rec	2UUY_lig	swarm_141	33.0	1.0	
lightdock	luciferin_score	7.39262	2UUY_rec	2UUY_lig	swarm_141	34.0	3.0	
lightdock	luciferin_score	7.28217	2UUY_rec	2UUY_lig	swarm_141	35.0	1.0	
lightdock	luciferin_score	6.28928	2UUY_rec	2UUY_lig	swarm_141	36.0	7.0	
lightdock	luciferin_score	6.27155	2UUY_rec	2UUY_lig	swarm_141	37.0	3.0	
lightdock	luciferin_score	6.14133	2UUY_rec	2UUY_lig	swarm_141	38.0	1.0	
lightdock	luciferin_score	5.56504	2UUY_rec	2UUY_lig	swarm_141	39.0	2.0	
lightdock	luciferin_score	4.94209	2UUY_rec	2UUY_lig	swarm_141	40.0	1.0	
lightdock	luciferin_score	4.60206	2UUY_rec	2UUY_lig	swarm_141	41.0	3.0	
lightdock	luciferin_score	4.59014	2UUY_rec	2UUY_lig	swarm_141	42.0	1.0	
lightdock	luciferin_score	4.44065	2UUY_rec	2UUY_lig	swarm_141	43.0	6.0	
lightdock	luciferin_score	4.42572	2UUY_rec	2UUY_lig	swarm_141	44.0	1.0	
lightdock	luciferin_score	3.95642	2UUY_rec	2UUY_lig	swarm_141	45.0	2.0	
lightdock	luciferin_score	3.35958	2UUY_rec	2UUY_lig	swarm_141	46.0	2.0	
lightdock	luciferin_score	3.04701	2UUY_rec	2UUY_lig	swarm_141	47.0	1.0	
lightdock	luciferin_score	2.54648	2UUY_rec	2UUY_lig	swarm_141	48.0	1.0	
lightdock	luciferin_score	-3.62856	2UUY_rec	2UUY_lig	swarm_141	49.0	1.0	
lightdock	luciferin_score	-7.31436	2UUY_rec	2UUY_lig	swarm_141	50.0	1.0	
lightdock	luciferin_score	-11.15454	2UUY_rec	2UUY_lig	swarm_141	51.0	2.0	
lightdock	luciferin_score	-11.32056	2UUY_rec	2UUY_lig	swarm_141	52.0	1.0	
lightdock	luciferin_score	-11.69089	2UUY_rec	2UUY_lig	swarm_141	53.0	3.0	
lightdock	luciferin_score	-11.79445	2UUY_rec	2UUY_lig	swarm_141	54.0	1.0	
lightdock	luciferin_score	-12.38492	2UUY_rec	2UUY_lig	swarm_141	55.0	1.0	
lightdock	luciferin_score	-12.5662	2UUY_rec	2UUY_lig	swarm_141	56.0	4.0	
lightdock	luciferin_score	-13.4584	2UUY_rec	2UUY_lig	swarm_141	57.0	1.0	
lightdock	luciferin_score	-16.62104	2UUY_rec	2UUY_lig	swarm_141	58.0	1.0	
lightdock	luciferin_score	-18.27518	2UUY_rec	2UUY_lig	swarm_141	59.0	1.0	
lightdock	luciferin_score	-25.17433	2UUY_rec	2UUY_lig	swarm_141	60.0	1.0	
lightdock	luciferin_score	-26.72509	2UUY_rec	2UUY_lig	swarm_141	61.0	2.0	
lightdock	luciferin_score	-26.74669	2UUY_rec	2UUY_lig	swarm_141	62.0	1.0	
lightdock	luciferin_score	-29.70798	2UUY_rec	2UUY_lig	swarm_141	63.0	2.0	
lightdock	luciferin_score	-30.17766	2UUY_rec	2UUY_lig	swarm_141	64.0	1.0	
lightdock	luciferin_score	-30.61612	2UUY_rec	2UUY_lig	swarm_141	65.0	1.0	
lightdock	luciferin_score	-31.43503	2UUY_rec	2UUY_lig	swarm_141	66.0	2.0	
lightdock	luciferin_score	-36.50395	2UUY_rec	2UUY_lig	swarm_141	67.0	1.0	
lightdock	luciferin_score	-42.47989	2UUY_rec	2UUY_lig	swarm_141	68.0	1.0	
lightdock	luciferin_score	-48.58498	2UUY_rec	2UUY_lig	swarm_141	69.0	1.0	
lightdock	luciferin_score	-77.95335	2UUY_rec	2UUY_lig	swarm_141	70.0	1.0	
lightdock	luciferin_score	16.43014	2UUY_rec	2UUY_lig	swarm_142	0.0	4.0	
lightdock	luciferin_score	16.36807	2UUY_rec	2UUY_lig	swarm_142	1.0	5.0	
lightdock	luciferin_score	14.98189	2UUY_rec	2UUY_lig	swarm_142	2.0	3.0	
lightdock	luciferin_score	14.90074	2UUY_rec	2UUY_lig	swarm_142	3.0	13.0	
lightdock	luciferin_score	14.38298	2UUY_rec	2UUY_lig	swarm_142	4.0	1.0	
lightdock	luciferin_score	13.70256	2UUY_rec	2UUY_lig	swarm_142	5.0	2.0	
lightdock	luciferin_score	13.37941	2UUY_rec	2UUY_lig	swarm_142	6.0	2.0	
lightdock	luciferin_score	13.34967	2UUY_rec	2UUY_lig	swarm_142	7.0	1.0	
lightdock	luciferin_score	12.68688	2UUY_rec	2UUY_lig	swarm_142	8.0	4.0	
lightdock	luciferin_score	12.55852	2UUY_rec	2UUY_lig	swarm_142	9.0	4.0	
lightdock	luciferin_score	12.19069	2UUY_rec	2UUY_lig	swarm_142	10.0	5.0	
lightdock	luciferin_score	12.1313	2UUY_rec	2UUY_lig	swarm_142	11.0	4.0	
lightdock	luciferin_score	12.01885	2UUY_rec	2UUY_lig	swarm_142	12.0	3.0	
lightdock	luciferin_score	11.96927	2UUY_rec	2UUY_lig	swarm_142	13.0	9.0	
lightdock	luciferin_score	11.92654	2UUY_rec	2UUY_lig	swarm_142	14.0	3.0	
lightdock	luciferin_score	11.78632	2UUY_rec	2UUY_lig	swarm_142	15.0	1.0	
lightdock	luciferin_score	11.47059	2UUY_rec	2UUY_lig	swarm_142	16.0	5.0	
lightdock	luciferin_score	11.31614	2UUY_rec	2UUY_lig	swarm_142	17.0	1.0	
lightdock	luciferin_score	10.39523	2UUY_rec	2UUY_lig	swarm_142	18.0	1.0	
lightdock	luciferin_score	10.39371	2UUY_rec	2UUY_lig	swarm_142	19.0	2.0	
lightdock	luciferin_score	10.19739	2UUY_rec	2UUY_lig	swarm_142	20.0	2.0	
lightdock	luciferin_score	10.17299	2UUY_rec	2UUY_lig	swarm_142	21.0	3.0	
lightdock	luciferin_score	10.05489	2UUY_rec	2UUY_lig	swarm_142	22.0	2.0	
lightdock	luciferin_score	9.89049	2UUY_rec	2UUY_lig	swarm_142	23.0	7.0	
lightdock	luciferin_score	9.80463	2UUY_rec	2UUY_lig	swarm_142	24.0	6.0	
lightdock	luciferin_score	9.76591	2UUY_rec	2UUY_lig	swarm_142	25.0	2.0	
lightdock	luciferin_score	9.6876	2UUY_rec	2UUY_lig	swarm_142	26.0	4.0	
lightdock	luciferin_score	9.65688	2UUY_rec	2UUY_lig	swarm_142	27.0	6.0	
lightdock	luciferin_score	9.65339	2UUY_rec	2UUY_lig	swarm_142	28.0	5.0	
lightdock	luciferin_score	9.38794	2UUY_rec	2UUY_lig	swarm_142	29.0	1.0	
lightdock	luciferin_score	9.32247	2UUY_rec	2UUY_lig	swarm_142	30.0	3.0	
lightdock	luciferin_score	9.26429	2UUY_rec	2UUY_lig	swarm_142	31.0	11.0	
lightdock	luciferin_score	8.9699	2UUY_rec	2UUY_lig	swarm_142	32.0	1.0	
lightdock	luciferin_score	8.8942	2UUY_rec	2UUY_lig	swarm_142	33.0	1.0	
lightdock	luciferin_score	8.77041	2UUY_rec	2UUY_lig	swarm_142	34.0	6.0	
lightdock	luciferin_score	7.51245	2UUY_rec	2UUY_lig	swarm_142	35.0	2.0	
lightdock	luciferin_score	7.41958	2UUY_rec	2UUY_lig	swarm_142	36.0	1.0	
lightdock	luciferin_score	6.83327	2UUY_rec	2UUY_lig	swarm_142	37.0	1.0	
lightdock	luciferin_score	6.66967	2UUY_rec	2UUY_lig	swarm_142	38.0	2.0	
lightdock	luciferin_score	6.21731	2UUY_rec	2UUY_lig	swarm_142	39.0	1.0	
lightdock	luciferin_score	5.83465	2UUY_rec	2UUY_lig	swarm_142	40.0	1.0	
lightdock	luciferin_score	5.46381	2UUY_rec	2UUY_lig	swarm_142	41.0	1.0	
lightdock	luciferin_score	4.48239	2UUY_rec	2UUY_lig	swarm_142	42.0	4.0	
lightdock	luciferin_score	4.44114	2UUY_rec	2UUY_lig	swarm_142	43.0	1.0	
lightdock	luciferin_score	3.4096	2UUY_rec	2UUY_lig	swarm_142	44.0	2.0	
lightdock	luciferin_score	2.69677	2UUY_rec	2UUY_lig	swarm_142	45.0	1.0	
lightdock	luciferin_score	1.20323	2UUY_rec	2UUY_lig	swarm_142	46.0	1.0	
lightdock	luciferin_score	1.18093	2UUY_rec	2UUY_lig	swarm_142	47.0	6.0	
lightdock	luciferin_score	-2.66593	2UUY_rec	2UUY_lig	swarm_142	48.0	7.0	
lightdock	luciferin_score	-6.09268	2UUY_rec	2UUY_lig	swarm_142	49.0	2.0	
lightdock	luciferin_score	-6.40882	2UUY_rec	2UUY_lig	swarm_142	50.0	1.0	
lightdock	luciferin_score	-6.91426	2UUY_rec	2UUY_lig	swarm_142	51.0	5.0	
lightdock	luciferin_score	-8.56142	2UUY_rec	2UUY_lig	swarm_142	52.0	1.0	
lightdock	luciferin_score	-9.31243	2UUY_rec	2UUY_lig	swarm_142	53.0	3.0	
lightdock	luciferin_score	-13.47867	2UUY_rec	2UUY_lig	swarm_142	54.0	1.0	
lightdock	luciferin_score	-16.7594	2UUY_rec	2UUY_lig	swarm_142	55.0	3.0	
lightdock	luciferin_score	-17.97384	2UUY_rec	2UUY_lig	swarm_142	56.0	3.0	
lightdock	luciferin_score	-22.20057	2UUY_rec	2UUY_lig	swarm_142	57.0	3.0	
lightdock	luciferin_score	-25.74042	2UUY_rec	2UUY_lig	swarm_142	58.0	1.0	
lightdock	luciferin_score	-27.28964	2UUY_rec	2UUY_lig	swarm_142	59.0	3.0	
lightdock	luciferin_score	-32.75831	2UUY_rec	2UUY_lig	swarm_142	60.0	1.0	
lightdock	luciferin_score	-36.5197	2UUY_rec	2UUY_lig	swarm_142	61.0	1.0	
lightdock	luciferin_score	-39.38483	2UUY_rec	2UUY_lig	swarm_142	62.0	1.0	
lightdock	luciferin_score	-43.52991	2UUY_rec	2UUY_lig	swarm_142	63.0	2.0	
lightdock	luciferin_score	-45.0186	2UUY_rec	2UUY_lig	swarm_142	64.0	1.0	
lightdock	luciferin_score	-46.17016	2UUY_rec	2UUY_lig	swarm_142	65.0	1.0	
lightdock	luciferin_score	-52.90732	2UUY_rec	2UUY_lig	swarm_142	66.0	1.0	
lightdock	luciferin_score	-64.81016	2UUY_rec	2UUY_lig	swarm_142	67.0	2.0	
lightdock	luciferin_score	18.59759	2UUY_rec	2UUY_lig	swarm_143	0.0	6.0	
lightdock	luciferin_score	16.39502	2UUY_rec	2UUY_lig	swarm_143	1.0	5.0	
lightdock	luciferin_score	15.39088	2UUY_rec	2UUY_lig	swarm_143	2.0	1.0	
lightdock	luciferin_score	15.17741	2UUY_rec	2UUY_lig	swarm_143	3.0	18.0	
lightdock	luciferin_score	14.6431	2UUY_rec	2UUY_lig	swarm_143	4.0	3.0	
lightdock	luciferin_score	14.25341	2UUY_rec	2UUY_lig	swarm_143	5.0	2.0	
lightdock	luciferin_score	13.85266	2UUY_rec	2UUY_lig	swarm_143	6.0	10.0	
lightdock	luciferin_score	13.83459	2UUY_rec	2UUY_lig	swarm_143	7.0	2.0	
lightdock	luciferin_score	13.57522	2UUY_rec	2UUY_lig	swarm_143	8.0	1.0	
lightdock	luciferin_score	13.44798	2UUY_rec	2UUY_lig	swarm_143	9.0	2.0	
lightdock	luciferin_score	13.40315	2UUY_rec	2UUY_lig	swarm_143	10.0	5.0	
lightdock	luciferin_score	11.93992	2UUY_rec	2UUY_lig	swarm_143	11.0	2.0	
lightdock	luciferin_score	11.75789	2UUY_rec	2UUY_lig	swarm_143	12.0	9.0	
lightdock	luciferin_score	11.23271	2UUY_rec	2UUY_lig	swarm_143	13.0	5.0	
lightdock	luciferin_score	11.01332	2UUY_rec	2UUY_lig	swarm_143	14.0	4.0	
lightdock	luciferin_score	10.9303	2UUY_rec	2UUY_lig	swarm_143	15.0	4.0	
lightdock	luciferin_score	10.7242	2UUY_rec	2UUY_lig	swarm_143	16.0	4.0	
lightdock	luciferin_score	10.72003	2UUY_rec	2UUY_lig	swarm_143	17.0	6.0	
lightdock	luciferin_score	10.60453	2UUY_rec	2UUY_lig	swarm_143	18.0	2.0	
lightdock	luciferin_score	10.55507	2UUY_rec	2UUY_lig	swarm_143	19.0	3.0	
lightdock	luciferin_score	10.34537	2UUY_rec	2UUY_lig	swarm_143	20.0	1.0	
lightdock	luciferin_score	10.18187	2UUY_rec	2UUY_lig	swarm_143	21.0	1.0	
lightdock	luciferin_score	10.10133	2UUY_rec	2UUY_lig	swarm_143	22.0	3.0	
lightdock	luciferin_score	9.96187	2UUY_rec	2UUY_lig	swarm_143	23.0	1.0	
lightdock	luciferin_score	9.903	2UUY_rec	2UUY_lig	swarm_143	24.0	1.0	
lightdock	luciferin_score	9.85147	2UUY_rec	2UUY_lig	swarm_143	25.0	2.0	
lightdock	luciferin_score	9.79198	2UUY_rec	2UUY_lig	swarm_143	26.0	5.0	
lightdock	luciferin_score	9.7845	2UUY_rec	2UUY_lig	swarm_143	27.0	5.0	
lightdock	luciferin_score	9.3445	2UUY_rec	2UUY_lig	swarm_143	28.0	1.0	
lightdock	luciferin_score	9.32827	2UUY_rec	2UUY_lig	swarm_143	29.0	1.0	
lightdock	luciferin_score	9.23891	2UUY_rec	2UUY_lig	swarm_143	30.0	3.0	
lightdock	luciferin_score	8.94599	2UUY_rec	2UUY_lig	swarm_143	31.0	1.0	
lightdock	luciferin_score	8.74008	2UUY_rec	2UUY_lig	swarm_143	32.0	3.0	
lightdock	luciferin_score	8.73243	2UUY_rec	2UUY_lig	swarm_143	33.0	1.0	
lightdock	luciferin_score	8.57414	2UUY_rec	2UUY_lig	swarm_143	34.0	1.0	
lightdock	luciferin_score	8.35372	2UUY_rec	2UUY_lig	swarm_143	35.0	2.0	
lightdock	luciferin_score	8.22875	2UUY_rec	2UUY_lig	swarm_143	36.0	2.0	
lightdock	luciferin_score	8.16159	2UUY_rec	2UUY_lig	swarm_143	37.0	1.0	
lightdock	luciferin_score	8.03792	2UUY_rec	2UUY_lig	swarm_143	38.0	2.0	
lightdock	luciferin_score	7.96395	2UUY_rec	2UUY_lig	swarm_143	39.0	5.0	
lightdock	luciferin_score	7.88022	2UUY_rec	2UUY_lig	swarm_143	40.0	5.0	
lightdock	luciferin_score	7.68168	2UUY_rec	2UUY_lig	swarm_143	41.0	1.0	
lightdock	luciferin_score	7.50986	2UUY_rec	2UUY_lig	swarm_143	42.0	1.0	
lightdock	luciferin_score	7.28337	2UUY_rec	2UUY_lig	swarm_143	43.0	2.0	
lightdock	luciferin_score	6.76724	2UUY_rec	2UUY_lig	swarm_143	44.0	1.0	
lightdock	luciferin_score	6.51276	2UUY_rec	2UUY_lig	swarm_143	45.0	1.0	
lightdock	luciferin_score	6.4721	2UUY_rec	2UUY_lig	swarm_143	46.0	2.0	
lightdock	luciferin_score	6.17692	2UUY_rec	2UUY_lig	swarm_143	47.0	1.0	
lightdock	luciferin_score	6.17294	2UUY_rec	2UUY_lig	swarm_143	48.0	1.0	
lightdock	luciferin_score	5.87461	2UUY_rec	2UUY_lig	swarm_143	49.0	1.0	
lightdock	luciferin_score	5.76464	2UUY_rec	2UUY_lig	swarm_143	50.0	1.0	
lightdock	luciferin_score	5.73398	2UUY_rec	2UUY_lig	swarm_143	51.0	6.0	
lightdock	luciferin_score	5.07422	2UUY_rec	2UUY_lig	swarm_143	52.0	2.0	
lightdock	luciferin_score	4.85063	2UUY_rec	2UUY_lig	swarm_143	53.0	1.0	
lightdock	luciferin_score	4.26472	2UUY_rec	2UUY_lig	swarm_143	54.0	1.0	
lightdock	luciferin_score	3.31004	2UUY_rec	2UUY_lig	swarm_143	55.0	2.0	
lightdock	luciferin_score	0.49123	2UUY_rec	2UUY_lig	swarm_143	56.0	6.0	
lightdock	luciferin_score	-1.01474	2UUY_rec	2UUY_lig	swarm_143	57.0	1.0	
lightdock	luciferin_score	-3.00209	2UUY_rec	2UUY_lig	swarm_143	58.0	2.0	
lightdock	luciferin_score	-3.21657	2UUY_rec	2UUY_lig	swarm_143	59.0	1.0	
lightdock	luciferin_score	-5.60347	2UUY_rec	2UUY_lig	swarm_143	60.0	5.0	
lightdock	luciferin_score	-6.20424	2UUY_rec	2UUY_lig	swarm_143	61.0	4.0	
lightdock	luciferin_score	-10.4913	2UUY_rec	2UUY_lig	swarm_143	62.0	1.0	
lightdock	luciferin_score	-11.69933	2UUY_rec	2UUY_lig	swarm_143	63.0	2.0	
lightdock	luciferin_score	-12.11725	2UUY_rec	2UUY_lig	swarm_143	64.0	1.0	
lightdock	luciferin_score	-13.53052	2UUY_rec	2UUY_lig	swarm_143	65.0	1.0	
lightdock	luciferin_score	-17.73631	2UUY_rec	2UUY_lig	swarm_143	66.0	1.0	
lightdock	luciferin_score	-20.44842	2UUY_rec	2UUY_lig	swarm_143	67.0	1.0	
lightdock	luciferin_score	-22.72941	2UUY_rec	2UUY_lig	swarm_143	68.0	4.0	
lightdock	luciferin_score	-29.45975	2UUY_rec	2UUY_lig	swarm_143	69.0	1.0	
lightdock	luciferin_score	-29.60539	2UUY_rec	2UUY_lig	swarm_143	70.0	1.0	
lightdock	luciferin_score	-34.13103	2UUY_rec	2UUY_lig	swarm_143	71.0	1.0	
lightdock	luciferin_score	-39.22716	2UUY_rec	2UUY_lig	swarm_143	72.0	1.0	
lightdock	luciferin_score	-42.83812	2UUY_rec	2UUY_lig	swarm_143	73.0	1.0	
lightdock	luciferin_score	13.14556	2UUY_rec	2UUY_lig	swarm_144	0.0	12.0	
lightdock	luciferin_score	11.65632	2UUY_rec	2UUY_lig	swarm_144	1.0	4.0	
lightdock	luciferin_score	11.54633	2UUY_rec	2UUY_lig	swarm_144	2.0	2.0	
lightdock	luciferin_score	11.51287	2UUY_rec	2UUY_lig	swarm_144	3.0	3.0	
lightdock	luciferin_score	11.00067	2UUY_rec	2UUY_lig	swarm_144	4.0	10.0	
lightdock	luciferin_score	10.95036	2UUY_rec	2UUY_lig	swarm_144	5.0	7.0	
lightdock	luciferin_score	10.76587	2UUY_rec	2UUY_lig	swarm_144	6.0	1.0	
lightdock	luciferin_score	10.73444	2UUY_rec	2UUY_lig	swarm_144	7.0	1.0	
lightdock	luciferin_score	10.73435	2UUY_rec	2UUY_lig	swarm_144	8.0	2.0	
lightdock	luciferin_score	10.4772	2UUY_rec	2UUY_lig	swarm_144	9.0	1.0	
lightdock	luciferin_score	10.39932	2UUY_rec	2UUY_lig	swarm_144	10.0	5.0	
lightdock	luciferin_score	10.17452	2UUY_rec	2UUY_lig	swarm_144	11.0	3.0	
lightdock	luciferin_score	9.95615	2UUY_rec	2UUY_lig	swarm_144	12.0	2.0	
lightdock	luciferin_score	9.88191	2UUY_rec	2UUY_lig	swarm_144	13.0	2.0	
lightdock	luciferin_score	9.67311	2UUY_rec	2UUY_lig	swarm_144	14.0	13.0	
lightdock	luciferin_score	9.60815	2UUY_rec	2UUY_lig	swarm_144	15.0	4.0	
lightdock	luciferin_score	9.45622	2UUY_rec	2UUY_lig	swarm_144	16.0	6.0	
lightdock	luciferin_score	9.27148	2UUY_rec	2UUY_lig	swarm_144	17.0	4.0	
lightdock	luciferin_score	9.22321	2UUY_rec	2UUY_lig	swarm_144	18.0	4.0	
lightdock	luciferin_score	8.78712	2UUY_rec	2UUY_lig	swarm_144	19.0	2.0	
lightdock	luciferin_score	8.55706	2UUY_rec	2UUY_lig	swarm_144	20.0	6.0	
lightdock	luciferin_score	8.54829	2UUY_rec	2UUY_lig	swarm_144	21.0	6.0	
lightdock	luciferin_score	8.48815	2UUY_rec	2UUY_lig	swarm_144	22.0	1.0	
lightdock	luciferin_score	8.43008	2UUY_rec	2UUY_lig	swarm_144	23.0	3.0	
lightdock	luciferin_score	8.10113	2UUY_rec	2UUY_lig	swarm_144	24.0	2.0	
lightdock	luciferin_score	8.06493	2UUY_rec	2UUY_lig	swarm_144	25.0	1.0	
lightdock	luciferin_score	7.95404	2UUY_rec	2UUY_lig	swarm_144	26.0	1.0	
lightdock	luciferin_score	7.87624	2UUY_rec	2UUY_lig	swarm_144	27.0	4.0	
lightdock	luciferin_score	7.62258	2UUY_rec	2UUY_lig	swarm_144	28.0	1.0	
lightdock	luciferin_score	7.45101	2UUY_rec	2UUY_lig	swarm_144	29.0	1.0	
lightdock	luciferin_score	7.34238	2UUY_rec	2UUY_lig	swarm_144	30.0	2.0	
lightdock	luciferin_score	7.32124	2UUY_rec	2UUY_lig	swarm_144	31.0	1.0	
lightdock	luciferin_score	7.27459	2UUY_rec	2UUY_lig	swarm_144	32.0	4.0	
lightdock	luciferin_score	7.1939	2UUY_rec	2UUY_lig	swarm_144	33.0	3.0	
lightdock	luciferin_score	7.19323	2UUY_rec	2UUY_lig	swarm_144	34.0	5.0	
lightdock	luciferin_score	7.08473	2UUY_rec	2UUY_lig	swarm_144	35.0	10.0	
lightdock	luciferin_score	6.95185	2UUY_rec	2UUY_lig	swarm_144	36.0	1.0	
lightdock	luciferin_score	6.89712	2UUY_rec	2UUY_lig	swarm_144	37.0	2.0	
lightdock	luciferin_score	6.68857	2UUY_rec	2UUY_lig	swarm_144	38.0	6.0	
lightdock	luciferin_score	6.55217	2UUY_rec	2UUY_lig	swarm_144	39.0	3.0	
lightdock	luciferin_score	6.53306	2UUY_rec	2UUY_lig	swarm_144	40.0	2.0	
lightdock	luciferin_score	6.33171	2UUY_rec	2UUY_lig	swarm_144	41.0	2.0	
lightdock	luciferin_score	6.3028	2UUY_rec	2UUY_lig	swarm_144	42.0	2.0	
lightdock	luciferin_score	6.11553	2UUY_rec	2UUY_lig	swarm_144	43.0	1.0	
lightdock	luciferin_score	6.04202	2UUY_rec	2UUY_lig	swarm_144	44.0	2.0	
lightdock	luciferin_score	5.96589	2UUY_rec	2UUY_lig	swarm_144	45.0	1.0	
lightdock	luciferin_score	5.59226	2UUY_rec	2UUY_lig	swarm_144	46.0	1.0	
lightdock	luciferin_score	5.53615	2UUY_rec	2UUY_lig	swarm_144	47.0	1.0	
lightdock	luciferin_score	5.23568	2UUY_rec	2UUY_lig	swarm_144	48.0	1.0	
lightdock	luciferin_score	5.21484	2UUY_rec	2UUY_lig	swarm_144	49.0	1.0	
lightdock	luciferin_score	5.0038	2UUY_rec	2UUY_lig	swarm_144	50.0	1.0	
lightdock	luciferin_score	3.77136	2UUY_rec	2UUY_lig	swarm_144	51.0	1.0	
lightdock	luciferin_score	3.58131	2UUY_rec	2UUY_lig	swarm_144	52.0	7.0	
lightdock	luciferin_score	2.15132	2UUY_rec	2UUY_lig	swarm_144	53.0	1.0	
lightdock	luciferin_score	1.58825	2UUY_rec	2UUY_lig	swarm_144	54.0	3.0	
lightdock	luciferin_score	1.31946	2UUY_rec	2UUY_lig	swarm_144	55.0	3.0	
lightdock	luciferin_score	1.16349	2UUY_rec	2UUY_lig	swarm_144	56.0	3.0	
lightdock	luciferin_score	-0.10196	2UUY_rec	2UUY_lig	swarm_144	57.0	1.0	
lightdock	luciferin_score	-0.20893	2UUY_rec	2UUY_lig	swarm_144	58.0	1.0	
lightdock	luciferin_score	-0.25097	2UUY_rec	2UUY_lig	swarm_144	59.0	2.0	
lightdock	luciferin_score	-0.75077	2UUY_rec	2UUY_lig	swarm_144	60.0	4.0	
lightdock	luciferin_score	-1.36652	2UUY_rec	2UUY_lig	swarm_144	61.0	1.0	
lightdock	luciferin_score	-6.64762	2UUY_rec	2UUY_lig	swarm_144	62.0	2.0	
lightdock	luciferin_score	-12.57937	2UUY_rec	2UUY_lig	swarm_144	63.0	3.0	
lightdock	luciferin_score	-20.83893	2UUY_rec	2UUY_lig	swarm_144	64.0	1.0	
lightdock	luciferin_score	-40.91033	2UUY_rec	2UUY_lig	swarm_144	65.0	1.0	
lightdock	luciferin_score	18.85316	2UUY_rec	2UUY_lig	swarm_145	0.0	3.0	
lightdock	luciferin_score	17.56079	2UUY_rec	2UUY_lig	swarm_145	1.0	9.0	
lightdock	luciferin_score	17.13135	2UUY_rec	2UUY_lig	swarm_145	2.0	2.0	
lightdock	luciferin_score	16.41507	2UUY_rec	2UUY_lig	swarm_145	3.0	2.0	
lightdock	luciferin_score	16.16914	2UUY_rec	2UUY_lig	swarm_145	4.0	1.0	
lightdock	luciferin_score	15.7059	2UUY_rec	2UUY_lig	swarm_145	5.0	5.0	
lightdock	luciferin_score	15.69476	2UUY_rec	2UUY_lig	swarm_145	6.0	3.0	
lightdock	luciferin_score	15.66931	2UUY_rec	2UUY_lig	swarm_145	7.0	8.0	
lightdock	luciferin_score	15.48144	2UUY_rec	2UUY_lig	swarm_145	8.0	7.0	
lightdock	luciferin_score	15.15336	2UUY_rec	2UUY_lig	swarm_145	9.0	4.0	
lightdock	luciferin_score	14.97646	2UUY_rec	2UUY_lig	swarm_145	10.0	4.0	
lightdock	luciferin_score	14.96708	2UUY_rec	2UUY_lig	swarm_145	11.0	1.0	
lightdock	luciferin_score	14.71442	2UUY_rec	2UUY_lig	swarm_145	12.0	6.0	
lightdock	luciferin_score	13.48761	2UUY_rec	2UUY_lig	swarm_145	13.0	1.0	
lightdock	luciferin_score	13.32369	2UUY_rec	2UUY_lig	swarm_145	14.0	2.0	
lightdock	luciferin_score	13.24922	2UUY_rec	2UUY_lig	swarm_145	15.0	5.0	
lightdock	luciferin_score	13.03859	2UUY_rec	2UUY_lig	swarm_145	16.0	5.0	
lightdock	luciferin_score	12.02848	2UUY_rec	2UUY_lig	swarm_145	17.0	7.0	
lightdock	luciferin_score	11.88307	2UUY_rec	2UUY_lig	swarm_145	18.0	5.0	
lightdock	luciferin_score	11.78576	2UUY_rec	2UUY_lig	swarm_145	19.0	3.0	
lightdock	luciferin_score	11.72571	2UUY_rec	2UUY_lig	swarm_145	20.0	2.0	
lightdock	luciferin_score	11.37584	2UUY_rec	2UUY_lig	swarm_145	21.0	3.0	
lightdock	luciferin_score	11.30919	2UUY_rec	2UUY_lig	swarm_145	22.0	3.0	
lightdock	luciferin_score	9.9338	2UUY_rec	2UUY_lig	swarm_145	23.0	4.0	
lightdock	luciferin_score	9.8922	2UUY_rec	2UUY_lig	swarm_145	24.0	1.0	
lightdock	luciferin_score	9.68519	2UUY_rec	2UUY_lig	swarm_145	25.0	3.0	
lightdock	luciferin_score	9.61699	2UUY_rec	2UUY_lig	swarm_145	26.0	2.0	
lightdock	luciferin_score	9.26845	2UUY_rec	2UUY_lig	swarm_145	27.0	1.0	
lightdock	luciferin_score	9.02087	2UUY_rec	2UUY_lig	swarm_145	28.0	1.0	
lightdock	luciferin_score	7.35179	2UUY_rec	2UUY_lig	swarm_145	29.0	1.0	
lightdock	luciferin_score	7.03959	2UUY_rec	2UUY_lig	swarm_145	30.0	1.0	
lightdock	luciferin_score	6.0979	2UUY_rec	2UUY_lig	swarm_145	31.0	8.0	
lightdock	luciferin_score	5.62585	2UUY_rec	2UUY_lig	swarm_145	32.0	2.0	
lightdock	luciferin_score	4.92391	2UUY_rec	2UUY_lig	swarm_145	33.0	6.0	
lightdock	luciferin_score	4.32185	2UUY_rec	2UUY_lig	swarm_145	34.0	2.0	
lightdock	luciferin_score	3.17323	2UUY_rec	2UUY_lig	swarm_145	35.0	11.0	
lightdock	luciferin_score	2.60674	2UUY_rec	2UUY_lig	swarm_145	36.0	2.0	
lightdock	luciferin_score	1.9836	2UUY_rec	2UUY_lig	swarm_145	37.0	1.0	
lightdock	luciferin_score	0.14014	2UUY_rec	2UUY_lig	swarm_145	38.0	1.0	
lightdock	luciferin_score	-0.80938	2UUY_rec	2UUY_lig	swarm_145	39.0	2.0	
lightdock	luciferin_score	-1.17274	2UUY_rec	2UUY_lig	swarm_145	40.0	4.0	
lightdock	luciferin_score	-1.46857	2UUY_rec	2UUY_lig	swarm_145	41.0	1.0	
lightdock	luciferin_score	-2.37515	2UUY_rec	2UUY_lig	swarm_145	42.0	1.0	
lightdock	luciferin_score	-2.61653	2UUY_rec	2UUY_lig	swarm_145	43.0	4.0	
lightdock	luciferin_score	-2.844	2UUY_rec	2UUY_lig	swarm_145	44.0	1.0	
lightdock	luciferin_score	-4.30972	2UUY_rec	2UUY_lig	swarm_145	45.0	8.0	
lightdock	luciferin_score	-10.49698	2UUY_rec	2UUY_lig	swarm_145	46.0	1.0	
lightdock	luciferin_score	-11.17996	2UUY_rec	2UUY_lig	swarm_145	47.0	8.0	
lightdock	luciferin_score	-13.90117	2UUY_rec	2UUY_lig	swarm_145	48.0	1.0	
lightdock	luciferin_score	-14.51816	2UUY_rec	2UUY_lig	swarm_145	49.0	1.0	
lightdock	luciferin_score	-15.80434	2UUY_rec	2UUY_lig	swarm_145	50.0	1.0	
lightdock	luciferin_score	-16.72813	2UUY_rec	2UUY_lig	swarm_145	51.0	1.0	
lightdock	luciferin_score	-18.77139	2UUY_rec	2UUY_lig	swarm_145	52.0	1.0	
lightdock	luciferin_score	-19.62229	2UUY_rec	2UUY_lig	swarm_145	53.0	4.0	
lightdock	luciferin_score	-21.23597	2UUY_rec	2UUY_lig	swarm_145	54.0	1.0	
lightdock	luciferin_score	-30.65168	2UUY_rec	2UUY_lig	swarm_145	55.0	1.0	
lightdock	luciferin_score	-35.17105	2UUY_rec	2UUY_lig	swarm_145	56.0	2.0	
lightdock	luciferin_score	-35.84825	2UUY_rec	2UUY_lig	swarm_145	57.0	1.0	
lightdock	luciferin_score	-36.48252	2UUY_rec	2UUY_lig	swarm_145	58.0	7.0	
lightdock	luciferin_score	-52.19714	2UUY_rec	2UUY_lig	swarm_145	59.0	2.0	
lightdock	luciferin_score	-58.0323	2UUY_rec	2UUY_lig	swarm_145	60.0	1.0	
lightdock	luciferin_score	-60.21583	2UUY_rec	2UUY_lig	swarm_145	61.0	2.0	
lightdock	luciferin_score	-61.92553	2UUY_rec	2UUY_lig	swarm_145	62.0	1.0	
lightdock	luciferin_score	-62.88717	2UUY_rec	2UUY_lig	swarm_145	63.0	1.0	
lightdock	luciferin_score	-69.90646	2UUY_rec	2UUY_lig	swarm_145	64.0	3.0	
lightdock	luciferin_score	-76.74148	2UUY_rec	2UUY_lig	swarm_145	65.0	1.0	
lightdock	luciferin_score	20.68571	2UUY_rec	2UUY_lig	swarm_146	0.0	6.0	
lightdock	luciferin_score	18.04476	2UUY_rec	2UUY_lig	swarm_146	1.0	2.0	
lightdock	luciferin_score	15.84429	2UUY_rec	2UUY_lig	swarm_146	2.0	5.0	
lightdock	luciferin_score	15.70103	2UUY_rec	2UUY_lig	swarm_146	3.0	7.0	
lightdock	luciferin_score	13.27331	2UUY_rec	2UUY_lig	swarm_146	4.0	4.0	
lightdock	luciferin_score	11.938	2UUY_rec	2UUY_lig	swarm_146	5.0	8.0	
lightdock	luciferin_score	11.76504	2UUY_rec	2UUY_lig	swarm_146	6.0	8.0	
lightdock	luciferin_score	11.58715	2UUY_rec	2UUY_lig	swarm_146	7.0	3.0	
lightdock	luciferin_score	11.27644	2UUY_rec	2UUY_lig	swarm_146	8.0	3.0	
lightdock	luciferin_score	11.24801	2UUY_rec	2UUY_lig	swarm_146	9.0	4.0	
lightdock	luciferin_score	11.14936	2UUY_rec	2UUY_lig	swarm_146	10.0	17.0	
lightdock	luciferin_score	10.06093	2UUY_rec	2UUY_lig	swarm_146	11.0	1.0	
lightdock	luciferin_score	10.03869	2UUY_rec	2UUY_lig	swarm_146	12.0	8.0	
lightdock	luciferin_score	9.77147	2UUY_rec	2UUY_lig	swarm_146	13.0	5.0	
lightdock	luciferin_score	9.62221	2UUY_rec	2UUY_lig	swarm_146	14.0	7.0	
lightdock	luciferin_score	9.29993	2UUY_rec	2UUY_lig	swarm_146	15.0	3.0	
lightdock	luciferin_score	8.67887	2UUY_rec	2UUY_lig	swarm_146	16.0	5.0	
lightdock	luciferin_score	8.62389	2UUY_rec	2UUY_lig	swarm_146	17.0	1.0	
lightdock	luciferin_score	8.54848	2UUY_rec	2UUY_lig	swarm_146	18.0	3.0	
lightdock	luciferin_score	8.48057	2UUY_rec	2UUY_lig	swarm_146	19.0	1.0	
lightdock	luciferin_score	8.38488	2UUY_rec	2UUY_lig	swarm_146	20.0	1.0	
lightdock	luciferin_score	8.35211	2UUY_rec	2UUY_lig	swarm_146	21.0	1.0	
lightdock	luciferin_score	8.35027	2UUY_rec	2UUY_lig	swarm_146	22.0	1.0	
lightdock	luciferin_score	7.95039	2UUY_rec	2UUY_lig	swarm_146	23.0	1.0	
lightdock	luciferin_score	7.44275	2UUY_rec	2UUY_lig	swarm_146	24.0	3.0	
lightdock	luciferin_score	6.88902	2UUY_rec	2UUY_lig	swarm_146	25.0	1.0	
lightdock	luciferin_score	6.58073	2UUY_rec	2UUY_lig	swarm_146	26.0	1.0	
lightdock	luciferin_score	6.13127	2UUY_rec	2UUY_lig	swarm_146	27.0	4.0	
lightdock	luciferin_score	5.74935	2UUY_rec	2UUY_lig	swarm_146	28.0	1.0	
lightdock	luciferin_score	5.31071	2UUY_rec	2UUY_lig	swarm_146	29.0	1.0	
lightdock	luciferin_score	4.3044	2UUY_rec	2UUY_lig	swarm_146	30.0	4.0	
lightdock	luciferin_score	4.28944	2UUY_rec	2UUY_lig	swarm_146	31.0	1.0	
lightdock	luciferin_score	3.94797	2UUY_rec	2UUY_lig	swarm_146	32.0	3.0	
lightdock	luciferin_score	3.30781	2UUY_rec	2UUY_lig	swarm_146	33.0	4.0	
lightdock	luciferin_score	2.24575	2UUY_rec	2UUY_lig	swarm_146	34.0	1.0	
lightdock	luciferin_score	2.04818	2UUY_rec	2UUY_lig	swarm_146	35.0	6.0	
lightdock	luciferin_score	1.60617	2UUY_rec	2UUY_lig	swarm_146	36.0	1.0	
lightdock	luciferin_score	0.18634	2UUY_rec	2UUY_lig	swarm_146	37.0	2.0	
lightdock	luciferin_score	-0.11597	2UUY_rec	2UUY_lig	swarm_146	38.0	3.0	
lightdock	luciferin_score	-0.7183	2UUY_rec	2UUY_lig	swarm_146	39.0	6.0	
lightdock	luciferin_score	-1.40834	2UUY_rec	2UUY_lig	swarm_146	40.0	4.0	
lightdock	luciferin_score	-1.58966	2UUY_rec	2UUY_lig	swarm_146	41.0	1.0	
lightdock	luciferin_score	-1.83422	2UUY_rec	2UUY_lig	swarm_146	42.0	2.0	
lightdock	luciferin_score	-2.98788	2UUY_rec	2UUY_lig	swarm_146	43.0	1.0	
lightdock	luciferin_score	-5.42298	2UUY_rec	2UUY_lig	swarm_146	44.0	2.0	
lightdock	luciferin_score	-6.43625	2UUY_rec	2UUY_lig	swarm_146	45.0	1.0	
lightdock	luciferin_score	-7.5419	2UUY_rec	2UUY_lig	swarm_146	46.0	1.0	
lightdock	luciferin_score	-7.80503	2UUY_rec	2UUY_lig	swarm_146	47.0	1.0	
lightdock	luciferin_score	-8.34127	2UUY_rec	2UUY_lig	swarm_146	48.0	4.0	
lightdock	luciferin_score	-8.71228	2UUY_rec	2UUY_lig	swarm_146	49.0	1.0	
lightdock	luciferin_score	-10.84769	2UUY_rec	2UUY_lig	swarm_146	50.0	8.0	
lightdock	luciferin_score	-11.63059	2UUY_rec	2UUY_lig	swarm_146	51.0	4.0	
lightdock	luciferin_score	-11.64498	2UUY_rec	2UUY_lig	swarm_146	52.0	2.0	
lightdock	luciferin_score	-19.3134	2UUY_rec	2UUY_lig	swarm_146	53.0	1.0	
lightdock	luciferin_score	-21.72605	2UUY_rec	2UUY_lig	swarm_146	54.0	2.0	
lightdock	luciferin_score	-24.73367	2UUY_rec	2UUY_lig	swarm_146	55.0	1.0	
lightdock	luciferin_score	-26.85797	2UUY_rec	2UUY_lig	swarm_146	56.0	1.0	
lightdock	luciferin_score	-27.8377	2UUY_rec	2UUY_lig	swarm_146	57.0	1.0	
lightdock	luciferin_score	-38.40302	2UUY_rec	2UUY_lig	swarm_146	58.0	3.0	
lightdock	luciferin_score	-39.66211	2UUY_rec	2UUY_lig	swarm_146	59.0	1.0	
lightdock	luciferin_score	-41.26395	2UUY_rec	2UUY_lig	swarm_146	60.0	4.0	
lightdock	luciferin_score	-41.28276	2UUY_rec	2UUY_lig	swarm_146	61.0	1.0	
lightdock	luciferin_score	-45.28918	2UUY_rec	2UUY_lig	swarm_146	62.0	1.0	
lightdock	luciferin_score	-62.08243	2UUY_rec	2UUY_lig	swarm_146	63.0	1.0	
lightdock	luciferin_score	-67.52039	2UUY_rec	2UUY_lig	swarm_146	64.0	1.0	
lightdock	luciferin_score	-69.61267	2UUY_rec	2UUY_lig	swarm_146	65.0	1.0	
lightdock	luciferin_score	-69.76134	2UUY_rec	2UUY_lig	swarm_146	66.0	1.0	
lightdock	luciferin_score	-82.32689	2UUY_rec	2UUY_lig	swarm_146	67.0	1.0	
lightdock	luciferin_score	17.85516	2UUY_rec	2UUY_lig	swarm_147	0.0	1.0	
lightdock	luciferin_score	17.32653	2UUY_rec	2UUY_lig	swarm_147	1.0	5.0	
lightdock	luciferin_score	16.8173	2UUY_rec	2UUY_lig	swarm_147	2.0	8.0	
lightdock	luciferin_score	16.71376	2UUY_rec	2UUY_lig	swarm_147	3.0	9.0	
lightdock	luciferin_score	15.64437	2UUY_rec	2UUY_lig	swarm_147	4.0	5.0	
lightdock	luciferin_score	14.64224	2UUY_rec	2UUY_lig	swarm_147	5.0	12.0	
lightdock	luciferin_score	14.50935	2UUY_rec	2UUY_lig	swarm_147	6.0	3.0	
lightdock	luciferin_score	14.36867	2UUY_rec	2UUY_lig	swarm_147	7.0	8.0	
lightdock	luciferin_score	13.08036	2UUY_rec	2UUY_lig	swarm_147	8.0	7.0	
lightdock	luciferin_score	12.5682	2UUY_rec	2UUY_lig	swarm_147	9.0	4.0	
lightdock	luciferin_score	12.5168	2UUY_rec	2UUY_lig	swarm_147	10.0	5.0	
lightdock	luciferin_score	12.27766	2UUY_rec	2UUY_lig	swarm_147	11.0	2.0	
lightdock	luciferin_score	12.14266	2UUY_rec	2UUY_lig	swarm_147	12.0	6.0	
lightdock	luciferin_score	11.63497	2UUY_rec	2UUY_lig	swarm_147	13.0	8.0	
lightdock	luciferin_score	11.36245	2UUY_rec	2UUY_lig	swarm_147	14.0	3.0	
lightdock	luciferin_score	11.25536	2UUY_rec	2UUY_lig	swarm_147	15.0	7.0	
lightdock	luciferin_score	10.93468	2UUY_rec	2UUY_lig	swarm_147	16.0	6.0	
lightdock	luciferin_score	10.84659	2UUY_rec	2UUY_lig	swarm_147	17.0	7.0	
lightdock	luciferin_score	10.3898	2UUY_rec	2UUY_lig	swarm_147	18.0	6.0	
lightdock	luciferin_score	10.37105	2UUY_rec	2UUY_lig	swarm_147	19.0	1.0	
lightdock	luciferin_score	9.76116	2UUY_rec	2UUY_lig	swarm_147	20.0	2.0	
lightdock	luciferin_score	9.74899	2UUY_rec	2UUY_lig	swarm_147	21.0	3.0	
lightdock	luciferin_score	9.70655	2UUY_rec	2UUY_lig	swarm_147	22.0	1.0	
lightdock	luciferin_score	9.68498	2UUY_rec	2UUY_lig	swarm_147	23.0	3.0	
lightdock	luciferin_score	9.471	2UUY_rec	2UUY_lig	swarm_147	24.0	8.0	
lightdock	luciferin_score	9.20484	2UUY_rec	2UUY_lig	swarm_147	25.0	4.0	
lightdock	luciferin_score	9.15558	2UUY_rec	2UUY_lig	swarm_147	26.0	1.0	
lightdock	luciferin_score	8.92947	2UUY_rec	2UUY_lig	swarm_147	27.0	3.0	
lightdock	luciferin_score	8.73627	2UUY_rec	2UUY_lig	swarm_147	28.0	1.0	
lightdock	luciferin_score	8.72946	2UUY_rec	2UUY_lig	swarm_147	29.0	5.0	
lightdock	luciferin_score	8.27134	2UUY_rec	2UUY_lig	swarm_147	30.0	2.0	
lightdock	luciferin_score	7.98952	2UUY_rec	2UUY_lig	swarm_147	31.0	1.0	
lightdock	luciferin_score	7.5685	2UUY_rec	2UUY_lig	swarm_147	32.0	2.0	
lightdock	luciferin_score	7.3879	2UUY_rec	2UUY_lig	swarm_147	33.0	2.0	
lightdock	luciferin_score	6.92192	2UUY_rec	2UUY_lig	swarm_147	34.0	1.0	
lightdock	luciferin_score	6.88083	2UUY_rec	2UUY_lig	swarm_147	35.0	1.0	
lightdock	luciferin_score	6.61406	2UUY_rec	2UUY_lig	swarm_147	36.0	6.0	
lightdock	luciferin_score	5.26689	2UUY_rec	2UUY_lig	swarm_147	37.0	1.0	
lightdock	luciferin_score	5.09509	2UUY_rec	2UUY_lig	swarm_147	38.0	1.0	
lightdock	luciferin_score	5.00895	2UUY_rec	2UUY_lig	swarm_147	39.0	4.0	
lightdock	luciferin_score	4.04411	2UUY_rec	2UUY_lig	swarm_147	40.0	2.0	
lightdock	luciferin_score	3.87808	2UUY_rec	2UUY_lig	swarm_147	41.0	2.0	
lightdock	luciferin_score	3.86654	2UUY_rec	2UUY_lig	swarm_147	42.0	1.0	
lightdock	luciferin_score	3.55344	2UUY_rec	2UUY_lig	swarm_147	43.0	1.0	
lightdock	luciferin_score	3.53093	2UUY_rec	2UUY_lig	swarm_147	44.0	1.0	
lightdock	luciferin_score	1.60778	2UUY_rec	2UUY_lig	swarm_147	45.0	1.0	
lightdock	luciferin_score	0.13042	2UUY_rec	2UUY_lig	swarm_147	46.0	1.0	
lightdock	luciferin_score	-0.41277	2UUY_rec	2UUY_lig	swarm_147	47.0	5.0	
lightdock	luciferin_score	-0.6744	2UUY_rec	2UUY_lig	swarm_147	48.0	1.0	
lightdock	luciferin_score	-2.64399	2UUY_rec	2UUY_lig	swarm_147	49.0	1.0	
lightdock	luciferin_score	-4.12309	2UUY_rec	2UUY_lig	swarm_147	50.0	3.0	
lightdock	luciferin_score	-8.60119	2UUY_rec	2UUY_lig	swarm_147	51.0	6.0	
lightdock	luciferin_score	-13.47129	2UUY_rec	2UUY_lig	swarm_147	52.0	1.0	
lightdock	luciferin_score	-13.90083	2UUY_rec	2UUY_lig	swarm_147	53.0	1.0	
lightdock	luciferin_score	-24.35627	2UUY_rec	2UUY_lig	swarm_147	54.0	4.0	
lightdock	luciferin_score	-26.20679	2UUY_rec	2UUY_lig	swarm_147	55.0	2.0	
lightdock	luciferin_score	-52.06695	2UUY_rec	2UUY_lig	swarm_147	56.0	1.0	
lightdock	luciferin_score	-59.60189	2UUY_rec	2UUY_lig	swarm_147	57.0	1.0	
lightdock	luciferin_score	13.86412	2UUY_rec	2UUY_lig	swarm_148	0.0	12.0	
lightdock	luciferin_score	12.60715	2UUY_rec	2UUY_lig	swarm_148	1.0	6.0	
lightdock	luciferin_score	12.20144	2UUY_rec	2UUY_lig	swarm_148	2.0	4.0	
lightdock	luciferin_score	11.90609	2UUY_rec	2UUY_lig	swarm_148	3.0	5.0	
lightdock	luciferin_score	11.76892	2UUY_rec	2UUY_lig	swarm_148	4.0	7.0	
lightdock	luciferin_score	11.38853	2UUY_rec	2UUY_lig	swarm_148	5.0	7.0	
lightdock	luciferin_score	11.20099	2UUY_rec	2UUY_lig	swarm_148	6.0	7.0	
lightdock	luciferin_score	10.7973	2UUY_rec	2UUY_lig	swarm_148	7.0	2.0	
lightdock	luciferin_score	10.55067	2UUY_rec	2UUY_lig	swarm_148	8.0	1.0	
lightdock	luciferin_score	10.35057	2UUY_rec	2UUY_lig	swarm_148	9.0	5.0	
lightdock	luciferin_score	10.18876	2UUY_rec	2UUY_lig	swarm_148	10.0	4.0	
lightdock	luciferin_score	10.03014	2UUY_rec	2UUY_lig	swarm_148	11.0	4.0	
lightdock	luciferin_score	9.85523	2UUY_rec	2UUY_lig	swarm_148	12.0	6.0	
lightdock	luciferin_score	9.37234	2UUY_rec	2UUY_lig	swarm_148	13.0	3.0	
lightdock	luciferin_score	8.79952	2UUY_rec	2UUY_lig	swarm_148	14.0	3.0	
lightdock	luciferin_score	8.69611	2UUY_rec	2UUY_lig	swarm_148	15.0	3.0	
lightdock	luciferin_score	8.49395	2UUY_rec	2UUY_lig	swarm_148	16.0	2.0	
lightdock	luciferin_score	8.38357	2UUY_rec	2UUY_lig	swarm_148	17.0	2.0	
lightdock	luciferin_score	8.34883	2UUY_rec	2UUY_lig	swarm_148	18.0	8.0	
lightdock	luciferin_score	8.32308	2UUY_rec	2UUY_lig	swarm_148	19.0	1.0	
lightdock	luciferin_score	8.20638	2UUY_rec	2UUY_lig	swarm_148	20.0	1.0	
lightdock	luciferin_score	7.97551	2UUY_rec	2UUY_lig	swarm_148	21.0	2.0	
lightdock	luciferin_score	7.90897	2UUY_rec	2UUY_lig	swarm_148	22.0	8.0	
lightdock	luciferin_score	7.78342	2UUY_rec	2UUY_lig	swarm_148	23.0	6.0	
lightdock	luciferin_score	7.67038	2UUY_rec	2UUY_lig	swarm_148	24.0	5.0	
lightdock	luciferin_score	7.59273	2UUY_rec	2UUY_lig	swarm_148	25.0	2.0	
lightdock	luciferin_score	7.56042	2UUY_rec	2UUY_lig	swarm_148	26.0	1.0	
lightdock	luciferin_score	7.51557	2UUY_rec	2UUY_lig	swarm_148	27.0	1.0	
lightdock	luciferin_score	7.43788	2UUY_rec	2UUY_lig	swarm_148	28.0	3.0	
lightdock	luciferin_score	7.03255	2UUY_rec	2UUY_lig	swarm_148	29.0	3.0	
lightdock	luciferin_score	6.8975	2UUY_rec	2UUY_lig	swarm_148	30.0	2.0	
lightdock	luciferin_score	6.82222	2UUY_rec	2UUY_lig	swarm_148	31.0	1.0	
lightdock	luciferin_score	6.81522	2UUY_rec	2UUY_lig	swarm_148	32.0	2.0	
lightdock	luciferin_score	6.6369	2UUY_rec	2UUY_lig	swarm_148	33.0	2.0	
lightdock	luciferin_score	6.58789	2UUY_rec	2UUY_lig	swarm_148	34.0	4.0	
lightdock	luciferin_score	6.57854	2UUY_rec	2UUY_lig	swarm_148	35.0	2.0	
lightdock	luciferin_score	6.5128	2UUY_rec	2UUY_lig	swarm_148	36.0	1.0	
lightdock	luciferin_score	6.50615	2UUY_rec	2UUY_lig	swarm_148	37.0	4.0	
lightdock	luciferin_score	6.38967	2UUY_rec	2UUY_lig	swarm_148	38.0	1.0	
lightdock	luciferin_score	6.17444	2UUY_rec	2UUY_lig	swarm_148	39.0	1.0	
lightdock	luciferin_score	6.11254	2UUY_rec	2UUY_lig	swarm_148	40.0	2.0	
lightdock	luciferin_score	5.9015	2UUY_rec	2UUY_lig	swarm_148	41.0	2.0	
lightdock	luciferin_score	5.85716	2UUY_rec	2UUY_lig	swarm_148	42.0	4.0	
lightdock	luciferin_score	5.81006	2UUY_rec	2UUY_lig	swarm_148	43.0	1.0	
lightdock	luciferin_score	5.49546	2UUY_rec	2UUY_lig	swarm_148	44.0	1.0	
lightdock	luciferin_score	5.2363	2UUY_rec	2UUY_lig	swarm_148	45.0	4.0	
lightdock	luciferin_score	5.23451	2UUY_rec	2UUY_lig	swarm_148	46.0	2.0	
lightdock	luciferin_score	4.93377	2UUY_rec	2UUY_lig	swarm_148	47.0	1.0	
lightdock	luciferin_score	4.9225	2UUY_rec	2UUY_lig	swarm_148	48.0	6.0	
lightdock	luciferin_score	4.82146	2UUY_rec	2UUY_lig	swarm_148	49.0	6.0	
lightdock	luciferin_score	3.62347	2UUY_rec	2UUY_lig	swarm_148	50.0	5.0	
lightdock	luciferin_score	2.87194	2UUY_rec	2UUY_lig	swarm_148	51.0	1.0	
lightdock	luciferin_score	2.78952	2UUY_rec	2UUY_lig	swarm_148	52.0	1.0	
lightdock	luciferin_score	-3.25025	2UUY_rec	2UUY_lig	swarm_148	53.0	2.0	
lightdock	luciferin_score	-4.72473	2UUY_rec	2UUY_lig	swarm_148	54.0	1.0	
lightdock	luciferin_score	-11.33062	2UUY_rec	2UUY_lig	swarm_148	55.0	1.0	
lightdock	luciferin_score	-13.08623	2UUY_rec	2UUY_lig	swarm_148	56.0	3.0	
lightdock	luciferin_score	-15.29209	2UUY_rec	2UUY_lig	swarm_148	57.0	3.0	
lightdock	luciferin_score	-15.53596	2UUY_rec	2UUY_lig	swarm_148	58.0	3.0	
lightdock	luciferin_score	-18.37061	2UUY_rec	2UUY_lig	swarm_148	59.0	1.0	
lightdock	luciferin_score	-18.88259	2UUY_rec	2UUY_lig	swarm_148	60.0	1.0	
lightdock	luciferin_score	-24.02012	2UUY_rec	2UUY_lig	swarm_148	61.0	1.0	
lightdock	luciferin_score	-28.32151	2UUY_rec	2UUY_lig	swarm_148	62.0	1.0	
lightdock	luciferin_score	-31.18705	2UUY_rec	2UUY_lig	swarm_148	63.0	1.0	
lightdock	luciferin_score	-36.97163	2UUY_rec	2UUY_lig	swarm_148	64.0	1.0	
lightdock	luciferin_score	-41.05245	2UUY_rec	2UUY_lig	swarm_148	65.0	1.0	
lightdock	luciferin_score	15.93284	2UUY_rec	2UUY_lig	swarm_149	0.0	2.0	
lightdock	luciferin_score	15.46335	2UUY_rec	2UUY_lig	swarm_149	1.0	18.0	
lightdock	luciferin_score	15.28153	2UUY_rec	2UUY_lig	swarm_149	2.0	7.0	
lightdock	luciferin_score	14.5891	2UUY_rec	2UUY_lig	swarm_149	3.0	5.0	
lightdock	luciferin_score	14.46569	2UUY_rec	2UUY_lig	swarm_149	4.0	6.0	
lightdock	luciferin_score	13.24455	2UUY_rec	2UUY_lig	swarm_149	5.0	2.0	
lightdock	luciferin_score	13.20299	2UUY_rec	2UUY_lig	swarm_149	6.0	8.0	
lightdock	luciferin_score	12.50947	2UUY_rec	2UUY_lig	swarm_149	7.0	2.0	
lightdock	luciferin_score	12.25682	2UUY_rec	2UUY_lig	swarm_149	8.0	4.0	
lightdock	luciferin_score	11.91907	2UUY_rec	2UUY_lig	swarm_149	9.0	4.0	
lightdock	luciferin_score	11.75288	2UUY_rec	2UUY_lig	swarm_149	10.0	1.0	
lightdock	luciferin_score	11.70994	2UUY_rec	2UUY_lig	swarm_149	11.0	6.0	
lightdock	luciferin_score	11.403	2UUY_rec	2UUY_lig	swarm_149	12.0	4.0	
lightdock	luciferin_score	11.38373	2UUY_rec	2UUY_lig	swarm_149	13.0	2.0	
lightdock	luciferin_score	11.37187	2UUY_rec	2UUY_lig	swarm_149	14.0	2.0	
lightdock	luciferin_score	10.78774	2UUY_rec	2UUY_lig	swarm_149	15.0	5.0	
lightdock	luciferin_score	10.49627	2UUY_rec	2UUY_lig	swarm_149	16.0	8.0	
lightdock	luciferin_score	10.48097	2UUY_rec	2UUY_lig	swarm_149	17.0	4.0	
lightdock	luciferin_score	10.45746	2UUY_rec	2UUY_lig	swarm_149	18.0	2.0	
lightdock	luciferin_score	10.2529	2UUY_rec	2UUY_lig	swarm_149	19.0	4.0	
lightdock	luciferin_score	10.05323	2UUY_rec	2UUY_lig	swarm_149	20.0	2.0	
lightdock	luciferin_score	9.19008	2UUY_rec	2UUY_lig	swarm_149	21.0	1.0	
lightdock	luciferin_score	8.70649	2UUY_rec	2UUY_lig	swarm_149	22.0	3.0	
lightdock	luciferin_score	8.60018	2UUY_rec	2UUY_lig	swarm_149	23.0	4.0	
lightdock	luciferin_score	8.51382	2UUY_rec	2UUY_lig	swarm_149	24.0	5.0	
lightdock	luciferin_score	6.96802	2UUY_rec	2UUY_lig	swarm_149	25.0	1.0	
lightdock	luciferin_score	6.91433	2UUY_rec	2UUY_lig	swarm_149	26.0	1.0	
lightdock	luciferin_score	6.67637	2UUY_rec	2UUY_lig	swarm_149	27.0	2.0	
lightdock	luciferin_score	5.69821	2UUY_rec	2UUY_lig	swarm_149	28.0	2.0	
lightdock	luciferin_score	3.73247	2UUY_rec	2UUY_lig	swarm_149	29.0	1.0	
lightdock	luciferin_score	3.64885	2UUY_rec	2UUY_lig	swarm_149	30.0	3.0	
lightdock	luciferin_score	2.75611	2UUY_rec	2UUY_lig	swarm_149	31.0	2.0	
lightdock	luciferin_score	2.65209	2UUY_rec	2UUY_lig	swarm_149	32.0	2.0	
lightdock	luciferin_score	1.07179	2UUY_rec	2UUY_lig	swarm_149	33.0	4.0	
lightdock	luciferin_score	0.96408	2UUY_rec	2UUY_lig	swarm_149	34.0	4.0	
lightdock	luciferin_score	0.51631	2UUY_rec	2UUY_lig	swarm_149	35.0	7.0	
lightdock	luciferin_score	-1.65097	2UUY_rec	2UUY_lig	swarm_149	36.0	5.0	
lightdock	luciferin_score	-2.31537	2UUY_rec	2UUY_lig	swarm_149	37.0	1.0	
lightdock	luciferin_score	-5.02296	2UUY_rec	2UUY_lig	swarm_149	38.0	4.0	
lightdock	luciferin_score	-5.75823	2UUY_rec	2UUY_lig	swarm_149	39.0	2.0	
lightdock	luciferin_score	-7.91174	2UUY_rec	2UUY_lig	swarm_149	40.0	3.0	
lightdock	luciferin_score	-8.24451	2UUY_rec	2UUY_lig	swarm_149	41.0	1.0	
lightdock	luciferin_score	-8.78538	2UUY_rec	2UUY_lig	swarm_149	42.0	2.0	
lightdock	luciferin_score	-9.62758	2UUY_rec	2UUY_lig	swarm_149	43.0	1.0	
lightdock	luciferin_score	-12.06671	2UUY_rec	2UUY_lig	swarm_149	44.0	5.0	
lightdock	luciferin_score	-12.39666	2UUY_rec	2UUY_lig	swarm_149	45.0	2.0	
lightdock	luciferin_score	-13.52601	2UUY_rec	2UUY_lig	swarm_149	46.0	2.0	
lightdock	luciferin_score	-14.35029	2UUY_rec	2UUY_lig	swarm_149	47.0	1.0	
lightdock	luciferin_score	-19.45884	2UUY_rec	2UUY_lig	swarm_149	48.0	5.0	
lightdock	luciferin_score	-29.33483	2UUY_rec	2UUY_lig	swarm_149	49.0	2.0	
lightdock	luciferin_score	-29.61499	2UUY_rec	2UUY_lig	swarm_149	50.0	2.0	
lightdock	luciferin_score	-31.56016	2UUY_rec	2UUY_lig	swarm_149	51.0	3.0	
lightdock	luciferin_score	-38.50225	2UUY_rec	2UUY_lig	swarm_149	52.0	2.0	
lightdock	luciferin_score	-47.7379	2UUY_rec	2UUY_lig	swarm_149	53.0	5.0	
lightdock	luciferin_score	-55.44742	2UUY_rec	2UUY_lig	swarm_149	54.0	1.0	
lightdock	luciferin_score	-56.44225	2UUY_rec	2UUY_lig	swarm_149	55.0	2.0	
lightdock	luciferin_score	-58.06624	2UUY_rec	2UUY_lig	swarm_149	56.0	5.0	
lightdock	luciferin_score	-59.7787	2UUY_rec	2UUY_lig	swarm_149	57.0	1.0	
lightdock	luciferin_score	-84.48712	2UUY_rec	2UUY_lig	swarm_149	58.0	1.0	
lightdock	luciferin_score	-88.80672	2UUY_rec	2UUY_lig	swarm_149	59.0	1.0	
lightdock	luciferin_score	-91.1121	2UUY_rec	2UUY_lig	swarm_149	60.0	1.0	
lightdock	luciferin_score	13.51697	2UUY_rec	2UUY_lig	swarm_15	0.0	18.0	
lightdock	luciferin_score	13.37453	2UUY_rec	2UUY_lig	swarm_15	1.0	6.0	
lightdock	luciferin_score	13.22461	2UUY_rec	2UUY_lig	swarm_15	2.0	5.0	
lightdock	luciferin_score	12.63671	2UUY_rec	2UUY_lig	swarm_15	3.0	2.0	
lightdock	luciferin_score	12.28242	2UUY_rec	2UUY_lig	swarm_15	4.0	3.0	
lightdock	luciferin_score	12.06923	2UUY_rec	2UUY_lig	swarm_15	5.0	2.0	
lightdock	luciferin_score	11.58913	2UUY_rec	2UUY_lig	swarm_15	6.0	12.0	
lightdock	luciferin_score	11.47427	2UUY_rec	2UUY_lig	swarm_15	7.0	1.0	
lightdock	luciferin_score	11.06704	2UUY_rec	2UUY_lig	swarm_15	8.0	5.0	
lightdock	luciferin_score	11.02352	2UUY_rec	2UUY_lig	swarm_15	9.0	3.0	
lightdock	luciferin_score	10.98589	2UUY_rec	2UUY_lig	swarm_15	10.0	7.0	
lightdock	luciferin_score	10.71054	2UUY_rec	2UUY_lig	swarm_15	11.0	3.0	
lightdock	luciferin_score	10.53663	2UUY_rec	2UUY_lig	swarm_15	12.0	9.0	
lightdock	luciferin_score	10.31828	2UUY_rec	2UUY_lig	swarm_15	13.0	5.0	
lightdock	luciferin_score	10.29435	2UUY_rec	2UUY_lig	swarm_15	14.0	3.0	
lightdock	luciferin_score	10.24474	2UUY_rec	2UUY_lig	swarm_15	15.0	4.0	
lightdock	luciferin_score	10.0448	2UUY_rec	2UUY_lig	swarm_15	16.0	8.0	
lightdock	luciferin_score	9.86765	2UUY_rec	2UUY_lig	swarm_15	17.0	7.0	
lightdock	luciferin_score	9.85016	2UUY_rec	2UUY_lig	swarm_15	18.0	1.0	
lightdock	luciferin_score	9.80551	2UUY_rec	2UUY_lig	swarm_15	19.0	1.0	
lightdock	luciferin_score	9.76662	2UUY_rec	2UUY_lig	swarm_15	20.0	6.0	
lightdock	luciferin_score	9.44535	2UUY_rec	2UUY_lig	swarm_15	21.0	4.0	
lightdock	luciferin_score	9.41212	2UUY_rec	2UUY_lig	swarm_15	22.0	3.0	
lightdock	luciferin_score	9.39023	2UUY_rec	2UUY_lig	swarm_15	23.0	6.0	
lightdock	luciferin_score	9.13641	2UUY_rec	2UUY_lig	swarm_15	24.0	7.0	
lightdock	luciferin_score	8.58909	2UUY_rec	2UUY_lig	swarm_15	25.0	3.0	
lightdock	luciferin_score	8.56157	2UUY_rec	2UUY_lig	swarm_15	26.0	1.0	
lightdock	luciferin_score	8.50687	2UUY_rec	2UUY_lig	swarm_15	27.0	3.0	
lightdock	luciferin_score	8.48332	2UUY_rec	2UUY_lig	swarm_15	28.0	1.0	
lightdock	luciferin_score	7.75181	2UUY_rec	2UUY_lig	swarm_15	29.0	1.0	
lightdock	luciferin_score	7.29138	2UUY_rec	2UUY_lig	swarm_15	30.0	2.0	
lightdock	luciferin_score	6.88244	2UUY_rec	2UUY_lig	swarm_15	31.0	1.0	
lightdock	luciferin_score	6.83409	2UUY_rec	2UUY_lig	swarm_15	32.0	2.0	
lightdock	luciferin_score	6.59366	2UUY_rec	2UUY_lig	swarm_15	33.0	1.0	
lightdock	luciferin_score	6.48595	2UUY_rec	2UUY_lig	swarm_15	34.0	1.0	
lightdock	luciferin_score	6.08984	2UUY_rec	2UUY_lig	swarm_15	35.0	3.0	
lightdock	luciferin_score	5.07769	2UUY_rec	2UUY_lig	swarm_15	36.0	4.0	
lightdock	luciferin_score	4.46577	2UUY_rec	2UUY_lig	swarm_15	37.0	1.0	
lightdock	luciferin_score	1.03584	2UUY_rec	2UUY_lig	swarm_15	38.0	3.0	
lightdock	luciferin_score	0.63595	2UUY_rec	2UUY_lig	swarm_15	39.0	1.0	
lightdock	luciferin_score	0.55139	2UUY_rec	2UUY_lig	swarm_15	40.0	7.0	
lightdock	luciferin_score	-1.01524	2UUY_rec	2UUY_lig	swarm_15	41.0	2.0	
lightdock	luciferin_score	-1.78977	2UUY_rec	2UUY_lig	swarm_15	42.0	2.0	
lightdock	luciferin_score	-3.01179	2UUY_rec	2UUY_lig	swarm_15	43.0	1.0	
lightdock	luciferin_score	-3.54787	2UUY_rec	2UUY_lig	swarm_15	44.0	4.0	
lightdock	luciferin_score	-5.45789	2UUY_rec	2UUY_lig	swarm_15	45.0	1.0	
lightdock	luciferin_score	-6.78542	2UUY_rec	2UUY_lig	swarm_15	46.0	3.0	
lightdock	luciferin_score	-7.06765	2UUY_rec	2UUY_lig	swarm_15	47.0	2.0	
lightdock	luciferin_score	-7.71417	2UUY_rec	2UUY_lig	swarm_15	48.0	2.0	
lightdock	luciferin_score	-9.69802	2UUY_rec	2UUY_lig	swarm_15	49.0	1.0	
lightdock	luciferin_score	-13.34254	2UUY_rec	2UUY_lig	swarm_15	50.0	1.0	
lightdock	luciferin_score	-13.46797	2UUY_rec	2UUY_lig	swarm_15	51.0	2.0	
lightdock	luciferin_score	-13.92055	2UUY_rec	2UUY_lig	swarm_15	52.0	1.0	
lightdock	luciferin_score	-16.01016	2UUY_rec	2UUY_lig	swarm_15	53.0	2.0	
lightdock	luciferin_score	-18.06405	2UUY_rec	2UUY_lig	swarm_15	54.0	3.0	
lightdock	luciferin_score	-21.68618	2UUY_rec	2UUY_lig	swarm_15	55.0	1.0	
lightdock	luciferin_score	-22.50786	2UUY_rec	2UUY_lig	swarm_15	56.0	2.0	
lightdock	luciferin_score	-35.62963	2UUY_rec	2UUY_lig	swarm_15	57.0	2.0	
lightdock	luciferin_score	-36.58929	2UUY_rec	2UUY_lig	swarm_15	58.0	1.0	
lightdock	luciferin_score	-37.62614	2UUY_rec	2UUY_lig	swarm_15	59.0	1.0	
lightdock	luciferin_score	14.41267	2UUY_rec	2UUY_lig	swarm_150	0.0	10.0	
lightdock	luciferin_score	14.40078	2UUY_rec	2UUY_lig	swarm_150	1.0	9.0	
lightdock	luciferin_score	14.16384	2UUY_rec	2UUY_lig	swarm_150	2.0	2.0	
lightdock	luciferin_score	13.68762	2UUY_rec	2UUY_lig	swarm_150	3.0	4.0	
lightdock	luciferin_score	13.57762	2UUY_rec	2UUY_lig	swarm_150	4.0	8.0	
lightdock	luciferin_score	13.08358	2UUY_rec	2UUY_lig	swarm_150	5.0	1.0	
lightdock	luciferin_score	12.13299	2UUY_rec	2UUY_lig	swarm_150	6.0	1.0	
lightdock	luciferin_score	11.17298	2UUY_rec	2UUY_lig	swarm_150	7.0	6.0	
lightdock	luciferin_score	11.15059	2UUY_rec	2UUY_lig	swarm_150	8.0	1.0	
lightdock	luciferin_score	11.12499	2UUY_rec	2UUY_lig	swarm_150	9.0	5.0	
lightdock	luciferin_score	11.08647	2UUY_rec	2UUY_lig	swarm_150	10.0	1.0	
lightdock	luciferin_score	10.94497	2UUY_rec	2UUY_lig	swarm_150	11.0	6.0	
lightdock	luciferin_score	10.88308	2UUY_rec	2UUY_lig	swarm_150	12.0	4.0	
lightdock	luciferin_score	10.76715	2UUY_rec	2UUY_lig	swarm_150	13.0	5.0	
lightdock	luciferin_score	10.24585	2UUY_rec	2UUY_lig	swarm_150	14.0	1.0	
lightdock	luciferin_score	10.22559	2UUY_rec	2UUY_lig	swarm_150	15.0	5.0	
lightdock	luciferin_score	10.10015	2UUY_rec	2UUY_lig	swarm_150	16.0	2.0	
lightdock	luciferin_score	9.96083	2UUY_rec	2UUY_lig	swarm_150	17.0	3.0	
lightdock	luciferin_score	9.91201	2UUY_rec	2UUY_lig	swarm_150	18.0	7.0	
lightdock	luciferin_score	9.86385	2UUY_rec	2UUY_lig	swarm_150	19.0	9.0	
lightdock	luciferin_score	9.62989	2UUY_rec	2UUY_lig	swarm_150	20.0	4.0	
lightdock	luciferin_score	9.57063	2UUY_rec	2UUY_lig	swarm_150	21.0	9.0	
lightdock	luciferin_score	9.48365	2UUY_rec	2UUY_lig	swarm_150	22.0	2.0	
lightdock	luciferin_score	9.46467	2UUY_rec	2UUY_lig	swarm_150	23.0	2.0	
lightdock	luciferin_score	9.34034	2UUY_rec	2UUY_lig	swarm_150	24.0	2.0	
lightdock	luciferin_score	9.23411	2UUY_rec	2UUY_lig	swarm_150	25.0	4.0	
lightdock	luciferin_score	9.20695	2UUY_rec	2UUY_lig	swarm_150	26.0	3.0	
lightdock	luciferin_score	8.80133	2UUY_rec	2UUY_lig	swarm_150	27.0	2.0	
lightdock	luciferin_score	8.54731	2UUY_rec	2UUY_lig	swarm_150	28.0	1.0	
lightdock	luciferin_score	8.35934	2UUY_rec	2UUY_lig	swarm_150	29.0	4.0	
lightdock	luciferin_score	8.16172	2UUY_rec	2UUY_lig	swarm_150	30.0	11.0	
lightdock	luciferin_score	8.07038	2UUY_rec	2UUY_lig	swarm_150	31.0	2.0	
lightdock	luciferin_score	7.60134	2UUY_rec	2UUY_lig	swarm_150	32.0	1.0	
lightdock	luciferin_score	7.59457	2UUY_rec	2UUY_lig	swarm_150	33.0	1.0	
lightdock	luciferin_score	7.24525	2UUY_rec	2UUY_lig	swarm_150	34.0	2.0	
lightdock	luciferin_score	7.02262	2UUY_rec	2UUY_lig	swarm_150	35.0	1.0	
lightdock	luciferin_score	7.02204	2UUY_rec	2UUY_lig	swarm_150	36.0	1.0	
lightdock	luciferin_score	6.9593	2UUY_rec	2UUY_lig	swarm_150	37.0	1.0	
lightdock	luciferin_score	6.80288	2UUY_rec	2UUY_lig	swarm_150	38.0	1.0	
lightdock	luciferin_score	6.40713	2UUY_rec	2UUY_lig	swarm_150	39.0	1.0	
lightdock	luciferin_score	6.16903	2UUY_rec	2UUY_lig	swarm_150	40.0	2.0	
lightdock	luciferin_score	6.06056	2UUY_rec	2UUY_lig	swarm_150	41.0	2.0	
lightdock	luciferin_score	5.95721	2UUY_rec	2UUY_lig	swarm_150	42.0	2.0	
lightdock	luciferin_score	5.91914	2UUY_rec	2UUY_lig	swarm_150	43.0	2.0	
lightdock	luciferin_score	5.49713	2UUY_rec	2UUY_lig	swarm_150	44.0	1.0	
lightdock	luciferin_score	5.3468	2UUY_rec	2UUY_lig	swarm_150	45.0	1.0	
lightdock	luciferin_score	5.31852	2UUY_rec	2UUY_lig	swarm_150	46.0	1.0	
lightdock	luciferin_score	5.28375	2UUY_rec	2UUY_lig	swarm_150	47.0	2.0	
lightdock	luciferin_score	5.27569	2UUY_rec	2UUY_lig	swarm_150	48.0	1.0	
lightdock	luciferin_score	5.25893	2UUY_rec	2UUY_lig	swarm_150	49.0	1.0	
lightdock	luciferin_score	5.19646	2UUY_rec	2UUY_lig	swarm_150	50.0	1.0	
lightdock	luciferin_score	5.17817	2UUY_rec	2UUY_lig	swarm_150	51.0	3.0	
lightdock	luciferin_score	4.60163	2UUY_rec	2UUY_lig	swarm_150	52.0	4.0	
lightdock	luciferin_score	4.28642	2UUY_rec	2UUY_lig	swarm_150	53.0	1.0	
lightdock	luciferin_score	4.06406	2UUY_rec	2UUY_lig	swarm_150	54.0	12.0	
lightdock	luciferin_score	3.00683	2UUY_rec	2UUY_lig	swarm_150	55.0	4.0	
lightdock	luciferin_score	2.54907	2UUY_rec	2UUY_lig	swarm_150	56.0	1.0	
lightdock	luciferin_score	0.76447	2UUY_rec	2UUY_lig	swarm_150	57.0	1.0	
lightdock	luciferin_score	-0.125	2UUY_rec	2UUY_lig	swarm_150	58.0	1.0	
lightdock	luciferin_score	-2.78937	2UUY_rec	2UUY_lig	swarm_150	59.0	1.0	
lightdock	luciferin_score	-5.95972	2UUY_rec	2UUY_lig	swarm_150	60.0	2.0	
lightdock	luciferin_score	-8.34737	2UUY_rec	2UUY_lig	swarm_150	61.0	1.0	
lightdock	luciferin_score	-9.52921	2UUY_rec	2UUY_lig	swarm_150	62.0	1.0	
lightdock	luciferin_score	-10.42903	2UUY_rec	2UUY_lig	swarm_150	63.0	2.0	
lightdock	luciferin_score	-12.26481	2UUY_rec	2UUY_lig	swarm_150	64.0	2.0	
lightdock	luciferin_score	-16.00582	2UUY_rec	2UUY_lig	swarm_150	65.0	1.0	
lightdock	luciferin_score	-24.20906	2UUY_rec	2UUY_lig	swarm_150	66.0	1.0	
lightdock	luciferin_score	-39.29798	2UUY_rec	2UUY_lig	swarm_150	67.0	1.0	
lightdock	luciferin_score	19.50949	2UUY_rec	2UUY_lig	swarm_151	0.0	5.0	
lightdock	luciferin_score	15.95916	2UUY_rec	2UUY_lig	swarm_151	1.0	1.0	
lightdock	luciferin_score	14.47649	2UUY_rec	2UUY_lig	swarm_151	2.0	2.0	
lightdock	luciferin_score	13.92625	2UUY_rec	2UUY_lig	swarm_151	3.0	4.0	
lightdock	luciferin_score	13.71162	2UUY_rec	2UUY_lig	swarm_151	4.0	3.0	
lightdock	luciferin_score	13.64388	2UUY_rec	2UUY_lig	swarm_151	5.0	6.0	
lightdock	luciferin_score	13.32154	2UUY_rec	2UUY_lig	swarm_151	6.0	3.0	
lightdock	luciferin_score	12.91593	2UUY_rec	2UUY_lig	swarm_151	7.0	3.0	
lightdock	luciferin_score	12.65284	2UUY_rec	2UUY_lig	swarm_151	8.0	3.0	
lightdock	luciferin_score	12.5444	2UUY_rec	2UUY_lig	swarm_151	9.0	10.0	
lightdock	luciferin_score	12.42147	2UUY_rec	2UUY_lig	swarm_151	10.0	8.0	
lightdock	luciferin_score	12.3271	2UUY_rec	2UUY_lig	swarm_151	11.0	6.0	
lightdock	luciferin_score	12.05124	2UUY_rec	2UUY_lig	swarm_151	12.0	4.0	
lightdock	luciferin_score	11.67505	2UUY_rec	2UUY_lig	swarm_151	13.0	4.0	
lightdock	luciferin_score	11.64528	2UUY_rec	2UUY_lig	swarm_151	14.0	2.0	
lightdock	luciferin_score	11.22645	2UUY_rec	2UUY_lig	swarm_151	15.0	8.0	
lightdock	luciferin_score	11.19628	2UUY_rec	2UUY_lig	swarm_151	16.0	3.0	
lightdock	luciferin_score	11.13806	2UUY_rec	2UUY_lig	swarm_151	17.0	3.0	
lightdock	luciferin_score	11.11652	2UUY_rec	2UUY_lig	swarm_151	18.0	2.0	
lightdock	luciferin_score	10.24512	2UUY_rec	2UUY_lig	swarm_151	19.0	7.0	
lightdock	luciferin_score	10.07292	2UUY_rec	2UUY_lig	swarm_151	20.0	3.0	
lightdock	luciferin_score	10.0198	2UUY_rec	2UUY_lig	swarm_151	21.0	6.0	
lightdock	luciferin_score	9.87573	2UUY_rec	2UUY_lig	swarm_151	22.0	3.0	
lightdock	luciferin_score	9.31047	2UUY_rec	2UUY_lig	swarm_151	23.0	2.0	
lightdock	luciferin_score	9.07924	2UUY_rec	2UUY_lig	swarm_151	24.0	3.0	
lightdock	luciferin_score	8.60051	2UUY_rec	2UUY_lig	swarm_151	25.0	2.0	
lightdock	luciferin_score	8.50494	2UUY_rec	2UUY_lig	swarm_151	26.0	3.0	
lightdock	luciferin_score	8.47538	2UUY_rec	2UUY_lig	swarm_151	27.0	3.0	
lightdock	luciferin_score	8.43107	2UUY_rec	2UUY_lig	swarm_151	28.0	1.0	
lightdock	luciferin_score	8.34632	2UUY_rec	2UUY_lig	swarm_151	29.0	2.0	
lightdock	luciferin_score	7.89503	2UUY_rec	2UUY_lig	swarm_151	30.0	2.0	
lightdock	luciferin_score	7.51439	2UUY_rec	2UUY_lig	swarm_151	31.0	1.0	
lightdock	luciferin_score	7.40923	2UUY_rec	2UUY_lig	swarm_151	32.0	14.0	
lightdock	luciferin_score	7.30204	2UUY_rec	2UUY_lig	swarm_151	33.0	4.0	
lightdock	luciferin_score	7.16802	2UUY_rec	2UUY_lig	swarm_151	34.0	1.0	
lightdock	luciferin_score	6.25435	2UUY_rec	2UUY_lig	swarm_151	35.0	1.0	
lightdock	luciferin_score	6.17962	2UUY_rec	2UUY_lig	swarm_151	36.0	4.0	
lightdock	luciferin_score	5.88755	2UUY_rec	2UUY_lig	swarm_151	37.0	1.0	
lightdock	luciferin_score	4.29555	2UUY_rec	2UUY_lig	swarm_151	38.0	7.0	
lightdock	luciferin_score	3.20607	2UUY_rec	2UUY_lig	swarm_151	39.0	1.0	
lightdock	luciferin_score	1.32048	2UUY_rec	2UUY_lig	swarm_151	40.0	3.0	
lightdock	luciferin_score	-3.30529	2UUY_rec	2UUY_lig	swarm_151	41.0	1.0	
lightdock	luciferin_score	-3.37609	2UUY_rec	2UUY_lig	swarm_151	42.0	2.0	
lightdock	luciferin_score	-3.84716	2UUY_rec	2UUY_lig	swarm_151	43.0	2.0	
lightdock	luciferin_score	-4.94172	2UUY_rec	2UUY_lig	swarm_151	44.0	1.0	
lightdock	luciferin_score	-5.64561	2UUY_rec	2UUY_lig	swarm_151	45.0	7.0	
lightdock	luciferin_score	-6.07381	2UUY_rec	2UUY_lig	swarm_151	46.0	1.0	
lightdock	luciferin_score	-6.0751	2UUY_rec	2UUY_lig	swarm_151	47.0	2.0	
lightdock	luciferin_score	-7.10914	2UUY_rec	2UUY_lig	swarm_151	48.0	1.0	
lightdock	luciferin_score	-10.73817	2UUY_rec	2UUY_lig	swarm_151	49.0	1.0	
lightdock	luciferin_score	-13.70061	2UUY_rec	2UUY_lig	swarm_151	50.0	2.0	
lightdock	luciferin_score	-18.15699	2UUY_rec	2UUY_lig	swarm_151	51.0	1.0	
lightdock	luciferin_score	-20.17303	2UUY_rec	2UUY_lig	swarm_151	52.0	1.0	
lightdock	luciferin_score	-24.51504	2UUY_rec	2UUY_lig	swarm_151	53.0	2.0	
lightdock	luciferin_score	-29.79951	2UUY_rec	2UUY_lig	swarm_151	54.0	1.0	
lightdock	luciferin_score	-31.6159	2UUY_rec	2UUY_lig	swarm_151	55.0	2.0	
lightdock	luciferin_score	-33.65243	2UUY_rec	2UUY_lig	swarm_151	56.0	2.0	
lightdock	luciferin_score	-34.01909	2UUY_rec	2UUY_lig	swarm_151	57.0	2.0	
lightdock	luciferin_score	-34.14398	2UUY_rec	2UUY_lig	swarm_151	58.0	1.0	
lightdock	luciferin_score	-36.41047	2UUY_rec	2UUY_lig	swarm_151	59.0	3.0	
lightdock	luciferin_score	-37.63781	2UUY_rec	2UUY_lig	swarm_151	60.0	2.0	
lightdock	luciferin_score	-40.95561	2UUY_rec	2UUY_lig	swarm_151	61.0	1.0	
lightdock	luciferin_score	-41.78129	2UUY_rec	2UUY_lig	swarm_151	62.0	1.0	
lightdock	luciferin_score	-46.26383	2UUY_rec	2UUY_lig	swarm_151	63.0	1.0	
lightdock	luciferin_score	-55.97586	2UUY_rec	2UUY_lig	swarm_151	64.0	1.0	
lightdock	luciferin_score	-57.06238	2UUY_rec	2UUY_lig	swarm_151	65.0	1.0	
lightdock	luciferin_score	-62.57068	2UUY_rec	2UUY_lig	swarm_151	66.0	2.0	
lightdock	luciferin_score	-67.03246	2UUY_rec	2UUY_lig	swarm_151	67.0	2.0	
lightdock	luciferin_score	17.5068	2UUY_rec	2UUY_lig	swarm_152	0.0	7.0	
lightdock	luciferin_score	17.2869	2UUY_rec	2UUY_lig	swarm_152	1.0	3.0	
lightdock	luciferin_score	14.97205	2UUY_rec	2UUY_lig	swarm_152	2.0	3.0	
lightdock	luciferin_score	14.88801	2UUY_rec	2UUY_lig	swarm_152	3.0	3.0	
lightdock	luciferin_score	14.37991	2UUY_rec	2UUY_lig	swarm_152	4.0	10.0	
lightdock	luciferin_score	13.52544	2UUY_rec	2UUY_lig	swarm_152	5.0	2.0	
lightdock	luciferin_score	13.40757	2UUY_rec	2UUY_lig	swarm_152	6.0	5.0	
lightdock	luciferin_score	13.31615	2UUY_rec	2UUY_lig	swarm_152	7.0	3.0	
lightdock	luciferin_score	13.26942	2UUY_rec	2UUY_lig	swarm_152	8.0	7.0	
lightdock	luciferin_score	13.20228	2UUY_rec	2UUY_lig	swarm_152	9.0	11.0	
lightdock	luciferin_score	13.17353	2UUY_rec	2UUY_lig	swarm_152	10.0	7.0	
lightdock	luciferin_score	13.13611	2UUY_rec	2UUY_lig	swarm_152	11.0	4.0	
lightdock	luciferin_score	12.99068	2UUY_rec	2UUY_lig	swarm_152	12.0	4.0	
lightdock	luciferin_score	12.52711	2UUY_rec	2UUY_lig	swarm_152	13.0	7.0	
lightdock	luciferin_score	12.52458	2UUY_rec	2UUY_lig	swarm_152	14.0	3.0	
lightdock	luciferin_score	12.29361	2UUY_rec	2UUY_lig	swarm_152	15.0	4.0	
lightdock	luciferin_score	12.08412	2UUY_rec	2UUY_lig	swarm_152	16.0	12.0	
lightdock	luciferin_score	11.79087	2UUY_rec	2UUY_lig	swarm_152	17.0	3.0	
lightdock	luciferin_score	11.61196	2UUY_rec	2UUY_lig	swarm_152	18.0	1.0	
lightdock	luciferin_score	11.56694	2UUY_rec	2UUY_lig	swarm_152	19.0	5.0	
lightdock	luciferin_score	11.51882	2UUY_rec	2UUY_lig	swarm_152	20.0	5.0	
lightdock	luciferin_score	11.48172	2UUY_rec	2UUY_lig	swarm_152	21.0	1.0	
lightdock	luciferin_score	11.38467	2UUY_rec	2UUY_lig	swarm_152	22.0	7.0	
lightdock	luciferin_score	11.23873	2UUY_rec	2UUY_lig	swarm_152	23.0	3.0	
lightdock	luciferin_score	10.66589	2UUY_rec	2UUY_lig	swarm_152	24.0	1.0	
lightdock	luciferin_score	10.62896	2UUY_rec	2UUY_lig	swarm_152	25.0	3.0	
lightdock	luciferin_score	10.51041	2UUY_rec	2UUY_lig	swarm_152	26.0	3.0	
lightdock	luciferin_score	10.21098	2UUY_rec	2UUY_lig	swarm_152	27.0	2.0	
lightdock	luciferin_score	9.86789	2UUY_rec	2UUY_lig	swarm_152	28.0	2.0	
lightdock	luciferin_score	9.50836	2UUY_rec	2UUY_lig	swarm_152	29.0	1.0	
lightdock	luciferin_score	8.95798	2UUY_rec	2UUY_lig	swarm_152	30.0	3.0	
lightdock	luciferin_score	8.94896	2UUY_rec	2UUY_lig	swarm_152	31.0	5.0	
lightdock	luciferin_score	8.26494	2UUY_rec	2UUY_lig	swarm_152	32.0	1.0	
lightdock	luciferin_score	5.93013	2UUY_rec	2UUY_lig	swarm_152	33.0	1.0	
lightdock	luciferin_score	2.83992	2UUY_rec	2UUY_lig	swarm_152	34.0	3.0	
lightdock	luciferin_score	2.58363	2UUY_rec	2UUY_lig	swarm_152	35.0	5.0	
lightdock	luciferin_score	-1.50979	2UUY_rec	2UUY_lig	swarm_152	36.0	2.0	
lightdock	luciferin_score	-1.92174	2UUY_rec	2UUY_lig	swarm_152	37.0	4.0	
lightdock	luciferin_score	-2.67927	2UUY_rec	2UUY_lig	swarm_152	38.0	9.0	
lightdock	luciferin_score	-3.18131	2UUY_rec	2UUY_lig	swarm_152	39.0	1.0	
lightdock	luciferin_score	-3.40614	2UUY_rec	2UUY_lig	swarm_152	40.0	4.0	
lightdock	luciferin_score	-5.04487	2UUY_rec	2UUY_lig	swarm_152	41.0	4.0	
lightdock	luciferin_score	-5.55105	2UUY_rec	2UUY_lig	swarm_152	42.0	1.0	
lightdock	luciferin_score	-6.48778	2UUY_rec	2UUY_lig	swarm_152	43.0	1.0	
lightdock	luciferin_score	-6.64837	2UUY_rec	2UUY_lig	swarm_152	44.0	2.0	
lightdock	luciferin_score	-8.11743	2UUY_rec	2UUY_lig	swarm_152	45.0	2.0	
lightdock	luciferin_score	-8.41046	2UUY_rec	2UUY_lig	swarm_152	46.0	1.0	
lightdock	luciferin_score	-10.45084	2UUY_rec	2UUY_lig	swarm_152	47.0	5.0	
lightdock	luciferin_score	-18.02467	2UUY_rec	2UUY_lig	swarm_152	48.0	2.0	
lightdock	luciferin_score	-25.73501	2UUY_rec	2UUY_lig	swarm_152	49.0	1.0	
lightdock	luciferin_score	-27.6235	2UUY_rec	2UUY_lig	swarm_152	50.0	1.0	
lightdock	luciferin_score	-36.37919	2UUY_rec	2UUY_lig	swarm_152	51.0	1.0	
lightdock	luciferin_score	-54.53163	2UUY_rec	2UUY_lig	swarm_152	52.0	1.0	
lightdock	luciferin_score	-54.61794	2UUY_rec	2UUY_lig	swarm_152	53.0	3.0	
lightdock	luciferin_score	-61.56763	2UUY_rec	2UUY_lig	swarm_152	54.0	1.0	
lightdock	luciferin_score	-66.20853	2UUY_rec	2UUY_lig	swarm_152	55.0	2.0	
lightdock	luciferin_score	-82.38312	2UUY_rec	2UUY_lig	swarm_152	56.0	1.0	
lightdock	luciferin_score	-82.43505	2UUY_rec	2UUY_lig	swarm_152	57.0	1.0	
lightdock	luciferin_score	19.67404	2UUY_rec	2UUY_lig	swarm_153	0.0	8.0	
lightdock	luciferin_score	14.98458	2UUY_rec	2UUY_lig	swarm_153	1.0	3.0	
lightdock	luciferin_score	13.94952	2UUY_rec	2UUY_lig	swarm_153	2.0	5.0	
lightdock	luciferin_score	13.624	2UUY_rec	2UUY_lig	swarm_153	3.0	6.0	
lightdock	luciferin_score	13.27722	2UUY_rec	2UUY_lig	swarm_153	4.0	5.0	
lightdock	luciferin_score	13.00874	2UUY_rec	2UUY_lig	swarm_153	5.0	7.0	
lightdock	luciferin_score	12.91294	2UUY_rec	2UUY_lig	swarm_153	6.0	1.0	
lightdock	luciferin_score	12.73992	2UUY_rec	2UUY_lig	swarm_153	7.0	6.0	
lightdock	luciferin_score	12.4544	2UUY_rec	2UUY_lig	swarm_153	8.0	7.0	
lightdock	luciferin_score	12.39225	2UUY_rec	2UUY_lig	swarm_153	9.0	1.0	
lightdock	luciferin_score	11.87691	2UUY_rec	2UUY_lig	swarm_153	10.0	14.0	
lightdock	luciferin_score	11.76756	2UUY_rec	2UUY_lig	swarm_153	11.0	13.0	
lightdock	luciferin_score	11.56283	2UUY_rec	2UUY_lig	swarm_153	12.0	6.0	
lightdock	luciferin_score	11.53404	2UUY_rec	2UUY_lig	swarm_153	13.0	2.0	
lightdock	luciferin_score	11.5099	2UUY_rec	2UUY_lig	swarm_153	14.0	4.0	
lightdock	luciferin_score	11.45626	2UUY_rec	2UUY_lig	swarm_153	15.0	1.0	
lightdock	luciferin_score	11.35275	2UUY_rec	2UUY_lig	swarm_153	16.0	3.0	
lightdock	luciferin_score	11.19354	2UUY_rec	2UUY_lig	swarm_153	17.0	5.0	
lightdock	luciferin_score	10.1297	2UUY_rec	2UUY_lig	swarm_153	18.0	5.0	
lightdock	luciferin_score	9.46436	2UUY_rec	2UUY_lig	swarm_153	19.0	3.0	
lightdock	luciferin_score	8.83125	2UUY_rec	2UUY_lig	swarm_153	20.0	2.0	
lightdock	luciferin_score	8.35262	2UUY_rec	2UUY_lig	swarm_153	21.0	3.0	
lightdock	luciferin_score	8.31343	2UUY_rec	2UUY_lig	swarm_153	22.0	4.0	
lightdock	luciferin_score	7.81274	2UUY_rec	2UUY_lig	swarm_153	23.0	1.0	
lightdock	luciferin_score	7.72459	2UUY_rec	2UUY_lig	swarm_153	24.0	1.0	
lightdock	luciferin_score	7.70359	2UUY_rec	2UUY_lig	swarm_153	25.0	1.0	
lightdock	luciferin_score	6.77777	2UUY_rec	2UUY_lig	swarm_153	26.0	6.0	
lightdock	luciferin_score	6.58691	2UUY_rec	2UUY_lig	swarm_153	27.0	1.0	
lightdock	luciferin_score	6.50379	2UUY_rec	2UUY_lig	swarm_153	28.0	1.0	
lightdock	luciferin_score	6.31541	2UUY_rec	2UUY_lig	swarm_153	29.0	1.0	
lightdock	luciferin_score	5.45282	2UUY_rec	2UUY_lig	swarm_153	30.0	8.0	
lightdock	luciferin_score	4.17117	2UUY_rec	2UUY_lig	swarm_153	31.0	1.0	
lightdock	luciferin_score	2.40336	2UUY_rec	2UUY_lig	swarm_153	32.0	7.0	
lightdock	luciferin_score	2.29285	2UUY_rec	2UUY_lig	swarm_153	33.0	3.0	
lightdock	luciferin_score	1.00732	2UUY_rec	2UUY_lig	swarm_153	34.0	2.0	
lightdock	luciferin_score	-1.0322	2UUY_rec	2UUY_lig	swarm_153	35.0	1.0	
lightdock	luciferin_score	-1.11213	2UUY_rec	2UUY_lig	swarm_153	36.0	1.0	
lightdock	luciferin_score	-1.55178	2UUY_rec	2UUY_lig	swarm_153	37.0	2.0	
lightdock	luciferin_score	-3.16279	2UUY_rec	2UUY_lig	swarm_153	38.0	1.0	
lightdock	luciferin_score	-4.32238	2UUY_rec	2UUY_lig	swarm_153	39.0	1.0	
lightdock	luciferin_score	-10.34775	2UUY_rec	2UUY_lig	swarm_153	40.0	1.0	
lightdock	luciferin_score	-10.9707	2UUY_rec	2UUY_lig	swarm_153	41.0	4.0	
lightdock	luciferin_score	-12.5932	2UUY_rec	2UUY_lig	swarm_153	42.0	1.0	
lightdock	luciferin_score	-13.11369	2UUY_rec	2UUY_lig	swarm_153	43.0	1.0	
lightdock	luciferin_score	-13.89133	2UUY_rec	2UUY_lig	swarm_153	44.0	1.0	
lightdock	luciferin_score	-16.84721	2UUY_rec	2UUY_lig	swarm_153	45.0	5.0	
lightdock	luciferin_score	-17.26119	2UUY_rec	2UUY_lig	swarm_153	46.0	1.0	
lightdock	luciferin_score	-17.84533	2UUY_rec	2UUY_lig	swarm_153	47.0	1.0	
lightdock	luciferin_score	-18.76659	2UUY_rec	2UUY_lig	swarm_153	48.0	3.0	
lightdock	luciferin_score	-22.81851	2UUY_rec	2UUY_lig	swarm_153	49.0	1.0	
lightdock	luciferin_score	-27.77167	2UUY_rec	2UUY_lig	swarm_153	50.0	3.0	
lightdock	luciferin_score	-28.73256	2UUY_rec	2UUY_lig	swarm_153	51.0	1.0	
lightdock	luciferin_score	-28.77504	2UUY_rec	2UUY_lig	swarm_153	52.0	1.0	
lightdock	luciferin_score	-33.95643	2UUY_rec	2UUY_lig	swarm_153	53.0	6.0	
lightdock	luciferin_score	-42.13854	2UUY_rec	2UUY_lig	swarm_153	54.0	1.0	
lightdock	luciferin_score	-43.9087	2UUY_rec	2UUY_lig	swarm_153	55.0	8.0	
lightdock	luciferin_score	-45.82144	2UUY_rec	2UUY_lig	swarm_153	56.0	1.0	
lightdock	luciferin_score	-46.92367	2UUY_rec	2UUY_lig	swarm_153	57.0	2.0	
lightdock	luciferin_score	-48.88758	2UUY_rec	2UUY_lig	swarm_153	58.0	1.0	
lightdock	luciferin_score	-49.16336	2UUY_rec	2UUY_lig	swarm_153	59.0	2.0	
lightdock	luciferin_score	-66.80153	2UUY_rec	2UUY_lig	swarm_153	60.0	1.0	
lightdock	luciferin_score	-71.95061	2UUY_rec	2UUY_lig	swarm_153	61.0	1.0	
lightdock	luciferin_score	16.45106	2UUY_rec	2UUY_lig	swarm_154	0.0	4.0	
lightdock	luciferin_score	15.08489	2UUY_rec	2UUY_lig	swarm_154	1.0	2.0	
lightdock	luciferin_score	14.20633	2UUY_rec	2UUY_lig	swarm_154	2.0	5.0	
lightdock	luciferin_score	13.66572	2UUY_rec	2UUY_lig	swarm_154	3.0	4.0	
lightdock	luciferin_score	12.90418	2UUY_rec	2UUY_lig	swarm_154	4.0	3.0	
lightdock	luciferin_score	12.09666	2UUY_rec	2UUY_lig	swarm_154	5.0	3.0	
lightdock	luciferin_score	11.532	2UUY_rec	2UUY_lig	swarm_154	6.0	7.0	
lightdock	luciferin_score	11.32975	2UUY_rec	2UUY_lig	swarm_154	7.0	1.0	
lightdock	luciferin_score	11.26434	2UUY_rec	2UUY_lig	swarm_154	8.0	2.0	
lightdock	luciferin_score	10.89584	2UUY_rec	2UUY_lig	swarm_154	9.0	5.0	
lightdock	luciferin_score	10.79735	2UUY_rec	2UUY_lig	swarm_154	10.0	2.0	
lightdock	luciferin_score	10.4496	2UUY_rec	2UUY_lig	swarm_154	11.0	5.0	
lightdock	luciferin_score	10.34985	2UUY_rec	2UUY_lig	swarm_154	12.0	3.0	
lightdock	luciferin_score	10.31411	2UUY_rec	2UUY_lig	swarm_154	13.0	6.0	
lightdock	luciferin_score	10.1757	2UUY_rec	2UUY_lig	swarm_154	14.0	2.0	
lightdock	luciferin_score	10.15476	2UUY_rec	2UUY_lig	swarm_154	15.0	4.0	
lightdock	luciferin_score	9.95765	2UUY_rec	2UUY_lig	swarm_154	16.0	5.0	
lightdock	luciferin_score	9.85762	2UUY_rec	2UUY_lig	swarm_154	17.0	6.0	
lightdock	luciferin_score	9.8568	2UUY_rec	2UUY_lig	swarm_154	18.0	1.0	
lightdock	luciferin_score	9.72644	2UUY_rec	2UUY_lig	swarm_154	19.0	8.0	
lightdock	luciferin_score	9.59299	2UUY_rec	2UUY_lig	swarm_154	20.0	8.0	
lightdock	luciferin_score	9.29907	2UUY_rec	2UUY_lig	swarm_154	21.0	2.0	
lightdock	luciferin_score	9.21348	2UUY_rec	2UUY_lig	swarm_154	22.0	1.0	
lightdock	luciferin_score	9.06049	2UUY_rec	2UUY_lig	swarm_154	23.0	3.0	
lightdock	luciferin_score	9.03888	2UUY_rec	2UUY_lig	swarm_154	24.0	1.0	
lightdock	luciferin_score	9.03285	2UUY_rec	2UUY_lig	swarm_154	25.0	6.0	
lightdock	luciferin_score	8.91281	2UUY_rec	2UUY_lig	swarm_154	26.0	3.0	
lightdock	luciferin_score	8.70259	2UUY_rec	2UUY_lig	swarm_154	27.0	2.0	
lightdock	luciferin_score	8.62727	2UUY_rec	2UUY_lig	swarm_154	28.0	1.0	
lightdock	luciferin_score	8.33309	2UUY_rec	2UUY_lig	swarm_154	29.0	8.0	
lightdock	luciferin_score	8.266	2UUY_rec	2UUY_lig	swarm_154	30.0	2.0	
lightdock	luciferin_score	8.25057	2UUY_rec	2UUY_lig	swarm_154	31.0	1.0	
lightdock	luciferin_score	8.08006	2UUY_rec	2UUY_lig	swarm_154	32.0	3.0	
lightdock	luciferin_score	7.72489	2UUY_rec	2UUY_lig	swarm_154	33.0	1.0	
lightdock	luciferin_score	7.59651	2UUY_rec	2UUY_lig	swarm_154	34.0	5.0	
lightdock	luciferin_score	7.4439	2UUY_rec	2UUY_lig	swarm_154	35.0	1.0	
lightdock	luciferin_score	7.4118	2UUY_rec	2UUY_lig	swarm_154	36.0	3.0	
lightdock	luciferin_score	7.33634	2UUY_rec	2UUY_lig	swarm_154	37.0	2.0	
lightdock	luciferin_score	7.10132	2UUY_rec	2UUY_lig	swarm_154	38.0	6.0	
lightdock	luciferin_score	7.06691	2UUY_rec	2UUY_lig	swarm_154	39.0	1.0	
lightdock	luciferin_score	7.00487	2UUY_rec	2UUY_lig	swarm_154	40.0	1.0	
lightdock	luciferin_score	6.77287	2UUY_rec	2UUY_lig	swarm_154	41.0	3.0	
lightdock	luciferin_score	6.76433	2UUY_rec	2UUY_lig	swarm_154	42.0	3.0	
lightdock	luciferin_score	6.42993	2UUY_rec	2UUY_lig	swarm_154	43.0	1.0	
lightdock	luciferin_score	6.35833	2UUY_rec	2UUY_lig	swarm_154	44.0	2.0	
lightdock	luciferin_score	6.04575	2UUY_rec	2UUY_lig	swarm_154	45.0	2.0	
lightdock	luciferin_score	5.92217	2UUY_rec	2UUY_lig	swarm_154	46.0	3.0	
lightdock	luciferin_score	5.91611	2UUY_rec	2UUY_lig	swarm_154	47.0	1.0	
lightdock	luciferin_score	5.75447	2UUY_rec	2UUY_lig	swarm_154	48.0	2.0	
lightdock	luciferin_score	5.7536	2UUY_rec	2UUY_lig	swarm_154	49.0	1.0	
lightdock	luciferin_score	5.72509	2UUY_rec	2UUY_lig	swarm_154	50.0	1.0	
lightdock	luciferin_score	5.68809	2UUY_rec	2UUY_lig	swarm_154	51.0	2.0	
lightdock	luciferin_score	5.65228	2UUY_rec	2UUY_lig	swarm_154	52.0	1.0	
lightdock	luciferin_score	5.29966	2UUY_rec	2UUY_lig	swarm_154	53.0	7.0	
lightdock	luciferin_score	4.9336	2UUY_rec	2UUY_lig	swarm_154	54.0	1.0	
lightdock	luciferin_score	4.65006	2UUY_rec	2UUY_lig	swarm_154	55.0	2.0	
lightdock	luciferin_score	4.01909	2UUY_rec	2UUY_lig	swarm_154	56.0	3.0	
lightdock	luciferin_score	3.91718	2UUY_rec	2UUY_lig	swarm_154	57.0	1.0	
lightdock	luciferin_score	2.21749	2UUY_rec	2UUY_lig	swarm_154	58.0	1.0	
lightdock	luciferin_score	1.8673	2UUY_rec	2UUY_lig	swarm_154	59.0	2.0	
lightdock	luciferin_score	0.75843	2UUY_rec	2UUY_lig	swarm_154	60.0	1.0	
lightdock	luciferin_score	0.672	2UUY_rec	2UUY_lig	swarm_154	61.0	1.0	
lightdock	luciferin_score	0.61776	2UUY_rec	2UUY_lig	swarm_154	62.0	1.0	
lightdock	luciferin_score	-2.44144	2UUY_rec	2UUY_lig	swarm_154	63.0	2.0	
lightdock	luciferin_score	-4.03427	2UUY_rec	2UUY_lig	swarm_154	64.0	2.0	
lightdock	luciferin_score	-10.02258	2UUY_rec	2UUY_lig	swarm_154	65.0	2.0	
lightdock	luciferin_score	-12.57647	2UUY_rec	2UUY_lig	swarm_154	66.0	2.0	
lightdock	luciferin_score	-17.42979	2UUY_rec	2UUY_lig	swarm_154	67.0	1.0	
lightdock	luciferin_score	-18.82584	2UUY_rec	2UUY_lig	swarm_154	68.0	3.0	
lightdock	luciferin_score	-25.0679	2UUY_rec	2UUY_lig	swarm_154	69.0	1.0	
lightdock	luciferin_score	-27.66313	2UUY_rec	2UUY_lig	swarm_154	70.0	1.0	
lightdock	luciferin_score	-29.92286	2UUY_rec	2UUY_lig	swarm_154	71.0	2.0	
lightdock	luciferin_score	-32.89808	2UUY_rec	2UUY_lig	swarm_154	72.0	1.0	
lightdock	luciferin_score	-35.44072	2UUY_rec	2UUY_lig	swarm_154	73.0	2.0	
lightdock	luciferin_score	19.29285	2UUY_rec	2UUY_lig	swarm_155	0.0	7.0	
lightdock	luciferin_score	19.00785	2UUY_rec	2UUY_lig	swarm_155	1.0	4.0	
lightdock	luciferin_score	15.98958	2UUY_rec	2UUY_lig	swarm_155	2.0	2.0	
lightdock	luciferin_score	15.6285	2UUY_rec	2UUY_lig	swarm_155	3.0	3.0	
lightdock	luciferin_score	14.66448	2UUY_rec	2UUY_lig	swarm_155	4.0	9.0	
lightdock	luciferin_score	14.6267	2UUY_rec	2UUY_lig	swarm_155	5.0	12.0	
lightdock	luciferin_score	13.36371	2UUY_rec	2UUY_lig	swarm_155	6.0	4.0	
lightdock	luciferin_score	12.77911	2UUY_rec	2UUY_lig	swarm_155	7.0	6.0	
lightdock	luciferin_score	12.75255	2UUY_rec	2UUY_lig	swarm_155	8.0	5.0	
lightdock	luciferin_score	12.03866	2UUY_rec	2UUY_lig	swarm_155	9.0	3.0	
lightdock	luciferin_score	11.83532	2UUY_rec	2UUY_lig	swarm_155	10.0	7.0	
lightdock	luciferin_score	11.4188	2UUY_rec	2UUY_lig	swarm_155	11.0	1.0	
lightdock	luciferin_score	11.28219	2UUY_rec	2UUY_lig	swarm_155	12.0	8.0	
lightdock	luciferin_score	11.22682	2UUY_rec	2UUY_lig	swarm_155	13.0	3.0	
lightdock	luciferin_score	11.06204	2UUY_rec	2UUY_lig	swarm_155	14.0	3.0	
lightdock	luciferin_score	11.02337	2UUY_rec	2UUY_lig	swarm_155	15.0	5.0	
lightdock	luciferin_score	10.94826	2UUY_rec	2UUY_lig	swarm_155	16.0	5.0	
lightdock	luciferin_score	10.68784	2UUY_rec	2UUY_lig	swarm_155	17.0	3.0	
lightdock	luciferin_score	10.66045	2UUY_rec	2UUY_lig	swarm_155	18.0	7.0	
lightdock	luciferin_score	10.59369	2UUY_rec	2UUY_lig	swarm_155	19.0	5.0	
lightdock	luciferin_score	10.59258	2UUY_rec	2UUY_lig	swarm_155	20.0	8.0	
lightdock	luciferin_score	10.57216	2UUY_rec	2UUY_lig	swarm_155	21.0	1.0	
lightdock	luciferin_score	10.53082	2UUY_rec	2UUY_lig	swarm_155	22.0	3.0	
lightdock	luciferin_score	10.02083	2UUY_rec	2UUY_lig	swarm_155	23.0	15.0	
lightdock	luciferin_score	9.62015	2UUY_rec	2UUY_lig	swarm_155	24.0	5.0	
lightdock	luciferin_score	9.52786	2UUY_rec	2UUY_lig	swarm_155	25.0	3.0	
lightdock	luciferin_score	9.4278	2UUY_rec	2UUY_lig	swarm_155	26.0	1.0	
lightdock	luciferin_score	8.85392	2UUY_rec	2UUY_lig	swarm_155	27.0	2.0	
lightdock	luciferin_score	7.94843	2UUY_rec	2UUY_lig	swarm_155	28.0	4.0	
lightdock	luciferin_score	7.84473	2UUY_rec	2UUY_lig	swarm_155	29.0	2.0	
lightdock	luciferin_score	7.71425	2UUY_rec	2UUY_lig	swarm_155	30.0	1.0	
lightdock	luciferin_score	7.41077	2UUY_rec	2UUY_lig	swarm_155	31.0	3.0	
lightdock	luciferin_score	7.04781	2UUY_rec	2UUY_lig	swarm_155	32.0	4.0	
lightdock	luciferin_score	6.94955	2UUY_rec	2UUY_lig	swarm_155	33.0	1.0	
lightdock	luciferin_score	6.74651	2UUY_rec	2UUY_lig	swarm_155	34.0	2.0	
lightdock	luciferin_score	6.70675	2UUY_rec	2UUY_lig	swarm_155	35.0	1.0	
lightdock	luciferin_score	6.68941	2UUY_rec	2UUY_lig	swarm_155	36.0	1.0	
lightdock	luciferin_score	6.50692	2UUY_rec	2UUY_lig	swarm_155	37.0	3.0	
lightdock	luciferin_score	6.37455	2UUY_rec	2UUY_lig	swarm_155	38.0	1.0	
lightdock	luciferin_score	6.30589	2UUY_rec	2UUY_lig	swarm_155	39.0	1.0	
lightdock	luciferin_score	5.55701	2UUY_rec	2UUY_lig	swarm_155	40.0	1.0	
lightdock	luciferin_score	4.74807	2UUY_rec	2UUY_lig	swarm_155	41.0	1.0	
lightdock	luciferin_score	3.93162	2UUY_rec	2UUY_lig	swarm_155	42.0	1.0	
lightdock	luciferin_score	3.40794	2UUY_rec	2UUY_lig	swarm_155	43.0	1.0	
lightdock	luciferin_score	2.94903	2UUY_rec	2UUY_lig	swarm_155	44.0	1.0	
lightdock	luciferin_score	2.02317	2UUY_rec	2UUY_lig	swarm_155	45.0	1.0	
lightdock	luciferin_score	0.77505	2UUY_rec	2UUY_lig	swarm_155	46.0	1.0	
lightdock	luciferin_score	0.3321	2UUY_rec	2UUY_lig	swarm_155	47.0	2.0	
lightdock	luciferin_score	-1.28099	2UUY_rec	2UUY_lig	swarm_155	48.0	2.0	
lightdock	luciferin_score	-1.97173	2UUY_rec	2UUY_lig	swarm_155	49.0	1.0	
lightdock	luciferin_score	-3.25625	2UUY_rec	2UUY_lig	swarm_155	50.0	1.0	
lightdock	luciferin_score	-3.94131	2UUY_rec	2UUY_lig	swarm_155	51.0	2.0	
lightdock	luciferin_score	-5.0155	2UUY_rec	2UUY_lig	swarm_155	52.0	2.0	
lightdock	luciferin_score	-14.05942	2UUY_rec	2UUY_lig	swarm_155	53.0	1.0	
lightdock	luciferin_score	-14.67595	2UUY_rec	2UUY_lig	swarm_155	54.0	5.0	
lightdock	luciferin_score	-16.0148	2UUY_rec	2UUY_lig	swarm_155	55.0	1.0	
lightdock	luciferin_score	-23.46432	2UUY_rec	2UUY_lig	swarm_155	56.0	1.0	
lightdock	luciferin_score	-24.72015	2UUY_rec	2UUY_lig	swarm_155	57.0	1.0	
lightdock	luciferin_score	-31.50809	2UUY_rec	2UUY_lig	swarm_155	58.0	1.0	
lightdock	luciferin_score	-34.50461	2UUY_rec	2UUY_lig	swarm_155	59.0	1.0	
lightdock	luciferin_score	-40.25128	2UUY_rec	2UUY_lig	swarm_155	60.0	1.0	
lightdock	luciferin_score	-43.43251	2UUY_rec	2UUY_lig	swarm_155	61.0	3.0	
lightdock	luciferin_score	-48.21227	2UUY_rec	2UUY_lig	swarm_155	62.0	3.0	
lightdock	luciferin_score	-68.28303	2UUY_rec	2UUY_lig	swarm_155	63.0	1.0	
lightdock	luciferin_score	23.92208	2UUY_rec	2UUY_lig	swarm_156	0.0	7.0	
lightdock	luciferin_score	18.83858	2UUY_rec	2UUY_lig	swarm_156	1.0	5.0	
lightdock	luciferin_score	18.07473	2UUY_rec	2UUY_lig	swarm_156	2.0	6.0	
lightdock	luciferin_score	15.44749	2UUY_rec	2UUY_lig	swarm_156	3.0	2.0	
lightdock	luciferin_score	15.34899	2UUY_rec	2UUY_lig	swarm_156	4.0	3.0	
lightdock	luciferin_score	15.33971	2UUY_rec	2UUY_lig	swarm_156	5.0	2.0	
lightdock	luciferin_score	15.11756	2UUY_rec	2UUY_lig	swarm_156	6.0	8.0	
lightdock	luciferin_score	14.84569	2UUY_rec	2UUY_lig	swarm_156	7.0	2.0	
lightdock	luciferin_score	14.16641	2UUY_rec	2UUY_lig	swarm_156	8.0	4.0	
lightdock	luciferin_score	13.91544	2UUY_rec	2UUY_lig	swarm_156	9.0	2.0	
lightdock	luciferin_score	13.51821	2UUY_rec	2UUY_lig	swarm_156	10.0	9.0	
lightdock	luciferin_score	13.21319	2UUY_rec	2UUY_lig	swarm_156	11.0	5.0	
lightdock	luciferin_score	13.0354	2UUY_rec	2UUY_lig	swarm_156	12.0	2.0	
lightdock	luciferin_score	12.96608	2UUY_rec	2UUY_lig	swarm_156	13.0	3.0	
lightdock	luciferin_score	12.87468	2UUY_rec	2UUY_lig	swarm_156	14.0	10.0	
lightdock	luciferin_score	12.80469	2UUY_rec	2UUY_lig	swarm_156	15.0	1.0	
lightdock	luciferin_score	12.78594	2UUY_rec	2UUY_lig	swarm_156	16.0	3.0	
lightdock	luciferin_score	12.72405	2UUY_rec	2UUY_lig	swarm_156	17.0	1.0	
lightdock	luciferin_score	12.45994	2UUY_rec	2UUY_lig	swarm_156	18.0	3.0	
lightdock	luciferin_score	12.35998	2UUY_rec	2UUY_lig	swarm_156	19.0	3.0	
lightdock	luciferin_score	11.2631	2UUY_rec	2UUY_lig	swarm_156	20.0	5.0	
lightdock	luciferin_score	11.18185	2UUY_rec	2UUY_lig	swarm_156	21.0	3.0	
lightdock	luciferin_score	11.10239	2UUY_rec	2UUY_lig	swarm_156	22.0	4.0	
lightdock	luciferin_score	10.8631	2UUY_rec	2UUY_lig	swarm_156	23.0	2.0	
lightdock	luciferin_score	10.63332	2UUY_rec	2UUY_lig	swarm_156	24.0	7.0	
lightdock	luciferin_score	10.54913	2UUY_rec	2UUY_lig	swarm_156	25.0	6.0	
lightdock	luciferin_score	10.14666	2UUY_rec	2UUY_lig	swarm_156	26.0	3.0	
lightdock	luciferin_score	9.99785	2UUY_rec	2UUY_lig	swarm_156	27.0	3.0	
lightdock	luciferin_score	9.80526	2UUY_rec	2UUY_lig	swarm_156	28.0	1.0	
lightdock	luciferin_score	9.19268	2UUY_rec	2UUY_lig	swarm_156	29.0	2.0	
lightdock	luciferin_score	9.1263	2UUY_rec	2UUY_lig	swarm_156	30.0	1.0	
lightdock	luciferin_score	8.9106	2UUY_rec	2UUY_lig	swarm_156	31.0	5.0	
lightdock	luciferin_score	8.80708	2UUY_rec	2UUY_lig	swarm_156	32.0	2.0	
lightdock	luciferin_score	8.66302	2UUY_rec	2UUY_lig	swarm_156	33.0	8.0	
lightdock	luciferin_score	8.13722	2UUY_rec	2UUY_lig	swarm_156	34.0	1.0	
lightdock	luciferin_score	8.10892	2UUY_rec	2UUY_lig	swarm_156	35.0	1.0	
lightdock	luciferin_score	8.00327	2UUY_rec	2UUY_lig	swarm_156	36.0	2.0	
lightdock	luciferin_score	7.966	2UUY_rec	2UUY_lig	swarm_156	37.0	2.0	
lightdock	luciferin_score	7.71874	2UUY_rec	2UUY_lig	swarm_156	38.0	1.0	
lightdock	luciferin_score	7.58375	2UUY_rec	2UUY_lig	swarm_156	39.0	3.0	
lightdock	luciferin_score	7.10786	2UUY_rec	2UUY_lig	swarm_156	40.0	1.0	
lightdock	luciferin_score	6.7346	2UUY_rec	2UUY_lig	swarm_156	41.0	3.0	
lightdock	luciferin_score	6.67737	2UUY_rec	2UUY_lig	swarm_156	42.0	5.0	
lightdock	luciferin_score	6.0116	2UUY_rec	2UUY_lig	swarm_156	43.0	1.0	
lightdock	luciferin_score	5.73391	2UUY_rec	2UUY_lig	swarm_156	44.0	1.0	
lightdock	luciferin_score	4.95269	2UUY_rec	2UUY_lig	swarm_156	45.0	3.0	
lightdock	luciferin_score	2.77886	2UUY_rec	2UUY_lig	swarm_156	46.0	2.0	
lightdock	luciferin_score	-4.21468	2UUY_rec	2UUY_lig	swarm_156	47.0	1.0	
lightdock	luciferin_score	-4.31863	2UUY_rec	2UUY_lig	swarm_156	48.0	2.0	
lightdock	luciferin_score	-4.3627	2UUY_rec	2UUY_lig	swarm_156	49.0	1.0	
lightdock	luciferin_score	-4.39553	2UUY_rec	2UUY_lig	swarm_156	50.0	2.0	
lightdock	luciferin_score	-7.08284	2UUY_rec	2UUY_lig	swarm_156	51.0	1.0	
lightdock	luciferin_score	-9.85871	2UUY_rec	2UUY_lig	swarm_156	52.0	11.0	
lightdock	luciferin_score	-11.55101	2UUY_rec	2UUY_lig	swarm_156	53.0	1.0	
lightdock	luciferin_score	-14.27464	2UUY_rec	2UUY_lig	swarm_156	54.0	2.0	
lightdock	luciferin_score	-16.49284	2UUY_rec	2UUY_lig	swarm_156	55.0	1.0	
lightdock	luciferin_score	-21.2808	2UUY_rec	2UUY_lig	swarm_156	56.0	1.0	
lightdock	luciferin_score	-24.51563	2UUY_rec	2UUY_lig	swarm_156	57.0	1.0	
lightdock	luciferin_score	-25.34442	2UUY_rec	2UUY_lig	swarm_156	58.0	2.0	
lightdock	luciferin_score	-28.34488	2UUY_rec	2UUY_lig	swarm_156	59.0	3.0	
lightdock	luciferin_score	-29.73125	2UUY_rec	2UUY_lig	swarm_156	60.0	1.0	
lightdock	luciferin_score	-33.10783	2UUY_rec	2UUY_lig	swarm_156	61.0	2.0	
lightdock	luciferin_score	-50.53643	2UUY_rec	2UUY_lig	swarm_156	62.0	4.0	
lightdock	luciferin_score	-59.59009	2UUY_rec	2UUY_lig	swarm_156	63.0	2.0	
lightdock	luciferin_score	-67.19246	2UUY_rec	2UUY_lig	swarm_156	64.0	1.0	
lightdock	luciferin_score	-80.00864	2UUY_rec	2UUY_lig	swarm_156	65.0	2.0	
lightdock	luciferin_score	16.77577	2UUY_rec	2UUY_lig	swarm_157	0.0	12.0	
lightdock	luciferin_score	13.03063	2UUY_rec	2UUY_lig	swarm_157	1.0	3.0	
lightdock	luciferin_score	12.60423	2UUY_rec	2UUY_lig	swarm_157	2.0	2.0	
lightdock	luciferin_score	11.92283	2UUY_rec	2UUY_lig	swarm_157	3.0	5.0	
lightdock	luciferin_score	11.90799	2UUY_rec	2UUY_lig	swarm_157	4.0	4.0	
lightdock	luciferin_score	11.66202	2UUY_rec	2UUY_lig	swarm_157	5.0	2.0	
lightdock	luciferin_score	11.35373	2UUY_rec	2UUY_lig	swarm_157	6.0	2.0	
lightdock	luciferin_score	11.25918	2UUY_rec	2UUY_lig	swarm_157	7.0	2.0	
lightdock	luciferin_score	11.23495	2UUY_rec	2UUY_lig	swarm_157	8.0	12.0	
lightdock	luciferin_score	10.82238	2UUY_rec	2UUY_lig	swarm_157	9.0	10.0	
lightdock	luciferin_score	10.42057	2UUY_rec	2UUY_lig	swarm_157	10.0	1.0	
lightdock	luciferin_score	10.33208	2UUY_rec	2UUY_lig	swarm_157	11.0	8.0	
lightdock	luciferin_score	9.67339	2UUY_rec	2UUY_lig	swarm_157	12.0	1.0	
lightdock	luciferin_score	9.37338	2UUY_rec	2UUY_lig	swarm_157	13.0	3.0	
lightdock	luciferin_score	9.0316	2UUY_rec	2UUY_lig	swarm_157	14.0	21.0	
lightdock	luciferin_score	8.9325	2UUY_rec	2UUY_lig	swarm_157	15.0	5.0	
lightdock	luciferin_score	8.86491	2UUY_rec	2UUY_lig	swarm_157	16.0	1.0	
lightdock	luciferin_score	8.39294	2UUY_rec	2UUY_lig	swarm_157	17.0	3.0	
lightdock	luciferin_score	8.38415	2UUY_rec	2UUY_lig	swarm_157	18.0	2.0	
lightdock	luciferin_score	8.22883	2UUY_rec	2UUY_lig	swarm_157	19.0	4.0	
lightdock	luciferin_score	7.93216	2UUY_rec	2UUY_lig	swarm_157	20.0	6.0	
lightdock	luciferin_score	7.8257	2UUY_rec	2UUY_lig	swarm_157	21.0	1.0	
lightdock	luciferin_score	7.68538	2UUY_rec	2UUY_lig	swarm_157	22.0	1.0	
lightdock	luciferin_score	7.64236	2UUY_rec	2UUY_lig	swarm_157	23.0	2.0	
lightdock	luciferin_score	7.61355	2UUY_rec	2UUY_lig	swarm_157	24.0	1.0	
lightdock	luciferin_score	7.50759	2UUY_rec	2UUY_lig	swarm_157	25.0	4.0	
lightdock	luciferin_score	7.50192	2UUY_rec	2UUY_lig	swarm_157	26.0	2.0	
lightdock	luciferin_score	7.43434	2UUY_rec	2UUY_lig	swarm_157	27.0	3.0	
lightdock	luciferin_score	7.33674	2UUY_rec	2UUY_lig	swarm_157	28.0	1.0	
lightdock	luciferin_score	7.3353	2UUY_rec	2UUY_lig	swarm_157	29.0	3.0	
lightdock	luciferin_score	7.24466	2UUY_rec	2UUY_lig	swarm_157	30.0	2.0	
lightdock	luciferin_score	6.96132	2UUY_rec	2UUY_lig	swarm_157	31.0	1.0	
lightdock	luciferin_score	6.86291	2UUY_rec	2UUY_lig	swarm_157	32.0	1.0	
lightdock	luciferin_score	6.64747	2UUY_rec	2UUY_lig	swarm_157	33.0	4.0	
lightdock	luciferin_score	6.57276	2UUY_rec	2UUY_lig	swarm_157	34.0	4.0	
lightdock	luciferin_score	6.35494	2UUY_rec	2UUY_lig	swarm_157	35.0	1.0	
lightdock	luciferin_score	5.9445	2UUY_rec	2UUY_lig	swarm_157	36.0	1.0	
lightdock	luciferin_score	5.72438	2UUY_rec	2UUY_lig	swarm_157	37.0	2.0	
lightdock	luciferin_score	5.3666	2UUY_rec	2UUY_lig	swarm_157	38.0	1.0	
lightdock	luciferin_score	4.95488	2UUY_rec	2UUY_lig	swarm_157	39.0	1.0	
lightdock	luciferin_score	4.82123	2UUY_rec	2UUY_lig	swarm_157	40.0	1.0	
lightdock	luciferin_score	4.73762	2UUY_rec	2UUY_lig	swarm_157	41.0	2.0	
lightdock	luciferin_score	4.70539	2UUY_rec	2UUY_lig	swarm_157	42.0	4.0	
lightdock	luciferin_score	4.13014	2UUY_rec	2UUY_lig	swarm_157	43.0	2.0	
lightdock	luciferin_score	3.44156	2UUY_rec	2UUY_lig	swarm_157	44.0	2.0	
lightdock	luciferin_score	3.12706	2UUY_rec	2UUY_lig	swarm_157	45.0	1.0	
lightdock	luciferin_score	2.61097	2UUY_rec	2UUY_lig	swarm_157	46.0	5.0	
lightdock	luciferin_score	2.5408	2UUY_rec	2UUY_lig	swarm_157	47.0	4.0	
lightdock	luciferin_score	1.15701	2UUY_rec	2UUY_lig	swarm_157	48.0	1.0	
lightdock	luciferin_score	0.82247	2UUY_rec	2UUY_lig	swarm_157	49.0	2.0	
lightdock	luciferin_score	-0.19513	2UUY_rec	2UUY_lig	swarm_157	50.0	5.0	
lightdock	luciferin_score	-0.2495	2UUY_rec	2UUY_lig	swarm_157	51.0	1.0	
lightdock	luciferin_score	-0.85272	2UUY_rec	2UUY_lig	swarm_157	52.0	8.0	
lightdock	luciferin_score	-1.795	2UUY_rec	2UUY_lig	swarm_157	53.0	1.0	
lightdock	luciferin_score	-11.94762	2UUY_rec	2UUY_lig	swarm_157	54.0	3.0	
lightdock	luciferin_score	-17.21462	2UUY_rec	2UUY_lig	swarm_157	55.0	2.0	
lightdock	luciferin_score	-22.65403	2UUY_rec	2UUY_lig	swarm_157	56.0	1.0	
lightdock	luciferin_score	-27.79144	2UUY_rec	2UUY_lig	swarm_157	57.0	4.0	
lightdock	luciferin_score	-30.99124	2UUY_rec	2UUY_lig	swarm_157	58.0	1.0	
lightdock	luciferin_score	-32.65415	2UUY_rec	2UUY_lig	swarm_157	59.0	1.0	
lightdock	luciferin_score	-44.9844	2UUY_rec	2UUY_lig	swarm_157	60.0	1.0	
lightdock	luciferin_score	-45.52499	2UUY_rec	2UUY_lig	swarm_157	61.0	1.0	
lightdock	luciferin_score	-48.48178	2UUY_rec	2UUY_lig	swarm_157	62.0	1.0	
lightdock	luciferin_score	-57.90944	2UUY_rec	2UUY_lig	swarm_157	63.0	1.0	
lightdock	luciferin_score	16.58415	2UUY_rec	2UUY_lig	swarm_158	0.0	6.0	
lightdock	luciferin_score	15.27558	2UUY_rec	2UUY_lig	swarm_158	1.0	1.0	
lightdock	luciferin_score	14.3828	2UUY_rec	2UUY_lig	swarm_158	2.0	5.0	
lightdock	luciferin_score	14.02098	2UUY_rec	2UUY_lig	swarm_158	3.0	6.0	
lightdock	luciferin_score	12.55243	2UUY_rec	2UUY_lig	swarm_158	4.0	3.0	
lightdock	luciferin_score	11.8891	2UUY_rec	2UUY_lig	swarm_158	5.0	6.0	
lightdock	luciferin_score	11.86485	2UUY_rec	2UUY_lig	swarm_158	6.0	10.0	
lightdock	luciferin_score	11.70691	2UUY_rec	2UUY_lig	swarm_158	7.0	5.0	
lightdock	luciferin_score	11.55884	2UUY_rec	2UUY_lig	swarm_158	8.0	1.0	
lightdock	luciferin_score	11.5371	2UUY_rec	2UUY_lig	swarm_158	9.0	2.0	
lightdock	luciferin_score	11.4601	2UUY_rec	2UUY_lig	swarm_158	10.0	3.0	
lightdock	luciferin_score	11.4444	2UUY_rec	2UUY_lig	swarm_158	11.0	3.0	
lightdock	luciferin_score	11.34583	2UUY_rec	2UUY_lig	swarm_158	12.0	5.0	
lightdock	luciferin_score	11.33119	2UUY_rec	2UUY_lig	swarm_158	13.0	14.0	
lightdock	luciferin_score	11.12077	2UUY_rec	2UUY_lig	swarm_158	14.0	3.0	
lightdock	luciferin_score	10.41151	2UUY_rec	2UUY_lig	swarm_158	15.0	4.0	
lightdock	luciferin_score	10.16642	2UUY_rec	2UUY_lig	swarm_158	16.0	4.0	
lightdock	luciferin_score	9.85007	2UUY_rec	2UUY_lig	swarm_158	17.0	1.0	
lightdock	luciferin_score	9.70381	2UUY_rec	2UUY_lig	swarm_158	18.0	5.0	
lightdock	luciferin_score	9.54428	2UUY_rec	2UUY_lig	swarm_158	19.0	8.0	
lightdock	luciferin_score	9.35641	2UUY_rec	2UUY_lig	swarm_158	20.0	7.0	
lightdock	luciferin_score	8.9844	2UUY_rec	2UUY_lig	swarm_158	21.0	5.0	
lightdock	luciferin_score	8.87429	2UUY_rec	2UUY_lig	swarm_158	22.0	2.0	
lightdock	luciferin_score	8.8177	2UUY_rec	2UUY_lig	swarm_158	23.0	2.0	
lightdock	luciferin_score	8.6343	2UUY_rec	2UUY_lig	swarm_158	24.0	1.0	
lightdock	luciferin_score	8.50768	2UUY_rec	2UUY_lig	swarm_158	25.0	5.0	
lightdock	luciferin_score	8.02173	2UUY_rec	2UUY_lig	swarm_158	26.0	2.0	
lightdock	luciferin_score	7.9487	2UUY_rec	2UUY_lig	swarm_158	27.0	2.0	
lightdock	luciferin_score	7.61261	2UUY_rec	2UUY_lig	swarm_158	28.0	1.0	
lightdock	luciferin_score	7.60998	2UUY_rec	2UUY_lig	swarm_158	29.0	4.0	
lightdock	luciferin_score	7.40714	2UUY_rec	2UUY_lig	swarm_158	30.0	5.0	
lightdock	luciferin_score	7.38041	2UUY_rec	2UUY_lig	swarm_158	31.0	1.0	
lightdock	luciferin_score	7.25903	2UUY_rec	2UUY_lig	swarm_158	32.0	6.0	
lightdock	luciferin_score	7.1829	2UUY_rec	2UUY_lig	swarm_158	33.0	3.0	
lightdock	luciferin_score	7.1008	2UUY_rec	2UUY_lig	swarm_158	34.0	2.0	
lightdock	luciferin_score	6.85847	2UUY_rec	2UUY_lig	swarm_158	35.0	8.0	
lightdock	luciferin_score	6.5862	2UUY_rec	2UUY_lig	swarm_158	36.0	3.0	
lightdock	luciferin_score	6.51602	2UUY_rec	2UUY_lig	swarm_158	37.0	2.0	
lightdock	luciferin_score	6.47739	2UUY_rec	2UUY_lig	swarm_158	38.0	5.0	
lightdock	luciferin_score	6.31841	2UUY_rec	2UUY_lig	swarm_158	39.0	1.0	
lightdock	luciferin_score	5.57175	2UUY_rec	2UUY_lig	swarm_158	40.0	1.0	
lightdock	luciferin_score	5.33797	2UUY_rec	2UUY_lig	swarm_158	41.0	1.0	
lightdock	luciferin_score	4.38582	2UUY_rec	2UUY_lig	swarm_158	42.0	4.0	
lightdock	luciferin_score	3.74612	2UUY_rec	2UUY_lig	swarm_158	43.0	1.0	
lightdock	luciferin_score	-2.28985	2UUY_rec	2UUY_lig	swarm_158	44.0	2.0	
lightdock	luciferin_score	-2.64728	2UUY_rec	2UUY_lig	swarm_158	45.0	5.0	
lightdock	luciferin_score	-5.83383	2UUY_rec	2UUY_lig	swarm_158	46.0	1.0	
lightdock	luciferin_score	-7.44613	2UUY_rec	2UUY_lig	swarm_158	47.0	4.0	
lightdock	luciferin_score	-7.45021	2UUY_rec	2UUY_lig	swarm_158	48.0	1.0	
lightdock	luciferin_score	-11.28251	2UUY_rec	2UUY_lig	swarm_158	49.0	1.0	
lightdock	luciferin_score	-14.2178	2UUY_rec	2UUY_lig	swarm_158	50.0	1.0	
lightdock	luciferin_score	-14.29526	2UUY_rec	2UUY_lig	swarm_158	51.0	1.0	
lightdock	luciferin_score	-15.54794	2UUY_rec	2UUY_lig	swarm_158	52.0	1.0	
lightdock	luciferin_score	-16.58425	2UUY_rec	2UUY_lig	swarm_158	53.0	3.0	
lightdock	luciferin_score	-17.65833	2UUY_rec	2UUY_lig	swarm_158	54.0	2.0	
lightdock	luciferin_score	-26.15621	2UUY_rec	2UUY_lig	swarm_158	55.0	3.0	
lightdock	luciferin_score	-26.7997	2UUY_rec	2UUY_lig	swarm_158	56.0	1.0	
lightdock	luciferin_score	-51.82815	2UUY_rec	2UUY_lig	swarm_158	57.0	2.0	
lightdock	luciferin_score	-58.53906	2UUY_rec	2UUY_lig	swarm_158	58.0	1.0	
lightdock	luciferin_score	-59.87184	2UUY_rec	2UUY_lig	swarm_158	59.0	1.0	
lightdock	luciferin_score	-62.90804	2UUY_rec	2UUY_lig	swarm_158	60.0	1.0	
lightdock	luciferin_score	18.06254	2UUY_rec	2UUY_lig	swarm_159	0.0	11.0	
lightdock	luciferin_score	13.80037	2UUY_rec	2UUY_lig	swarm_159	1.0	3.0	
lightdock	luciferin_score	13.37676	2UUY_rec	2UUY_lig	swarm_159	2.0	8.0	
lightdock	luciferin_score	13.20962	2UUY_rec	2UUY_lig	swarm_159	3.0	3.0	
lightdock	luciferin_score	13.16738	2UUY_rec	2UUY_lig	swarm_159	4.0	4.0	
lightdock	luciferin_score	12.99799	2UUY_rec	2UUY_lig	swarm_159	5.0	12.0	
lightdock	luciferin_score	12.42665	2UUY_rec	2UUY_lig	swarm_159	6.0	1.0	
lightdock	luciferin_score	12.30552	2UUY_rec	2UUY_lig	swarm_159	7.0	3.0	
lightdock	luciferin_score	12.2559	2UUY_rec	2UUY_lig	swarm_159	8.0	4.0	
lightdock	luciferin_score	12.18706	2UUY_rec	2UUY_lig	swarm_159	9.0	5.0	
lightdock	luciferin_score	11.51469	2UUY_rec	2UUY_lig	swarm_159	10.0	2.0	
lightdock	luciferin_score	11.03275	2UUY_rec	2UUY_lig	swarm_159	11.0	6.0	
lightdock	luciferin_score	10.89768	2UUY_rec	2UUY_lig	swarm_159	12.0	3.0	
lightdock	luciferin_score	10.87379	2UUY_rec	2UUY_lig	swarm_159	13.0	1.0	
lightdock	luciferin_score	10.78439	2UUY_rec	2UUY_lig	swarm_159	14.0	1.0	
lightdock	luciferin_score	10.69146	2UUY_rec	2UUY_lig	swarm_159	15.0	5.0	
lightdock	luciferin_score	10.60864	2UUY_rec	2UUY_lig	swarm_159	16.0	2.0	
lightdock	luciferin_score	10.48391	2UUY_rec	2UUY_lig	swarm_159	17.0	3.0	
lightdock	luciferin_score	10.29625	2UUY_rec	2UUY_lig	swarm_159	18.0	2.0	
lightdock	luciferin_score	10.28826	2UUY_rec	2UUY_lig	swarm_159	19.0	4.0	
lightdock	luciferin_score	10.22276	2UUY_rec	2UUY_lig	swarm_159	20.0	4.0	
lightdock	luciferin_score	9.51681	2UUY_rec	2UUY_lig	swarm_159	21.0	1.0	
lightdock	luciferin_score	9.45552	2UUY_rec	2UUY_lig	swarm_159	22.0	2.0	
lightdock	luciferin_score	9.27659	2UUY_rec	2UUY_lig	swarm_159	23.0	2.0	
lightdock	luciferin_score	9.25546	2UUY_rec	2UUY_lig	swarm_159	24.0	1.0	
lightdock	luciferin_score	9.05299	2UUY_rec	2UUY_lig	swarm_159	25.0	3.0	
lightdock	luciferin_score	8.56348	2UUY_rec	2UUY_lig	swarm_159	26.0	1.0	
lightdock	luciferin_score	8.09976	2UUY_rec	2UUY_lig	swarm_159	27.0	7.0	
lightdock	luciferin_score	7.8638	2UUY_rec	2UUY_lig	swarm_159	28.0	3.0	
lightdock	luciferin_score	7.74805	2UUY_rec	2UUY_lig	swarm_159	29.0	1.0	
lightdock	luciferin_score	7.24616	2UUY_rec	2UUY_lig	swarm_159	30.0	1.0	
lightdock	luciferin_score	6.94372	2UUY_rec	2UUY_lig	swarm_159	31.0	1.0	
lightdock	luciferin_score	6.74569	2UUY_rec	2UUY_lig	swarm_159	32.0	1.0	
lightdock	luciferin_score	6.72458	2UUY_rec	2UUY_lig	swarm_159	33.0	2.0	
lightdock	luciferin_score	6.40751	2UUY_rec	2UUY_lig	swarm_159	34.0	2.0	
lightdock	luciferin_score	6.38532	2UUY_rec	2UUY_lig	swarm_159	35.0	3.0	
lightdock	luciferin_score	6.3586	2UUY_rec	2UUY_lig	swarm_159	36.0	8.0	
lightdock	luciferin_score	6.11807	2UUY_rec	2UUY_lig	swarm_159	37.0	1.0	
lightdock	luciferin_score	6.07657	2UUY_rec	2UUY_lig	swarm_159	38.0	3.0	
lightdock	luciferin_score	6.07488	2UUY_rec	2UUY_lig	swarm_159	39.0	1.0	
lightdock	luciferin_score	5.01307	2UUY_rec	2UUY_lig	swarm_159	40.0	2.0	
lightdock	luciferin_score	2.54995	2UUY_rec	2UUY_lig	swarm_159	41.0	10.0	
lightdock	luciferin_score	-0.03789	2UUY_rec	2UUY_lig	swarm_159	42.0	7.0	
lightdock	luciferin_score	-0.38185	2UUY_rec	2UUY_lig	swarm_159	43.0	2.0	
lightdock	luciferin_score	-0.89663	2UUY_rec	2UUY_lig	swarm_159	44.0	2.0	
lightdock	luciferin_score	-2.64573	2UUY_rec	2UUY_lig	swarm_159	45.0	2.0	
lightdock	luciferin_score	-2.97249	2UUY_rec	2UUY_lig	swarm_159	46.0	1.0	
lightdock	luciferin_score	-2.97329	2UUY_rec	2UUY_lig	swarm_159	47.0	2.0	
lightdock	luciferin_score	-3.33409	2UUY_rec	2UUY_lig	swarm_159	48.0	7.0	
lightdock	luciferin_score	-5.73938	2UUY_rec	2UUY_lig	swarm_159	49.0	2.0	
lightdock	luciferin_score	-6.73276	2UUY_rec	2UUY_lig	swarm_159	50.0	1.0	
lightdock	luciferin_score	-7.8821	2UUY_rec	2UUY_lig	swarm_159	51.0	1.0	
lightdock	luciferin_score	-9.64892	2UUY_rec	2UUY_lig	swarm_159	52.0	2.0	
lightdock	luciferin_score	-12.04408	2UUY_rec	2UUY_lig	swarm_159	53.0	1.0	
lightdock	luciferin_score	-13.6844	2UUY_rec	2UUY_lig	swarm_159	54.0	1.0	
lightdock	luciferin_score	-15.30516	2UUY_rec	2UUY_lig	swarm_159	55.0	2.0	
lightdock	luciferin_score	-15.56193	2UUY_rec	2UUY_lig	swarm_159	56.0	3.0	
lightdock	luciferin_score	-16.40018	2UUY_rec	2UUY_lig	swarm_159	57.0	1.0	
lightdock	luciferin_score	-16.50001	2UUY_rec	2UUY_lig	swarm_159	58.0	2.0	
lightdock	luciferin_score	-20.5459	2UUY_rec	2UUY_lig	swarm_159	59.0	1.0	
lightdock	luciferin_score	-21.35483	2UUY_rec	2UUY_lig	swarm_159	60.0	1.0	
lightdock	luciferin_score	-23.04697	2UUY_rec	2UUY_lig	swarm_159	61.0	1.0	
lightdock	luciferin_score	-25.56092	2UUY_rec	2UUY_lig	swarm_159	62.0	2.0	
lightdock	luciferin_score	-33.72985	2UUY_rec	2UUY_lig	swarm_159	63.0	5.0	
lightdock	luciferin_score	-35.16242	2UUY_rec	2UUY_lig	swarm_159	64.0	1.0	
lightdock	luciferin_score	-35.44375	2UUY_rec	2UUY_lig	swarm_159	65.0	1.0	
lightdock	luciferin_score	-36.0701	2UUY_rec	2UUY_lig	swarm_159	66.0	2.0	
lightdock	luciferin_score	-39.10349	2UUY_rec	2UUY_lig	swarm_159	67.0	1.0	
lightdock	luciferin_score	-50.53948	2UUY_rec	2UUY_lig	swarm_159	68.0	1.0	
lightdock	luciferin_score	-51.75678	2UUY_rec	2UUY_lig	swarm_159	69.0	2.0	
lightdock	luciferin_score	12.88682	2UUY_rec	2UUY_lig	swarm_16	0.0	2.0	
lightdock	luciferin_score	12.61925	2UUY_rec	2UUY_lig	swarm_16	1.0	9.0	
lightdock	luciferin_score	12.49865	2UUY_rec	2UUY_lig	swarm_16	2.0	3.0	
lightdock	luciferin_score	11.51536	2UUY_rec	2UUY_lig	swarm_16	3.0	9.0	
lightdock	luciferin_score	10.44271	2UUY_rec	2UUY_lig	swarm_16	4.0	2.0	
lightdock	luciferin_score	10.38521	2UUY_rec	2UUY_lig	swarm_16	5.0	3.0	
lightdock	luciferin_score	9.7485	2UUY_rec	2UUY_lig	swarm_16	6.0	5.0	
lightdock	luciferin_score	9.66387	2UUY_rec	2UUY_lig	swarm_16	7.0	3.0	
lightdock	luciferin_score	9.32121	2UUY_rec	2UUY_lig	swarm_16	8.0	11.0	
lightdock	luciferin_score	9.031	2UUY_rec	2UUY_lig	swarm_16	9.0	4.0	
lightdock	luciferin_score	8.91172	2UUY_rec	2UUY_lig	swarm_16	10.0	11.0	
lightdock	luciferin_score	8.90092	2UUY_rec	2UUY_lig	swarm_16	11.0	1.0	
lightdock	luciferin_score	8.78406	2UUY_rec	2UUY_lig	swarm_16	12.0	4.0	
lightdock	luciferin_score	8.54481	2UUY_rec	2UUY_lig	swarm_16	13.0	10.0	
lightdock	luciferin_score	8.53893	2UUY_rec	2UUY_lig	swarm_16	14.0	4.0	
lightdock	luciferin_score	8.52155	2UUY_rec	2UUY_lig	swarm_16	15.0	6.0	
lightdock	luciferin_score	8.48207	2UUY_rec	2UUY_lig	swarm_16	16.0	4.0	
lightdock	luciferin_score	8.42768	2UUY_rec	2UUY_lig	swarm_16	17.0	9.0	
lightdock	luciferin_score	8.34721	2UUY_rec	2UUY_lig	swarm_16	18.0	2.0	
lightdock	luciferin_score	8.20531	2UUY_rec	2UUY_lig	swarm_16	19.0	4.0	
lightdock	luciferin_score	8.06343	2UUY_rec	2UUY_lig	swarm_16	20.0	4.0	
lightdock	luciferin_score	8.05256	2UUY_rec	2UUY_lig	swarm_16	21.0	1.0	
lightdock	luciferin_score	7.74758	2UUY_rec	2UUY_lig	swarm_16	22.0	7.0	
lightdock	luciferin_score	7.72042	2UUY_rec	2UUY_lig	swarm_16	23.0	2.0	
lightdock	luciferin_score	7.61248	2UUY_rec	2UUY_lig	swarm_16	24.0	3.0	
lightdock	luciferin_score	7.43134	2UUY_rec	2UUY_lig	swarm_16	25.0	5.0	
lightdock	luciferin_score	7.42119	2UUY_rec	2UUY_lig	swarm_16	26.0	3.0	
lightdock	luciferin_score	7.37769	2UUY_rec	2UUY_lig	swarm_16	27.0	5.0	
lightdock	luciferin_score	7.33047	2UUY_rec	2UUY_lig	swarm_16	28.0	1.0	
lightdock	luciferin_score	7.31341	2UUY_rec	2UUY_lig	swarm_16	29.0	2.0	
lightdock	luciferin_score	7.22603	2UUY_rec	2UUY_lig	swarm_16	30.0	3.0	
lightdock	luciferin_score	7.01195	2UUY_rec	2UUY_lig	swarm_16	31.0	2.0	
lightdock	luciferin_score	6.99239	2UUY_rec	2UUY_lig	swarm_16	32.0	1.0	
lightdock	luciferin_score	6.91602	2UUY_rec	2UUY_lig	swarm_16	33.0	1.0	
lightdock	luciferin_score	6.82445	2UUY_rec	2UUY_lig	swarm_16	34.0	4.0	
lightdock	luciferin_score	6.80087	2UUY_rec	2UUY_lig	swarm_16	35.0	1.0	
lightdock	luciferin_score	6.79898	2UUY_rec	2UUY_lig	swarm_16	36.0	1.0	
lightdock	luciferin_score	6.56342	2UUY_rec	2UUY_lig	swarm_16	37.0	2.0	
lightdock	luciferin_score	6.43244	2UUY_rec	2UUY_lig	swarm_16	38.0	3.0	
lightdock	luciferin_score	6.37913	2UUY_rec	2UUY_lig	swarm_16	39.0	2.0	
lightdock	luciferin_score	6.16535	2UUY_rec	2UUY_lig	swarm_16	40.0	1.0	
lightdock	luciferin_score	6.10863	2UUY_rec	2UUY_lig	swarm_16	41.0	3.0	
lightdock	luciferin_score	5.985	2UUY_rec	2UUY_lig	swarm_16	42.0	1.0	
lightdock	luciferin_score	5.90052	2UUY_rec	2UUY_lig	swarm_16	43.0	1.0	
lightdock	luciferin_score	5.83317	2UUY_rec	2UUY_lig	swarm_16	44.0	1.0	
lightdock	luciferin_score	5.64143	2UUY_rec	2UUY_lig	swarm_16	45.0	3.0	
lightdock	luciferin_score	5.26047	2UUY_rec	2UUY_lig	swarm_16	46.0	2.0	
lightdock	luciferin_score	5.17828	2UUY_rec	2UUY_lig	swarm_16	47.0	1.0	
lightdock	luciferin_score	4.86716	2UUY_rec	2UUY_lig	swarm_16	48.0	1.0	
lightdock	luciferin_score	4.80252	2UUY_rec	2UUY_lig	swarm_16	49.0	1.0	
lightdock	luciferin_score	3.35847	2UUY_rec	2UUY_lig	swarm_16	50.0	1.0	
lightdock	luciferin_score	2.86259	2UUY_rec	2UUY_lig	swarm_16	51.0	1.0	
lightdock	luciferin_score	2.81171	2UUY_rec	2UUY_lig	swarm_16	52.0	2.0	
lightdock	luciferin_score	-0.77606	2UUY_rec	2UUY_lig	swarm_16	53.0	1.0	
lightdock	luciferin_score	-0.77974	2UUY_rec	2UUY_lig	swarm_16	54.0	3.0	
lightdock	luciferin_score	-0.81291	2UUY_rec	2UUY_lig	swarm_16	55.0	1.0	
lightdock	luciferin_score	-1.39594	2UUY_rec	2UUY_lig	swarm_16	56.0	1.0	
lightdock	luciferin_score	-2.95721	2UUY_rec	2UUY_lig	swarm_16	57.0	1.0	
lightdock	luciferin_score	-3.79799	2UUY_rec	2UUY_lig	swarm_16	58.0	5.0	
lightdock	luciferin_score	-5.19642	2UUY_rec	2UUY_lig	swarm_16	59.0	1.0	
lightdock	luciferin_score	-8.26216	2UUY_rec	2UUY_lig	swarm_16	60.0	1.0	
lightdock	luciferin_score	-9.4071	2UUY_rec	2UUY_lig	swarm_16	61.0	1.0	
lightdock	luciferin_score	-9.96031	2UUY_rec	2UUY_lig	swarm_16	62.0	1.0	
lightdock	luciferin_score	-10.93665	2UUY_rec	2UUY_lig	swarm_16	63.0	1.0	
lightdock	luciferin_score	-16.75037	2UUY_rec	2UUY_lig	swarm_16	64.0	2.0	
lightdock	luciferin_score	-38.49737	2UUY_rec	2UUY_lig	swarm_16	65.0	1.0	
lightdock	luciferin_score	-47.73498	2UUY_rec	2UUY_lig	swarm_16	66.0	1.0	
lightdock	luciferin_score	-62.75055	2UUY_rec	2UUY_lig	swarm_16	67.0	1.0	
lightdock	luciferin_score	15.57835	2UUY_rec	2UUY_lig	swarm_160	0.0	4.0	
lightdock	luciferin_score	14.5937	2UUY_rec	2UUY_lig	swarm_160	1.0	6.0	
lightdock	luciferin_score	14.42341	2UUY_rec	2UUY_lig	swarm_160	2.0	2.0	
lightdock	luciferin_score	13.80644	2UUY_rec	2UUY_lig	swarm_160	3.0	3.0	
lightdock	luciferin_score	13.71056	2UUY_rec	2UUY_lig	swarm_160	4.0	6.0	
lightdock	luciferin_score	13.4077	2UUY_rec	2UUY_lig	swarm_160	5.0	4.0	
lightdock	luciferin_score	13.1661	2UUY_rec	2UUY_lig	swarm_160	6.0	3.0	
lightdock	luciferin_score	12.81919	2UUY_rec	2UUY_lig	swarm_160	7.0	3.0	
lightdock	luciferin_score	12.81852	2UUY_rec	2UUY_lig	swarm_160	8.0	4.0	
lightdock	luciferin_score	12.80138	2UUY_rec	2UUY_lig	swarm_160	9.0	11.0	
lightdock	luciferin_score	12.7561	2UUY_rec	2UUY_lig	swarm_160	10.0	2.0	
lightdock	luciferin_score	12.59295	2UUY_rec	2UUY_lig	swarm_160	11.0	2.0	
lightdock	luciferin_score	12.4643	2UUY_rec	2UUY_lig	swarm_160	12.0	9.0	
lightdock	luciferin_score	12.0879	2UUY_rec	2UUY_lig	swarm_160	13.0	4.0	
lightdock	luciferin_score	12.05359	2UUY_rec	2UUY_lig	swarm_160	14.0	8.0	
lightdock	luciferin_score	11.64552	2UUY_rec	2UUY_lig	swarm_160	15.0	6.0	
lightdock	luciferin_score	11.58043	2UUY_rec	2UUY_lig	swarm_160	16.0	7.0	
lightdock	luciferin_score	11.47802	2UUY_rec	2UUY_lig	swarm_160	17.0	3.0	
lightdock	luciferin_score	10.7659	2UUY_rec	2UUY_lig	swarm_160	18.0	2.0	
lightdock	luciferin_score	10.50761	2UUY_rec	2UUY_lig	swarm_160	19.0	2.0	
lightdock	luciferin_score	10.32798	2UUY_rec	2UUY_lig	swarm_160	20.0	5.0	
lightdock	luciferin_score	10.2231	2UUY_rec	2UUY_lig	swarm_160	21.0	1.0	
lightdock	luciferin_score	10.07677	2UUY_rec	2UUY_lig	swarm_160	22.0	2.0	
lightdock	luciferin_score	10.04126	2UUY_rec	2UUY_lig	swarm_160	23.0	1.0	
lightdock	luciferin_score	9.97622	2UUY_rec	2UUY_lig	swarm_160	24.0	1.0	
lightdock	luciferin_score	9.85211	2UUY_rec	2UUY_lig	swarm_160	25.0	3.0	
lightdock	luciferin_score	9.75161	2UUY_rec	2UUY_lig	swarm_160	26.0	5.0	
lightdock	luciferin_score	9.62584	2UUY_rec	2UUY_lig	swarm_160	27.0	1.0	
lightdock	luciferin_score	9.17736	2UUY_rec	2UUY_lig	swarm_160	28.0	3.0	
lightdock	luciferin_score	8.77945	2UUY_rec	2UUY_lig	swarm_160	29.0	1.0	
lightdock	luciferin_score	8.56934	2UUY_rec	2UUY_lig	swarm_160	30.0	2.0	
lightdock	luciferin_score	8.30725	2UUY_rec	2UUY_lig	swarm_160	31.0	5.0	
lightdock	luciferin_score	8.14409	2UUY_rec	2UUY_lig	swarm_160	32.0	4.0	
lightdock	luciferin_score	7.99554	2UUY_rec	2UUY_lig	swarm_160	33.0	2.0	
lightdock	luciferin_score	7.89184	2UUY_rec	2UUY_lig	swarm_160	34.0	5.0	
lightdock	luciferin_score	7.87678	2UUY_rec	2UUY_lig	swarm_160	35.0	3.0	
lightdock	luciferin_score	7.32998	2UUY_rec	2UUY_lig	swarm_160	36.0	1.0	
lightdock	luciferin_score	6.92163	2UUY_rec	2UUY_lig	swarm_160	37.0	4.0	
lightdock	luciferin_score	6.79789	2UUY_rec	2UUY_lig	swarm_160	38.0	1.0	
lightdock	luciferin_score	6.72856	2UUY_rec	2UUY_lig	swarm_160	39.0	2.0	
lightdock	luciferin_score	6.48033	2UUY_rec	2UUY_lig	swarm_160	40.0	2.0	
lightdock	luciferin_score	6.34755	2UUY_rec	2UUY_lig	swarm_160	41.0	2.0	
lightdock	luciferin_score	6.1896	2UUY_rec	2UUY_lig	swarm_160	42.0	3.0	
lightdock	luciferin_score	4.70894	2UUY_rec	2UUY_lig	swarm_160	43.0	2.0	
lightdock	luciferin_score	4.10728	2UUY_rec	2UUY_lig	swarm_160	44.0	1.0	
lightdock	luciferin_score	3.72135	2UUY_rec	2UUY_lig	swarm_160	45.0	4.0	
lightdock	luciferin_score	2.0265	2UUY_rec	2UUY_lig	swarm_160	46.0	1.0	
lightdock	luciferin_score	0.66085	2UUY_rec	2UUY_lig	swarm_160	47.0	4.0	
lightdock	luciferin_score	0.32743	2UUY_rec	2UUY_lig	swarm_160	48.0	1.0	
lightdock	luciferin_score	-0.22444	2UUY_rec	2UUY_lig	swarm_160	49.0	1.0	
lightdock	luciferin_score	-3.26691	2UUY_rec	2UUY_lig	swarm_160	50.0	1.0	
lightdock	luciferin_score	-4.64671	2UUY_rec	2UUY_lig	swarm_160	51.0	4.0	
lightdock	luciferin_score	-7.62314	2UUY_rec	2UUY_lig	swarm_160	52.0	3.0	
lightdock	luciferin_score	-15.99167	2UUY_rec	2UUY_lig	swarm_160	53.0	1.0	
lightdock	luciferin_score	-16.05869	2UUY_rec	2UUY_lig	swarm_160	54.0	1.0	
lightdock	luciferin_score	-16.56181	2UUY_rec	2UUY_lig	swarm_160	55.0	1.0	
lightdock	luciferin_score	-21.05226	2UUY_rec	2UUY_lig	swarm_160	56.0	1.0	
lightdock	luciferin_score	-25.67787	2UUY_rec	2UUY_lig	swarm_160	57.0	2.0	
lightdock	luciferin_score	-26.11325	2UUY_rec	2UUY_lig	swarm_160	58.0	5.0	
lightdock	luciferin_score	-27.386	2UUY_rec	2UUY_lig	swarm_160	59.0	4.0	
lightdock	luciferin_score	-30.41695	2UUY_rec	2UUY_lig	swarm_160	60.0	2.0	
lightdock	luciferin_score	-33.56855	2UUY_rec	2UUY_lig	swarm_160	61.0	2.0	
lightdock	luciferin_score	-35.66765	2UUY_rec	2UUY_lig	swarm_160	62.0	2.0	
lightdock	luciferin_score	-39.05027	2UUY_rec	2UUY_lig	swarm_160	63.0	1.0	
lightdock	luciferin_score	-44.50887	2UUY_rec	2UUY_lig	swarm_160	64.0	2.0	
lightdock	luciferin_score	-44.75223	2UUY_rec	2UUY_lig	swarm_160	65.0	1.0	
lightdock	luciferin_score	-48.92346	2UUY_rec	2UUY_lig	swarm_160	66.0	1.0	
lightdock	luciferin_score	-50.92074	2UUY_rec	2UUY_lig	swarm_160	67.0	1.0	
lightdock	luciferin_score	-52.48768	2UUY_rec	2UUY_lig	swarm_160	68.0	1.0	
lightdock	luciferin_score	19.09091	2UUY_rec	2UUY_lig	swarm_161	0.0	3.0	
lightdock	luciferin_score	14.9149	2UUY_rec	2UUY_lig	swarm_161	1.0	2.0	
lightdock	luciferin_score	13.8296	2UUY_rec	2UUY_lig	swarm_161	2.0	4.0	
lightdock	luciferin_score	13.48513	2UUY_rec	2UUY_lig	swarm_161	3.0	8.0	
lightdock	luciferin_score	13.12823	2UUY_rec	2UUY_lig	swarm_161	4.0	1.0	
lightdock	luciferin_score	13.08523	2UUY_rec	2UUY_lig	swarm_161	5.0	8.0	
lightdock	luciferin_score	12.44851	2UUY_rec	2UUY_lig	swarm_161	6.0	6.0	
lightdock	luciferin_score	12.39803	2UUY_rec	2UUY_lig	swarm_161	7.0	5.0	
lightdock	luciferin_score	12.13894	2UUY_rec	2UUY_lig	swarm_161	8.0	3.0	
lightdock	luciferin_score	12.07426	2UUY_rec	2UUY_lig	swarm_161	9.0	3.0	
lightdock	luciferin_score	11.95378	2UUY_rec	2UUY_lig	swarm_161	10.0	7.0	
lightdock	luciferin_score	11.70248	2UUY_rec	2UUY_lig	swarm_161	11.0	6.0	
lightdock	luciferin_score	11.55881	2UUY_rec	2UUY_lig	swarm_161	12.0	5.0	
lightdock	luciferin_score	11.03384	2UUY_rec	2UUY_lig	swarm_161	13.0	5.0	
lightdock	luciferin_score	10.90388	2UUY_rec	2UUY_lig	swarm_161	14.0	5.0	
lightdock	luciferin_score	10.85476	2UUY_rec	2UUY_lig	swarm_161	15.0	3.0	
lightdock	luciferin_score	10.63669	2UUY_rec	2UUY_lig	swarm_161	16.0	4.0	
lightdock	luciferin_score	10.54459	2UUY_rec	2UUY_lig	swarm_161	17.0	5.0	
lightdock	luciferin_score	10.49243	2UUY_rec	2UUY_lig	swarm_161	18.0	2.0	
lightdock	luciferin_score	10.40692	2UUY_rec	2UUY_lig	swarm_161	19.0	7.0	
lightdock	luciferin_score	10.23752	2UUY_rec	2UUY_lig	swarm_161	20.0	5.0	
lightdock	luciferin_score	10.23188	2UUY_rec	2UUY_lig	swarm_161	21.0	4.0	
lightdock	luciferin_score	10.20667	2UUY_rec	2UUY_lig	swarm_161	22.0	10.0	
lightdock	luciferin_score	10.03489	2UUY_rec	2UUY_lig	swarm_161	23.0	4.0	
lightdock	luciferin_score	9.9609	2UUY_rec	2UUY_lig	swarm_161	24.0	3.0	
lightdock	luciferin_score	9.26245	2UUY_rec	2UUY_lig	swarm_161	25.0	4.0	
lightdock	luciferin_score	9.23976	2UUY_rec	2UUY_lig	swarm_161	26.0	3.0	
lightdock	luciferin_score	8.61543	2UUY_rec	2UUY_lig	swarm_161	27.0	3.0	
lightdock	luciferin_score	8.28367	2UUY_rec	2UUY_lig	swarm_161	28.0	4.0	
lightdock	luciferin_score	8.14937	2UUY_rec	2UUY_lig	swarm_161	29.0	2.0	
lightdock	luciferin_score	8.13809	2UUY_rec	2UUY_lig	swarm_161	30.0	3.0	
lightdock	luciferin_score	7.87299	2UUY_rec	2UUY_lig	swarm_161	31.0	1.0	
lightdock	luciferin_score	7.71802	2UUY_rec	2UUY_lig	swarm_161	32.0	1.0	
lightdock	luciferin_score	7.61611	2UUY_rec	2UUY_lig	swarm_161	33.0	4.0	
lightdock	luciferin_score	7.51238	2UUY_rec	2UUY_lig	swarm_161	34.0	3.0	
lightdock	luciferin_score	7.45463	2UUY_rec	2UUY_lig	swarm_161	35.0	1.0	
lightdock	luciferin_score	7.28906	2UUY_rec	2UUY_lig	swarm_161	36.0	5.0	
lightdock	luciferin_score	6.96261	2UUY_rec	2UUY_lig	swarm_161	37.0	2.0	
lightdock	luciferin_score	6.93156	2UUY_rec	2UUY_lig	swarm_161	38.0	1.0	
lightdock	luciferin_score	6.91307	2UUY_rec	2UUY_lig	swarm_161	39.0	1.0	
lightdock	luciferin_score	6.71085	2UUY_rec	2UUY_lig	swarm_161	40.0	1.0	
lightdock	luciferin_score	6.69951	2UUY_rec	2UUY_lig	swarm_161	41.0	2.0	
lightdock	luciferin_score	6.55097	2UUY_rec	2UUY_lig	swarm_161	42.0	1.0	
lightdock	luciferin_score	6.48889	2UUY_rec	2UUY_lig	swarm_161	43.0	2.0	
lightdock	luciferin_score	6.40492	2UUY_rec	2UUY_lig	swarm_161	44.0	1.0	
lightdock	luciferin_score	6.30528	2UUY_rec	2UUY_lig	swarm_161	45.0	1.0	
lightdock	luciferin_score	6.19992	2UUY_rec	2UUY_lig	swarm_161	46.0	1.0	
lightdock	luciferin_score	5.90818	2UUY_rec	2UUY_lig	swarm_161	47.0	1.0	
lightdock	luciferin_score	5.6	2UUY_rec	2UUY_lig	swarm_161	48.0	1.0	
lightdock	luciferin_score	5.23728	2UUY_rec	2UUY_lig	swarm_161	49.0	1.0	
lightdock	luciferin_score	5.07523	2UUY_rec	2UUY_lig	swarm_161	50.0	1.0	
lightdock	luciferin_score	3.45695	2UUY_rec	2UUY_lig	swarm_161	51.0	1.0	
lightdock	luciferin_score	2.74732	2UUY_rec	2UUY_lig	swarm_161	52.0	1.0	
lightdock	luciferin_score	2.43987	2UUY_rec	2UUY_lig	swarm_161	53.0	5.0	
lightdock	luciferin_score	2.41523	2UUY_rec	2UUY_lig	swarm_161	54.0	4.0	
lightdock	luciferin_score	0.71158	2UUY_rec	2UUY_lig	swarm_161	55.0	1.0	
lightdock	luciferin_score	0.50798	2UUY_rec	2UUY_lig	swarm_161	56.0	5.0	
lightdock	luciferin_score	-0.17644	2UUY_rec	2UUY_lig	swarm_161	57.0	1.0	
lightdock	luciferin_score	-0.68859	2UUY_rec	2UUY_lig	swarm_161	58.0	1.0	
lightdock	luciferin_score	-4.51836	2UUY_rec	2UUY_lig	swarm_161	59.0	1.0	
lightdock	luciferin_score	-6.3796	2UUY_rec	2UUY_lig	swarm_161	60.0	2.0	
lightdock	luciferin_score	-9.68569	2UUY_rec	2UUY_lig	swarm_161	61.0	1.0	
lightdock	luciferin_score	-9.98746	2UUY_rec	2UUY_lig	swarm_161	62.0	1.0	
lightdock	luciferin_score	-10.45654	2UUY_rec	2UUY_lig	swarm_161	63.0	1.0	
lightdock	luciferin_score	-10.56826	2UUY_rec	2UUY_lig	swarm_161	64.0	1.0	
lightdock	luciferin_score	-15.06877	2UUY_rec	2UUY_lig	swarm_161	65.0	1.0	
lightdock	luciferin_score	-16.41298	2UUY_rec	2UUY_lig	swarm_161	66.0	1.0	
lightdock	luciferin_score	-29.26478	2UUY_rec	2UUY_lig	swarm_161	67.0	1.0	
lightdock	luciferin_score	-33.40271	2UUY_rec	2UUY_lig	swarm_161	68.0	1.0	
lightdock	luciferin_score	-38.91847	2UUY_rec	2UUY_lig	swarm_161	69.0	1.0	
lightdock	luciferin_score	16.91154	2UUY_rec	2UUY_lig	swarm_162	0.0	4.0	
lightdock	luciferin_score	14.31009	2UUY_rec	2UUY_lig	swarm_162	1.0	14.0	
lightdock	luciferin_score	12.99053	2UUY_rec	2UUY_lig	swarm_162	2.0	9.0	
lightdock	luciferin_score	12.8909	2UUY_rec	2UUY_lig	swarm_162	3.0	7.0	
lightdock	luciferin_score	12.28215	2UUY_rec	2UUY_lig	swarm_162	4.0	3.0	
lightdock	luciferin_score	11.98673	2UUY_rec	2UUY_lig	swarm_162	5.0	2.0	
lightdock	luciferin_score	11.86262	2UUY_rec	2UUY_lig	swarm_162	6.0	5.0	
lightdock	luciferin_score	11.44682	2UUY_rec	2UUY_lig	swarm_162	7.0	2.0	
lightdock	luciferin_score	10.53293	2UUY_rec	2UUY_lig	swarm_162	8.0	7.0	
lightdock	luciferin_score	10.48956	2UUY_rec	2UUY_lig	swarm_162	9.0	3.0	
lightdock	luciferin_score	10.45171	2UUY_rec	2UUY_lig	swarm_162	10.0	4.0	
lightdock	luciferin_score	10.38112	2UUY_rec	2UUY_lig	swarm_162	11.0	5.0	
lightdock	luciferin_score	10.33411	2UUY_rec	2UUY_lig	swarm_162	12.0	4.0	
lightdock	luciferin_score	10.27334	2UUY_rec	2UUY_lig	swarm_162	13.0	5.0	
lightdock	luciferin_score	10.2209	2UUY_rec	2UUY_lig	swarm_162	14.0	12.0	
lightdock	luciferin_score	10.1941	2UUY_rec	2UUY_lig	swarm_162	15.0	4.0	
lightdock	luciferin_score	9.86232	2UUY_rec	2UUY_lig	swarm_162	16.0	2.0	
lightdock	luciferin_score	9.81409	2UUY_rec	2UUY_lig	swarm_162	17.0	2.0	
lightdock	luciferin_score	9.7269	2UUY_rec	2UUY_lig	swarm_162	18.0	3.0	
lightdock	luciferin_score	8.87477	2UUY_rec	2UUY_lig	swarm_162	19.0	2.0	
lightdock	luciferin_score	8.64869	2UUY_rec	2UUY_lig	swarm_162	20.0	7.0	
lightdock	luciferin_score	8.63925	2UUY_rec	2UUY_lig	swarm_162	21.0	2.0	
lightdock	luciferin_score	8.53359	2UUY_rec	2UUY_lig	swarm_162	22.0	3.0	
lightdock	luciferin_score	8.45934	2UUY_rec	2UUY_lig	swarm_162	23.0	1.0	
lightdock	luciferin_score	8.23067	2UUY_rec	2UUY_lig	swarm_162	24.0	7.0	
lightdock	luciferin_score	7.99007	2UUY_rec	2UUY_lig	swarm_162	25.0	1.0	
lightdock	luciferin_score	7.82797	2UUY_rec	2UUY_lig	swarm_162	26.0	6.0	
lightdock	luciferin_score	7.64671	2UUY_rec	2UUY_lig	swarm_162	27.0	13.0	
lightdock	luciferin_score	7.60724	2UUY_rec	2UUY_lig	swarm_162	28.0	2.0	
lightdock	luciferin_score	7.52789	2UUY_rec	2UUY_lig	swarm_162	29.0	1.0	
lightdock	luciferin_score	7.45891	2UUY_rec	2UUY_lig	swarm_162	30.0	1.0	
lightdock	luciferin_score	7.15168	2UUY_rec	2UUY_lig	swarm_162	31.0	5.0	
lightdock	luciferin_score	7.11097	2UUY_rec	2UUY_lig	swarm_162	32.0	2.0	
lightdock	luciferin_score	7.01025	2UUY_rec	2UUY_lig	swarm_162	33.0	1.0	
lightdock	luciferin_score	6.91663	2UUY_rec	2UUY_lig	swarm_162	34.0	1.0	
lightdock	luciferin_score	6.87272	2UUY_rec	2UUY_lig	swarm_162	35.0	4.0	
lightdock	luciferin_score	5.51452	2UUY_rec	2UUY_lig	swarm_162	36.0	4.0	
lightdock	luciferin_score	4.50318	2UUY_rec	2UUY_lig	swarm_162	37.0	1.0	
lightdock	luciferin_score	4.24657	2UUY_rec	2UUY_lig	swarm_162	38.0	4.0	
lightdock	luciferin_score	3.422	2UUY_rec	2UUY_lig	swarm_162	39.0	1.0	
lightdock	luciferin_score	-0.12408	2UUY_rec	2UUY_lig	swarm_162	40.0	1.0	
lightdock	luciferin_score	-1.31529	2UUY_rec	2UUY_lig	swarm_162	41.0	1.0	
lightdock	luciferin_score	-1.76108	2UUY_rec	2UUY_lig	swarm_162	42.0	1.0	
lightdock	luciferin_score	-3.10639	2UUY_rec	2UUY_lig	swarm_162	43.0	2.0	
lightdock	luciferin_score	-8.99881	2UUY_rec	2UUY_lig	swarm_162	44.0	4.0	
lightdock	luciferin_score	-11.34032	2UUY_rec	2UUY_lig	swarm_162	45.0	1.0	
lightdock	luciferin_score	-11.90418	2UUY_rec	2UUY_lig	swarm_162	46.0	2.0	
lightdock	luciferin_score	-14.16261	2UUY_rec	2UUY_lig	swarm_162	47.0	4.0	
lightdock	luciferin_score	-18.20717	2UUY_rec	2UUY_lig	swarm_162	48.0	1.0	
lightdock	luciferin_score	-18.59302	2UUY_rec	2UUY_lig	swarm_162	49.0	1.0	
lightdock	luciferin_score	-23.37607	2UUY_rec	2UUY_lig	swarm_162	50.0	1.0	
lightdock	luciferin_score	-24.43604	2UUY_rec	2UUY_lig	swarm_162	51.0	3.0	
lightdock	luciferin_score	-24.54536	2UUY_rec	2UUY_lig	swarm_162	52.0	1.0	
lightdock	luciferin_score	-31.13152	2UUY_rec	2UUY_lig	swarm_162	53.0	1.0	
lightdock	luciferin_score	-40.15956	2UUY_rec	2UUY_lig	swarm_162	54.0	1.0	
lightdock	luciferin_score	-45.0151	2UUY_rec	2UUY_lig	swarm_162	55.0	3.0	
lightdock	luciferin_score	-49.77465	2UUY_rec	2UUY_lig	swarm_162	56.0	1.0	
lightdock	luciferin_score	-57.05271	2UUY_rec	2UUY_lig	swarm_162	57.0	1.0	
lightdock	luciferin_score	-62.23339	2UUY_rec	2UUY_lig	swarm_162	58.0	2.0	
lightdock	luciferin_score	-64.21654	2UUY_rec	2UUY_lig	swarm_162	59.0	1.0	
lightdock	luciferin_score	-71.41603	2UUY_rec	2UUY_lig	swarm_162	60.0	1.0	
lightdock	luciferin_score	24.01136	2UUY_rec	2UUY_lig	swarm_163	0.0	5.0	
lightdock	luciferin_score	22.29288	2UUY_rec	2UUY_lig	swarm_163	1.0	5.0	
lightdock	luciferin_score	16.45002	2UUY_rec	2UUY_lig	swarm_163	2.0	6.0	
lightdock	luciferin_score	16.35739	2UUY_rec	2UUY_lig	swarm_163	3.0	10.0	
lightdock	luciferin_score	15.82202	2UUY_rec	2UUY_lig	swarm_163	4.0	1.0	
lightdock	luciferin_score	14.90579	2UUY_rec	2UUY_lig	swarm_163	5.0	6.0	
lightdock	luciferin_score	14.67319	2UUY_rec	2UUY_lig	swarm_163	6.0	10.0	
lightdock	luciferin_score	14.58385	2UUY_rec	2UUY_lig	swarm_163	7.0	4.0	
lightdock	luciferin_score	14.57199	2UUY_rec	2UUY_lig	swarm_163	8.0	9.0	
lightdock	luciferin_score	14.12811	2UUY_rec	2UUY_lig	swarm_163	9.0	11.0	
lightdock	luciferin_score	13.54264	2UUY_rec	2UUY_lig	swarm_163	10.0	1.0	
lightdock	luciferin_score	13.22052	2UUY_rec	2UUY_lig	swarm_163	11.0	4.0	
lightdock	luciferin_score	13.19138	2UUY_rec	2UUY_lig	swarm_163	12.0	2.0	
lightdock	luciferin_score	13.15296	2UUY_rec	2UUY_lig	swarm_163	13.0	3.0	
lightdock	luciferin_score	12.92494	2UUY_rec	2UUY_lig	swarm_163	14.0	3.0	
lightdock	luciferin_score	12.62407	2UUY_rec	2UUY_lig	swarm_163	15.0	1.0	
lightdock	luciferin_score	12.60674	2UUY_rec	2UUY_lig	swarm_163	16.0	3.0	
lightdock	luciferin_score	12.57463	2UUY_rec	2UUY_lig	swarm_163	17.0	5.0	
lightdock	luciferin_score	12.57244	2UUY_rec	2UUY_lig	swarm_163	18.0	3.0	
lightdock	luciferin_score	12.29291	2UUY_rec	2UUY_lig	swarm_163	19.0	4.0	
lightdock	luciferin_score	12.06723	2UUY_rec	2UUY_lig	swarm_163	20.0	2.0	
lightdock	luciferin_score	12.01021	2UUY_rec	2UUY_lig	swarm_163	21.0	8.0	
lightdock	luciferin_score	11.56846	2UUY_rec	2UUY_lig	swarm_163	22.0	4.0	
lightdock	luciferin_score	11.2336	2UUY_rec	2UUY_lig	swarm_163	23.0	2.0	
lightdock	luciferin_score	10.59608	2UUY_rec	2UUY_lig	swarm_163	24.0	2.0	
lightdock	luciferin_score	10.39284	2UUY_rec	2UUY_lig	swarm_163	25.0	3.0	
lightdock	luciferin_score	10.15069	2UUY_rec	2UUY_lig	swarm_163	26.0	4.0	
lightdock	luciferin_score	10.12216	2UUY_rec	2UUY_lig	swarm_163	27.0	2.0	
lightdock	luciferin_score	9.88678	2UUY_rec	2UUY_lig	swarm_163	28.0	2.0	
lightdock	luciferin_score	9.71034	2UUY_rec	2UUY_lig	swarm_163	29.0	1.0	
lightdock	luciferin_score	9.58451	2UUY_rec	2UUY_lig	swarm_163	30.0	4.0	
lightdock	luciferin_score	9.27698	2UUY_rec	2UUY_lig	swarm_163	31.0	3.0	
lightdock	luciferin_score	8.85522	2UUY_rec	2UUY_lig	swarm_163	32.0	4.0	
lightdock	luciferin_score	8.82654	2UUY_rec	2UUY_lig	swarm_163	33.0	2.0	
lightdock	luciferin_score	8.52481	2UUY_rec	2UUY_lig	swarm_163	34.0	1.0	
lightdock	luciferin_score	7.74092	2UUY_rec	2UUY_lig	swarm_163	35.0	2.0	
lightdock	luciferin_score	7.50459	2UUY_rec	2UUY_lig	swarm_163	36.0	1.0	
lightdock	luciferin_score	6.98154	2UUY_rec	2UUY_lig	swarm_163	37.0	2.0	
lightdock	luciferin_score	6.32417	2UUY_rec	2UUY_lig	swarm_163	38.0	1.0	
lightdock	luciferin_score	6.05682	2UUY_rec	2UUY_lig	swarm_163	39.0	5.0	
lightdock	luciferin_score	5.86417	2UUY_rec	2UUY_lig	swarm_163	40.0	1.0	
lightdock	luciferin_score	5.82041	2UUY_rec	2UUY_lig	swarm_163	41.0	1.0	
lightdock	luciferin_score	5.45244	2UUY_rec	2UUY_lig	swarm_163	42.0	3.0	
lightdock	luciferin_score	5.42031	2UUY_rec	2UUY_lig	swarm_163	43.0	1.0	
lightdock	luciferin_score	4.93218	2UUY_rec	2UUY_lig	swarm_163	44.0	2.0	
lightdock	luciferin_score	4.16227	2UUY_rec	2UUY_lig	swarm_163	45.0	3.0	
lightdock	luciferin_score	3.83247	2UUY_rec	2UUY_lig	swarm_163	46.0	5.0	
lightdock	luciferin_score	2.80293	2UUY_rec	2UUY_lig	swarm_163	47.0	1.0	
lightdock	luciferin_score	1.68643	2UUY_rec	2UUY_lig	swarm_163	48.0	1.0	
lightdock	luciferin_score	0.12904	2UUY_rec	2UUY_lig	swarm_163	49.0	3.0	
lightdock	luciferin_score	-1.286	2UUY_rec	2UUY_lig	swarm_163	50.0	4.0	
lightdock	luciferin_score	-2.65925	2UUY_rec	2UUY_lig	swarm_163	51.0	1.0	
lightdock	luciferin_score	-5.87739	2UUY_rec	2UUY_lig	swarm_163	52.0	5.0	
lightdock	luciferin_score	-6.14448	2UUY_rec	2UUY_lig	swarm_163	53.0	2.0	
lightdock	luciferin_score	-6.62068	2UUY_rec	2UUY_lig	swarm_163	54.0	2.0	
lightdock	luciferin_score	-14.68347	2UUY_rec	2UUY_lig	swarm_163	55.0	1.0	
lightdock	luciferin_score	-18.34881	2UUY_rec	2UUY_lig	swarm_163	56.0	1.0	
lightdock	luciferin_score	-22.42276	2UUY_rec	2UUY_lig	swarm_163	57.0	1.0	
lightdock	luciferin_score	-23.59692	2UUY_rec	2UUY_lig	swarm_163	58.0	1.0	
lightdock	luciferin_score	-34.60059	2UUY_rec	2UUY_lig	swarm_163	59.0	4.0	
lightdock	luciferin_score	-39.34362	2UUY_rec	2UUY_lig	swarm_163	60.0	1.0	
lightdock	luciferin_score	-41.33972	2UUY_rec	2UUY_lig	swarm_163	61.0	2.0	
lightdock	luciferin_score	-52.54484	2UUY_rec	2UUY_lig	swarm_163	62.0	2.0	
lightdock	luciferin_score	-80.89541	2UUY_rec	2UUY_lig	swarm_163	63.0	1.0	
lightdock	luciferin_score	19.25152	2UUY_rec	2UUY_lig	swarm_164	0.0	5.0	
lightdock	luciferin_score	16.76486	2UUY_rec	2UUY_lig	swarm_164	1.0	7.0	
lightdock	luciferin_score	16.13713	2UUY_rec	2UUY_lig	swarm_164	2.0	5.0	
lightdock	luciferin_score	16.06097	2UUY_rec	2UUY_lig	swarm_164	3.0	10.0	
lightdock	luciferin_score	15.8116	2UUY_rec	2UUY_lig	swarm_164	4.0	4.0	
lightdock	luciferin_score	15.73565	2UUY_rec	2UUY_lig	swarm_164	5.0	17.0	
lightdock	luciferin_score	15.65341	2UUY_rec	2UUY_lig	swarm_164	6.0	5.0	
lightdock	luciferin_score	15.57065	2UUY_rec	2UUY_lig	swarm_164	7.0	2.0	
lightdock	luciferin_score	15.51073	2UUY_rec	2UUY_lig	swarm_164	8.0	8.0	
lightdock	luciferin_score	14.64819	2UUY_rec	2UUY_lig	swarm_164	9.0	3.0	
lightdock	luciferin_score	14.11528	2UUY_rec	2UUY_lig	swarm_164	10.0	7.0	
lightdock	luciferin_score	13.49319	2UUY_rec	2UUY_lig	swarm_164	11.0	4.0	
lightdock	luciferin_score	13.02472	2UUY_rec	2UUY_lig	swarm_164	12.0	2.0	
lightdock	luciferin_score	12.99579	2UUY_rec	2UUY_lig	swarm_164	13.0	2.0	
lightdock	luciferin_score	12.82539	2UUY_rec	2UUY_lig	swarm_164	14.0	4.0	
lightdock	luciferin_score	12.49136	2UUY_rec	2UUY_lig	swarm_164	15.0	2.0	
lightdock	luciferin_score	12.47858	2UUY_rec	2UUY_lig	swarm_164	16.0	4.0	
lightdock	luciferin_score	12.45612	2UUY_rec	2UUY_lig	swarm_164	17.0	6.0	
lightdock	luciferin_score	11.91939	2UUY_rec	2UUY_lig	swarm_164	18.0	2.0	
lightdock	luciferin_score	11.39037	2UUY_rec	2UUY_lig	swarm_164	19.0	3.0	
lightdock	luciferin_score	10.95987	2UUY_rec	2UUY_lig	swarm_164	20.0	2.0	
lightdock	luciferin_score	10.56148	2UUY_rec	2UUY_lig	swarm_164	21.0	6.0	
lightdock	luciferin_score	10.35814	2UUY_rec	2UUY_lig	swarm_164	22.0	4.0	
lightdock	luciferin_score	10.10852	2UUY_rec	2UUY_lig	swarm_164	23.0	2.0	
lightdock	luciferin_score	9.99432	2UUY_rec	2UUY_lig	swarm_164	24.0	4.0	
lightdock	luciferin_score	9.65026	2UUY_rec	2UUY_lig	swarm_164	25.0	1.0	
lightdock	luciferin_score	9.42872	2UUY_rec	2UUY_lig	swarm_164	26.0	6.0	
lightdock	luciferin_score	9.3446	2UUY_rec	2UUY_lig	swarm_164	27.0	2.0	
lightdock	luciferin_score	9.32615	2UUY_rec	2UUY_lig	swarm_164	28.0	2.0	
lightdock	luciferin_score	9.26528	2UUY_rec	2UUY_lig	swarm_164	29.0	1.0	
lightdock	luciferin_score	9.10805	2UUY_rec	2UUY_lig	swarm_164	30.0	3.0	
lightdock	luciferin_score	8.34263	2UUY_rec	2UUY_lig	swarm_164	31.0	4.0	
lightdock	luciferin_score	7.57209	2UUY_rec	2UUY_lig	swarm_164	32.0	2.0	
lightdock	luciferin_score	7.26798	2UUY_rec	2UUY_lig	swarm_164	33.0	3.0	
lightdock	luciferin_score	7.11803	2UUY_rec	2UUY_lig	swarm_164	34.0	1.0	
lightdock	luciferin_score	6.77084	2UUY_rec	2UUY_lig	swarm_164	35.0	8.0	
lightdock	luciferin_score	6.60181	2UUY_rec	2UUY_lig	swarm_164	36.0	4.0	
lightdock	luciferin_score	6.39971	2UUY_rec	2UUY_lig	swarm_164	37.0	2.0	
lightdock	luciferin_score	6.16682	2UUY_rec	2UUY_lig	swarm_164	38.0	1.0	
lightdock	luciferin_score	6.06937	2UUY_rec	2UUY_lig	swarm_164	39.0	2.0	
lightdock	luciferin_score	5.84075	2UUY_rec	2UUY_lig	swarm_164	40.0	1.0	
lightdock	luciferin_score	5.70192	2UUY_rec	2UUY_lig	swarm_164	41.0	2.0	
lightdock	luciferin_score	1.5804	2UUY_rec	2UUY_lig	swarm_164	42.0	2.0	
lightdock	luciferin_score	1.18491	2UUY_rec	2UUY_lig	swarm_164	43.0	1.0	
lightdock	luciferin_score	0.48069	2UUY_rec	2UUY_lig	swarm_164	44.0	1.0	
lightdock	luciferin_score	0.17586	2UUY_rec	2UUY_lig	swarm_164	45.0	5.0	
lightdock	luciferin_score	0.17488	2UUY_rec	2UUY_lig	swarm_164	46.0	2.0	
lightdock	luciferin_score	-0.16814	2UUY_rec	2UUY_lig	swarm_164	47.0	6.0	
lightdock	luciferin_score	-2.26237	2UUY_rec	2UUY_lig	swarm_164	48.0	1.0	
lightdock	luciferin_score	-6.38001	2UUY_rec	2UUY_lig	swarm_164	49.0	2.0	
lightdock	luciferin_score	-7.77248	2UUY_rec	2UUY_lig	swarm_164	50.0	3.0	
lightdock	luciferin_score	-8.20767	2UUY_rec	2UUY_lig	swarm_164	51.0	1.0	
lightdock	luciferin_score	-12.81483	2UUY_rec	2UUY_lig	swarm_164	52.0	2.0	
lightdock	luciferin_score	-13.04885	2UUY_rec	2UUY_lig	swarm_164	53.0	3.0	
lightdock	luciferin_score	-18.23045	2UUY_rec	2UUY_lig	swarm_164	54.0	2.0	
lightdock	luciferin_score	-20.2281	2UUY_rec	2UUY_lig	swarm_164	55.0	1.0	
lightdock	luciferin_score	-23.95539	2UUY_rec	2UUY_lig	swarm_164	56.0	1.0	
lightdock	luciferin_score	-27.66405	2UUY_rec	2UUY_lig	swarm_164	57.0	1.0	
lightdock	luciferin_score	-30.35688	2UUY_rec	2UUY_lig	swarm_164	58.0	1.0	
lightdock	luciferin_score	21.15803	2UUY_rec	2UUY_lig	swarm_165	0.0	1.0	
lightdock	luciferin_score	16.48206	2UUY_rec	2UUY_lig	swarm_165	1.0	4.0	
lightdock	luciferin_score	16.25189	2UUY_rec	2UUY_lig	swarm_165	2.0	3.0	
lightdock	luciferin_score	16.2126	2UUY_rec	2UUY_lig	swarm_165	3.0	8.0	
lightdock	luciferin_score	15.36457	2UUY_rec	2UUY_lig	swarm_165	4.0	11.0	
lightdock	luciferin_score	15.27413	2UUY_rec	2UUY_lig	swarm_165	5.0	4.0	
lightdock	luciferin_score	15.19171	2UUY_rec	2UUY_lig	swarm_165	6.0	3.0	
lightdock	luciferin_score	15.0285	2UUY_rec	2UUY_lig	swarm_165	7.0	9.0	
lightdock	luciferin_score	13.44478	2UUY_rec	2UUY_lig	swarm_165	8.0	3.0	
lightdock	luciferin_score	12.8311	2UUY_rec	2UUY_lig	swarm_165	9.0	2.0	
lightdock	luciferin_score	12.78191	2UUY_rec	2UUY_lig	swarm_165	10.0	19.0	
lightdock	luciferin_score	12.66721	2UUY_rec	2UUY_lig	swarm_165	11.0	3.0	
lightdock	luciferin_score	12.18946	2UUY_rec	2UUY_lig	swarm_165	12.0	6.0	
lightdock	luciferin_score	11.82414	2UUY_rec	2UUY_lig	swarm_165	13.0	2.0	
lightdock	luciferin_score	11.53179	2UUY_rec	2UUY_lig	swarm_165	14.0	2.0	
lightdock	luciferin_score	10.9843	2UUY_rec	2UUY_lig	swarm_165	15.0	4.0	
lightdock	luciferin_score	10.9825	2UUY_rec	2UUY_lig	swarm_165	16.0	5.0	
lightdock	luciferin_score	10.95939	2UUY_rec	2UUY_lig	swarm_165	17.0	3.0	
lightdock	luciferin_score	10.73697	2UUY_rec	2UUY_lig	swarm_165	18.0	4.0	
lightdock	luciferin_score	10.6932	2UUY_rec	2UUY_lig	swarm_165	19.0	6.0	
lightdock	luciferin_score	10.4254	2UUY_rec	2UUY_lig	swarm_165	20.0	2.0	
lightdock	luciferin_score	10.08457	2UUY_rec	2UUY_lig	swarm_165	21.0	2.0	
lightdock	luciferin_score	9.56015	2UUY_rec	2UUY_lig	swarm_165	22.0	2.0	
lightdock	luciferin_score	9.5096	2UUY_rec	2UUY_lig	swarm_165	23.0	1.0	
lightdock	luciferin_score	9.4725	2UUY_rec	2UUY_lig	swarm_165	24.0	3.0	
lightdock	luciferin_score	8.37909	2UUY_rec	2UUY_lig	swarm_165	25.0	3.0	
lightdock	luciferin_score	8.33242	2UUY_rec	2UUY_lig	swarm_165	26.0	1.0	
lightdock	luciferin_score	8.32164	2UUY_rec	2UUY_lig	swarm_165	27.0	2.0	
lightdock	luciferin_score	8.20291	2UUY_rec	2UUY_lig	swarm_165	28.0	4.0	
lightdock	luciferin_score	7.5237	2UUY_rec	2UUY_lig	swarm_165	29.0	7.0	
lightdock	luciferin_score	7.38811	2UUY_rec	2UUY_lig	swarm_165	30.0	4.0	
lightdock	luciferin_score	7.19925	2UUY_rec	2UUY_lig	swarm_165	31.0	3.0	
lightdock	luciferin_score	7.05927	2UUY_rec	2UUY_lig	swarm_165	32.0	1.0	
lightdock	luciferin_score	6.6552	2UUY_rec	2UUY_lig	swarm_165	33.0	1.0	
lightdock	luciferin_score	6.23243	2UUY_rec	2UUY_lig	swarm_165	34.0	1.0	
lightdock	luciferin_score	5.53979	2UUY_rec	2UUY_lig	swarm_165	35.0	10.0	
lightdock	luciferin_score	1.92157	2UUY_rec	2UUY_lig	swarm_165	36.0	4.0	
lightdock	luciferin_score	0.79425	2UUY_rec	2UUY_lig	swarm_165	37.0	2.0	
lightdock	luciferin_score	0.73469	2UUY_rec	2UUY_lig	swarm_165	38.0	1.0	
lightdock	luciferin_score	0.48324	2UUY_rec	2UUY_lig	swarm_165	39.0	3.0	
lightdock	luciferin_score	-0.21722	2UUY_rec	2UUY_lig	swarm_165	40.0	4.0	
lightdock	luciferin_score	-1.54102	2UUY_rec	2UUY_lig	swarm_165	41.0	1.0	
lightdock	luciferin_score	-1.76914	2UUY_rec	2UUY_lig	swarm_165	42.0	5.0	
lightdock	luciferin_score	-3.14756	2UUY_rec	2UUY_lig	swarm_165	43.0	2.0	
lightdock	luciferin_score	-4.47024	2UUY_rec	2UUY_lig	swarm_165	44.0	3.0	
lightdock	luciferin_score	-6.55586	2UUY_rec	2UUY_lig	swarm_165	45.0	2.0	
lightdock	luciferin_score	-6.92155	2UUY_rec	2UUY_lig	swarm_165	46.0	6.0	
lightdock	luciferin_score	-20.06156	2UUY_rec	2UUY_lig	swarm_165	47.0	3.0	
lightdock	luciferin_score	-20.3664	2UUY_rec	2UUY_lig	swarm_165	48.0	2.0	
lightdock	luciferin_score	-25.20054	2UUY_rec	2UUY_lig	swarm_165	49.0	3.0	
lightdock	luciferin_score	-28.85569	2UUY_rec	2UUY_lig	swarm_165	50.0	1.0	
lightdock	luciferin_score	-32.34628	2UUY_rec	2UUY_lig	swarm_165	51.0	3.0	
lightdock	luciferin_score	-39.83439	2UUY_rec	2UUY_lig	swarm_165	52.0	1.0	
lightdock	luciferin_score	-44.02404	2UUY_rec	2UUY_lig	swarm_165	53.0	1.0	
lightdock	luciferin_score	-45.57112	2UUY_rec	2UUY_lig	swarm_165	54.0	1.0	
lightdock	luciferin_score	-55.5128	2UUY_rec	2UUY_lig	swarm_165	55.0	1.0	
lightdock	luciferin_score	-84.06918	2UUY_rec	2UUY_lig	swarm_165	56.0	2.0	
lightdock	luciferin_score	15.17231	2UUY_rec	2UUY_lig	swarm_166	0.0	9.0	
lightdock	luciferin_score	13.8406	2UUY_rec	2UUY_lig	swarm_166	1.0	13.0	
lightdock	luciferin_score	13.3067	2UUY_rec	2UUY_lig	swarm_166	2.0	3.0	
lightdock	luciferin_score	13.28795	2UUY_rec	2UUY_lig	swarm_166	3.0	5.0	
lightdock	luciferin_score	12.97658	2UUY_rec	2UUY_lig	swarm_166	4.0	5.0	
lightdock	luciferin_score	12.92018	2UUY_rec	2UUY_lig	swarm_166	5.0	11.0	
lightdock	luciferin_score	12.75026	2UUY_rec	2UUY_lig	swarm_166	6.0	1.0	
lightdock	luciferin_score	12.41514	2UUY_rec	2UUY_lig	swarm_166	7.0	9.0	
lightdock	luciferin_score	11.28478	2UUY_rec	2UUY_lig	swarm_166	8.0	3.0	
lightdock	luciferin_score	11.17907	2UUY_rec	2UUY_lig	swarm_166	9.0	4.0	
lightdock	luciferin_score	10.2711	2UUY_rec	2UUY_lig	swarm_166	10.0	2.0	
lightdock	luciferin_score	10.16778	2UUY_rec	2UUY_lig	swarm_166	11.0	4.0	
lightdock	luciferin_score	9.83751	2UUY_rec	2UUY_lig	swarm_166	12.0	4.0	
lightdock	luciferin_score	9.72113	2UUY_rec	2UUY_lig	swarm_166	13.0	2.0	
lightdock	luciferin_score	9.63562	2UUY_rec	2UUY_lig	swarm_166	14.0	2.0	
lightdock	luciferin_score	9.59949	2UUY_rec	2UUY_lig	swarm_166	15.0	1.0	
lightdock	luciferin_score	9.55458	2UUY_rec	2UUY_lig	swarm_166	16.0	8.0	
lightdock	luciferin_score	9.53515	2UUY_rec	2UUY_lig	swarm_166	17.0	6.0	
lightdock	luciferin_score	9.33546	2UUY_rec	2UUY_lig	swarm_166	18.0	5.0	
lightdock	luciferin_score	9.14258	2UUY_rec	2UUY_lig	swarm_166	19.0	3.0	
lightdock	luciferin_score	8.91074	2UUY_rec	2UUY_lig	swarm_166	20.0	3.0	
lightdock	luciferin_score	8.85516	2UUY_rec	2UUY_lig	swarm_166	21.0	1.0	
lightdock	luciferin_score	8.81635	2UUY_rec	2UUY_lig	swarm_166	22.0	8.0	
lightdock	luciferin_score	8.80364	2UUY_rec	2UUY_lig	swarm_166	23.0	3.0	
lightdock	luciferin_score	8.43701	2UUY_rec	2UUY_lig	swarm_166	24.0	2.0	
lightdock	luciferin_score	8.15939	2UUY_rec	2UUY_lig	swarm_166	25.0	2.0	
lightdock	luciferin_score	8.13223	2UUY_rec	2UUY_lig	swarm_166	26.0	5.0	
lightdock	luciferin_score	7.77539	2UUY_rec	2UUY_lig	swarm_166	27.0	3.0	
lightdock	luciferin_score	7.73297	2UUY_rec	2UUY_lig	swarm_166	28.0	1.0	
lightdock	luciferin_score	7.66758	2UUY_rec	2UUY_lig	swarm_166	29.0	3.0	
lightdock	luciferin_score	7.64225	2UUY_rec	2UUY_lig	swarm_166	30.0	1.0	
lightdock	luciferin_score	7.3766	2UUY_rec	2UUY_lig	swarm_166	31.0	5.0	
lightdock	luciferin_score	7.32364	2UUY_rec	2UUY_lig	swarm_166	32.0	9.0	
lightdock	luciferin_score	7.13988	2UUY_rec	2UUY_lig	swarm_166	33.0	2.0	
lightdock	luciferin_score	7.01105	2UUY_rec	2UUY_lig	swarm_166	34.0	2.0	
lightdock	luciferin_score	6.95828	2UUY_rec	2UUY_lig	swarm_166	35.0	5.0	
lightdock	luciferin_score	6.94936	2UUY_rec	2UUY_lig	swarm_166	36.0	1.0	
lightdock	luciferin_score	6.8647	2UUY_rec	2UUY_lig	swarm_166	37.0	2.0	
lightdock	luciferin_score	6.70936	2UUY_rec	2UUY_lig	swarm_166	38.0	2.0	
lightdock	luciferin_score	6.67383	2UUY_rec	2UUY_lig	swarm_166	39.0	2.0	
lightdock	luciferin_score	6.62939	2UUY_rec	2UUY_lig	swarm_166	40.0	1.0	
lightdock	luciferin_score	6.50852	2UUY_rec	2UUY_lig	swarm_166	41.0	2.0	
lightdock	luciferin_score	6.09253	2UUY_rec	2UUY_lig	swarm_166	42.0	1.0	
lightdock	luciferin_score	5.97099	2UUY_rec	2UUY_lig	swarm_166	43.0	1.0	
lightdock	luciferin_score	5.49161	2UUY_rec	2UUY_lig	swarm_166	44.0	2.0	
lightdock	luciferin_score	5.37974	2UUY_rec	2UUY_lig	swarm_166	45.0	1.0	
lightdock	luciferin_score	5.14698	2UUY_rec	2UUY_lig	swarm_166	46.0	2.0	
lightdock	luciferin_score	5.13951	2UUY_rec	2UUY_lig	swarm_166	47.0	2.0	
lightdock	luciferin_score	4.89838	2UUY_rec	2UUY_lig	swarm_166	48.0	1.0	
lightdock	luciferin_score	4.88513	2UUY_rec	2UUY_lig	swarm_166	49.0	2.0	
lightdock	luciferin_score	4.71615	2UUY_rec	2UUY_lig	swarm_166	50.0	2.0	
lightdock	luciferin_score	4.68057	2UUY_rec	2UUY_lig	swarm_166	51.0	1.0	
lightdock	luciferin_score	4.56558	2UUY_rec	2UUY_lig	swarm_166	52.0	1.0	
lightdock	luciferin_score	2.27106	2UUY_rec	2UUY_lig	swarm_166	53.0	2.0	
lightdock	luciferin_score	2.23044	2UUY_rec	2UUY_lig	swarm_166	54.0	4.0	
lightdock	luciferin_score	1.52142	2UUY_rec	2UUY_lig	swarm_166	55.0	1.0	
lightdock	luciferin_score	0.17488	2UUY_rec	2UUY_lig	swarm_166	56.0	3.0	
lightdock	luciferin_score	-1.24689	2UUY_rec	2UUY_lig	swarm_166	57.0	1.0	
lightdock	luciferin_score	-8.42814	2UUY_rec	2UUY_lig	swarm_166	58.0	2.0	
lightdock	luciferin_score	-8.58988	2UUY_rec	2UUY_lig	swarm_166	59.0	3.0	
lightdock	luciferin_score	-17.59479	2UUY_rec	2UUY_lig	swarm_166	60.0	1.0	
lightdock	luciferin_score	-47.92329	2UUY_rec	2UUY_lig	swarm_166	61.0	1.0	
lightdock	luciferin_score	-50.78601	2UUY_rec	2UUY_lig	swarm_166	62.0	1.0	
lightdock	luciferin_score	19.99682	2UUY_rec	2UUY_lig	swarm_167	0.0	9.0	
lightdock	luciferin_score	16.55317	2UUY_rec	2UUY_lig	swarm_167	1.0	1.0	
lightdock	luciferin_score	14.86508	2UUY_rec	2UUY_lig	swarm_167	2.0	4.0	
lightdock	luciferin_score	14.41048	2UUY_rec	2UUY_lig	swarm_167	3.0	3.0	
lightdock	luciferin_score	14.21656	2UUY_rec	2UUY_lig	swarm_167	4.0	7.0	
lightdock	luciferin_score	13.99737	2UUY_rec	2UUY_lig	swarm_167	5.0	4.0	
lightdock	luciferin_score	13.84671	2UUY_rec	2UUY_lig	swarm_167	6.0	6.0	
lightdock	luciferin_score	13.35498	2UUY_rec	2UUY_lig	swarm_167	7.0	10.0	
lightdock	luciferin_score	12.97966	2UUY_rec	2UUY_lig	swarm_167	8.0	5.0	
lightdock	luciferin_score	11.58128	2UUY_rec	2UUY_lig	swarm_167	9.0	12.0	
lightdock	luciferin_score	11.54292	2UUY_rec	2UUY_lig	swarm_167	10.0	5.0	
lightdock	luciferin_score	11.4353	2UUY_rec	2UUY_lig	swarm_167	11.0	9.0	
lightdock	luciferin_score	11.17991	2UUY_rec	2UUY_lig	swarm_167	12.0	5.0	
lightdock	luciferin_score	11.07709	2UUY_rec	2UUY_lig	swarm_167	13.0	2.0	
lightdock	luciferin_score	10.63961	2UUY_rec	2UUY_lig	swarm_167	14.0	4.0	
lightdock	luciferin_score	10.53819	2UUY_rec	2UUY_lig	swarm_167	15.0	2.0	
lightdock	luciferin_score	10.46728	2UUY_rec	2UUY_lig	swarm_167	16.0	2.0	
lightdock	luciferin_score	10.46175	2UUY_rec	2UUY_lig	swarm_167	17.0	1.0	
lightdock	luciferin_score	10.24537	2UUY_rec	2UUY_lig	swarm_167	18.0	6.0	
lightdock	luciferin_score	10.238	2UUY_rec	2UUY_lig	swarm_167	19.0	2.0	
lightdock	luciferin_score	10.2026	2UUY_rec	2UUY_lig	swarm_167	20.0	2.0	
lightdock	luciferin_score	9.96613	2UUY_rec	2UUY_lig	swarm_167	21.0	1.0	
lightdock	luciferin_score	9.65129	2UUY_rec	2UUY_lig	swarm_167	22.0	2.0	
lightdock	luciferin_score	9.42753	2UUY_rec	2UUY_lig	swarm_167	23.0	3.0	
lightdock	luciferin_score	9.25358	2UUY_rec	2UUY_lig	swarm_167	24.0	1.0	
lightdock	luciferin_score	8.95459	2UUY_rec	2UUY_lig	swarm_167	25.0	2.0	
lightdock	luciferin_score	8.58943	2UUY_rec	2UUY_lig	swarm_167	26.0	4.0	
lightdock	luciferin_score	8.56035	2UUY_rec	2UUY_lig	swarm_167	27.0	1.0	
lightdock	luciferin_score	8.13818	2UUY_rec	2UUY_lig	swarm_167	28.0	14.0	
lightdock	luciferin_score	7.98365	2UUY_rec	2UUY_lig	swarm_167	29.0	9.0	
lightdock	luciferin_score	7.91425	2UUY_rec	2UUY_lig	swarm_167	30.0	1.0	
lightdock	luciferin_score	6.81028	2UUY_rec	2UUY_lig	swarm_167	31.0	2.0	
lightdock	luciferin_score	6.77282	2UUY_rec	2UUY_lig	swarm_167	32.0	1.0	
lightdock	luciferin_score	6.41987	2UUY_rec	2UUY_lig	swarm_167	33.0	1.0	
lightdock	luciferin_score	5.86108	2UUY_rec	2UUY_lig	swarm_167	34.0	1.0	
lightdock	luciferin_score	5.81066	2UUY_rec	2UUY_lig	swarm_167	35.0	2.0	
lightdock	luciferin_score	5.63929	2UUY_rec	2UUY_lig	swarm_167	36.0	1.0	
lightdock	luciferin_score	5.35918	2UUY_rec	2UUY_lig	swarm_167	37.0	5.0	
lightdock	luciferin_score	5.23428	2UUY_rec	2UUY_lig	swarm_167	38.0	1.0	
lightdock	luciferin_score	4.90694	2UUY_rec	2UUY_lig	swarm_167	39.0	1.0	
lightdock	luciferin_score	4.7497	2UUY_rec	2UUY_lig	swarm_167	40.0	2.0	
lightdock	luciferin_score	4.66185	2UUY_rec	2UUY_lig	swarm_167	41.0	5.0	
lightdock	luciferin_score	4.41517	2UUY_rec	2UUY_lig	swarm_167	42.0	2.0	
lightdock	luciferin_score	2.15439	2UUY_rec	2UUY_lig	swarm_167	43.0	2.0	
lightdock	luciferin_score	2.03844	2UUY_rec	2UUY_lig	swarm_167	44.0	2.0	
lightdock	luciferin_score	0.63786	2UUY_rec	2UUY_lig	swarm_167	45.0	2.0	
lightdock	luciferin_score	0.1966	2UUY_rec	2UUY_lig	swarm_167	46.0	5.0	
lightdock	luciferin_score	-0.09053	2UUY_rec	2UUY_lig	swarm_167	47.0	2.0	
lightdock	luciferin_score	-0.60732	2UUY_rec	2UUY_lig	swarm_167	48.0	3.0	
lightdock	luciferin_score	-1.33451	2UUY_rec	2UUY_lig	swarm_167	49.0	1.0	
lightdock	luciferin_score	-3.40501	2UUY_rec	2UUY_lig	swarm_167	50.0	3.0	
lightdock	luciferin_score	-5.25307	2UUY_rec	2UUY_lig	swarm_167	51.0	2.0	
lightdock	luciferin_score	-9.53525	2UUY_rec	2UUY_lig	swarm_167	52.0	1.0	
lightdock	luciferin_score	-11.96883	2UUY_rec	2UUY_lig	swarm_167	53.0	1.0	
lightdock	luciferin_score	-13.11323	2UUY_rec	2UUY_lig	swarm_167	54.0	1.0	
lightdock	luciferin_score	-13.48311	2UUY_rec	2UUY_lig	swarm_167	55.0	2.0	
lightdock	luciferin_score	-13.6358	2UUY_rec	2UUY_lig	swarm_167	56.0	1.0	
lightdock	luciferin_score	-13.90638	2UUY_rec	2UUY_lig	swarm_167	57.0	1.0	
lightdock	luciferin_score	-14.81558	2UUY_rec	2UUY_lig	swarm_167	58.0	1.0	
lightdock	luciferin_score	-17.96012	2UUY_rec	2UUY_lig	swarm_167	59.0	1.0	
lightdock	luciferin_score	-20.54788	2UUY_rec	2UUY_lig	swarm_167	60.0	1.0	
lightdock	luciferin_score	-21.59893	2UUY_rec	2UUY_lig	swarm_167	61.0	2.0	
lightdock	luciferin_score	-24.32024	2UUY_rec	2UUY_lig	swarm_167	62.0	1.0	
lightdock	luciferin_score	-42.96646	2UUY_rec	2UUY_lig	swarm_167	63.0	1.0	
lightdock	luciferin_score	-43.40223	2UUY_rec	2UUY_lig	swarm_167	64.0	1.0	
lightdock	luciferin_score	17.49255	2UUY_rec	2UUY_lig	swarm_168	0.0	4.0	
lightdock	luciferin_score	14.67921	2UUY_rec	2UUY_lig	swarm_168	1.0	10.0	
lightdock	luciferin_score	14.16168	2UUY_rec	2UUY_lig	swarm_168	2.0	8.0	
lightdock	luciferin_score	13.33067	2UUY_rec	2UUY_lig	swarm_168	3.0	8.0	
lightdock	luciferin_score	13.12888	2UUY_rec	2UUY_lig	swarm_168	4.0	12.0	
lightdock	luciferin_score	12.7077	2UUY_rec	2UUY_lig	swarm_168	5.0	7.0	
lightdock	luciferin_score	12.50324	2UUY_rec	2UUY_lig	swarm_168	6.0	2.0	
lightdock	luciferin_score	12.39961	2UUY_rec	2UUY_lig	swarm_168	7.0	4.0	
lightdock	luciferin_score	11.77014	2UUY_rec	2UUY_lig	swarm_168	8.0	7.0	
lightdock	luciferin_score	11.38901	2UUY_rec	2UUY_lig	swarm_168	9.0	4.0	
lightdock	luciferin_score	11.18369	2UUY_rec	2UUY_lig	swarm_168	10.0	8.0	
lightdock	luciferin_score	10.97544	2UUY_rec	2UUY_lig	swarm_168	11.0	11.0	
lightdock	luciferin_score	10.933	2UUY_rec	2UUY_lig	swarm_168	12.0	3.0	
lightdock	luciferin_score	10.49468	2UUY_rec	2UUY_lig	swarm_168	13.0	11.0	
lightdock	luciferin_score	10.18812	2UUY_rec	2UUY_lig	swarm_168	14.0	2.0	
lightdock	luciferin_score	10.11403	2UUY_rec	2UUY_lig	swarm_168	15.0	3.0	
lightdock	luciferin_score	9.22333	2UUY_rec	2UUY_lig	swarm_168	16.0	1.0	
lightdock	luciferin_score	9.1738	2UUY_rec	2UUY_lig	swarm_168	17.0	5.0	
lightdock	luciferin_score	9.13365	2UUY_rec	2UUY_lig	swarm_168	18.0	6.0	
lightdock	luciferin_score	8.74596	2UUY_rec	2UUY_lig	swarm_168	19.0	5.0	
lightdock	luciferin_score	8.72118	2UUY_rec	2UUY_lig	swarm_168	20.0	1.0	
lightdock	luciferin_score	8.581	2UUY_rec	2UUY_lig	swarm_168	21.0	3.0	
lightdock	luciferin_score	8.37266	2UUY_rec	2UUY_lig	swarm_168	22.0	3.0	
lightdock	luciferin_score	8.28569	2UUY_rec	2UUY_lig	swarm_168	23.0	1.0	
lightdock	luciferin_score	8.14181	2UUY_rec	2UUY_lig	swarm_168	24.0	4.0	
lightdock	luciferin_score	8.04669	2UUY_rec	2UUY_lig	swarm_168	25.0	1.0	
lightdock	luciferin_score	7.90381	2UUY_rec	2UUY_lig	swarm_168	26.0	1.0	
lightdock	luciferin_score	7.73121	2UUY_rec	2UUY_lig	swarm_168	27.0	2.0	
lightdock	luciferin_score	7.68812	2UUY_rec	2UUY_lig	swarm_168	28.0	2.0	
lightdock	luciferin_score	7.59999	2UUY_rec	2UUY_lig	swarm_168	29.0	3.0	
lightdock	luciferin_score	7.42146	2UUY_rec	2UUY_lig	swarm_168	30.0	5.0	
lightdock	luciferin_score	7.23859	2UUY_rec	2UUY_lig	swarm_168	31.0	2.0	
lightdock	luciferin_score	6.93059	2UUY_rec	2UUY_lig	swarm_168	32.0	1.0	
lightdock	luciferin_score	6.87834	2UUY_rec	2UUY_lig	swarm_168	33.0	3.0	
lightdock	luciferin_score	6.85537	2UUY_rec	2UUY_lig	swarm_168	34.0	4.0	
lightdock	luciferin_score	6.60101	2UUY_rec	2UUY_lig	swarm_168	35.0	2.0	
lightdock	luciferin_score	6.56274	2UUY_rec	2UUY_lig	swarm_168	36.0	7.0	
lightdock	luciferin_score	6.53904	2UUY_rec	2UUY_lig	swarm_168	37.0	1.0	
lightdock	luciferin_score	6.07501	2UUY_rec	2UUY_lig	swarm_168	38.0	2.0	
lightdock	luciferin_score	5.97688	2UUY_rec	2UUY_lig	swarm_168	39.0	1.0	
lightdock	luciferin_score	5.53515	2UUY_rec	2UUY_lig	swarm_168	40.0	2.0	
lightdock	luciferin_score	5.33095	2UUY_rec	2UUY_lig	swarm_168	41.0	2.0	
lightdock	luciferin_score	5.30718	2UUY_rec	2UUY_lig	swarm_168	42.0	1.0	
lightdock	luciferin_score	3.82473	2UUY_rec	2UUY_lig	swarm_168	43.0	1.0	
lightdock	luciferin_score	2.81403	2UUY_rec	2UUY_lig	swarm_168	44.0	2.0	
lightdock	luciferin_score	1.99939	2UUY_rec	2UUY_lig	swarm_168	45.0	2.0	
lightdock	luciferin_score	1.68608	2UUY_rec	2UUY_lig	swarm_168	46.0	2.0	
lightdock	luciferin_score	1.52329	2UUY_rec	2UUY_lig	swarm_168	47.0	4.0	
lightdock	luciferin_score	1.2878	2UUY_rec	2UUY_lig	swarm_168	48.0	2.0	
lightdock	luciferin_score	-5.3756	2UUY_rec	2UUY_lig	swarm_168	49.0	1.0	
lightdock	luciferin_score	-8.09587	2UUY_rec	2UUY_lig	swarm_168	50.0	1.0	
lightdock	luciferin_score	-9.23402	2UUY_rec	2UUY_lig	swarm_168	51.0	1.0	
lightdock	luciferin_score	-13.65311	2UUY_rec	2UUY_lig	swarm_168	52.0	1.0	
lightdock	luciferin_score	-18.99112	2UUY_rec	2UUY_lig	swarm_168	53.0	2.0	
lightdock	luciferin_score	-19.5097	2UUY_rec	2UUY_lig	swarm_168	54.0	3.0	
lightdock	luciferin_score	-26.42196	2UUY_rec	2UUY_lig	swarm_168	55.0	2.0	
lightdock	luciferin_score	-53.54515	2UUY_rec	2UUY_lig	swarm_168	56.0	1.0	
lightdock	luciferin_score	14.12538	2UUY_rec	2UUY_lig	swarm_169	0.0	11.0	
lightdock	luciferin_score	13.62339	2UUY_rec	2UUY_lig	swarm_169	1.0	2.0	
lightdock	luciferin_score	12.84187	2UUY_rec	2UUY_lig	swarm_169	2.0	2.0	
lightdock	luciferin_score	12.72271	2UUY_rec	2UUY_lig	swarm_169	3.0	3.0	
lightdock	luciferin_score	12.52612	2UUY_rec	2UUY_lig	swarm_169	4.0	5.0	
lightdock	luciferin_score	12.41996	2UUY_rec	2UUY_lig	swarm_169	5.0	3.0	
lightdock	luciferin_score	11.69352	2UUY_rec	2UUY_lig	swarm_169	6.0	8.0	
lightdock	luciferin_score	11.67116	2UUY_rec	2UUY_lig	swarm_169	7.0	3.0	
lightdock	luciferin_score	11.37381	2UUY_rec	2UUY_lig	swarm_169	8.0	2.0	
lightdock	luciferin_score	11.34121	2UUY_rec	2UUY_lig	swarm_169	9.0	2.0	
lightdock	luciferin_score	11.30727	2UUY_rec	2UUY_lig	swarm_169	10.0	4.0	
lightdock	luciferin_score	11.07892	2UUY_rec	2UUY_lig	swarm_169	11.0	4.0	
lightdock	luciferin_score	10.99984	2UUY_rec	2UUY_lig	swarm_169	12.0	4.0	
lightdock	luciferin_score	10.97928	2UUY_rec	2UUY_lig	swarm_169	13.0	4.0	
lightdock	luciferin_score	10.88086	2UUY_rec	2UUY_lig	swarm_169	14.0	3.0	
lightdock	luciferin_score	10.56682	2UUY_rec	2UUY_lig	swarm_169	15.0	5.0	
lightdock	luciferin_score	10.26017	2UUY_rec	2UUY_lig	swarm_169	16.0	2.0	
lightdock	luciferin_score	9.74535	2UUY_rec	2UUY_lig	swarm_169	17.0	5.0	
lightdock	luciferin_score	9.64023	2UUY_rec	2UUY_lig	swarm_169	18.0	5.0	
lightdock	luciferin_score	9.61357	2UUY_rec	2UUY_lig	swarm_169	19.0	4.0	
lightdock	luciferin_score	9.4872	2UUY_rec	2UUY_lig	swarm_169	20.0	6.0	
lightdock	luciferin_score	9.15114	2UUY_rec	2UUY_lig	swarm_169	21.0	2.0	
lightdock	luciferin_score	9.14452	2UUY_rec	2UUY_lig	swarm_169	22.0	1.0	
lightdock	luciferin_score	8.7402	2UUY_rec	2UUY_lig	swarm_169	23.0	1.0	
lightdock	luciferin_score	8.66394	2UUY_rec	2UUY_lig	swarm_169	24.0	1.0	
lightdock	luciferin_score	8.43408	2UUY_rec	2UUY_lig	swarm_169	25.0	2.0	
lightdock	luciferin_score	7.53438	2UUY_rec	2UUY_lig	swarm_169	26.0	1.0	
lightdock	luciferin_score	7.19165	2UUY_rec	2UUY_lig	swarm_169	27.0	4.0	
lightdock	luciferin_score	6.96702	2UUY_rec	2UUY_lig	swarm_169	28.0	1.0	
lightdock	luciferin_score	6.10035	2UUY_rec	2UUY_lig	swarm_169	29.0	3.0	
lightdock	luciferin_score	6.06205	2UUY_rec	2UUY_lig	swarm_169	30.0	1.0	
lightdock	luciferin_score	5.7957	2UUY_rec	2UUY_lig	swarm_169	31.0	10.0	
lightdock	luciferin_score	5.44977	2UUY_rec	2UUY_lig	swarm_169	32.0	2.0	
lightdock	luciferin_score	5.24004	2UUY_rec	2UUY_lig	swarm_169	33.0	1.0	
lightdock	luciferin_score	5.14855	2UUY_rec	2UUY_lig	swarm_169	34.0	1.0	
lightdock	luciferin_score	4.9626	2UUY_rec	2UUY_lig	swarm_169	35.0	2.0	
lightdock	luciferin_score	3.70798	2UUY_rec	2UUY_lig	swarm_169	36.0	4.0	
lightdock	luciferin_score	2.63187	2UUY_rec	2UUY_lig	swarm_169	37.0	5.0	
lightdock	luciferin_score	2.43749	2UUY_rec	2UUY_lig	swarm_169	38.0	4.0	
lightdock	luciferin_score	-1.17495	2UUY_rec	2UUY_lig	swarm_169	39.0	20.0	
lightdock	luciferin_score	-2.91171	2UUY_rec	2UUY_lig	swarm_169	40.0	7.0	
lightdock	luciferin_score	-5.3121	2UUY_rec	2UUY_lig	swarm_169	41.0	3.0	
lightdock	luciferin_score	-5.3618	2UUY_rec	2UUY_lig	swarm_169	42.0	1.0	
lightdock	luciferin_score	-6.08201	2UUY_rec	2UUY_lig	swarm_169	43.0	2.0	
lightdock	luciferin_score	-7.05207	2UUY_rec	2UUY_lig	swarm_169	44.0	1.0	
lightdock	luciferin_score	-8.02464	2UUY_rec	2UUY_lig	swarm_169	45.0	1.0	
lightdock	luciferin_score	-8.76936	2UUY_rec	2UUY_lig	swarm_169	46.0	2.0	
lightdock	luciferin_score	-10.93672	2UUY_rec	2UUY_lig	swarm_169	47.0	1.0	
lightdock	luciferin_score	-12.15047	2UUY_rec	2UUY_lig	swarm_169	48.0	4.0	
lightdock	luciferin_score	-12.56595	2UUY_rec	2UUY_lig	swarm_169	49.0	1.0	
lightdock	luciferin_score	-13.83742	2UUY_rec	2UUY_lig	swarm_169	50.0	1.0	
lightdock	luciferin_score	-19.36044	2UUY_rec	2UUY_lig	swarm_169	51.0	9.0	
lightdock	luciferin_score	-21.38631	2UUY_rec	2UUY_lig	swarm_169	52.0	2.0	
lightdock	luciferin_score	-21.93087	2UUY_rec	2UUY_lig	swarm_169	53.0	2.0	
lightdock	luciferin_score	-22.92162	2UUY_rec	2UUY_lig	swarm_169	54.0	1.0	
lightdock	luciferin_score	-24.58478	2UUY_rec	2UUY_lig	swarm_169	55.0	2.0	
lightdock	luciferin_score	-25.42993	2UUY_rec	2UUY_lig	swarm_169	56.0	1.0	
lightdock	luciferin_score	-29.28205	2UUY_rec	2UUY_lig	swarm_169	57.0	2.0	
lightdock	luciferin_score	-30.72833	2UUY_rec	2UUY_lig	swarm_169	58.0	1.0	
lightdock	luciferin_score	-34.6255	2UUY_rec	2UUY_lig	swarm_169	59.0	1.0	
lightdock	luciferin_score	-40.24446	2UUY_rec	2UUY_lig	swarm_169	60.0	1.0	
lightdock	luciferin_score	-54.96417	2UUY_rec	2UUY_lig	swarm_169	61.0	1.0	
lightdock	luciferin_score	14.02526	2UUY_rec	2UUY_lig	swarm_17	0.0	4.0	
lightdock	luciferin_score	13.44045	2UUY_rec	2UUY_lig	swarm_17	1.0	7.0	
lightdock	luciferin_score	12.35603	2UUY_rec	2UUY_lig	swarm_17	2.0	8.0	
lightdock	luciferin_score	12.34589	2UUY_rec	2UUY_lig	swarm_17	3.0	5.0	
lightdock	luciferin_score	11.82822	2UUY_rec	2UUY_lig	swarm_17	4.0	7.0	
lightdock	luciferin_score	11.66465	2UUY_rec	2UUY_lig	swarm_17	5.0	6.0	
lightdock	luciferin_score	11.64384	2UUY_rec	2UUY_lig	swarm_17	6.0	2.0	
lightdock	luciferin_score	11.2328	2UUY_rec	2UUY_lig	swarm_17	7.0	10.0	
lightdock	luciferin_score	10.86599	2UUY_rec	2UUY_lig	swarm_17	8.0	5.0	
lightdock	luciferin_score	10.57719	2UUY_rec	2UUY_lig	swarm_17	9.0	4.0	
lightdock	luciferin_score	10.18681	2UUY_rec	2UUY_lig	swarm_17	10.0	2.0	
lightdock	luciferin_score	10.17165	2UUY_rec	2UUY_lig	swarm_17	11.0	1.0	
lightdock	luciferin_score	10.08544	2UUY_rec	2UUY_lig	swarm_17	12.0	1.0	
lightdock	luciferin_score	9.93906	2UUY_rec	2UUY_lig	swarm_17	13.0	3.0	
lightdock	luciferin_score	9.73993	2UUY_rec	2UUY_lig	swarm_17	14.0	7.0	
lightdock	luciferin_score	9.62019	2UUY_rec	2UUY_lig	swarm_17	15.0	3.0	
lightdock	luciferin_score	9.44089	2UUY_rec	2UUY_lig	swarm_17	16.0	4.0	
lightdock	luciferin_score	9.21881	2UUY_rec	2UUY_lig	swarm_17	17.0	5.0	
lightdock	luciferin_score	9.19596	2UUY_rec	2UUY_lig	swarm_17	18.0	3.0	
lightdock	luciferin_score	9.08148	2UUY_rec	2UUY_lig	swarm_17	19.0	2.0	
lightdock	luciferin_score	8.8761	2UUY_rec	2UUY_lig	swarm_17	20.0	3.0	
lightdock	luciferin_score	8.74245	2UUY_rec	2UUY_lig	swarm_17	21.0	4.0	
lightdock	luciferin_score	8.73634	2UUY_rec	2UUY_lig	swarm_17	22.0	8.0	
lightdock	luciferin_score	8.51907	2UUY_rec	2UUY_lig	swarm_17	23.0	1.0	
lightdock	luciferin_score	8.31575	2UUY_rec	2UUY_lig	swarm_17	24.0	2.0	
lightdock	luciferin_score	8.21425	2UUY_rec	2UUY_lig	swarm_17	25.0	4.0	
lightdock	luciferin_score	8.16382	2UUY_rec	2UUY_lig	swarm_17	26.0	2.0	
lightdock	luciferin_score	7.89975	2UUY_rec	2UUY_lig	swarm_17	27.0	2.0	
lightdock	luciferin_score	7.82463	2UUY_rec	2UUY_lig	swarm_17	28.0	4.0	
lightdock	luciferin_score	7.78379	2UUY_rec	2UUY_lig	swarm_17	29.0	2.0	
lightdock	luciferin_score	7.17761	2UUY_rec	2UUY_lig	swarm_17	30.0	1.0	
lightdock	luciferin_score	6.81088	2UUY_rec	2UUY_lig	swarm_17	31.0	2.0	
lightdock	luciferin_score	6.31587	2UUY_rec	2UUY_lig	swarm_17	32.0	2.0	
lightdock	luciferin_score	6.29894	2UUY_rec	2UUY_lig	swarm_17	33.0	1.0	
lightdock	luciferin_score	6.25293	2UUY_rec	2UUY_lig	swarm_17	34.0	1.0	
lightdock	luciferin_score	6.11308	2UUY_rec	2UUY_lig	swarm_17	35.0	1.0	
lightdock	luciferin_score	5.46688	2UUY_rec	2UUY_lig	swarm_17	36.0	3.0	
lightdock	luciferin_score	5.24463	2UUY_rec	2UUY_lig	swarm_17	37.0	1.0	
lightdock	luciferin_score	4.03595	2UUY_rec	2UUY_lig	swarm_17	38.0	3.0	
lightdock	luciferin_score	3.9269	2UUY_rec	2UUY_lig	swarm_17	39.0	5.0	
lightdock	luciferin_score	3.23321	2UUY_rec	2UUY_lig	swarm_17	40.0	1.0	
lightdock	luciferin_score	3.04021	2UUY_rec	2UUY_lig	swarm_17	41.0	1.0	
lightdock	luciferin_score	2.83322	2UUY_rec	2UUY_lig	swarm_17	42.0	1.0	
lightdock	luciferin_score	2.47129	2UUY_rec	2UUY_lig	swarm_17	43.0	1.0	
lightdock	luciferin_score	2.21553	2UUY_rec	2UUY_lig	swarm_17	44.0	2.0	
lightdock	luciferin_score	2.02824	2UUY_rec	2UUY_lig	swarm_17	45.0	2.0	
lightdock	luciferin_score	1.23708	2UUY_rec	2UUY_lig	swarm_17	46.0	1.0	
lightdock	luciferin_score	-0.46666	2UUY_rec	2UUY_lig	swarm_17	47.0	2.0	
lightdock	luciferin_score	-1.26848	2UUY_rec	2UUY_lig	swarm_17	48.0	2.0	
lightdock	luciferin_score	-1.9103	2UUY_rec	2UUY_lig	swarm_17	49.0	1.0	
lightdock	luciferin_score	-1.98174	2UUY_rec	2UUY_lig	swarm_17	50.0	1.0	
lightdock	luciferin_score	-2.32613	2UUY_rec	2UUY_lig	swarm_17	51.0	1.0	
lightdock	luciferin_score	-2.34784	2UUY_rec	2UUY_lig	swarm_17	52.0	3.0	
lightdock	luciferin_score	-4.32181	2UUY_rec	2UUY_lig	swarm_17	53.0	2.0	
lightdock	luciferin_score	-5.30051	2UUY_rec	2UUY_lig	swarm_17	54.0	1.0	
lightdock	luciferin_score	-8.50841	2UUY_rec	2UUY_lig	swarm_17	55.0	4.0	
lightdock	luciferin_score	-8.51647	2UUY_rec	2UUY_lig	swarm_17	56.0	9.0	
lightdock	luciferin_score	-9.01359	2UUY_rec	2UUY_lig	swarm_17	57.0	1.0	
lightdock	luciferin_score	-14.26195	2UUY_rec	2UUY_lig	swarm_17	58.0	1.0	
lightdock	luciferin_score	-19.44009	2UUY_rec	2UUY_lig	swarm_17	59.0	1.0	
lightdock	luciferin_score	-20.24247	2UUY_rec	2UUY_lig	swarm_17	60.0	1.0	
lightdock	luciferin_score	-20.65943	2UUY_rec	2UUY_lig	swarm_17	61.0	1.0	
lightdock	luciferin_score	-21.85483	2UUY_rec	2UUY_lig	swarm_17	62.0	5.0	
lightdock	luciferin_score	-23.43079	2UUY_rec	2UUY_lig	swarm_17	63.0	1.0	
lightdock	luciferin_score	-23.58222	2UUY_rec	2UUY_lig	swarm_17	64.0	2.0	
lightdock	luciferin_score	-24.69564	2UUY_rec	2UUY_lig	swarm_17	65.0	1.0	
lightdock	luciferin_score	-24.97126	2UUY_rec	2UUY_lig	swarm_17	66.0	4.0	
lightdock	luciferin_score	-27.41485	2UUY_rec	2UUY_lig	swarm_17	67.0	1.0	
lightdock	luciferin_score	-31.0294	2UUY_rec	2UUY_lig	swarm_17	68.0	2.0	
lightdock	luciferin_score	-32.10545	2UUY_rec	2UUY_lig	swarm_17	69.0	1.0	
lightdock	luciferin_score	-32.91305	2UUY_rec	2UUY_lig	swarm_17	70.0	1.0	
lightdock	luciferin_score	-62.11021	2UUY_rec	2UUY_lig	swarm_17	71.0	1.0	
lightdock	luciferin_score	17.03799	2UUY_rec	2UUY_lig	swarm_170	0.0	4.0	
lightdock	luciferin_score	16.03482	2UUY_rec	2UUY_lig	swarm_170	1.0	3.0	
lightdock	luciferin_score	14.90265	2UUY_rec	2UUY_lig	swarm_170	2.0	4.0	
lightdock	luciferin_score	14.55357	2UUY_rec	2UUY_lig	swarm_170	3.0	4.0	
lightdock	luciferin_score	13.92702	2UUY_rec	2UUY_lig	swarm_170	4.0	10.0	
lightdock	luciferin_score	13.69709	2UUY_rec	2UUY_lig	swarm_170	5.0	10.0	
lightdock	luciferin_score	12.95179	2UUY_rec	2UUY_lig	swarm_170	6.0	10.0	
lightdock	luciferin_score	12.69559	2UUY_rec	2UUY_lig	swarm_170	7.0	5.0	
lightdock	luciferin_score	12.67376	2UUY_rec	2UUY_lig	swarm_170	8.0	9.0	
lightdock	luciferin_score	12.19961	2UUY_rec	2UUY_lig	swarm_170	9.0	2.0	
lightdock	luciferin_score	12.01496	2UUY_rec	2UUY_lig	swarm_170	10.0	6.0	
lightdock	luciferin_score	11.93716	2UUY_rec	2UUY_lig	swarm_170	11.0	5.0	
lightdock	luciferin_score	11.8765	2UUY_rec	2UUY_lig	swarm_170	12.0	3.0	
lightdock	luciferin_score	11.68725	2UUY_rec	2UUY_lig	swarm_170	13.0	1.0	
lightdock	luciferin_score	11.52854	2UUY_rec	2UUY_lig	swarm_170	14.0	4.0	
lightdock	luciferin_score	11.17664	2UUY_rec	2UUY_lig	swarm_170	15.0	2.0	
lightdock	luciferin_score	11.11244	2UUY_rec	2UUY_lig	swarm_170	16.0	6.0	
lightdock	luciferin_score	10.8928	2UUY_rec	2UUY_lig	swarm_170	17.0	7.0	
lightdock	luciferin_score	10.48611	2UUY_rec	2UUY_lig	swarm_170	18.0	2.0	
lightdock	luciferin_score	10.32093	2UUY_rec	2UUY_lig	swarm_170	19.0	5.0	
lightdock	luciferin_score	9.83716	2UUY_rec	2UUY_lig	swarm_170	20.0	5.0	
lightdock	luciferin_score	9.80961	2UUY_rec	2UUY_lig	swarm_170	21.0	2.0	
lightdock	luciferin_score	9.586	2UUY_rec	2UUY_lig	swarm_170	22.0	1.0	
lightdock	luciferin_score	9.58299	2UUY_rec	2UUY_lig	swarm_170	23.0	3.0	
lightdock	luciferin_score	9.4702	2UUY_rec	2UUY_lig	swarm_170	24.0	3.0	
lightdock	luciferin_score	8.87398	2UUY_rec	2UUY_lig	swarm_170	25.0	2.0	
lightdock	luciferin_score	8.39498	2UUY_rec	2UUY_lig	swarm_170	26.0	2.0	
lightdock	luciferin_score	8.19725	2UUY_rec	2UUY_lig	swarm_170	27.0	1.0	
lightdock	luciferin_score	7.85234	2UUY_rec	2UUY_lig	swarm_170	28.0	2.0	
lightdock	luciferin_score	7.57036	2UUY_rec	2UUY_lig	swarm_170	29.0	1.0	
lightdock	luciferin_score	7.49349	2UUY_rec	2UUY_lig	swarm_170	30.0	3.0	
lightdock	luciferin_score	7.34146	2UUY_rec	2UUY_lig	swarm_170	31.0	3.0	
lightdock	luciferin_score	6.98663	2UUY_rec	2UUY_lig	swarm_170	32.0	1.0	
lightdock	luciferin_score	6.74473	2UUY_rec	2UUY_lig	swarm_170	33.0	1.0	
lightdock	luciferin_score	6.09233	2UUY_rec	2UUY_lig	swarm_170	34.0	1.0	
lightdock	luciferin_score	5.65233	2UUY_rec	2UUY_lig	swarm_170	35.0	1.0	
lightdock	luciferin_score	5.57754	2UUY_rec	2UUY_lig	swarm_170	36.0	1.0	
lightdock	luciferin_score	5.45549	2UUY_rec	2UUY_lig	swarm_170	37.0	1.0	
lightdock	luciferin_score	5.21428	2UUY_rec	2UUY_lig	swarm_170	38.0	1.0	
lightdock	luciferin_score	5.08254	2UUY_rec	2UUY_lig	swarm_170	39.0	6.0	
lightdock	luciferin_score	3.89192	2UUY_rec	2UUY_lig	swarm_170	40.0	2.0	
lightdock	luciferin_score	3.71445	2UUY_rec	2UUY_lig	swarm_170	41.0	1.0	
lightdock	luciferin_score	3.2467	2UUY_rec	2UUY_lig	swarm_170	42.0	1.0	
lightdock	luciferin_score	3.07906	2UUY_rec	2UUY_lig	swarm_170	43.0	1.0	
lightdock	luciferin_score	2.96727	2UUY_rec	2UUY_lig	swarm_170	44.0	1.0	
lightdock	luciferin_score	2.39946	2UUY_rec	2UUY_lig	swarm_170	45.0	1.0	
lightdock	luciferin_score	1.70538	2UUY_rec	2UUY_lig	swarm_170	46.0	1.0	
lightdock	luciferin_score	-0.34626	2UUY_rec	2UUY_lig	swarm_170	47.0	2.0	
lightdock	luciferin_score	-0.7288	2UUY_rec	2UUY_lig	swarm_170	48.0	1.0	
lightdock	luciferin_score	-0.85906	2UUY_rec	2UUY_lig	swarm_170	49.0	2.0	
lightdock	luciferin_score	-1.19845	2UUY_rec	2UUY_lig	swarm_170	50.0	3.0	
lightdock	luciferin_score	-5.29477	2UUY_rec	2UUY_lig	swarm_170	51.0	4.0	
lightdock	luciferin_score	-5.34747	2UUY_rec	2UUY_lig	swarm_170	52.0	1.0	
lightdock	luciferin_score	-7.56419	2UUY_rec	2UUY_lig	swarm_170	53.0	2.0	
lightdock	luciferin_score	-8.7588	2UUY_rec	2UUY_lig	swarm_170	54.0	1.0	
lightdock	luciferin_score	-9.16886	2UUY_rec	2UUY_lig	swarm_170	55.0	7.0	
lightdock	luciferin_score	-12.31255	2UUY_rec	2UUY_lig	swarm_170	56.0	1.0	
lightdock	luciferin_score	-14.99363	2UUY_rec	2UUY_lig	swarm_170	57.0	3.0	
lightdock	luciferin_score	-24.70702	2UUY_rec	2UUY_lig	swarm_170	58.0	4.0	
lightdock	luciferin_score	-25.9875	2UUY_rec	2UUY_lig	swarm_170	59.0	3.0	
lightdock	luciferin_score	-27.46157	2UUY_rec	2UUY_lig	swarm_170	60.0	1.0	
lightdock	luciferin_score	-29.03494	2UUY_rec	2UUY_lig	swarm_170	61.0	1.0	
lightdock	luciferin_score	-29.19656	2UUY_rec	2UUY_lig	swarm_170	62.0	1.0	
lightdock	luciferin_score	-29.44583	2UUY_rec	2UUY_lig	swarm_170	63.0	1.0	
lightdock	luciferin_score	-30.64715	2UUY_rec	2UUY_lig	swarm_170	64.0	2.0	
lightdock	luciferin_score	-32.31485	2UUY_rec	2UUY_lig	swarm_170	65.0	5.0	
lightdock	luciferin_score	-34.76945	2UUY_rec	2UUY_lig	swarm_170	66.0	2.0	
lightdock	luciferin_score	-41.23804	2UUY_rec	2UUY_lig	swarm_170	67.0	1.0	
lightdock	luciferin_score	-59.75349	2UUY_rec	2UUY_lig	swarm_170	68.0	1.0	
lightdock	luciferin_score	16.5716	2UUY_rec	2UUY_lig	swarm_171	0.0	2.0	
lightdock	luciferin_score	14.09321	2UUY_rec	2UUY_lig	swarm_171	1.0	3.0	
lightdock	luciferin_score	12.84458	2UUY_rec	2UUY_lig	swarm_171	2.0	2.0	
lightdock	luciferin_score	12.12571	2UUY_rec	2UUY_lig	swarm_171	3.0	5.0	
lightdock	luciferin_score	11.69198	2UUY_rec	2UUY_lig	swarm_171	4.0	3.0	
lightdock	luciferin_score	11.63143	2UUY_rec	2UUY_lig	swarm_171	5.0	8.0	
lightdock	luciferin_score	11.55874	2UUY_rec	2UUY_lig	swarm_171	6.0	10.0	
lightdock	luciferin_score	11.33845	2UUY_rec	2UUY_lig	swarm_171	7.0	1.0	
lightdock	luciferin_score	11.13652	2UUY_rec	2UUY_lig	swarm_171	8.0	5.0	
lightdock	luciferin_score	11.04705	2UUY_rec	2UUY_lig	swarm_171	9.0	5.0	
lightdock	luciferin_score	10.56119	2UUY_rec	2UUY_lig	swarm_171	10.0	2.0	
lightdock	luciferin_score	10.51827	2UUY_rec	2UUY_lig	swarm_171	11.0	4.0	
lightdock	luciferin_score	10.45172	2UUY_rec	2UUY_lig	swarm_171	12.0	14.0	
lightdock	luciferin_score	10.16054	2UUY_rec	2UUY_lig	swarm_171	13.0	9.0	
lightdock	luciferin_score	9.53762	2UUY_rec	2UUY_lig	swarm_171	14.0	9.0	
lightdock	luciferin_score	9.46011	2UUY_rec	2UUY_lig	swarm_171	15.0	1.0	
lightdock	luciferin_score	9.29847	2UUY_rec	2UUY_lig	swarm_171	16.0	1.0	
lightdock	luciferin_score	8.91669	2UUY_rec	2UUY_lig	swarm_171	17.0	3.0	
lightdock	luciferin_score	8.55841	2UUY_rec	2UUY_lig	swarm_171	18.0	2.0	
lightdock	luciferin_score	8.13687	2UUY_rec	2UUY_lig	swarm_171	19.0	4.0	
lightdock	luciferin_score	8.07246	2UUY_rec	2UUY_lig	swarm_171	20.0	3.0	
lightdock	luciferin_score	8.07099	2UUY_rec	2UUY_lig	swarm_171	21.0	4.0	
lightdock	luciferin_score	8.06091	2UUY_rec	2UUY_lig	swarm_171	22.0	2.0	
lightdock	luciferin_score	7.58926	2UUY_rec	2UUY_lig	swarm_171	23.0	8.0	
lightdock	luciferin_score	7.49241	2UUY_rec	2UUY_lig	swarm_171	24.0	2.0	
lightdock	luciferin_score	7.29781	2UUY_rec	2UUY_lig	swarm_171	25.0	2.0	
lightdock	luciferin_score	7.22228	2UUY_rec	2UUY_lig	swarm_171	26.0	2.0	
lightdock	luciferin_score	7.2011	2UUY_rec	2UUY_lig	swarm_171	27.0	2.0	
lightdock	luciferin_score	7.15051	2UUY_rec	2UUY_lig	swarm_171	28.0	2.0	
lightdock	luciferin_score	6.99039	2UUY_rec	2UUY_lig	swarm_171	29.0	2.0	
lightdock	luciferin_score	6.91689	2UUY_rec	2UUY_lig	swarm_171	30.0	4.0	
lightdock	luciferin_score	6.87583	2UUY_rec	2UUY_lig	swarm_171	31.0	6.0	
lightdock	luciferin_score	6.79107	2UUY_rec	2UUY_lig	swarm_171	32.0	3.0	
lightdock	luciferin_score	6.51455	2UUY_rec	2UUY_lig	swarm_171	33.0	2.0	
lightdock	luciferin_score	6.49625	2UUY_rec	2UUY_lig	swarm_171	34.0	3.0	
lightdock	luciferin_score	6.47317	2UUY_rec	2UUY_lig	swarm_171	35.0	7.0	
lightdock	luciferin_score	6.43839	2UUY_rec	2UUY_lig	swarm_171	36.0	3.0	
lightdock	luciferin_score	6.26295	2UUY_rec	2UUY_lig	swarm_171	37.0	5.0	
lightdock	luciferin_score	6.21886	2UUY_rec	2UUY_lig	swarm_171	38.0	1.0	
lightdock	luciferin_score	6.15391	2UUY_rec	2UUY_lig	swarm_171	39.0	1.0	
lightdock	luciferin_score	6.07028	2UUY_rec	2UUY_lig	swarm_171	40.0	1.0	
lightdock	luciferin_score	6.01567	2UUY_rec	2UUY_lig	swarm_171	41.0	4.0	
lightdock	luciferin_score	5.847	2UUY_rec	2UUY_lig	swarm_171	42.0	3.0	
lightdock	luciferin_score	5.54219	2UUY_rec	2UUY_lig	swarm_171	43.0	3.0	
lightdock	luciferin_score	5.49807	2UUY_rec	2UUY_lig	swarm_171	44.0	2.0	
lightdock	luciferin_score	5.38245	2UUY_rec	2UUY_lig	swarm_171	45.0	1.0	
lightdock	luciferin_score	5.33423	2UUY_rec	2UUY_lig	swarm_171	46.0	1.0	
lightdock	luciferin_score	5.27451	2UUY_rec	2UUY_lig	swarm_171	47.0	2.0	
lightdock	luciferin_score	5.25308	2UUY_rec	2UUY_lig	swarm_171	48.0	1.0	
lightdock	luciferin_score	5.14217	2UUY_rec	2UUY_lig	swarm_171	49.0	1.0	
lightdock	luciferin_score	4.83001	2UUY_rec	2UUY_lig	swarm_171	50.0	1.0	
lightdock	luciferin_score	4.82854	2UUY_rec	2UUY_lig	swarm_171	51.0	2.0	
lightdock	luciferin_score	3.94412	2UUY_rec	2UUY_lig	swarm_171	52.0	1.0	
lightdock	luciferin_score	3.77412	2UUY_rec	2UUY_lig	swarm_171	53.0	1.0	
lightdock	luciferin_score	1.51104	2UUY_rec	2UUY_lig	swarm_171	54.0	1.0	
lightdock	luciferin_score	-0.34457	2UUY_rec	2UUY_lig	swarm_171	55.0	1.0	
lightdock	luciferin_score	-2.15904	2UUY_rec	2UUY_lig	swarm_171	56.0	1.0	
lightdock	luciferin_score	-2.45311	2UUY_rec	2UUY_lig	swarm_171	57.0	1.0	
lightdock	luciferin_score	-2.66199	2UUY_rec	2UUY_lig	swarm_171	58.0	3.0	
lightdock	luciferin_score	-3.35935	2UUY_rec	2UUY_lig	swarm_171	59.0	1.0	
lightdock	luciferin_score	-6.11151	2UUY_rec	2UUY_lig	swarm_171	60.0	1.0	
lightdock	luciferin_score	-9.30906	2UUY_rec	2UUY_lig	swarm_171	61.0	1.0	
lightdock	luciferin_score	-9.72899	2UUY_rec	2UUY_lig	swarm_171	62.0	1.0	
lightdock	luciferin_score	-17.41703	2UUY_rec	2UUY_lig	swarm_171	63.0	2.0	
lightdock	luciferin_score	-17.72603	2UUY_rec	2UUY_lig	swarm_171	64.0	1.0	
lightdock	luciferin_score	-22.47523	2UUY_rec	2UUY_lig	swarm_171	65.0	2.0	
lightdock	luciferin_score	-33.73432	2UUY_rec	2UUY_lig	swarm_171	66.0	1.0	
lightdock	luciferin_score	-40.44538	2UUY_rec	2UUY_lig	swarm_171	67.0	1.0	
lightdock	luciferin_score	-51.5963	2UUY_rec	2UUY_lig	swarm_171	68.0	1.0	
lightdock	luciferin_score	18.37619	2UUY_rec	2UUY_lig	swarm_172	0.0	4.0	
lightdock	luciferin_score	15.04671	2UUY_rec	2UUY_lig	swarm_172	1.0	12.0	
lightdock	luciferin_score	14.56502	2UUY_rec	2UUY_lig	swarm_172	2.0	5.0	
lightdock	luciferin_score	13.9541	2UUY_rec	2UUY_lig	swarm_172	3.0	7.0	
lightdock	luciferin_score	13.68711	2UUY_rec	2UUY_lig	swarm_172	4.0	10.0	
lightdock	luciferin_score	13.50467	2UUY_rec	2UUY_lig	swarm_172	5.0	3.0	
lightdock	luciferin_score	13.05136	2UUY_rec	2UUY_lig	swarm_172	6.0	5.0	
lightdock	luciferin_score	12.83042	2UUY_rec	2UUY_lig	swarm_172	7.0	4.0	
lightdock	luciferin_score	12.26511	2UUY_rec	2UUY_lig	swarm_172	8.0	1.0	
lightdock	luciferin_score	11.99766	2UUY_rec	2UUY_lig	swarm_172	9.0	2.0	
lightdock	luciferin_score	11.83178	2UUY_rec	2UUY_lig	swarm_172	10.0	5.0	
lightdock	luciferin_score	11.81092	2UUY_rec	2UUY_lig	swarm_172	11.0	7.0	
lightdock	luciferin_score	11.78518	2UUY_rec	2UUY_lig	swarm_172	12.0	1.0	
lightdock	luciferin_score	11.66722	2UUY_rec	2UUY_lig	swarm_172	13.0	1.0	
lightdock	luciferin_score	10.87657	2UUY_rec	2UUY_lig	swarm_172	14.0	11.0	
lightdock	luciferin_score	10.75144	2UUY_rec	2UUY_lig	swarm_172	15.0	3.0	
lightdock	luciferin_score	10.56375	2UUY_rec	2UUY_lig	swarm_172	16.0	3.0	
lightdock	luciferin_score	10.46495	2UUY_rec	2UUY_lig	swarm_172	17.0	3.0	
lightdock	luciferin_score	9.86019	2UUY_rec	2UUY_lig	swarm_172	18.0	2.0	
lightdock	luciferin_score	9.68766	2UUY_rec	2UUY_lig	swarm_172	19.0	1.0	
lightdock	luciferin_score	9.6642	2UUY_rec	2UUY_lig	swarm_172	20.0	3.0	
lightdock	luciferin_score	9.32505	2UUY_rec	2UUY_lig	swarm_172	21.0	3.0	
lightdock	luciferin_score	9.21176	2UUY_rec	2UUY_lig	swarm_172	22.0	2.0	
lightdock	luciferin_score	9.08401	2UUY_rec	2UUY_lig	swarm_172	23.0	7.0	
lightdock	luciferin_score	8.84898	2UUY_rec	2UUY_lig	swarm_172	24.0	1.0	
lightdock	luciferin_score	8.40154	2UUY_rec	2UUY_lig	swarm_172	25.0	2.0	
lightdock	luciferin_score	8.18886	2UUY_rec	2UUY_lig	swarm_172	26.0	4.0	
lightdock	luciferin_score	8.06105	2UUY_rec	2UUY_lig	swarm_172	27.0	3.0	
lightdock	luciferin_score	7.95081	2UUY_rec	2UUY_lig	swarm_172	28.0	2.0	
lightdock	luciferin_score	7.46027	2UUY_rec	2UUY_lig	swarm_172	29.0	3.0	
lightdock	luciferin_score	7.15509	2UUY_rec	2UUY_lig	swarm_172	30.0	2.0	
lightdock	luciferin_score	6.08753	2UUY_rec	2UUY_lig	swarm_172	31.0	3.0	
lightdock	luciferin_score	5.83491	2UUY_rec	2UUY_lig	swarm_172	32.0	2.0	
lightdock	luciferin_score	5.74671	2UUY_rec	2UUY_lig	swarm_172	33.0	5.0	
lightdock	luciferin_score	5.56751	2UUY_rec	2UUY_lig	swarm_172	34.0	5.0	
lightdock	luciferin_score	4.20773	2UUY_rec	2UUY_lig	swarm_172	35.0	1.0	
lightdock	luciferin_score	3.14347	2UUY_rec	2UUY_lig	swarm_172	36.0	1.0	
lightdock	luciferin_score	2.65869	2UUY_rec	2UUY_lig	swarm_172	37.0	4.0	
lightdock	luciferin_score	2.37891	2UUY_rec	2UUY_lig	swarm_172	38.0	5.0	
lightdock	luciferin_score	2.00518	2UUY_rec	2UUY_lig	swarm_172	39.0	2.0	
lightdock	luciferin_score	1.80913	2UUY_rec	2UUY_lig	swarm_172	40.0	3.0	
lightdock	luciferin_score	-0.48889	2UUY_rec	2UUY_lig	swarm_172	41.0	4.0	
lightdock	luciferin_score	-2.21437	2UUY_rec	2UUY_lig	swarm_172	42.0	3.0	
lightdock	luciferin_score	-3.48071	2UUY_rec	2UUY_lig	swarm_172	43.0	1.0	
lightdock	luciferin_score	-4.61924	2UUY_rec	2UUY_lig	swarm_172	44.0	2.0	
lightdock	luciferin_score	-8.35249	2UUY_rec	2UUY_lig	swarm_172	45.0	2.0	
lightdock	luciferin_score	-9.0871	2UUY_rec	2UUY_lig	swarm_172	46.0	9.0	
lightdock	luciferin_score	-10.19348	2UUY_rec	2UUY_lig	swarm_172	47.0	2.0	
lightdock	luciferin_score	-19.50233	2UUY_rec	2UUY_lig	swarm_172	48.0	3.0	
lightdock	luciferin_score	-19.77233	2UUY_rec	2UUY_lig	swarm_172	49.0	4.0	
lightdock	luciferin_score	-19.78649	2UUY_rec	2UUY_lig	swarm_172	50.0	1.0	
lightdock	luciferin_score	-20.22754	2UUY_rec	2UUY_lig	swarm_172	51.0	2.0	
lightdock	luciferin_score	-24.10521	2UUY_rec	2UUY_lig	swarm_172	52.0	2.0	
lightdock	luciferin_score	-39.24879	2UUY_rec	2UUY_lig	swarm_172	53.0	1.0	
lightdock	luciferin_score	-43.82497	2UUY_rec	2UUY_lig	swarm_172	54.0	1.0	
lightdock	luciferin_score	-49.26405	2UUY_rec	2UUY_lig	swarm_172	55.0	3.0	
lightdock	luciferin_score	-53.27705	2UUY_rec	2UUY_lig	swarm_172	56.0	1.0	
lightdock	luciferin_score	-55.19397	2UUY_rec	2UUY_lig	swarm_172	57.0	1.0	
lightdock	luciferin_score	-59.32498	2UUY_rec	2UUY_lig	swarm_172	58.0	1.0	
lightdock	luciferin_score	-66.58324	2UUY_rec	2UUY_lig	swarm_172	59.0	2.0	
lightdock	luciferin_score	-79.01514	2UUY_rec	2UUY_lig	swarm_172	60.0	1.0	
lightdock	luciferin_score	-95.41833	2UUY_rec	2UUY_lig	swarm_172	61.0	1.0	
lightdock	luciferin_score	14.43411	2UUY_rec	2UUY_lig	swarm_173	0.0	4.0	
lightdock	luciferin_score	13.54455	2UUY_rec	2UUY_lig	swarm_173	1.0	4.0	
lightdock	luciferin_score	12.8516	2UUY_rec	2UUY_lig	swarm_173	2.0	3.0	
lightdock	luciferin_score	12.79722	2UUY_rec	2UUY_lig	swarm_173	3.0	4.0	
lightdock	luciferin_score	12.30015	2UUY_rec	2UUY_lig	swarm_173	4.0	3.0	
lightdock	luciferin_score	12.2998	2UUY_rec	2UUY_lig	swarm_173	5.0	8.0	
lightdock	luciferin_score	12.22687	2UUY_rec	2UUY_lig	swarm_173	6.0	4.0	
lightdock	luciferin_score	12.04717	2UUY_rec	2UUY_lig	swarm_173	7.0	13.0	
lightdock	luciferin_score	11.15932	2UUY_rec	2UUY_lig	swarm_173	8.0	13.0	
lightdock	luciferin_score	10.78005	2UUY_rec	2UUY_lig	swarm_173	9.0	1.0	
lightdock	luciferin_score	10.29963	2UUY_rec	2UUY_lig	swarm_173	10.0	7.0	
lightdock	luciferin_score	10.24134	2UUY_rec	2UUY_lig	swarm_173	11.0	21.0	
lightdock	luciferin_score	10.23502	2UUY_rec	2UUY_lig	swarm_173	12.0	2.0	
lightdock	luciferin_score	10.15282	2UUY_rec	2UUY_lig	swarm_173	13.0	1.0	
lightdock	luciferin_score	10.06177	2UUY_rec	2UUY_lig	swarm_173	14.0	1.0	
lightdock	luciferin_score	10.03827	2UUY_rec	2UUY_lig	swarm_173	15.0	4.0	
lightdock	luciferin_score	9.91389	2UUY_rec	2UUY_lig	swarm_173	16.0	2.0	
lightdock	luciferin_score	9.86432	2UUY_rec	2UUY_lig	swarm_173	17.0	3.0	
lightdock	luciferin_score	9.75987	2UUY_rec	2UUY_lig	swarm_173	18.0	12.0	
lightdock	luciferin_score	9.60116	2UUY_rec	2UUY_lig	swarm_173	19.0	7.0	
lightdock	luciferin_score	9.27656	2UUY_rec	2UUY_lig	swarm_173	20.0	2.0	
lightdock	luciferin_score	9.26351	2UUY_rec	2UUY_lig	swarm_173	21.0	2.0	
lightdock	luciferin_score	9.17881	2UUY_rec	2UUY_lig	swarm_173	22.0	5.0	
lightdock	luciferin_score	8.88407	2UUY_rec	2UUY_lig	swarm_173	23.0	2.0	
lightdock	luciferin_score	8.71829	2UUY_rec	2UUY_lig	swarm_173	24.0	1.0	
lightdock	luciferin_score	8.60718	2UUY_rec	2UUY_lig	swarm_173	25.0	4.0	
lightdock	luciferin_score	8.35119	2UUY_rec	2UUY_lig	swarm_173	26.0	3.0	
lightdock	luciferin_score	8.3494	2UUY_rec	2UUY_lig	swarm_173	27.0	4.0	
lightdock	luciferin_score	8.24071	2UUY_rec	2UUY_lig	swarm_173	28.0	2.0	
lightdock	luciferin_score	8.16843	2UUY_rec	2UUY_lig	swarm_173	29.0	5.0	
lightdock	luciferin_score	7.94274	2UUY_rec	2UUY_lig	swarm_173	30.0	2.0	
lightdock	luciferin_score	7.93588	2UUY_rec	2UUY_lig	swarm_173	31.0	2.0	
lightdock	luciferin_score	7.82646	2UUY_rec	2UUY_lig	swarm_173	32.0	3.0	
lightdock	luciferin_score	7.71032	2UUY_rec	2UUY_lig	swarm_173	33.0	4.0	
lightdock	luciferin_score	7.65256	2UUY_rec	2UUY_lig	swarm_173	34.0	2.0	
lightdock	luciferin_score	7.56771	2UUY_rec	2UUY_lig	swarm_173	35.0	1.0	
lightdock	luciferin_score	7.49933	2UUY_rec	2UUY_lig	swarm_173	36.0	1.0	
lightdock	luciferin_score	7.44531	2UUY_rec	2UUY_lig	swarm_173	37.0	3.0	
lightdock	luciferin_score	6.64004	2UUY_rec	2UUY_lig	swarm_173	38.0	1.0	
lightdock	luciferin_score	6.24186	2UUY_rec	2UUY_lig	swarm_173	39.0	3.0	
lightdock	luciferin_score	5.97962	2UUY_rec	2UUY_lig	swarm_173	40.0	1.0	
lightdock	luciferin_score	5.94689	2UUY_rec	2UUY_lig	swarm_173	41.0	1.0	
lightdock	luciferin_score	5.73171	2UUY_rec	2UUY_lig	swarm_173	42.0	1.0	
lightdock	luciferin_score	5.68063	2UUY_rec	2UUY_lig	swarm_173	43.0	4.0	
lightdock	luciferin_score	5.55321	2UUY_rec	2UUY_lig	swarm_173	44.0	1.0	
lightdock	luciferin_score	5.31097	2UUY_rec	2UUY_lig	swarm_173	45.0	1.0	
lightdock	luciferin_score	5.03096	2UUY_rec	2UUY_lig	swarm_173	46.0	2.0	
lightdock	luciferin_score	5.00292	2UUY_rec	2UUY_lig	swarm_173	47.0	1.0	
lightdock	luciferin_score	4.96746	2UUY_rec	2UUY_lig	swarm_173	48.0	1.0	
lightdock	luciferin_score	4.38582	2UUY_rec	2UUY_lig	swarm_173	49.0	1.0	
lightdock	luciferin_score	3.87152	2UUY_rec	2UUY_lig	swarm_173	50.0	2.0	
lightdock	luciferin_score	1.13619	2UUY_rec	2UUY_lig	swarm_173	51.0	2.0	
lightdock	luciferin_score	-0.25476	2UUY_rec	2UUY_lig	swarm_173	52.0	3.0	
lightdock	luciferin_score	-4.61805	2UUY_rec	2UUY_lig	swarm_173	53.0	1.0	
lightdock	luciferin_score	-5.6585	2UUY_rec	2UUY_lig	swarm_173	54.0	1.0	
lightdock	luciferin_score	-5.91884	2UUY_rec	2UUY_lig	swarm_173	55.0	1.0	
lightdock	luciferin_score	-9.41749	2UUY_rec	2UUY_lig	swarm_173	56.0	1.0	
lightdock	luciferin_score	-16.8045	2UUY_rec	2UUY_lig	swarm_173	57.0	1.0	
lightdock	luciferin_score	-20.28804	2UUY_rec	2UUY_lig	swarm_173	58.0	1.0	
lightdock	luciferin_score	-33.2672	2UUY_rec	2UUY_lig	swarm_173	59.0	1.0	
lightdock	luciferin_score	-37.72813	2UUY_rec	2UUY_lig	swarm_173	60.0	1.0	
lightdock	luciferin_score	-45.26515	2UUY_rec	2UUY_lig	swarm_173	61.0	1.0	
lightdock	luciferin_score	-50.22049	2UUY_rec	2UUY_lig	swarm_173	62.0	1.0	
lightdock	luciferin_score	22.41057	2UUY_rec	2UUY_lig	swarm_174	0.0	7.0	
lightdock	luciferin_score	18.51697	2UUY_rec	2UUY_lig	swarm_174	1.0	13.0	
lightdock	luciferin_score	17.71422	2UUY_rec	2UUY_lig	swarm_174	2.0	6.0	
lightdock	luciferin_score	17.09788	2UUY_rec	2UUY_lig	swarm_174	3.0	10.0	
lightdock	luciferin_score	16.75931	2UUY_rec	2UUY_lig	swarm_174	4.0	11.0	
lightdock	luciferin_score	16.35043	2UUY_rec	2UUY_lig	swarm_174	5.0	4.0	
lightdock	luciferin_score	15.97958	2UUY_rec	2UUY_lig	swarm_174	6.0	2.0	
lightdock	luciferin_score	14.17012	2UUY_rec	2UUY_lig	swarm_174	7.0	11.0	
lightdock	luciferin_score	12.96447	2UUY_rec	2UUY_lig	swarm_174	8.0	1.0	
lightdock	luciferin_score	12.89115	2UUY_rec	2UUY_lig	swarm_174	9.0	3.0	
lightdock	luciferin_score	12.88393	2UUY_rec	2UUY_lig	swarm_174	10.0	4.0	
lightdock	luciferin_score	12.86825	2UUY_rec	2UUY_lig	swarm_174	11.0	4.0	
lightdock	luciferin_score	12.78106	2UUY_rec	2UUY_lig	swarm_174	12.0	2.0	
lightdock	luciferin_score	12.63387	2UUY_rec	2UUY_lig	swarm_174	13.0	6.0	
lightdock	luciferin_score	12.59644	2UUY_rec	2UUY_lig	swarm_174	14.0	5.0	
lightdock	luciferin_score	12.35898	2UUY_rec	2UUY_lig	swarm_174	15.0	3.0	
lightdock	luciferin_score	12.27744	2UUY_rec	2UUY_lig	swarm_174	16.0	2.0	
lightdock	luciferin_score	12.20769	2UUY_rec	2UUY_lig	swarm_174	17.0	3.0	
lightdock	luciferin_score	11.8913	2UUY_rec	2UUY_lig	swarm_174	18.0	2.0	
lightdock	luciferin_score	11.64354	2UUY_rec	2UUY_lig	swarm_174	19.0	3.0	
lightdock	luciferin_score	11.32458	2UUY_rec	2UUY_lig	swarm_174	20.0	4.0	
lightdock	luciferin_score	11.24792	2UUY_rec	2UUY_lig	swarm_174	21.0	1.0	
lightdock	luciferin_score	10.86382	2UUY_rec	2UUY_lig	swarm_174	22.0	1.0	
lightdock	luciferin_score	10.77198	2UUY_rec	2UUY_lig	swarm_174	23.0	5.0	
lightdock	luciferin_score	10.75764	2UUY_rec	2UUY_lig	swarm_174	24.0	5.0	
lightdock	luciferin_score	10.67759	2UUY_rec	2UUY_lig	swarm_174	25.0	3.0	
lightdock	luciferin_score	10.36427	2UUY_rec	2UUY_lig	swarm_174	26.0	3.0	
lightdock	luciferin_score	10.08561	2UUY_rec	2UUY_lig	swarm_174	27.0	2.0	
lightdock	luciferin_score	9.02243	2UUY_rec	2UUY_lig	swarm_174	28.0	1.0	
lightdock	luciferin_score	8.83391	2UUY_rec	2UUY_lig	swarm_174	29.0	1.0	
lightdock	luciferin_score	8.09139	2UUY_rec	2UUY_lig	swarm_174	30.0	3.0	
lightdock	luciferin_score	7.93353	2UUY_rec	2UUY_lig	swarm_174	31.0	1.0	
lightdock	luciferin_score	7.52551	2UUY_rec	2UUY_lig	swarm_174	32.0	8.0	
lightdock	luciferin_score	6.80622	2UUY_rec	2UUY_lig	swarm_174	33.0	2.0	
lightdock	luciferin_score	6.7584	2UUY_rec	2UUY_lig	swarm_174	34.0	3.0	
lightdock	luciferin_score	6.27756	2UUY_rec	2UUY_lig	swarm_174	35.0	3.0	
lightdock	luciferin_score	5.66423	2UUY_rec	2UUY_lig	swarm_174	36.0	1.0	
lightdock	luciferin_score	4.78466	2UUY_rec	2UUY_lig	swarm_174	37.0	7.0	
lightdock	luciferin_score	4.25635	2UUY_rec	2UUY_lig	swarm_174	38.0	2.0	
lightdock	luciferin_score	0.49369	2UUY_rec	2UUY_lig	swarm_174	39.0	2.0	
lightdock	luciferin_score	-0.10821	2UUY_rec	2UUY_lig	swarm_174	40.0	1.0	
lightdock	luciferin_score	-3.04286	2UUY_rec	2UUY_lig	swarm_174	41.0	3.0	
lightdock	luciferin_score	-3.41025	2UUY_rec	2UUY_lig	swarm_174	42.0	1.0	
lightdock	luciferin_score	-3.92771	2UUY_rec	2UUY_lig	swarm_174	43.0	3.0	
lightdock	luciferin_score	-4.71125	2UUY_rec	2UUY_lig	swarm_174	44.0	1.0	
lightdock	luciferin_score	-4.71532	2UUY_rec	2UUY_lig	swarm_174	45.0	2.0	
lightdock	luciferin_score	-8.48126	2UUY_rec	2UUY_lig	swarm_174	46.0	6.0	
lightdock	luciferin_score	-8.94505	2UUY_rec	2UUY_lig	swarm_174	47.0	2.0	
lightdock	luciferin_score	-9.81812	2UUY_rec	2UUY_lig	swarm_174	48.0	3.0	
lightdock	luciferin_score	-18.59139	2UUY_rec	2UUY_lig	swarm_174	49.0	2.0	
lightdock	luciferin_score	-21.62421	2UUY_rec	2UUY_lig	swarm_174	50.0	2.0	
lightdock	luciferin_score	-23.67595	2UUY_rec	2UUY_lig	swarm_174	51.0	1.0	
lightdock	luciferin_score	-27.02748	2UUY_rec	2UUY_lig	swarm_174	52.0	4.0	
lightdock	luciferin_score	-33.35063	2UUY_rec	2UUY_lig	swarm_174	53.0	3.0	
lightdock	luciferin_score	-38.84242	2UUY_rec	2UUY_lig	swarm_174	54.0	1.0	
lightdock	luciferin_score	-40.65139	2UUY_rec	2UUY_lig	swarm_174	55.0	2.0	
lightdock	luciferin_score	-40.99688	2UUY_rec	2UUY_lig	swarm_174	56.0	3.0	
lightdock	luciferin_score	16.60798	2UUY_rec	2UUY_lig	swarm_175	0.0	2.0	
lightdock	luciferin_score	15.44539	2UUY_rec	2UUY_lig	swarm_175	1.0	4.0	
lightdock	luciferin_score	14.82851	2UUY_rec	2UUY_lig	swarm_175	2.0	4.0	
lightdock	luciferin_score	14.74088	2UUY_rec	2UUY_lig	swarm_175	3.0	1.0	
lightdock	luciferin_score	14.17329	2UUY_rec	2UUY_lig	swarm_175	4.0	2.0	
lightdock	luciferin_score	14.0519	2UUY_rec	2UUY_lig	swarm_175	5.0	8.0	
lightdock	luciferin_score	13.87666	2UUY_rec	2UUY_lig	swarm_175	6.0	4.0	
lightdock	luciferin_score	13.7586	2UUY_rec	2UUY_lig	swarm_175	7.0	3.0	
lightdock	luciferin_score	13.28718	2UUY_rec	2UUY_lig	swarm_175	8.0	2.0	
lightdock	luciferin_score	12.23132	2UUY_rec	2UUY_lig	swarm_175	9.0	7.0	
lightdock	luciferin_score	12.13543	2UUY_rec	2UUY_lig	swarm_175	10.0	1.0	
lightdock	luciferin_score	12.03887	2UUY_rec	2UUY_lig	swarm_175	11.0	6.0	
lightdock	luciferin_score	11.96972	2UUY_rec	2UUY_lig	swarm_175	12.0	2.0	
lightdock	luciferin_score	11.6528	2UUY_rec	2UUY_lig	swarm_175	13.0	8.0	
lightdock	luciferin_score	11.16156	2UUY_rec	2UUY_lig	swarm_175	14.0	6.0	
lightdock	luciferin_score	11.10963	2UUY_rec	2UUY_lig	swarm_175	15.0	9.0	
lightdock	luciferin_score	11.03384	2UUY_rec	2UUY_lig	swarm_175	16.0	10.0	
lightdock	luciferin_score	10.78282	2UUY_rec	2UUY_lig	swarm_175	17.0	2.0	
lightdock	luciferin_score	10.63985	2UUY_rec	2UUY_lig	swarm_175	18.0	4.0	
lightdock	luciferin_score	10.59299	2UUY_rec	2UUY_lig	swarm_175	19.0	3.0	
lightdock	luciferin_score	10.30968	2UUY_rec	2UUY_lig	swarm_175	20.0	3.0	
lightdock	luciferin_score	10.15698	2UUY_rec	2UUY_lig	swarm_175	21.0	7.0	
lightdock	luciferin_score	10.07707	2UUY_rec	2UUY_lig	swarm_175	22.0	5.0	
lightdock	luciferin_score	9.92574	2UUY_rec	2UUY_lig	swarm_175	23.0	8.0	
lightdock	luciferin_score	9.91658	2UUY_rec	2UUY_lig	swarm_175	24.0	1.0	
lightdock	luciferin_score	9.78776	2UUY_rec	2UUY_lig	swarm_175	25.0	4.0	
lightdock	luciferin_score	8.98024	2UUY_rec	2UUY_lig	swarm_175	26.0	1.0	
lightdock	luciferin_score	8.95015	2UUY_rec	2UUY_lig	swarm_175	27.0	4.0	
lightdock	luciferin_score	8.4985	2UUY_rec	2UUY_lig	swarm_175	28.0	4.0	
lightdock	luciferin_score	8.43496	2UUY_rec	2UUY_lig	swarm_175	29.0	7.0	
lightdock	luciferin_score	8.14651	2UUY_rec	2UUY_lig	swarm_175	30.0	5.0	
lightdock	luciferin_score	8.03257	2UUY_rec	2UUY_lig	swarm_175	31.0	2.0	
lightdock	luciferin_score	7.94453	2UUY_rec	2UUY_lig	swarm_175	32.0	1.0	
lightdock	luciferin_score	7.74387	2UUY_rec	2UUY_lig	swarm_175	33.0	2.0	
lightdock	luciferin_score	7.31296	2UUY_rec	2UUY_lig	swarm_175	34.0	1.0	
lightdock	luciferin_score	6.28238	2UUY_rec	2UUY_lig	swarm_175	35.0	2.0	
lightdock	luciferin_score	6.17014	2UUY_rec	2UUY_lig	swarm_175	36.0	1.0	
lightdock	luciferin_score	6.11395	2UUY_rec	2UUY_lig	swarm_175	37.0	2.0	
lightdock	luciferin_score	6.03787	2UUY_rec	2UUY_lig	swarm_175	38.0	1.0	
lightdock	luciferin_score	5.47827	2UUY_rec	2UUY_lig	swarm_175	39.0	1.0	
lightdock	luciferin_score	5.02252	2UUY_rec	2UUY_lig	swarm_175	40.0	2.0	
lightdock	luciferin_score	4.8907	2UUY_rec	2UUY_lig	swarm_175	41.0	1.0	
lightdock	luciferin_score	4.86999	2UUY_rec	2UUY_lig	swarm_175	42.0	1.0	
lightdock	luciferin_score	4.40875	2UUY_rec	2UUY_lig	swarm_175	43.0	2.0	
lightdock	luciferin_score	3.4262	2UUY_rec	2UUY_lig	swarm_175	44.0	4.0	
lightdock	luciferin_score	2.99161	2UUY_rec	2UUY_lig	swarm_175	45.0	1.0	
lightdock	luciferin_score	2.16096	2UUY_rec	2UUY_lig	swarm_175	46.0	5.0	
lightdock	luciferin_score	-0.64808	2UUY_rec	2UUY_lig	swarm_175	47.0	1.0	
lightdock	luciferin_score	-1.11075	2UUY_rec	2UUY_lig	swarm_175	48.0	1.0	
lightdock	luciferin_score	-2.40702	2UUY_rec	2UUY_lig	swarm_175	49.0	8.0	
lightdock	luciferin_score	-2.60023	2UUY_rec	2UUY_lig	swarm_175	50.0	1.0	
lightdock	luciferin_score	-2.90768	2UUY_rec	2UUY_lig	swarm_175	51.0	1.0	
lightdock	luciferin_score	-4.63435	2UUY_rec	2UUY_lig	swarm_175	52.0	1.0	
lightdock	luciferin_score	-4.93128	2UUY_rec	2UUY_lig	swarm_175	53.0	2.0	
lightdock	luciferin_score	-6.07343	2UUY_rec	2UUY_lig	swarm_175	54.0	1.0	
lightdock	luciferin_score	-6.96225	2UUY_rec	2UUY_lig	swarm_175	55.0	2.0	
lightdock	luciferin_score	-8.53625	2UUY_rec	2UUY_lig	swarm_175	56.0	1.0	
lightdock	luciferin_score	-10.71032	2UUY_rec	2UUY_lig	swarm_175	57.0	2.0	
lightdock	luciferin_score	-12.91315	2UUY_rec	2UUY_lig	swarm_175	58.0	2.0	
lightdock	luciferin_score	-14.36663	2UUY_rec	2UUY_lig	swarm_175	59.0	2.0	
lightdock	luciferin_score	-14.38843	2UUY_rec	2UUY_lig	swarm_175	60.0	2.0	
lightdock	luciferin_score	-31.58708	2UUY_rec	2UUY_lig	swarm_175	61.0	1.0	
lightdock	luciferin_score	-38.13939	2UUY_rec	2UUY_lig	swarm_175	62.0	1.0	
lightdock	luciferin_score	-41.17458	2UUY_rec	2UUY_lig	swarm_175	63.0	2.0	
lightdock	luciferin_score	-43.72504	2UUY_rec	2UUY_lig	swarm_175	64.0	1.0	
lightdock	luciferin_score	-46.13155	2UUY_rec	2UUY_lig	swarm_175	65.0	2.0	
lightdock	luciferin_score	19.81982	2UUY_rec	2UUY_lig	swarm_176	0.0	5.0	
lightdock	luciferin_score	18.24967	2UUY_rec	2UUY_lig	swarm_176	1.0	8.0	
lightdock	luciferin_score	14.70816	2UUY_rec	2UUY_lig	swarm_176	2.0	4.0	
lightdock	luciferin_score	14.23696	2UUY_rec	2UUY_lig	swarm_176	3.0	2.0	
lightdock	luciferin_score	12.44565	2UUY_rec	2UUY_lig	swarm_176	4.0	10.0	
lightdock	luciferin_score	12.21651	2UUY_rec	2UUY_lig	swarm_176	5.0	4.0	
lightdock	luciferin_score	12.20639	2UUY_rec	2UUY_lig	swarm_176	6.0	4.0	
lightdock	luciferin_score	11.47828	2UUY_rec	2UUY_lig	swarm_176	7.0	3.0	
lightdock	luciferin_score	11.41853	2UUY_rec	2UUY_lig	swarm_176	8.0	4.0	
lightdock	luciferin_score	11.16124	2UUY_rec	2UUY_lig	swarm_176	9.0	6.0	
lightdock	luciferin_score	10.57942	2UUY_rec	2UUY_lig	swarm_176	10.0	2.0	
lightdock	luciferin_score	10.55401	2UUY_rec	2UUY_lig	swarm_176	11.0	13.0	
lightdock	luciferin_score	10.52382	2UUY_rec	2UUY_lig	swarm_176	12.0	2.0	
lightdock	luciferin_score	10.49889	2UUY_rec	2UUY_lig	swarm_176	13.0	3.0	
lightdock	luciferin_score	10.41112	2UUY_rec	2UUY_lig	swarm_176	14.0	3.0	
lightdock	luciferin_score	10.38748	2UUY_rec	2UUY_lig	swarm_176	15.0	2.0	
lightdock	luciferin_score	9.91044	2UUY_rec	2UUY_lig	swarm_176	16.0	5.0	
lightdock	luciferin_score	9.73571	2UUY_rec	2UUY_lig	swarm_176	17.0	1.0	
lightdock	luciferin_score	9.53278	2UUY_rec	2UUY_lig	swarm_176	18.0	4.0	
lightdock	luciferin_score	9.5011	2UUY_rec	2UUY_lig	swarm_176	19.0	5.0	
lightdock	luciferin_score	9.10531	2UUY_rec	2UUY_lig	swarm_176	20.0	2.0	
lightdock	luciferin_score	9.04151	2UUY_rec	2UUY_lig	swarm_176	21.0	5.0	
lightdock	luciferin_score	8.83445	2UUY_rec	2UUY_lig	swarm_176	22.0	4.0	
lightdock	luciferin_score	8.79308	2UUY_rec	2UUY_lig	swarm_176	23.0	3.0	
lightdock	luciferin_score	8.67581	2UUY_rec	2UUY_lig	swarm_176	24.0	6.0	
lightdock	luciferin_score	8.46445	2UUY_rec	2UUY_lig	swarm_176	25.0	3.0	
lightdock	luciferin_score	7.98324	2UUY_rec	2UUY_lig	swarm_176	26.0	3.0	
lightdock	luciferin_score	7.85539	2UUY_rec	2UUY_lig	swarm_176	27.0	4.0	
lightdock	luciferin_score	7.85325	2UUY_rec	2UUY_lig	swarm_176	28.0	2.0	
lightdock	luciferin_score	7.80902	2UUY_rec	2UUY_lig	swarm_176	29.0	6.0	
lightdock	luciferin_score	7.72986	2UUY_rec	2UUY_lig	swarm_176	30.0	2.0	
lightdock	luciferin_score	7.62289	2UUY_rec	2UUY_lig	swarm_176	31.0	3.0	
lightdock	luciferin_score	7.53986	2UUY_rec	2UUY_lig	swarm_176	32.0	1.0	
lightdock	luciferin_score	7.48661	2UUY_rec	2UUY_lig	swarm_176	33.0	3.0	
lightdock	luciferin_score	7.18763	2UUY_rec	2UUY_lig	swarm_176	34.0	1.0	
lightdock	luciferin_score	7.13662	2UUY_rec	2UUY_lig	swarm_176	35.0	8.0	
lightdock	luciferin_score	6.96434	2UUY_rec	2UUY_lig	swarm_176	36.0	3.0	
lightdock	luciferin_score	6.94183	2UUY_rec	2UUY_lig	swarm_176	37.0	1.0	
lightdock	luciferin_score	6.48269	2UUY_rec	2UUY_lig	swarm_176	38.0	3.0	
lightdock	luciferin_score	6.33755	2UUY_rec	2UUY_lig	swarm_176	39.0	1.0	
lightdock	luciferin_score	6.06355	2UUY_rec	2UUY_lig	swarm_176	40.0	1.0	
lightdock	luciferin_score	6.01508	2UUY_rec	2UUY_lig	swarm_176	41.0	1.0	
lightdock	luciferin_score	5.82578	2UUY_rec	2UUY_lig	swarm_176	42.0	1.0	
lightdock	luciferin_score	5.75995	2UUY_rec	2UUY_lig	swarm_176	43.0	1.0	
lightdock	luciferin_score	5.70363	2UUY_rec	2UUY_lig	swarm_176	44.0	2.0	
lightdock	luciferin_score	5.49148	2UUY_rec	2UUY_lig	swarm_176	45.0	1.0	
lightdock	luciferin_score	5.38601	2UUY_rec	2UUY_lig	swarm_176	46.0	1.0	
lightdock	luciferin_score	4.85856	2UUY_rec	2UUY_lig	swarm_176	47.0	4.0	
lightdock	luciferin_score	4.35264	2UUY_rec	2UUY_lig	swarm_176	48.0	3.0	
lightdock	luciferin_score	4.27156	2UUY_rec	2UUY_lig	swarm_176	49.0	2.0	
lightdock	luciferin_score	3.41723	2UUY_rec	2UUY_lig	swarm_176	50.0	2.0	
lightdock	luciferin_score	0.86848	2UUY_rec	2UUY_lig	swarm_176	51.0	1.0	
lightdock	luciferin_score	-0.93779	2UUY_rec	2UUY_lig	swarm_176	52.0	1.0	
lightdock	luciferin_score	-2.20831	2UUY_rec	2UUY_lig	swarm_176	53.0	1.0	
lightdock	luciferin_score	-2.98487	2UUY_rec	2UUY_lig	swarm_176	54.0	1.0	
lightdock	luciferin_score	-3.80286	2UUY_rec	2UUY_lig	swarm_176	55.0	5.0	
lightdock	luciferin_score	-4.03303	2UUY_rec	2UUY_lig	swarm_176	56.0	2.0	
lightdock	luciferin_score	-6.70964	2UUY_rec	2UUY_lig	swarm_176	57.0	7.0	
lightdock	luciferin_score	-9.37768	2UUY_rec	2UUY_lig	swarm_176	58.0	1.0	
lightdock	luciferin_score	-9.94551	2UUY_rec	2UUY_lig	swarm_176	59.0	2.0	
lightdock	luciferin_score	-11.89514	2UUY_rec	2UUY_lig	swarm_176	60.0	1.0	
lightdock	luciferin_score	-12.84041	2UUY_rec	2UUY_lig	swarm_176	61.0	1.0	
lightdock	luciferin_score	-14.44028	2UUY_rec	2UUY_lig	swarm_176	62.0	1.0	
lightdock	luciferin_score	-26.26346	2UUY_rec	2UUY_lig	swarm_176	63.0	1.0	
lightdock	luciferin_score	-28.7815	2UUY_rec	2UUY_lig	swarm_176	64.0	1.0	
lightdock	luciferin_score	-35.89845	2UUY_rec	2UUY_lig	swarm_176	65.0	1.0	
lightdock	luciferin_score	14.58539	2UUY_rec	2UUY_lig	swarm_177	0.0	5.0	
lightdock	luciferin_score	14.15872	2UUY_rec	2UUY_lig	swarm_177	1.0	9.0	
lightdock	luciferin_score	13.70773	2UUY_rec	2UUY_lig	swarm_177	2.0	8.0	
lightdock	luciferin_score	13.11412	2UUY_rec	2UUY_lig	swarm_177	3.0	4.0	
lightdock	luciferin_score	12.82629	2UUY_rec	2UUY_lig	swarm_177	4.0	2.0	
lightdock	luciferin_score	12.56818	2UUY_rec	2UUY_lig	swarm_177	5.0	1.0	
lightdock	luciferin_score	12.56695	2UUY_rec	2UUY_lig	swarm_177	6.0	11.0	
lightdock	luciferin_score	11.87351	2UUY_rec	2UUY_lig	swarm_177	7.0	8.0	
lightdock	luciferin_score	11.87316	2UUY_rec	2UUY_lig	swarm_177	8.0	8.0	
lightdock	luciferin_score	11.51303	2UUY_rec	2UUY_lig	swarm_177	9.0	8.0	
lightdock	luciferin_score	11.45339	2UUY_rec	2UUY_lig	swarm_177	10.0	6.0	
lightdock	luciferin_score	11.36925	2UUY_rec	2UUY_lig	swarm_177	11.0	9.0	
lightdock	luciferin_score	11.12421	2UUY_rec	2UUY_lig	swarm_177	12.0	6.0	
lightdock	luciferin_score	11.02869	2UUY_rec	2UUY_lig	swarm_177	13.0	2.0	
lightdock	luciferin_score	11.01294	2UUY_rec	2UUY_lig	swarm_177	14.0	3.0	
lightdock	luciferin_score	10.84679	2UUY_rec	2UUY_lig	swarm_177	15.0	6.0	
lightdock	luciferin_score	10.05047	2UUY_rec	2UUY_lig	swarm_177	16.0	2.0	
lightdock	luciferin_score	9.84209	2UUY_rec	2UUY_lig	swarm_177	17.0	2.0	
lightdock	luciferin_score	9.81186	2UUY_rec	2UUY_lig	swarm_177	18.0	4.0	
lightdock	luciferin_score	9.69102	2UUY_rec	2UUY_lig	swarm_177	19.0	2.0	
lightdock	luciferin_score	9.68651	2UUY_rec	2UUY_lig	swarm_177	20.0	1.0	
lightdock	luciferin_score	9.64839	2UUY_rec	2UUY_lig	swarm_177	21.0	1.0	
lightdock	luciferin_score	9.49911	2UUY_rec	2UUY_lig	swarm_177	22.0	1.0	
lightdock	luciferin_score	9.32354	2UUY_rec	2UUY_lig	swarm_177	23.0	2.0	
lightdock	luciferin_score	9.25794	2UUY_rec	2UUY_lig	swarm_177	24.0	2.0	
lightdock	luciferin_score	9.14974	2UUY_rec	2UUY_lig	swarm_177	25.0	3.0	
lightdock	luciferin_score	9.02292	2UUY_rec	2UUY_lig	swarm_177	26.0	1.0	
lightdock	luciferin_score	8.88762	2UUY_rec	2UUY_lig	swarm_177	27.0	5.0	
lightdock	luciferin_score	8.80495	2UUY_rec	2UUY_lig	swarm_177	28.0	1.0	
lightdock	luciferin_score	8.64442	2UUY_rec	2UUY_lig	swarm_177	29.0	2.0	
lightdock	luciferin_score	8.15901	2UUY_rec	2UUY_lig	swarm_177	30.0	5.0	
lightdock	luciferin_score	8.09249	2UUY_rec	2UUY_lig	swarm_177	31.0	1.0	
lightdock	luciferin_score	7.78426	2UUY_rec	2UUY_lig	swarm_177	32.0	2.0	
lightdock	luciferin_score	7.48615	2UUY_rec	2UUY_lig	swarm_177	33.0	3.0	
lightdock	luciferin_score	7.33946	2UUY_rec	2UUY_lig	swarm_177	34.0	6.0	
lightdock	luciferin_score	7.21125	2UUY_rec	2UUY_lig	swarm_177	35.0	1.0	
lightdock	luciferin_score	6.9804	2UUY_rec	2UUY_lig	swarm_177	36.0	2.0	
lightdock	luciferin_score	6.84913	2UUY_rec	2UUY_lig	swarm_177	37.0	2.0	
lightdock	luciferin_score	6.51401	2UUY_rec	2UUY_lig	swarm_177	38.0	2.0	
lightdock	luciferin_score	6.29584	2UUY_rec	2UUY_lig	swarm_177	39.0	1.0	
lightdock	luciferin_score	6.19656	2UUY_rec	2UUY_lig	swarm_177	40.0	1.0	
lightdock	luciferin_score	5.85733	2UUY_rec	2UUY_lig	swarm_177	41.0	1.0	
lightdock	luciferin_score	5.64266	2UUY_rec	2UUY_lig	swarm_177	42.0	6.0	
lightdock	luciferin_score	5.08443	2UUY_rec	2UUY_lig	swarm_177	43.0	1.0	
lightdock	luciferin_score	5.08271	2UUY_rec	2UUY_lig	swarm_177	44.0	1.0	
lightdock	luciferin_score	4.12521	2UUY_rec	2UUY_lig	swarm_177	45.0	1.0	
lightdock	luciferin_score	3.72847	2UUY_rec	2UUY_lig	swarm_177	46.0	2.0	
lightdock	luciferin_score	3.29316	2UUY_rec	2UUY_lig	swarm_177	47.0	4.0	
lightdock	luciferin_score	-0.00367	2UUY_rec	2UUY_lig	swarm_177	48.0	2.0	
lightdock	luciferin_score	-0.65311	2UUY_rec	2UUY_lig	swarm_177	49.0	1.0	
lightdock	luciferin_score	-0.77089	2UUY_rec	2UUY_lig	swarm_177	50.0	2.0	
lightdock	luciferin_score	-1.31372	2UUY_rec	2UUY_lig	swarm_177	51.0	1.0	
lightdock	luciferin_score	-1.89011	2UUY_rec	2UUY_lig	swarm_177	52.0	3.0	
lightdock	luciferin_score	-3.83554	2UUY_rec	2UUY_lig	swarm_177	53.0	2.0	
lightdock	luciferin_score	-4.42027	2UUY_rec	2UUY_lig	swarm_177	54.0	1.0	
lightdock	luciferin_score	-5.91246	2UUY_rec	2UUY_lig	swarm_177	55.0	1.0	
lightdock	luciferin_score	-8.96414	2UUY_rec	2UUY_lig	swarm_177	56.0	1.0	
lightdock	luciferin_score	-10.22937	2UUY_rec	2UUY_lig	swarm_177	57.0	5.0	
lightdock	luciferin_score	-11.46441	2UUY_rec	2UUY_lig	swarm_177	58.0	1.0	
lightdock	luciferin_score	-11.82505	2UUY_rec	2UUY_lig	swarm_177	59.0	1.0	
lightdock	luciferin_score	-12.99449	2UUY_rec	2UUY_lig	swarm_177	60.0	3.0	
lightdock	luciferin_score	-15.29513	2UUY_rec	2UUY_lig	swarm_177	61.0	2.0	
lightdock	luciferin_score	-18.04232	2UUY_rec	2UUY_lig	swarm_177	62.0	1.0	
lightdock	luciferin_score	-20.93483	2UUY_rec	2UUY_lig	swarm_177	63.0	2.0	
lightdock	luciferin_score	-44.51122	2UUY_rec	2UUY_lig	swarm_177	64.0	1.0	
lightdock	luciferin_score	-53.68735	2UUY_rec	2UUY_lig	swarm_177	65.0	1.0	
lightdock	luciferin_score	-58.6716	2UUY_rec	2UUY_lig	swarm_177	66.0	1.0	
lightdock	luciferin_score	-68.29693	2UUY_rec	2UUY_lig	swarm_177	67.0	1.0	
lightdock	luciferin_score	13.51692	2UUY_rec	2UUY_lig	swarm_178	0.0	1.0	
lightdock	luciferin_score	13.17235	2UUY_rec	2UUY_lig	swarm_178	1.0	4.0	
lightdock	luciferin_score	12.99443	2UUY_rec	2UUY_lig	swarm_178	2.0	17.0	
lightdock	luciferin_score	12.83527	2UUY_rec	2UUY_lig	swarm_178	3.0	2.0	
lightdock	luciferin_score	12.60427	2UUY_rec	2UUY_lig	swarm_178	4.0	12.0	
lightdock	luciferin_score	12.32806	2UUY_rec	2UUY_lig	swarm_178	5.0	2.0	
lightdock	luciferin_score	12.14524	2UUY_rec	2UUY_lig	swarm_178	6.0	9.0	
lightdock	luciferin_score	11.61836	2UUY_rec	2UUY_lig	swarm_178	7.0	4.0	
lightdock	luciferin_score	11.58131	2UUY_rec	2UUY_lig	swarm_178	8.0	5.0	
lightdock	luciferin_score	11.54484	2UUY_rec	2UUY_lig	swarm_178	9.0	8.0	
lightdock	luciferin_score	11.43826	2UUY_rec	2UUY_lig	swarm_178	10.0	4.0	
lightdock	luciferin_score	11.32885	2UUY_rec	2UUY_lig	swarm_178	11.0	8.0	
lightdock	luciferin_score	11.16224	2UUY_rec	2UUY_lig	swarm_178	12.0	2.0	
lightdock	luciferin_score	11.02044	2UUY_rec	2UUY_lig	swarm_178	13.0	2.0	
lightdock	luciferin_score	10.98812	2UUY_rec	2UUY_lig	swarm_178	14.0	3.0	
lightdock	luciferin_score	10.97394	2UUY_rec	2UUY_lig	swarm_178	15.0	1.0	
lightdock	luciferin_score	10.82092	2UUY_rec	2UUY_lig	swarm_178	16.0	2.0	
lightdock	luciferin_score	10.8013	2UUY_rec	2UUY_lig	swarm_178	17.0	5.0	
lightdock	luciferin_score	10.44918	2UUY_rec	2UUY_lig	swarm_178	18.0	1.0	
lightdock	luciferin_score	9.95624	2UUY_rec	2UUY_lig	swarm_178	19.0	3.0	
lightdock	luciferin_score	9.79129	2UUY_rec	2UUY_lig	swarm_178	20.0	5.0	
lightdock	luciferin_score	9.65678	2UUY_rec	2UUY_lig	swarm_178	21.0	2.0	
lightdock	luciferin_score	9.59711	2UUY_rec	2UUY_lig	swarm_178	22.0	1.0	
lightdock	luciferin_score	9.59343	2UUY_rec	2UUY_lig	swarm_178	23.0	7.0	
lightdock	luciferin_score	9.46239	2UUY_rec	2UUY_lig	swarm_178	24.0	2.0	
lightdock	luciferin_score	9.08216	2UUY_rec	2UUY_lig	swarm_178	25.0	4.0	
lightdock	luciferin_score	8.97795	2UUY_rec	2UUY_lig	swarm_178	26.0	1.0	
lightdock	luciferin_score	8.916	2UUY_rec	2UUY_lig	swarm_178	27.0	3.0	
lightdock	luciferin_score	8.58125	2UUY_rec	2UUY_lig	swarm_178	28.0	3.0	
lightdock	luciferin_score	8.39254	2UUY_rec	2UUY_lig	swarm_178	29.0	1.0	
lightdock	luciferin_score	7.68901	2UUY_rec	2UUY_lig	swarm_178	30.0	5.0	
lightdock	luciferin_score	7.63217	2UUY_rec	2UUY_lig	swarm_178	31.0	1.0	
lightdock	luciferin_score	7.47333	2UUY_rec	2UUY_lig	swarm_178	32.0	2.0	
lightdock	luciferin_score	7.43992	2UUY_rec	2UUY_lig	swarm_178	33.0	2.0	
lightdock	luciferin_score	7.37996	2UUY_rec	2UUY_lig	swarm_178	34.0	2.0	
lightdock	luciferin_score	7.18295	2UUY_rec	2UUY_lig	swarm_178	35.0	3.0	
lightdock	luciferin_score	6.94424	2UUY_rec	2UUY_lig	swarm_178	36.0	1.0	
lightdock	luciferin_score	6.28381	2UUY_rec	2UUY_lig	swarm_178	37.0	1.0	
lightdock	luciferin_score	6.09263	2UUY_rec	2UUY_lig	swarm_178	38.0	1.0	
lightdock	luciferin_score	5.88162	2UUY_rec	2UUY_lig	swarm_178	39.0	1.0	
lightdock	luciferin_score	5.26028	2UUY_rec	2UUY_lig	swarm_178	40.0	1.0	
lightdock	luciferin_score	4.93992	2UUY_rec	2UUY_lig	swarm_178	41.0	1.0	
lightdock	luciferin_score	4.68754	2UUY_rec	2UUY_lig	swarm_178	42.0	1.0	
lightdock	luciferin_score	2.71875	2UUY_rec	2UUY_lig	swarm_178	43.0	1.0	
lightdock	luciferin_score	1.92366	2UUY_rec	2UUY_lig	swarm_178	44.0	2.0	
lightdock	luciferin_score	1.73302	2UUY_rec	2UUY_lig	swarm_178	45.0	2.0	
lightdock	luciferin_score	0.05168	2UUY_rec	2UUY_lig	swarm_178	46.0	2.0	
lightdock	luciferin_score	-1.27919	2UUY_rec	2UUY_lig	swarm_178	47.0	3.0	
lightdock	luciferin_score	-2.03238	2UUY_rec	2UUY_lig	swarm_178	48.0	5.0	
lightdock	luciferin_score	-3.14672	2UUY_rec	2UUY_lig	swarm_178	49.0	7.0	
lightdock	luciferin_score	-4.35953	2UUY_rec	2UUY_lig	swarm_178	50.0	2.0	
lightdock	luciferin_score	-6.44176	2UUY_rec	2UUY_lig	swarm_178	51.0	6.0	
lightdock	luciferin_score	-7.40554	2UUY_rec	2UUY_lig	swarm_178	52.0	4.0	
lightdock	luciferin_score	-9.77306	2UUY_rec	2UUY_lig	swarm_178	53.0	1.0	
lightdock	luciferin_score	-9.82518	2UUY_rec	2UUY_lig	swarm_178	54.0	2.0	
lightdock	luciferin_score	-10.97729	2UUY_rec	2UUY_lig	swarm_178	55.0	1.0	
lightdock	luciferin_score	-11.96871	2UUY_rec	2UUY_lig	swarm_178	56.0	1.0	
lightdock	luciferin_score	-15.9656	2UUY_rec	2UUY_lig	swarm_178	57.0	3.0	
lightdock	luciferin_score	-17.63292	2UUY_rec	2UUY_lig	swarm_178	58.0	2.0	
lightdock	luciferin_score	-20.22186	2UUY_rec	2UUY_lig	swarm_178	59.0	2.0	
lightdock	luciferin_score	-28.10937	2UUY_rec	2UUY_lig	swarm_178	60.0	3.0	
lightdock	luciferin_score	-28.3058	2UUY_rec	2UUY_lig	swarm_178	61.0	1.0	
lightdock	luciferin_score	-31.00328	2UUY_rec	2UUY_lig	swarm_178	62.0	1.0	
lightdock	luciferin_score	-31.958	2UUY_rec	2UUY_lig	swarm_178	63.0	1.0	
lightdock	luciferin_score	-52.97468	2UUY_rec	2UUY_lig	swarm_178	64.0	1.0	
lightdock	luciferin_score	-55.5712	2UUY_rec	2UUY_lig	swarm_178	65.0	1.0	
lightdock	luciferin_score	17.44083	2UUY_rec	2UUY_lig	swarm_179	0.0	5.0	
lightdock	luciferin_score	15.88401	2UUY_rec	2UUY_lig	swarm_179	1.0	8.0	
lightdock	luciferin_score	13.69298	2UUY_rec	2UUY_lig	swarm_179	2.0	5.0	
lightdock	luciferin_score	13.35171	2UUY_rec	2UUY_lig	swarm_179	3.0	2.0	
lightdock	luciferin_score	12.63848	2UUY_rec	2UUY_lig	swarm_179	4.0	5.0	
lightdock	luciferin_score	12.60297	2UUY_rec	2UUY_lig	swarm_179	5.0	9.0	
lightdock	luciferin_score	12.11932	2UUY_rec	2UUY_lig	swarm_179	6.0	3.0	
lightdock	luciferin_score	12.11082	2UUY_rec	2UUY_lig	swarm_179	7.0	2.0	
lightdock	luciferin_score	11.7696	2UUY_rec	2UUY_lig	swarm_179	8.0	1.0	
lightdock	luciferin_score	11.6251	2UUY_rec	2UUY_lig	swarm_179	9.0	8.0	
lightdock	luciferin_score	11.26629	2UUY_rec	2UUY_lig	swarm_179	10.0	23.0	
lightdock	luciferin_score	11.1159	2UUY_rec	2UUY_lig	swarm_179	11.0	5.0	
lightdock	luciferin_score	10.59401	2UUY_rec	2UUY_lig	swarm_179	12.0	12.0	
lightdock	luciferin_score	10.46001	2UUY_rec	2UUY_lig	swarm_179	13.0	5.0	
lightdock	luciferin_score	10.00369	2UUY_rec	2UUY_lig	swarm_179	14.0	3.0	
lightdock	luciferin_score	9.90189	2UUY_rec	2UUY_lig	swarm_179	15.0	14.0	
lightdock	luciferin_score	9.8372	2UUY_rec	2UUY_lig	swarm_179	16.0	1.0	
lightdock	luciferin_score	9.69324	2UUY_rec	2UUY_lig	swarm_179	17.0	2.0	
lightdock	luciferin_score	9.57763	2UUY_rec	2UUY_lig	swarm_179	18.0	1.0	
lightdock	luciferin_score	9.48576	2UUY_rec	2UUY_lig	swarm_179	19.0	1.0	
lightdock	luciferin_score	9.41683	2UUY_rec	2UUY_lig	swarm_179	20.0	2.0	
lightdock	luciferin_score	9.365	2UUY_rec	2UUY_lig	swarm_179	21.0	2.0	
lightdock	luciferin_score	9.06638	2UUY_rec	2UUY_lig	swarm_179	22.0	1.0	
lightdock	luciferin_score	8.6193	2UUY_rec	2UUY_lig	swarm_179	23.0	1.0	
lightdock	luciferin_score	8.50067	2UUY_rec	2UUY_lig	swarm_179	24.0	3.0	
lightdock	luciferin_score	8.36604	2UUY_rec	2UUY_lig	swarm_179	25.0	2.0	
lightdock	luciferin_score	8.16306	2UUY_rec	2UUY_lig	swarm_179	26.0	2.0	
lightdock	luciferin_score	7.81369	2UUY_rec	2UUY_lig	swarm_179	27.0	1.0	
lightdock	luciferin_score	7.67135	2UUY_rec	2UUY_lig	swarm_179	28.0	4.0	
lightdock	luciferin_score	7.62741	2UUY_rec	2UUY_lig	swarm_179	29.0	2.0	
lightdock	luciferin_score	7.55659	2UUY_rec	2UUY_lig	swarm_179	30.0	2.0	
lightdock	luciferin_score	7.23889	2UUY_rec	2UUY_lig	swarm_179	31.0	2.0	
lightdock	luciferin_score	7.09148	2UUY_rec	2UUY_lig	swarm_179	32.0	5.0	
lightdock	luciferin_score	7.0816	2UUY_rec	2UUY_lig	swarm_179	33.0	2.0	
lightdock	luciferin_score	6.81574	2UUY_rec	2UUY_lig	swarm_179	34.0	3.0	
lightdock	luciferin_score	6.64812	2UUY_rec	2UUY_lig	swarm_179	35.0	1.0	
lightdock	luciferin_score	5.7203	2UUY_rec	2UUY_lig	swarm_179	36.0	1.0	
lightdock	luciferin_score	5.52083	2UUY_rec	2UUY_lig	swarm_179	37.0	2.0	
lightdock	luciferin_score	5.19664	2UUY_rec	2UUY_lig	swarm_179	38.0	1.0	
lightdock	luciferin_score	3.4032	2UUY_rec	2UUY_lig	swarm_179	39.0	4.0	
lightdock	luciferin_score	3.09282	2UUY_rec	2UUY_lig	swarm_179	40.0	2.0	
lightdock	luciferin_score	2.53133	2UUY_rec	2UUY_lig	swarm_179	41.0	1.0	
lightdock	luciferin_score	-0.66072	2UUY_rec	2UUY_lig	swarm_179	42.0	1.0	
lightdock	luciferin_score	-1.62956	2UUY_rec	2UUY_lig	swarm_179	43.0	7.0	
lightdock	luciferin_score	-1.86035	2UUY_rec	2UUY_lig	swarm_179	44.0	2.0	
lightdock	luciferin_score	-1.96089	2UUY_rec	2UUY_lig	swarm_179	45.0	1.0	
lightdock	luciferin_score	-3.51218	2UUY_rec	2UUY_lig	swarm_179	46.0	3.0	
lightdock	luciferin_score	-4.78937	2UUY_rec	2UUY_lig	swarm_179	47.0	1.0	
lightdock	luciferin_score	-4.83335	2UUY_rec	2UUY_lig	swarm_179	48.0	1.0	
lightdock	luciferin_score	-8.70077	2UUY_rec	2UUY_lig	swarm_179	49.0	3.0	
lightdock	luciferin_score	-8.73764	2UUY_rec	2UUY_lig	swarm_179	50.0	1.0	
lightdock	luciferin_score	-8.81964	2UUY_rec	2UUY_lig	swarm_179	51.0	3.0	
lightdock	luciferin_score	-13.19871	2UUY_rec	2UUY_lig	swarm_179	52.0	1.0	
lightdock	luciferin_score	-13.45946	2UUY_rec	2UUY_lig	swarm_179	53.0	2.0	
lightdock	luciferin_score	-16.86922	2UUY_rec	2UUY_lig	swarm_179	54.0	1.0	
lightdock	luciferin_score	-19.08402	2UUY_rec	2UUY_lig	swarm_179	55.0	4.0	
lightdock	luciferin_score	-34.80899	2UUY_rec	2UUY_lig	swarm_179	56.0	1.0	
lightdock	luciferin_score	-39.4829	2UUY_rec	2UUY_lig	swarm_179	57.0	3.0	
lightdock	luciferin_score	-40.48891	2UUY_rec	2UUY_lig	swarm_179	58.0	1.0	
lightdock	luciferin_score	-49.55011	2UUY_rec	2UUY_lig	swarm_179	59.0	2.0	
lightdock	luciferin_score	-66.30258	2UUY_rec	2UUY_lig	swarm_179	60.0	1.0	
lightdock	luciferin_score	22.17425	2UUY_rec	2UUY_lig	swarm_18	0.0	2.0	
lightdock	luciferin_score	19.95407	2UUY_rec	2UUY_lig	swarm_18	1.0	8.0	
lightdock	luciferin_score	19.097	2UUY_rec	2UUY_lig	swarm_18	2.0	11.0	
lightdock	luciferin_score	16.49501	2UUY_rec	2UUY_lig	swarm_18	3.0	12.0	
lightdock	luciferin_score	16.40015	2UUY_rec	2UUY_lig	swarm_18	4.0	9.0	
lightdock	luciferin_score	16.01155	2UUY_rec	2UUY_lig	swarm_18	5.0	1.0	
lightdock	luciferin_score	15.65067	2UUY_rec	2UUY_lig	swarm_18	6.0	2.0	
lightdock	luciferin_score	14.63843	2UUY_rec	2UUY_lig	swarm_18	7.0	8.0	
lightdock	luciferin_score	14.56837	2UUY_rec	2UUY_lig	swarm_18	8.0	3.0	
lightdock	luciferin_score	13.97459	2UUY_rec	2UUY_lig	swarm_18	9.0	10.0	
lightdock	luciferin_score	13.82976	2UUY_rec	2UUY_lig	swarm_18	10.0	1.0	
lightdock	luciferin_score	12.80109	2UUY_rec	2UUY_lig	swarm_18	11.0	9.0	
lightdock	luciferin_score	12.45364	2UUY_rec	2UUY_lig	swarm_18	12.0	7.0	
lightdock	luciferin_score	12.43318	2UUY_rec	2UUY_lig	swarm_18	13.0	3.0	
lightdock	luciferin_score	11.79292	2UUY_rec	2UUY_lig	swarm_18	14.0	3.0	
lightdock	luciferin_score	11.51762	2UUY_rec	2UUY_lig	swarm_18	15.0	1.0	
lightdock	luciferin_score	11.29482	2UUY_rec	2UUY_lig	swarm_18	16.0	2.0	
lightdock	luciferin_score	11.24699	2UUY_rec	2UUY_lig	swarm_18	17.0	2.0	
lightdock	luciferin_score	10.5296	2UUY_rec	2UUY_lig	swarm_18	18.0	4.0	
lightdock	luciferin_score	10.49008	2UUY_rec	2UUY_lig	swarm_18	19.0	4.0	
lightdock	luciferin_score	9.887	2UUY_rec	2UUY_lig	swarm_18	20.0	1.0	
lightdock	luciferin_score	9.64411	2UUY_rec	2UUY_lig	swarm_18	21.0	3.0	
lightdock	luciferin_score	9.60378	2UUY_rec	2UUY_lig	swarm_18	22.0	1.0	
lightdock	luciferin_score	8.81432	2UUY_rec	2UUY_lig	swarm_18	23.0	3.0	
lightdock	luciferin_score	8.55665	2UUY_rec	2UUY_lig	swarm_18	24.0	1.0	
lightdock	luciferin_score	7.94876	2UUY_rec	2UUY_lig	swarm_18	25.0	2.0	
lightdock	luciferin_score	7.16757	2UUY_rec	2UUY_lig	swarm_18	26.0	8.0	
lightdock	luciferin_score	7.10764	2UUY_rec	2UUY_lig	swarm_18	27.0	3.0	
lightdock	luciferin_score	6.81058	2UUY_rec	2UUY_lig	swarm_18	28.0	1.0	
lightdock	luciferin_score	6.22145	2UUY_rec	2UUY_lig	swarm_18	29.0	7.0	
lightdock	luciferin_score	5.97962	2UUY_rec	2UUY_lig	swarm_18	30.0	1.0	
lightdock	luciferin_score	5.58476	2UUY_rec	2UUY_lig	swarm_18	31.0	2.0	
lightdock	luciferin_score	5.44445	2UUY_rec	2UUY_lig	swarm_18	32.0	3.0	
lightdock	luciferin_score	5.21328	2UUY_rec	2UUY_lig	swarm_18	33.0	3.0	
lightdock	luciferin_score	4.49602	2UUY_rec	2UUY_lig	swarm_18	34.0	1.0	
lightdock	luciferin_score	3.76272	2UUY_rec	2UUY_lig	swarm_18	35.0	2.0	
lightdock	luciferin_score	1.8434	2UUY_rec	2UUY_lig	swarm_18	36.0	2.0	
lightdock	luciferin_score	0.91468	2UUY_rec	2UUY_lig	swarm_18	37.0	6.0	
lightdock	luciferin_score	0.79669	2UUY_rec	2UUY_lig	swarm_18	38.0	1.0	
lightdock	luciferin_score	0.13813	2UUY_rec	2UUY_lig	swarm_18	39.0	1.0	
lightdock	luciferin_score	-2.44621	2UUY_rec	2UUY_lig	swarm_18	40.0	1.0	
lightdock	luciferin_score	-3.14117	2UUY_rec	2UUY_lig	swarm_18	41.0	13.0	
lightdock	luciferin_score	-5.64324	2UUY_rec	2UUY_lig	swarm_18	42.0	1.0	
lightdock	luciferin_score	-5.9579	2UUY_rec	2UUY_lig	swarm_18	43.0	2.0	
lightdock	luciferin_score	-9.28637	2UUY_rec	2UUY_lig	swarm_18	44.0	2.0	
lightdock	luciferin_score	-9.57167	2UUY_rec	2UUY_lig	swarm_18	45.0	3.0	
lightdock	luciferin_score	-14.01892	2UUY_rec	2UUY_lig	swarm_18	46.0	6.0	
lightdock	luciferin_score	-14.18776	2UUY_rec	2UUY_lig	swarm_18	47.0	2.0	
lightdock	luciferin_score	-14.43055	2UUY_rec	2UUY_lig	swarm_18	48.0	1.0	
lightdock	luciferin_score	-14.50159	2UUY_rec	2UUY_lig	swarm_18	49.0	2.0	
lightdock	luciferin_score	-20.55364	2UUY_rec	2UUY_lig	swarm_18	50.0	3.0	
lightdock	luciferin_score	-23.23878	2UUY_rec	2UUY_lig	swarm_18	51.0	2.0	
lightdock	luciferin_score	-26.32977	2UUY_rec	2UUY_lig	swarm_18	52.0	3.0	
lightdock	luciferin_score	-30.26829	2UUY_rec	2UUY_lig	swarm_18	53.0	1.0	
lightdock	luciferin_score	-39.54869	2UUY_rec	2UUY_lig	swarm_18	54.0	1.0	
lightdock	luciferin_score	-66.64715	2UUY_rec	2UUY_lig	swarm_18	55.0	1.0	
lightdock	luciferin_score	-76.80758	2UUY_rec	2UUY_lig	swarm_18	56.0	1.0	
lightdock	luciferin_score	-86.89614	2UUY_rec	2UUY_lig	swarm_18	57.0	1.0	
lightdock	luciferin_score	20.54164	2UUY_rec	2UUY_lig	swarm_180	0.0	6.0	
lightdock	luciferin_score	19.61931	2UUY_rec	2UUY_lig	swarm_180	1.0	6.0	
lightdock	luciferin_score	18.03528	2UUY_rec	2UUY_lig	swarm_180	2.0	8.0	
lightdock	luciferin_score	16.99325	2UUY_rec	2UUY_lig	swarm_180	3.0	6.0	
lightdock	luciferin_score	16.2645	2UUY_rec	2UUY_lig	swarm_180	4.0	3.0	
lightdock	luciferin_score	14.85022	2UUY_rec	2UUY_lig	swarm_180	5.0	5.0	
lightdock	luciferin_score	14.81942	2UUY_rec	2UUY_lig	swarm_180	6.0	11.0	
lightdock	luciferin_score	14.25684	2UUY_rec	2UUY_lig	swarm_180	7.0	5.0	
lightdock	luciferin_score	14.17285	2UUY_rec	2UUY_lig	swarm_180	8.0	2.0	
lightdock	luciferin_score	13.92141	2UUY_rec	2UUY_lig	swarm_180	9.0	8.0	
lightdock	luciferin_score	13.10306	2UUY_rec	2UUY_lig	swarm_180	10.0	3.0	
lightdock	luciferin_score	13.04672	2UUY_rec	2UUY_lig	swarm_180	11.0	2.0	
lightdock	luciferin_score	12.85913	2UUY_rec	2UUY_lig	swarm_180	12.0	8.0	
lightdock	luciferin_score	12.5465	2UUY_rec	2UUY_lig	swarm_180	13.0	4.0	
lightdock	luciferin_score	12.15383	2UUY_rec	2UUY_lig	swarm_180	14.0	5.0	
lightdock	luciferin_score	11.8757	2UUY_rec	2UUY_lig	swarm_180	15.0	4.0	
lightdock	luciferin_score	11.80917	2UUY_rec	2UUY_lig	swarm_180	16.0	16.0	
lightdock	luciferin_score	11.72302	2UUY_rec	2UUY_lig	swarm_180	17.0	1.0	
lightdock	luciferin_score	11.0566	2UUY_rec	2UUY_lig	swarm_180	18.0	3.0	
lightdock	luciferin_score	10.66723	2UUY_rec	2UUY_lig	swarm_180	19.0	2.0	
lightdock	luciferin_score	10.47925	2UUY_rec	2UUY_lig	swarm_180	20.0	2.0	
lightdock	luciferin_score	10.38535	2UUY_rec	2UUY_lig	swarm_180	21.0	4.0	
lightdock	luciferin_score	10.25078	2UUY_rec	2UUY_lig	swarm_180	22.0	2.0	
lightdock	luciferin_score	9.7845	2UUY_rec	2UUY_lig	swarm_180	23.0	3.0	
lightdock	luciferin_score	8.58572	2UUY_rec	2UUY_lig	swarm_180	24.0	1.0	
lightdock	luciferin_score	6.68351	2UUY_rec	2UUY_lig	swarm_180	25.0	2.0	
lightdock	luciferin_score	6.62166	2UUY_rec	2UUY_lig	swarm_180	26.0	1.0	
lightdock	luciferin_score	6.5668	2UUY_rec	2UUY_lig	swarm_180	27.0	3.0	
lightdock	luciferin_score	6.19648	2UUY_rec	2UUY_lig	swarm_180	28.0	1.0	
lightdock	luciferin_score	6.12888	2UUY_rec	2UUY_lig	swarm_180	29.0	2.0	
lightdock	luciferin_score	5.12327	2UUY_rec	2UUY_lig	swarm_180	30.0	1.0	
lightdock	luciferin_score	4.53247	2UUY_rec	2UUY_lig	swarm_180	31.0	10.0	
lightdock	luciferin_score	2.09849	2UUY_rec	2UUY_lig	swarm_180	32.0	2.0	
lightdock	luciferin_score	-1.27078	2UUY_rec	2UUY_lig	swarm_180	33.0	1.0	
lightdock	luciferin_score	-2.36415	2UUY_rec	2UUY_lig	swarm_180	34.0	1.0	
lightdock	luciferin_score	-3.36436	2UUY_rec	2UUY_lig	swarm_180	35.0	6.0	
lightdock	luciferin_score	-5.21188	2UUY_rec	2UUY_lig	swarm_180	36.0	1.0	
lightdock	luciferin_score	-6.55472	2UUY_rec	2UUY_lig	swarm_180	37.0	3.0	
lightdock	luciferin_score	-7.82661	2UUY_rec	2UUY_lig	swarm_180	38.0	2.0	
lightdock	luciferin_score	-8.35303	2UUY_rec	2UUY_lig	swarm_180	39.0	1.0	
lightdock	luciferin_score	-8.44604	2UUY_rec	2UUY_lig	swarm_180	40.0	1.0	
lightdock	luciferin_score	-10.79275	2UUY_rec	2UUY_lig	swarm_180	41.0	1.0	
lightdock	luciferin_score	-12.71258	2UUY_rec	2UUY_lig	swarm_180	42.0	13.0	
lightdock	luciferin_score	-13.80284	2UUY_rec	2UUY_lig	swarm_180	43.0	1.0	
lightdock	luciferin_score	-18.36783	2UUY_rec	2UUY_lig	swarm_180	44.0	1.0	
lightdock	luciferin_score	-19.90838	2UUY_rec	2UUY_lig	swarm_180	45.0	2.0	
lightdock	luciferin_score	-20.81151	2UUY_rec	2UUY_lig	swarm_180	46.0	1.0	
lightdock	luciferin_score	-21.26851	2UUY_rec	2UUY_lig	swarm_180	47.0	2.0	
lightdock	luciferin_score	-25.03229	2UUY_rec	2UUY_lig	swarm_180	48.0	1.0	
lightdock	luciferin_score	-32.11067	2UUY_rec	2UUY_lig	swarm_180	49.0	6.0	
lightdock	luciferin_score	-32.61336	2UUY_rec	2UUY_lig	swarm_180	50.0	1.0	
lightdock	luciferin_score	-34.60012	2UUY_rec	2UUY_lig	swarm_180	51.0	1.0	
lightdock	luciferin_score	-37.07465	2UUY_rec	2UUY_lig	swarm_180	52.0	1.0	
lightdock	luciferin_score	-39.76043	2UUY_rec	2UUY_lig	swarm_180	53.0	1.0	
lightdock	luciferin_score	-39.91677	2UUY_rec	2UUY_lig	swarm_180	54.0	4.0	
lightdock	luciferin_score	-41.17121	2UUY_rec	2UUY_lig	swarm_180	55.0	4.0	
lightdock	luciferin_score	-45.69688	2UUY_rec	2UUY_lig	swarm_180	56.0	1.0	
lightdock	luciferin_score	-92.12231	2UUY_rec	2UUY_lig	swarm_180	57.0	1.0	
lightdock	luciferin_score	21.5427	2UUY_rec	2UUY_lig	swarm_181	0.0	3.0	
lightdock	luciferin_score	20.0293	2UUY_rec	2UUY_lig	swarm_181	1.0	5.0	
lightdock	luciferin_score	16.60054	2UUY_rec	2UUY_lig	swarm_181	2.0	4.0	
lightdock	luciferin_score	16.33042	2UUY_rec	2UUY_lig	swarm_181	3.0	10.0	
lightdock	luciferin_score	16.01477	2UUY_rec	2UUY_lig	swarm_181	4.0	2.0	
lightdock	luciferin_score	15.73641	2UUY_rec	2UUY_lig	swarm_181	5.0	4.0	
lightdock	luciferin_score	14.45663	2UUY_rec	2UUY_lig	swarm_181	6.0	5.0	
lightdock	luciferin_score	14.26838	2UUY_rec	2UUY_lig	swarm_181	7.0	8.0	
lightdock	luciferin_score	13.60143	2UUY_rec	2UUY_lig	swarm_181	8.0	7.0	
lightdock	luciferin_score	13.43603	2UUY_rec	2UUY_lig	swarm_181	9.0	5.0	
lightdock	luciferin_score	12.8654	2UUY_rec	2UUY_lig	swarm_181	10.0	5.0	
lightdock	luciferin_score	12.28671	2UUY_rec	2UUY_lig	swarm_181	11.0	7.0	
lightdock	luciferin_score	12.01346	2UUY_rec	2UUY_lig	swarm_181	12.0	4.0	
lightdock	luciferin_score	11.60943	2UUY_rec	2UUY_lig	swarm_181	13.0	6.0	
lightdock	luciferin_score	11.60471	2UUY_rec	2UUY_lig	swarm_181	14.0	2.0	
lightdock	luciferin_score	11.42644	2UUY_rec	2UUY_lig	swarm_181	15.0	6.0	
lightdock	luciferin_score	11.25512	2UUY_rec	2UUY_lig	swarm_181	16.0	11.0	
lightdock	luciferin_score	11.12759	2UUY_rec	2UUY_lig	swarm_181	17.0	6.0	
lightdock	luciferin_score	11.07981	2UUY_rec	2UUY_lig	swarm_181	18.0	6.0	
lightdock	luciferin_score	10.91287	2UUY_rec	2UUY_lig	swarm_181	19.0	2.0	
lightdock	luciferin_score	10.84464	2UUY_rec	2UUY_lig	swarm_181	20.0	2.0	
lightdock	luciferin_score	10.82676	2UUY_rec	2UUY_lig	swarm_181	21.0	3.0	
lightdock	luciferin_score	10.74429	2UUY_rec	2UUY_lig	swarm_181	22.0	1.0	
lightdock	luciferin_score	10.38463	2UUY_rec	2UUY_lig	swarm_181	23.0	9.0	
lightdock	luciferin_score	10.15128	2UUY_rec	2UUY_lig	swarm_181	24.0	5.0	
lightdock	luciferin_score	9.70767	2UUY_rec	2UUY_lig	swarm_181	25.0	1.0	
lightdock	luciferin_score	9.543	2UUY_rec	2UUY_lig	swarm_181	26.0	6.0	
lightdock	luciferin_score	9.37882	2UUY_rec	2UUY_lig	swarm_181	27.0	1.0	
lightdock	luciferin_score	9.16001	2UUY_rec	2UUY_lig	swarm_181	28.0	2.0	
lightdock	luciferin_score	8.94173	2UUY_rec	2UUY_lig	swarm_181	29.0	3.0	
lightdock	luciferin_score	8.87349	2UUY_rec	2UUY_lig	swarm_181	30.0	4.0	
lightdock	luciferin_score	8.37112	2UUY_rec	2UUY_lig	swarm_181	31.0	1.0	
lightdock	luciferin_score	7.93082	2UUY_rec	2UUY_lig	swarm_181	32.0	3.0	
lightdock	luciferin_score	7.78446	2UUY_rec	2UUY_lig	swarm_181	33.0	2.0	
lightdock	luciferin_score	7.55949	2UUY_rec	2UUY_lig	swarm_181	34.0	1.0	
lightdock	luciferin_score	7.55306	2UUY_rec	2UUY_lig	swarm_181	35.0	3.0	
lightdock	luciferin_score	6.93905	2UUY_rec	2UUY_lig	swarm_181	36.0	1.0	
lightdock	luciferin_score	5.93825	2UUY_rec	2UUY_lig	swarm_181	37.0	1.0	
lightdock	luciferin_score	5.92959	2UUY_rec	2UUY_lig	swarm_181	38.0	1.0	
lightdock	luciferin_score	5.88041	2UUY_rec	2UUY_lig	swarm_181	39.0	7.0	
lightdock	luciferin_score	5.0969	2UUY_rec	2UUY_lig	swarm_181	40.0	3.0	
lightdock	luciferin_score	4.65394	2UUY_rec	2UUY_lig	swarm_181	41.0	2.0	
lightdock	luciferin_score	3.85209	2UUY_rec	2UUY_lig	swarm_181	42.0	3.0	
lightdock	luciferin_score	2.2553	2UUY_rec	2UUY_lig	swarm_181	43.0	2.0	
lightdock	luciferin_score	2.24003	2UUY_rec	2UUY_lig	swarm_181	44.0	1.0	
lightdock	luciferin_score	1.5904	2UUY_rec	2UUY_lig	swarm_181	45.0	2.0	
lightdock	luciferin_score	1.50604	2UUY_rec	2UUY_lig	swarm_181	46.0	1.0	
lightdock	luciferin_score	1.35529	2UUY_rec	2UUY_lig	swarm_181	47.0	6.0	
lightdock	luciferin_score	0.02948	2UUY_rec	2UUY_lig	swarm_181	48.0	2.0	
lightdock	luciferin_score	-0.55489	2UUY_rec	2UUY_lig	swarm_181	49.0	2.0	
lightdock	luciferin_score	-10.83212	2UUY_rec	2UUY_lig	swarm_181	50.0	1.0	
lightdock	luciferin_score	-11.26863	2UUY_rec	2UUY_lig	swarm_181	51.0	1.0	
lightdock	luciferin_score	-12.11892	2UUY_rec	2UUY_lig	swarm_181	52.0	1.0	
lightdock	luciferin_score	-16.00967	2UUY_rec	2UUY_lig	swarm_181	53.0	1.0	
lightdock	luciferin_score	-18.2533	2UUY_rec	2UUY_lig	swarm_181	54.0	1.0	
lightdock	luciferin_score	-18.59767	2UUY_rec	2UUY_lig	swarm_181	55.0	1.0	
lightdock	luciferin_score	-22.79997	2UUY_rec	2UUY_lig	swarm_181	56.0	1.0	
lightdock	luciferin_score	-26.23687	2UUY_rec	2UUY_lig	swarm_181	57.0	1.0	
lightdock	luciferin_score	-27.42292	2UUY_rec	2UUY_lig	swarm_181	58.0	1.0	
lightdock	luciferin_score	-49.21842	2UUY_rec	2UUY_lig	swarm_181	59.0	1.0	
lightdock	luciferin_score	-59.41486	2UUY_rec	2UUY_lig	swarm_181	60.0	1.0	
lightdock	luciferin_score	18.05802	2UUY_rec	2UUY_lig	swarm_19	0.0	3.0	
lightdock	luciferin_score	16.60997	2UUY_rec	2UUY_lig	swarm_19	1.0	11.0	
lightdock	luciferin_score	15.97631	2UUY_rec	2UUY_lig	swarm_19	2.0	8.0	
lightdock	luciferin_score	15.82214	2UUY_rec	2UUY_lig	swarm_19	3.0	3.0	
lightdock	luciferin_score	15.68216	2UUY_rec	2UUY_lig	swarm_19	4.0	8.0	
lightdock	luciferin_score	15.36647	2UUY_rec	2UUY_lig	swarm_19	5.0	5.0	
lightdock	luciferin_score	14.9143	2UUY_rec	2UUY_lig	swarm_19	6.0	1.0	
lightdock	luciferin_score	14.69367	2UUY_rec	2UUY_lig	swarm_19	7.0	16.0	
lightdock	luciferin_score	13.98871	2UUY_rec	2UUY_lig	swarm_19	8.0	3.0	
lightdock	luciferin_score	13.89838	2UUY_rec	2UUY_lig	swarm_19	9.0	4.0	
lightdock	luciferin_score	13.43569	2UUY_rec	2UUY_lig	swarm_19	10.0	5.0	
lightdock	luciferin_score	13.18106	2UUY_rec	2UUY_lig	swarm_19	11.0	2.0	
lightdock	luciferin_score	11.97643	2UUY_rec	2UUY_lig	swarm_19	12.0	9.0	
lightdock	luciferin_score	11.93947	2UUY_rec	2UUY_lig	swarm_19	13.0	4.0	
lightdock	luciferin_score	11.90891	2UUY_rec	2UUY_lig	swarm_19	14.0	7.0	
lightdock	luciferin_score	11.62931	2UUY_rec	2UUY_lig	swarm_19	15.0	5.0	
lightdock	luciferin_score	11.58698	2UUY_rec	2UUY_lig	swarm_19	16.0	4.0	
lightdock	luciferin_score	11.40904	2UUY_rec	2UUY_lig	swarm_19	17.0	3.0	
lightdock	luciferin_score	11.33028	2UUY_rec	2UUY_lig	swarm_19	18.0	1.0	
lightdock	luciferin_score	11.04268	2UUY_rec	2UUY_lig	swarm_19	19.0	3.0	
lightdock	luciferin_score	10.64158	2UUY_rec	2UUY_lig	swarm_19	20.0	7.0	
lightdock	luciferin_score	10.46038	2UUY_rec	2UUY_lig	swarm_19	21.0	4.0	
lightdock	luciferin_score	10.26849	2UUY_rec	2UUY_lig	swarm_19	22.0	3.0	
lightdock	luciferin_score	9.66006	2UUY_rec	2UUY_lig	swarm_19	23.0	1.0	
lightdock	luciferin_score	9.57382	2UUY_rec	2UUY_lig	swarm_19	24.0	6.0	
lightdock	luciferin_score	8.1866	2UUY_rec	2UUY_lig	swarm_19	25.0	2.0	
lightdock	luciferin_score	7.94774	2UUY_rec	2UUY_lig	swarm_19	26.0	2.0	
lightdock	luciferin_score	7.94613	2UUY_rec	2UUY_lig	swarm_19	27.0	1.0	
lightdock	luciferin_score	7.85016	2UUY_rec	2UUY_lig	swarm_19	28.0	3.0	
lightdock	luciferin_score	7.75088	2UUY_rec	2UUY_lig	swarm_19	29.0	2.0	
lightdock	luciferin_score	7.62196	2UUY_rec	2UUY_lig	swarm_19	30.0	1.0	
lightdock	luciferin_score	7.30812	2UUY_rec	2UUY_lig	swarm_19	31.0	2.0	
lightdock	luciferin_score	7.24491	2UUY_rec	2UUY_lig	swarm_19	32.0	2.0	
lightdock	luciferin_score	7.16064	2UUY_rec	2UUY_lig	swarm_19	33.0	1.0	
lightdock	luciferin_score	6.91217	2UUY_rec	2UUY_lig	swarm_19	34.0	3.0	
lightdock	luciferin_score	6.62014	2UUY_rec	2UUY_lig	swarm_19	35.0	2.0	
lightdock	luciferin_score	6.52005	2UUY_rec	2UUY_lig	swarm_19	36.0	1.0	
lightdock	luciferin_score	5.85612	2UUY_rec	2UUY_lig	swarm_19	37.0	2.0	
lightdock	luciferin_score	5.30699	2UUY_rec	2UUY_lig	swarm_19	38.0	3.0	
lightdock	luciferin_score	4.67878	2UUY_rec	2UUY_lig	swarm_19	39.0	1.0	
lightdock	luciferin_score	3.02284	2UUY_rec	2UUY_lig	swarm_19	40.0	3.0	
lightdock	luciferin_score	2.93751	2UUY_rec	2UUY_lig	swarm_19	41.0	9.0	
lightdock	luciferin_score	0.53786	2UUY_rec	2UUY_lig	swarm_19	42.0	1.0	
lightdock	luciferin_score	-3.02778	2UUY_rec	2UUY_lig	swarm_19	43.0	2.0	
lightdock	luciferin_score	-3.95702	2UUY_rec	2UUY_lig	swarm_19	44.0	1.0	
lightdock	luciferin_score	-5.28168	2UUY_rec	2UUY_lig	swarm_19	45.0	1.0	
lightdock	luciferin_score	-7.13702	2UUY_rec	2UUY_lig	swarm_19	46.0	10.0	
lightdock	luciferin_score	-7.82649	2UUY_rec	2UUY_lig	swarm_19	47.0	2.0	
lightdock	luciferin_score	-9.17852	2UUY_rec	2UUY_lig	swarm_19	48.0	2.0	
lightdock	luciferin_score	-10.19212	2UUY_rec	2UUY_lig	swarm_19	49.0	1.0	
lightdock	luciferin_score	-13.9513	2UUY_rec	2UUY_lig	swarm_19	50.0	4.0	
lightdock	luciferin_score	-14.73637	2UUY_rec	2UUY_lig	swarm_19	51.0	3.0	
lightdock	luciferin_score	-37.17044	2UUY_rec	2UUY_lig	swarm_19	52.0	1.0	
lightdock	luciferin_score	-45.84156	2UUY_rec	2UUY_lig	swarm_19	53.0	2.0	
lightdock	luciferin_score	-50.65564	2UUY_rec	2UUY_lig	swarm_19	54.0	1.0	
lightdock	luciferin_score	-52.0756	2UUY_rec	2UUY_lig	swarm_19	55.0	1.0	
lightdock	luciferin_score	-58.03937	2UUY_rec	2UUY_lig	swarm_19	56.0	1.0	
lightdock	luciferin_score	-69.34956	2UUY_rec	2UUY_lig	swarm_19	57.0	1.0	
lightdock	luciferin_score	18.41927	2UUY_rec	2UUY_lig	swarm_2	0.0	2.0	
lightdock	luciferin_score	18.15622	2UUY_rec	2UUY_lig	swarm_2	1.0	11.0	
lightdock	luciferin_score	16.36236	2UUY_rec	2UUY_lig	swarm_2	2.0	5.0	
lightdock	luciferin_score	16.24509	2UUY_rec	2UUY_lig	swarm_2	3.0	6.0	
lightdock	luciferin_score	16.13732	2UUY_rec	2UUY_lig	swarm_2	4.0	2.0	
lightdock	luciferin_score	15.48682	2UUY_rec	2UUY_lig	swarm_2	5.0	3.0	
lightdock	luciferin_score	14.81302	2UUY_rec	2UUY_lig	swarm_2	6.0	2.0	
lightdock	luciferin_score	13.03521	2UUY_rec	2UUY_lig	swarm_2	7.0	8.0	
lightdock	luciferin_score	13.01945	2UUY_rec	2UUY_lig	swarm_2	8.0	8.0	
lightdock	luciferin_score	12.91989	2UUY_rec	2UUY_lig	swarm_2	9.0	10.0	
lightdock	luciferin_score	12.82906	2UUY_rec	2UUY_lig	swarm_2	10.0	5.0	
lightdock	luciferin_score	12.62576	2UUY_rec	2UUY_lig	swarm_2	11.0	1.0	
lightdock	luciferin_score	11.95939	2UUY_rec	2UUY_lig	swarm_2	12.0	9.0	
lightdock	luciferin_score	11.62124	2UUY_rec	2UUY_lig	swarm_2	13.0	4.0	
lightdock	luciferin_score	11.60523	2UUY_rec	2UUY_lig	swarm_2	14.0	3.0	
lightdock	luciferin_score	11.2298	2UUY_rec	2UUY_lig	swarm_2	15.0	1.0	
lightdock	luciferin_score	11.12081	2UUY_rec	2UUY_lig	swarm_2	16.0	2.0	
lightdock	luciferin_score	11.00182	2UUY_rec	2UUY_lig	swarm_2	17.0	18.0	
lightdock	luciferin_score	10.98911	2UUY_rec	2UUY_lig	swarm_2	18.0	5.0	
lightdock	luciferin_score	10.96699	2UUY_rec	2UUY_lig	swarm_2	19.0	1.0	
lightdock	luciferin_score	10.68331	2UUY_rec	2UUY_lig	swarm_2	20.0	3.0	
lightdock	luciferin_score	10.01581	2UUY_rec	2UUY_lig	swarm_2	21.0	4.0	
lightdock	luciferin_score	9.47687	2UUY_rec	2UUY_lig	swarm_2	22.0	2.0	
lightdock	luciferin_score	9.01839	2UUY_rec	2UUY_lig	swarm_2	23.0	2.0	
lightdock	luciferin_score	8.96819	2UUY_rec	2UUY_lig	swarm_2	24.0	2.0	
lightdock	luciferin_score	8.74455	2UUY_rec	2UUY_lig	swarm_2	25.0	3.0	
lightdock	luciferin_score	8.69403	2UUY_rec	2UUY_lig	swarm_2	26.0	7.0	
lightdock	luciferin_score	8.66887	2UUY_rec	2UUY_lig	swarm_2	27.0	2.0	
lightdock	luciferin_score	8.66355	2UUY_rec	2UUY_lig	swarm_2	28.0	2.0	
lightdock	luciferin_score	8.28603	2UUY_rec	2UUY_lig	swarm_2	29.0	11.0	
lightdock	luciferin_score	7.68202	2UUY_rec	2UUY_lig	swarm_2	30.0	1.0	
lightdock	luciferin_score	7.49561	2UUY_rec	2UUY_lig	swarm_2	31.0	1.0	
lightdock	luciferin_score	6.56284	2UUY_rec	2UUY_lig	swarm_2	32.0	1.0	
lightdock	luciferin_score	5.58542	2UUY_rec	2UUY_lig	swarm_2	33.0	2.0	
lightdock	luciferin_score	3.80224	2UUY_rec	2UUY_lig	swarm_2	34.0	1.0	
lightdock	luciferin_score	1.7093	2UUY_rec	2UUY_lig	swarm_2	35.0	1.0	
lightdock	luciferin_score	1.31595	2UUY_rec	2UUY_lig	swarm_2	36.0	1.0	
lightdock	luciferin_score	0.5689	2UUY_rec	2UUY_lig	swarm_2	37.0	1.0	
lightdock	luciferin_score	0.29274	2UUY_rec	2UUY_lig	swarm_2	38.0	2.0	
lightdock	luciferin_score	-1.96837	2UUY_rec	2UUY_lig	swarm_2	39.0	1.0	
lightdock	luciferin_score	-2.95385	2UUY_rec	2UUY_lig	swarm_2	40.0	7.0	
lightdock	luciferin_score	-3.18294	2UUY_rec	2UUY_lig	swarm_2	41.0	3.0	
lightdock	luciferin_score	-4.68076	2UUY_rec	2UUY_lig	swarm_2	42.0	1.0	
lightdock	luciferin_score	-6.03121	2UUY_rec	2UUY_lig	swarm_2	43.0	1.0	
lightdock	luciferin_score	-6.11629	2UUY_rec	2UUY_lig	swarm_2	44.0	2.0	
lightdock	luciferin_score	-7.28875	2UUY_rec	2UUY_lig	swarm_2	45.0	6.0	
lightdock	luciferin_score	-8.36679	2UUY_rec	2UUY_lig	swarm_2	46.0	1.0	
lightdock	luciferin_score	-8.70302	2UUY_rec	2UUY_lig	swarm_2	47.0	3.0	
lightdock	luciferin_score	-11.91257	2UUY_rec	2UUY_lig	swarm_2	48.0	3.0	
lightdock	luciferin_score	-13.81968	2UUY_rec	2UUY_lig	swarm_2	49.0	1.0	
lightdock	luciferin_score	-14.79327	2UUY_rec	2UUY_lig	swarm_2	50.0	2.0	
lightdock	luciferin_score	-16.61672	2UUY_rec	2UUY_lig	swarm_2	51.0	1.0	
lightdock	luciferin_score	-19.44043	2UUY_rec	2UUY_lig	swarm_2	52.0	1.0	
lightdock	luciferin_score	-20.45724	2UUY_rec	2UUY_lig	swarm_2	53.0	2.0	
lightdock	luciferin_score	-25.88176	2UUY_rec	2UUY_lig	swarm_2	54.0	1.0	
lightdock	luciferin_score	-28.33865	2UUY_rec	2UUY_lig	swarm_2	55.0	1.0	
lightdock	luciferin_score	-32.59407	2UUY_rec	2UUY_lig	swarm_2	56.0	1.0	
lightdock	luciferin_score	-43.04413	2UUY_rec	2UUY_lig	swarm_2	57.0	4.0	
lightdock	luciferin_score	-56.6438	2UUY_rec	2UUY_lig	swarm_2	58.0	1.0	
lightdock	luciferin_score	-60.44711	2UUY_rec	2UUY_lig	swarm_2	59.0	1.0	
lightdock	luciferin_score	-92.26136	2UUY_rec	2UUY_lig	swarm_2	60.0	1.0	
lightdock	luciferin_score	15.77285	2UUY_rec	2UUY_lig	swarm_20	0.0	7.0	
lightdock	luciferin_score	14.68172	2UUY_rec	2UUY_lig	swarm_20	1.0	1.0	
lightdock	luciferin_score	13.5069	2UUY_rec	2UUY_lig	swarm_20	2.0	10.0	
lightdock	luciferin_score	12.92123	2UUY_rec	2UUY_lig	swarm_20	3.0	2.0	
lightdock	luciferin_score	12.25488	2UUY_rec	2UUY_lig	swarm_20	4.0	5.0	
lightdock	luciferin_score	11.79738	2UUY_rec	2UUY_lig	swarm_20	5.0	9.0	
lightdock	luciferin_score	11.72394	2UUY_rec	2UUY_lig	swarm_20	6.0	5.0	
lightdock	luciferin_score	11.48598	2UUY_rec	2UUY_lig	swarm_20	7.0	1.0	
lightdock	luciferin_score	11.46206	2UUY_rec	2UUY_lig	swarm_20	8.0	3.0	
lightdock	luciferin_score	11.32548	2UUY_rec	2UUY_lig	swarm_20	9.0	1.0	
lightdock	luciferin_score	11.22476	2UUY_rec	2UUY_lig	swarm_20	10.0	1.0	
lightdock	luciferin_score	11.21903	2UUY_rec	2UUY_lig	swarm_20	11.0	16.0	
lightdock	luciferin_score	11.13281	2UUY_rec	2UUY_lig	swarm_20	12.0	4.0	
lightdock	luciferin_score	10.76171	2UUY_rec	2UUY_lig	swarm_20	13.0	7.0	
lightdock	luciferin_score	10.75206	2UUY_rec	2UUY_lig	swarm_20	14.0	17.0	
lightdock	luciferin_score	10.73143	2UUY_rec	2UUY_lig	swarm_20	15.0	1.0	
lightdock	luciferin_score	10.63653	2UUY_rec	2UUY_lig	swarm_20	16.0	8.0	
lightdock	luciferin_score	10.58053	2UUY_rec	2UUY_lig	swarm_20	17.0	9.0	
lightdock	luciferin_score	10.02979	2UUY_rec	2UUY_lig	swarm_20	18.0	3.0	
lightdock	luciferin_score	9.92714	2UUY_rec	2UUY_lig	swarm_20	19.0	2.0	
lightdock	luciferin_score	9.92076	2UUY_rec	2UUY_lig	swarm_20	20.0	5.0	
lightdock	luciferin_score	9.38491	2UUY_rec	2UUY_lig	swarm_20	21.0	5.0	
lightdock	luciferin_score	9.21741	2UUY_rec	2UUY_lig	swarm_20	22.0	2.0	
lightdock	luciferin_score	9.14476	2UUY_rec	2UUY_lig	swarm_20	23.0	1.0	
lightdock	luciferin_score	9.01526	2UUY_rec	2UUY_lig	swarm_20	24.0	2.0	
lightdock	luciferin_score	8.90034	2UUY_rec	2UUY_lig	swarm_20	25.0	2.0	
lightdock	luciferin_score	8.65322	2UUY_rec	2UUY_lig	swarm_20	26.0	1.0	
lightdock	luciferin_score	8.46479	2UUY_rec	2UUY_lig	swarm_20	27.0	4.0	
lightdock	luciferin_score	8.14178	2UUY_rec	2UUY_lig	swarm_20	28.0	1.0	
lightdock	luciferin_score	8.08831	2UUY_rec	2UUY_lig	swarm_20	29.0	1.0	
lightdock	luciferin_score	8.06908	2UUY_rec	2UUY_lig	swarm_20	30.0	3.0	
lightdock	luciferin_score	7.96031	2UUY_rec	2UUY_lig	swarm_20	31.0	2.0	
lightdock	luciferin_score	7.76329	2UUY_rec	2UUY_lig	swarm_20	32.0	6.0	
lightdock	luciferin_score	7.40337	2UUY_rec	2UUY_lig	swarm_20	33.0	1.0	
lightdock	luciferin_score	7.23688	2UUY_rec	2UUY_lig	swarm_20	34.0	2.0	
lightdock	luciferin_score	7.0323	2UUY_rec	2UUY_lig	swarm_20	35.0	1.0	
lightdock	luciferin_score	6.97288	2UUY_rec	2UUY_lig	swarm_20	36.0	2.0	
lightdock	luciferin_score	6.90303	2UUY_rec	2UUY_lig	swarm_20	37.0	1.0	
lightdock	luciferin_score	6.61068	2UUY_rec	2UUY_lig	swarm_20	38.0	1.0	
lightdock	luciferin_score	6.58309	2UUY_rec	2UUY_lig	swarm_20	39.0	4.0	
lightdock	luciferin_score	6.53635	2UUY_rec	2UUY_lig	swarm_20	40.0	3.0	
lightdock	luciferin_score	6.36137	2UUY_rec	2UUY_lig	swarm_20	41.0	1.0	
lightdock	luciferin_score	6.34807	2UUY_rec	2UUY_lig	swarm_20	42.0	1.0	
lightdock	luciferin_score	5.8696	2UUY_rec	2UUY_lig	swarm_20	43.0	3.0	
lightdock	luciferin_score	5.46859	2UUY_rec	2UUY_lig	swarm_20	44.0	1.0	
lightdock	luciferin_score	5.1032	2UUY_rec	2UUY_lig	swarm_20	45.0	1.0	
lightdock	luciferin_score	4.96254	2UUY_rec	2UUY_lig	swarm_20	46.0	2.0	
lightdock	luciferin_score	4.30815	2UUY_rec	2UUY_lig	swarm_20	47.0	2.0	
lightdock	luciferin_score	0.71337	2UUY_rec	2UUY_lig	swarm_20	48.0	1.0	
lightdock	luciferin_score	-0.81566	2UUY_rec	2UUY_lig	swarm_20	49.0	3.0	
lightdock	luciferin_score	-1.94892	2UUY_rec	2UUY_lig	swarm_20	50.0	1.0	
lightdock	luciferin_score	-5.61052	2UUY_rec	2UUY_lig	swarm_20	51.0	2.0	
lightdock	luciferin_score	-5.86911	2UUY_rec	2UUY_lig	swarm_20	52.0	2.0	
lightdock	luciferin_score	-8.3535	2UUY_rec	2UUY_lig	swarm_20	53.0	1.0	
lightdock	luciferin_score	-8.37697	2UUY_rec	2UUY_lig	swarm_20	54.0	4.0	
lightdock	luciferin_score	-17.11004	2UUY_rec	2UUY_lig	swarm_20	55.0	1.0	
lightdock	luciferin_score	-17.62889	2UUY_rec	2UUY_lig	swarm_20	56.0	3.0	
lightdock	luciferin_score	-18.32567	2UUY_rec	2UUY_lig	swarm_20	57.0	2.0	
lightdock	luciferin_score	-19.46	2UUY_rec	2UUY_lig	swarm_20	58.0	1.0	
lightdock	luciferin_score	-23.5186	2UUY_rec	2UUY_lig	swarm_20	59.0	1.0	
lightdock	luciferin_score	-24.01449	2UUY_rec	2UUY_lig	swarm_20	60.0	1.0	
lightdock	luciferin_score	-33.94696	2UUY_rec	2UUY_lig	swarm_20	61.0	1.0	
lightdock	luciferin_score	-53.02986	2UUY_rec	2UUY_lig	swarm_20	62.0	2.0	
lightdock	luciferin_score	-55.13301	2UUY_rec	2UUY_lig	swarm_20	63.0	1.0	
lightdock	luciferin_score	18.28766	2UUY_rec	2UUY_lig	swarm_21	0.0	4.0	
lightdock	luciferin_score	16.58359	2UUY_rec	2UUY_lig	swarm_21	1.0	10.0	
lightdock	luciferin_score	16.24321	2UUY_rec	2UUY_lig	swarm_21	2.0	10.0	
lightdock	luciferin_score	15.43906	2UUY_rec	2UUY_lig	swarm_21	3.0	4.0	
lightdock	luciferin_score	15.40564	2UUY_rec	2UUY_lig	swarm_21	4.0	2.0	
lightdock	luciferin_score	14.69453	2UUY_rec	2UUY_lig	swarm_21	5.0	11.0	
lightdock	luciferin_score	13.9121	2UUY_rec	2UUY_lig	swarm_21	6.0	2.0	
lightdock	luciferin_score	11.30171	2UUY_rec	2UUY_lig	swarm_21	7.0	5.0	
lightdock	luciferin_score	11.14751	2UUY_rec	2UUY_lig	swarm_21	8.0	1.0	
lightdock	luciferin_score	11.06066	2UUY_rec	2UUY_lig	swarm_21	9.0	3.0	
lightdock	luciferin_score	11.03853	2UUY_rec	2UUY_lig	swarm_21	10.0	5.0	
lightdock	luciferin_score	10.80598	2UUY_rec	2UUY_lig	swarm_21	11.0	2.0	
lightdock	luciferin_score	10.71065	2UUY_rec	2UUY_lig	swarm_21	12.0	4.0	
lightdock	luciferin_score	10.70681	2UUY_rec	2UUY_lig	swarm_21	13.0	11.0	
lightdock	luciferin_score	10.53008	2UUY_rec	2UUY_lig	swarm_21	14.0	9.0	
lightdock	luciferin_score	10.47528	2UUY_rec	2UUY_lig	swarm_21	15.0	4.0	
lightdock	luciferin_score	10.02078	2UUY_rec	2UUY_lig	swarm_21	16.0	3.0	
lightdock	luciferin_score	9.82828	2UUY_rec	2UUY_lig	swarm_21	17.0	1.0	
lightdock	luciferin_score	9.72288	2UUY_rec	2UUY_lig	swarm_21	18.0	4.0	
lightdock	luciferin_score	9.5713	2UUY_rec	2UUY_lig	swarm_21	19.0	3.0	
lightdock	luciferin_score	9.52714	2UUY_rec	2UUY_lig	swarm_21	20.0	4.0	
lightdock	luciferin_score	8.96708	2UUY_rec	2UUY_lig	swarm_21	21.0	5.0	
lightdock	luciferin_score	8.91547	2UUY_rec	2UUY_lig	swarm_21	22.0	1.0	
lightdock	luciferin_score	8.45132	2UUY_rec	2UUY_lig	swarm_21	23.0	3.0	
lightdock	luciferin_score	8.23241	2UUY_rec	2UUY_lig	swarm_21	24.0	7.0	
lightdock	luciferin_score	8.15955	2UUY_rec	2UUY_lig	swarm_21	25.0	2.0	
lightdock	luciferin_score	8.07609	2UUY_rec	2UUY_lig	swarm_21	26.0	2.0	
lightdock	luciferin_score	8.02246	2UUY_rec	2UUY_lig	swarm_21	27.0	2.0	
lightdock	luciferin_score	7.90574	2UUY_rec	2UUY_lig	swarm_21	28.0	3.0	
lightdock	luciferin_score	7.89156	2UUY_rec	2UUY_lig	swarm_21	29.0	1.0	
lightdock	luciferin_score	7.87676	2UUY_rec	2UUY_lig	swarm_21	30.0	1.0	
lightdock	luciferin_score	7.80238	2UUY_rec	2UUY_lig	swarm_21	31.0	2.0	
lightdock	luciferin_score	7.58452	2UUY_rec	2UUY_lig	swarm_21	32.0	1.0	
lightdock	luciferin_score	7.55085	2UUY_rec	2UUY_lig	swarm_21	33.0	5.0	
lightdock	luciferin_score	7.54966	2UUY_rec	2UUY_lig	swarm_21	34.0	3.0	
lightdock	luciferin_score	7.44681	2UUY_rec	2UUY_lig	swarm_21	35.0	2.0	
lightdock	luciferin_score	6.93633	2UUY_rec	2UUY_lig	swarm_21	36.0	3.0	
lightdock	luciferin_score	6.90734	2UUY_rec	2UUY_lig	swarm_21	37.0	2.0	
lightdock	luciferin_score	6.72568	2UUY_rec	2UUY_lig	swarm_21	38.0	2.0	
lightdock	luciferin_score	6.65163	2UUY_rec	2UUY_lig	swarm_21	39.0	2.0	
lightdock	luciferin_score	6.31716	2UUY_rec	2UUY_lig	swarm_21	40.0	4.0	
lightdock	luciferin_score	6.23285	2UUY_rec	2UUY_lig	swarm_21	41.0	1.0	
lightdock	luciferin_score	6.10021	2UUY_rec	2UUY_lig	swarm_21	42.0	2.0	
lightdock	luciferin_score	5.93189	2UUY_rec	2UUY_lig	swarm_21	43.0	1.0	
lightdock	luciferin_score	5.90903	2UUY_rec	2UUY_lig	swarm_21	44.0	1.0	
lightdock	luciferin_score	5.39509	2UUY_rec	2UUY_lig	swarm_21	45.0	1.0	
lightdock	luciferin_score	4.22931	2UUY_rec	2UUY_lig	swarm_21	46.0	4.0	
lightdock	luciferin_score	4.08839	2UUY_rec	2UUY_lig	swarm_21	47.0	1.0	
lightdock	luciferin_score	2.77946	2UUY_rec	2UUY_lig	swarm_21	48.0	7.0	
lightdock	luciferin_score	1.6525	2UUY_rec	2UUY_lig	swarm_21	49.0	3.0	
lightdock	luciferin_score	1.63982	2UUY_rec	2UUY_lig	swarm_21	50.0	1.0	
lightdock	luciferin_score	1.37925	2UUY_rec	2UUY_lig	swarm_21	51.0	3.0	
lightdock	luciferin_score	-0.58329	2UUY_rec	2UUY_lig	swarm_21	52.0	1.0	
lightdock	luciferin_score	-1.24525	2UUY_rec	2UUY_lig	swarm_21	53.0	3.0	
lightdock	luciferin_score	-1.90365	2UUY_rec	2UUY_lig	swarm_21	54.0	2.0	
lightdock	luciferin_score	-3.64399	2UUY_rec	2UUY_lig	swarm_21	55.0	4.0	
lightdock	luciferin_score	-6.17603	2UUY_rec	2UUY_lig	swarm_21	56.0	1.0	
lightdock	luciferin_score	-10.20239	2UUY_rec	2UUY_lig	swarm_21	57.0	3.0	
lightdock	luciferin_score	-11.25516	2UUY_rec	2UUY_lig	swarm_21	58.0	1.0	
lightdock	luciferin_score	-22.03402	2UUY_rec	2UUY_lig	swarm_21	59.0	2.0	
lightdock	luciferin_score	-33.91205	2UUY_rec	2UUY_lig	swarm_21	60.0	1.0	
lightdock	luciferin_score	-39.38798	2UUY_rec	2UUY_lig	swarm_21	61.0	2.0	
lightdock	luciferin_score	15.63959	2UUY_rec	2UUY_lig	swarm_22	0.0	4.0	
lightdock	luciferin_score	15.21835	2UUY_rec	2UUY_lig	swarm_22	1.0	3.0	
lightdock	luciferin_score	14.70387	2UUY_rec	2UUY_lig	swarm_22	2.0	11.0	
lightdock	luciferin_score	13.86425	2UUY_rec	2UUY_lig	swarm_22	3.0	1.0	
lightdock	luciferin_score	13.63918	2UUY_rec	2UUY_lig	swarm_22	4.0	7.0	
lightdock	luciferin_score	13.28919	2UUY_rec	2UUY_lig	swarm_22	5.0	6.0	
lightdock	luciferin_score	12.33495	2UUY_rec	2UUY_lig	swarm_22	6.0	3.0	
lightdock	luciferin_score	11.56829	2UUY_rec	2UUY_lig	swarm_22	7.0	7.0	
lightdock	luciferin_score	10.72571	2UUY_rec	2UUY_lig	swarm_22	8.0	4.0	
lightdock	luciferin_score	10.31226	2UUY_rec	2UUY_lig	swarm_22	9.0	6.0	
lightdock	luciferin_score	9.96042	2UUY_rec	2UUY_lig	swarm_22	10.0	1.0	
lightdock	luciferin_score	9.86833	2UUY_rec	2UUY_lig	swarm_22	11.0	5.0	
lightdock	luciferin_score	9.74913	2UUY_rec	2UUY_lig	swarm_22	12.0	1.0	
lightdock	luciferin_score	9.04402	2UUY_rec	2UUY_lig	swarm_22	13.0	4.0	
lightdock	luciferin_score	8.67032	2UUY_rec	2UUY_lig	swarm_22	14.0	2.0	
lightdock	luciferin_score	8.53004	2UUY_rec	2UUY_lig	swarm_22	15.0	2.0	
lightdock	luciferin_score	8.51514	2UUY_rec	2UUY_lig	swarm_22	16.0	2.0	
lightdock	luciferin_score	8.37202	2UUY_rec	2UUY_lig	swarm_22	17.0	5.0	
lightdock	luciferin_score	8.15299	2UUY_rec	2UUY_lig	swarm_22	18.0	1.0	
lightdock	luciferin_score	7.76015	2UUY_rec	2UUY_lig	swarm_22	19.0	7.0	
lightdock	luciferin_score	7.75641	2UUY_rec	2UUY_lig	swarm_22	20.0	1.0	
lightdock	luciferin_score	7.70457	2UUY_rec	2UUY_lig	swarm_22	21.0	7.0	
lightdock	luciferin_score	7.64597	2UUY_rec	2UUY_lig	swarm_22	22.0	1.0	
lightdock	luciferin_score	7.39443	2UUY_rec	2UUY_lig	swarm_22	23.0	2.0	
lightdock	luciferin_score	7.3631	2UUY_rec	2UUY_lig	swarm_22	24.0	3.0	
lightdock	luciferin_score	7.20515	2UUY_rec	2UUY_lig	swarm_22	25.0	2.0	
lightdock	luciferin_score	6.87566	2UUY_rec	2UUY_lig	swarm_22	26.0	3.0	
lightdock	luciferin_score	6.85385	2UUY_rec	2UUY_lig	swarm_22	27.0	2.0	
lightdock	luciferin_score	6.437	2UUY_rec	2UUY_lig	swarm_22	28.0	2.0	
lightdock	luciferin_score	5.50321	2UUY_rec	2UUY_lig	swarm_22	29.0	1.0	
lightdock	luciferin_score	5.4958	2UUY_rec	2UUY_lig	swarm_22	30.0	1.0	
lightdock	luciferin_score	5.47357	2UUY_rec	2UUY_lig	swarm_22	31.0	2.0	
lightdock	luciferin_score	5.42907	2UUY_rec	2UUY_lig	swarm_22	32.0	2.0	
lightdock	luciferin_score	5.42658	2UUY_rec	2UUY_lig	swarm_22	33.0	4.0	
lightdock	luciferin_score	5.27758	2UUY_rec	2UUY_lig	swarm_22	34.0	1.0	
lightdock	luciferin_score	5.19278	2UUY_rec	2UUY_lig	swarm_22	35.0	3.0	
lightdock	luciferin_score	5.17278	2UUY_rec	2UUY_lig	swarm_22	36.0	2.0	
lightdock	luciferin_score	4.64594	2UUY_rec	2UUY_lig	swarm_22	37.0	7.0	
lightdock	luciferin_score	4.30961	2UUY_rec	2UUY_lig	swarm_22	38.0	2.0	
lightdock	luciferin_score	4.30706	2UUY_rec	2UUY_lig	swarm_22	39.0	1.0	
lightdock	luciferin_score	3.87125	2UUY_rec	2UUY_lig	swarm_22	40.0	5.0	
lightdock	luciferin_score	3.65754	2UUY_rec	2UUY_lig	swarm_22	41.0	5.0	
lightdock	luciferin_score	3.25575	2UUY_rec	2UUY_lig	swarm_22	42.0	1.0	
lightdock	luciferin_score	3.05635	2UUY_rec	2UUY_lig	swarm_22	43.0	4.0	
lightdock	luciferin_score	1.30395	2UUY_rec	2UUY_lig	swarm_22	44.0	1.0	
lightdock	luciferin_score	0.20437	2UUY_rec	2UUY_lig	swarm_22	45.0	4.0	
lightdock	luciferin_score	-0.24065	2UUY_rec	2UUY_lig	swarm_22	46.0	2.0	
lightdock	luciferin_score	-1.44727	2UUY_rec	2UUY_lig	swarm_22	47.0	2.0	
lightdock	luciferin_score	-2.11743	2UUY_rec	2UUY_lig	swarm_22	48.0	1.0	
lightdock	luciferin_score	-2.56548	2UUY_rec	2UUY_lig	swarm_22	49.0	4.0	
lightdock	luciferin_score	-2.71955	2UUY_rec	2UUY_lig	swarm_22	50.0	1.0	
lightdock	luciferin_score	-3.29156	2UUY_rec	2UUY_lig	swarm_22	51.0	4.0	
lightdock	luciferin_score	-3.71379	2UUY_rec	2UUY_lig	swarm_22	52.0	1.0	
lightdock	luciferin_score	-4.16217	2UUY_rec	2UUY_lig	swarm_22	53.0	2.0	
lightdock	luciferin_score	-6.9382	2UUY_rec	2UUY_lig	swarm_22	54.0	1.0	
lightdock	luciferin_score	-7.6607	2UUY_rec	2UUY_lig	swarm_22	55.0	7.0	
lightdock	luciferin_score	-8.8536	2UUY_rec	2UUY_lig	swarm_22	56.0	3.0	
lightdock	luciferin_score	-8.96233	2UUY_rec	2UUY_lig	swarm_22	57.0	1.0	
lightdock	luciferin_score	-9.00429	2UUY_rec	2UUY_lig	swarm_22	58.0	4.0	
lightdock	luciferin_score	-13.2239	2UUY_rec	2UUY_lig	swarm_22	59.0	1.0	
lightdock	luciferin_score	-13.36333	2UUY_rec	2UUY_lig	swarm_22	60.0	4.0	
lightdock	luciferin_score	-17.10115	2UUY_rec	2UUY_lig	swarm_22	61.0	1.0	
lightdock	luciferin_score	-22.28995	2UUY_rec	2UUY_lig	swarm_22	62.0	1.0	
lightdock	luciferin_score	-23.63176	2UUY_rec	2UUY_lig	swarm_22	63.0	3.0	
lightdock	luciferin_score	-25.40107	2UUY_rec	2UUY_lig	swarm_22	64.0	1.0	
lightdock	luciferin_score	-29.7267	2UUY_rec	2UUY_lig	swarm_22	65.0	1.0	
lightdock	luciferin_score	-31.49695	2UUY_rec	2UUY_lig	swarm_22	66.0	1.0	
lightdock	luciferin_score	-31.84282	2UUY_rec	2UUY_lig	swarm_22	67.0	1.0	
lightdock	luciferin_score	-35.57661	2UUY_rec	2UUY_lig	swarm_22	68.0	1.0	
lightdock	luciferin_score	-36.00847	2UUY_rec	2UUY_lig	swarm_22	69.0	1.0	
lightdock	luciferin_score	19.31779	2UUY_rec	2UUY_lig	swarm_23	0.0	2.0	
lightdock	luciferin_score	19.17735	2UUY_rec	2UUY_lig	swarm_23	1.0	10.0	
lightdock	luciferin_score	17.44226	2UUY_rec	2UUY_lig	swarm_23	2.0	4.0	
lightdock	luciferin_score	16.83742	2UUY_rec	2UUY_lig	swarm_23	3.0	9.0	
lightdock	luciferin_score	16.27862	2UUY_rec	2UUY_lig	swarm_23	4.0	4.0	
lightdock	luciferin_score	15.86379	2UUY_rec	2UUY_lig	swarm_23	5.0	11.0	
lightdock	luciferin_score	15.18294	2UUY_rec	2UUY_lig	swarm_23	6.0	14.0	
lightdock	luciferin_score	14.13426	2UUY_rec	2UUY_lig	swarm_23	7.0	21.0	
lightdock	luciferin_score	13.50735	2UUY_rec	2UUY_lig	swarm_23	8.0	4.0	
lightdock	luciferin_score	12.87688	2UUY_rec	2UUY_lig	swarm_23	9.0	3.0	
lightdock	luciferin_score	12.7941	2UUY_rec	2UUY_lig	swarm_23	10.0	5.0	
lightdock	luciferin_score	12.39281	2UUY_rec	2UUY_lig	swarm_23	11.0	5.0	
lightdock	luciferin_score	12.01043	2UUY_rec	2UUY_lig	swarm_23	12.0	2.0	
lightdock	luciferin_score	11.42292	2UUY_rec	2UUY_lig	swarm_23	13.0	6.0	
lightdock	luciferin_score	11.23202	2UUY_rec	2UUY_lig	swarm_23	14.0	4.0	
lightdock	luciferin_score	11.1452	2UUY_rec	2UUY_lig	swarm_23	15.0	3.0	
lightdock	luciferin_score	11.1017	2UUY_rec	2UUY_lig	swarm_23	16.0	3.0	
lightdock	luciferin_score	10.95712	2UUY_rec	2UUY_lig	swarm_23	17.0	3.0	
lightdock	luciferin_score	10.22501	2UUY_rec	2UUY_lig	swarm_23	18.0	1.0	
lightdock	luciferin_score	9.09296	2UUY_rec	2UUY_lig	swarm_23	19.0	1.0	
lightdock	luciferin_score	9.00705	2UUY_rec	2UUY_lig	swarm_23	20.0	3.0	
lightdock	luciferin_score	8.57742	2UUY_rec	2UUY_lig	swarm_23	21.0	2.0	
lightdock	luciferin_score	8.08384	2UUY_rec	2UUY_lig	swarm_23	22.0	5.0	
lightdock	luciferin_score	7.87524	2UUY_rec	2UUY_lig	swarm_23	23.0	2.0	
lightdock	luciferin_score	6.58049	2UUY_rec	2UUY_lig	swarm_23	24.0	2.0	
lightdock	luciferin_score	6.49341	2UUY_rec	2UUY_lig	swarm_23	25.0	3.0	
lightdock	luciferin_score	5.84905	2UUY_rec	2UUY_lig	swarm_23	26.0	1.0	
lightdock	luciferin_score	3.85081	2UUY_rec	2UUY_lig	swarm_23	27.0	1.0	
lightdock	luciferin_score	3.19034	2UUY_rec	2UUY_lig	swarm_23	28.0	3.0	
lightdock	luciferin_score	3.03599	2UUY_rec	2UUY_lig	swarm_23	29.0	1.0	
lightdock	luciferin_score	1.84407	2UUY_rec	2UUY_lig	swarm_23	30.0	1.0	
lightdock	luciferin_score	-1.90964	2UUY_rec	2UUY_lig	swarm_23	31.0	1.0	
lightdock	luciferin_score	-2.55685	2UUY_rec	2UUY_lig	swarm_23	32.0	6.0	
lightdock	luciferin_score	-2.78428	2UUY_rec	2UUY_lig	swarm_23	33.0	7.0	
lightdock	luciferin_score	-5.24443	2UUY_rec	2UUY_lig	swarm_23	34.0	3.0	
lightdock	luciferin_score	-5.37746	2UUY_rec	2UUY_lig	swarm_23	35.0	2.0	
lightdock	luciferin_score	-7.07959	2UUY_rec	2UUY_lig	swarm_23	36.0	1.0	
lightdock	luciferin_score	-9.09874	2UUY_rec	2UUY_lig	swarm_23	37.0	4.0	
lightdock	luciferin_score	-9.61896	2UUY_rec	2UUY_lig	swarm_23	38.0	1.0	
lightdock	luciferin_score	-11.23453	2UUY_rec	2UUY_lig	swarm_23	39.0	3.0	
lightdock	luciferin_score	-13.39169	2UUY_rec	2UUY_lig	swarm_23	40.0	4.0	
lightdock	luciferin_score	-17.35939	2UUY_rec	2UUY_lig	swarm_23	41.0	1.0	
lightdock	luciferin_score	-17.4062	2UUY_rec	2UUY_lig	swarm_23	42.0	1.0	
lightdock	luciferin_score	-20.45324	2UUY_rec	2UUY_lig	swarm_23	43.0	1.0	
lightdock	luciferin_score	-20.69934	2UUY_rec	2UUY_lig	swarm_23	44.0	5.0	
lightdock	luciferin_score	-22.52395	2UUY_rec	2UUY_lig	swarm_23	45.0	1.0	
lightdock	luciferin_score	-23.97556	2UUY_rec	2UUY_lig	swarm_23	46.0	2.0	
lightdock	luciferin_score	-26.62038	2UUY_rec	2UUY_lig	swarm_23	47.0	1.0	
lightdock	luciferin_score	-28.66476	2UUY_rec	2UUY_lig	swarm_23	48.0	3.0	
lightdock	luciferin_score	-28.97077	2UUY_rec	2UUY_lig	swarm_23	49.0	1.0	
lightdock	luciferin_score	-36.03261	2UUY_rec	2UUY_lig	swarm_23	50.0	1.0	
lightdock	luciferin_score	-36.51272	2UUY_rec	2UUY_lig	swarm_23	51.0	1.0	
lightdock	luciferin_score	-47.77843	2UUY_rec	2UUY_lig	swarm_23	52.0	1.0	
lightdock	luciferin_score	-49.10181	2UUY_rec	2UUY_lig	swarm_23	53.0	1.0	
lightdock	luciferin_score	-49.99427	2UUY_rec	2UUY_lig	swarm_23	54.0	1.0	
lightdock	luciferin_score	-58.13674	2UUY_rec	2UUY_lig	swarm_23	55.0	2.0	
lightdock	luciferin_score	-64.36619	2UUY_rec	2UUY_lig	swarm_23	56.0	1.0	
lightdock	luciferin_score	-64.59452	2UUY_rec	2UUY_lig	swarm_23	57.0	1.0	
lightdock	luciferin_score	-65.95945	2UUY_rec	2UUY_lig	swarm_23	58.0	2.0	
lightdock	luciferin_score	-71.84952	2UUY_rec	2UUY_lig	swarm_23	59.0	1.0	
lightdock	luciferin_score	-86.83883	2UUY_rec	2UUY_lig	swarm_23	60.0	1.0	
lightdock	luciferin_score	18.14059	2UUY_rec	2UUY_lig	swarm_24	0.0	6.0	
lightdock	luciferin_score	16.86027	2UUY_rec	2UUY_lig	swarm_24	1.0	1.0	
lightdock	luciferin_score	15.95017	2UUY_rec	2UUY_lig	swarm_24	2.0	3.0	
lightdock	luciferin_score	15.15688	2UUY_rec	2UUY_lig	swarm_24	3.0	4.0	
lightdock	luciferin_score	15.13237	2UUY_rec	2UUY_lig	swarm_24	4.0	6.0	
lightdock	luciferin_score	15.0697	2UUY_rec	2UUY_lig	swarm_24	5.0	3.0	
lightdock	luciferin_score	14.48499	2UUY_rec	2UUY_lig	swarm_24	6.0	4.0	
lightdock	luciferin_score	14.38245	2UUY_rec	2UUY_lig	swarm_24	7.0	5.0	
lightdock	luciferin_score	13.84936	2UUY_rec	2UUY_lig	swarm_24	8.0	10.0	
lightdock	luciferin_score	13.1641	2UUY_rec	2UUY_lig	swarm_24	9.0	5.0	
lightdock	luciferin_score	13.12873	2UUY_rec	2UUY_lig	swarm_24	10.0	2.0	
lightdock	luciferin_score	12.43504	2UUY_rec	2UUY_lig	swarm_24	11.0	5.0	
lightdock	luciferin_score	12.22554	2UUY_rec	2UUY_lig	swarm_24	12.0	4.0	
lightdock	luciferin_score	11.56727	2UUY_rec	2UUY_lig	swarm_24	13.0	2.0	
lightdock	luciferin_score	11.36788	2UUY_rec	2UUY_lig	swarm_24	14.0	3.0	
lightdock	luciferin_score	11.27143	2UUY_rec	2UUY_lig	swarm_24	15.0	4.0	
lightdock	luciferin_score	11.17586	2UUY_rec	2UUY_lig	swarm_24	16.0	6.0	
lightdock	luciferin_score	11.1689	2UUY_rec	2UUY_lig	swarm_24	17.0	3.0	
lightdock	luciferin_score	10.52848	2UUY_rec	2UUY_lig	swarm_24	18.0	6.0	
lightdock	luciferin_score	9.89068	2UUY_rec	2UUY_lig	swarm_24	19.0	4.0	
lightdock	luciferin_score	9.86685	2UUY_rec	2UUY_lig	swarm_24	20.0	3.0	
lightdock	luciferin_score	9.86216	2UUY_rec	2UUY_lig	swarm_24	21.0	1.0	
lightdock	luciferin_score	9.84422	2UUY_rec	2UUY_lig	swarm_24	22.0	2.0	
lightdock	luciferin_score	9.70457	2UUY_rec	2UUY_lig	swarm_24	23.0	3.0	
lightdock	luciferin_score	9.64586	2UUY_rec	2UUY_lig	swarm_24	24.0	11.0	
lightdock	luciferin_score	9.53817	2UUY_rec	2UUY_lig	swarm_24	25.0	4.0	
lightdock	luciferin_score	9.23306	2UUY_rec	2UUY_lig	swarm_24	26.0	2.0	
lightdock	luciferin_score	8.91476	2UUY_rec	2UUY_lig	swarm_24	27.0	3.0	
lightdock	luciferin_score	8.91404	2UUY_rec	2UUY_lig	swarm_24	28.0	4.0	
lightdock	luciferin_score	8.87079	2UUY_rec	2UUY_lig	swarm_24	29.0	4.0	
lightdock	luciferin_score	8.60679	2UUY_rec	2UUY_lig	swarm_24	30.0	2.0	
lightdock	luciferin_score	8.36771	2UUY_rec	2UUY_lig	swarm_24	31.0	1.0	
lightdock	luciferin_score	8.08969	2UUY_rec	2UUY_lig	swarm_24	32.0	3.0	
lightdock	luciferin_score	8.0239	2UUY_rec	2UUY_lig	swarm_24	33.0	1.0	
lightdock	luciferin_score	7.97954	2UUY_rec	2UUY_lig	swarm_24	34.0	4.0	
lightdock	luciferin_score	7.8101	2UUY_rec	2UUY_lig	swarm_24	35.0	2.0	
lightdock	luciferin_score	7.61245	2UUY_rec	2UUY_lig	swarm_24	36.0	1.0	
lightdock	luciferin_score	7.52632	2UUY_rec	2UUY_lig	swarm_24	37.0	1.0	
lightdock	luciferin_score	7.32184	2UUY_rec	2UUY_lig	swarm_24	38.0	1.0	
lightdock	luciferin_score	7.23787	2UUY_rec	2UUY_lig	swarm_24	39.0	1.0	
lightdock	luciferin_score	7.17878	2UUY_rec	2UUY_lig	swarm_24	40.0	8.0	
lightdock	luciferin_score	6.37814	2UUY_rec	2UUY_lig	swarm_24	41.0	2.0	
lightdock	luciferin_score	6.22576	2UUY_rec	2UUY_lig	swarm_24	42.0	1.0	
lightdock	luciferin_score	5.48774	2UUY_rec	2UUY_lig	swarm_24	43.0	1.0	
lightdock	luciferin_score	5.46043	2UUY_rec	2UUY_lig	swarm_24	44.0	1.0	
lightdock	luciferin_score	5.44802	2UUY_rec	2UUY_lig	swarm_24	45.0	1.0	
lightdock	luciferin_score	5.24204	2UUY_rec	2UUY_lig	swarm_24	46.0	4.0	
lightdock	luciferin_score	3.75495	2UUY_rec	2UUY_lig	swarm_24	47.0	5.0	
lightdock	luciferin_score	3.21255	2UUY_rec	2UUY_lig	swarm_24	48.0	1.0	
lightdock	luciferin_score	2.13384	2UUY_rec	2UUY_lig	swarm_24	49.0	2.0	
lightdock	luciferin_score	0.62152	2UUY_rec	2UUY_lig	swarm_24	50.0	2.0	
lightdock	luciferin_score	0.45058	2UUY_rec	2UUY_lig	swarm_24	51.0	1.0	
lightdock	luciferin_score	0.14901	2UUY_rec	2UUY_lig	swarm_24	52.0	1.0	
lightdock	luciferin_score	-0.16539	2UUY_rec	2UUY_lig	swarm_24	53.0	2.0	
lightdock	luciferin_score	-0.21241	2UUY_rec	2UUY_lig	swarm_24	54.0	1.0	
lightdock	luciferin_score	-1.34925	2UUY_rec	2UUY_lig	swarm_24	55.0	2.0	
lightdock	luciferin_score	-3.05185	2UUY_rec	2UUY_lig	swarm_24	56.0	2.0	
lightdock	luciferin_score	-3.08862	2UUY_rec	2UUY_lig	swarm_24	57.0	2.0	
lightdock	luciferin_score	-4.21946	2UUY_rec	2UUY_lig	swarm_24	58.0	2.0	
lightdock	luciferin_score	-5.57316	2UUY_rec	2UUY_lig	swarm_24	59.0	1.0	
lightdock	luciferin_score	-7.27374	2UUY_rec	2UUY_lig	swarm_24	60.0	1.0	
lightdock	luciferin_score	-10.20283	2UUY_rec	2UUY_lig	swarm_24	61.0	1.0	
lightdock	luciferin_score	-14.98342	2UUY_rec	2UUY_lig	swarm_24	62.0	1.0	
lightdock	luciferin_score	-19.44482	2UUY_rec	2UUY_lig	swarm_24	63.0	1.0	
lightdock	luciferin_score	-19.93127	2UUY_rec	2UUY_lig	swarm_24	64.0	1.0	
lightdock	luciferin_score	-20.52074	2UUY_rec	2UUY_lig	swarm_24	65.0	1.0	
lightdock	luciferin_score	-24.93098	2UUY_rec	2UUY_lig	swarm_24	66.0	4.0	
lightdock	luciferin_score	-28.16229	2UUY_rec	2UUY_lig	swarm_24	67.0	1.0	
lightdock	luciferin_score	-29.39752	2UUY_rec	2UUY_lig	swarm_24	68.0	2.0	
lightdock	luciferin_score	-33.3227	2UUY_rec	2UUY_lig	swarm_24	69.0	1.0	
lightdock	luciferin_score	-40.67958	2UUY_rec	2UUY_lig	swarm_24	70.0	2.0	
lightdock	luciferin_score	-47.16135	2UUY_rec	2UUY_lig	swarm_24	71.0	1.0	
lightdock	luciferin_score	-52.98875	2UUY_rec	2UUY_lig	swarm_24	72.0	1.0	
lightdock	luciferin_score	15.42513	2UUY_rec	2UUY_lig	swarm_25	0.0	11.0	
lightdock	luciferin_score	14.73584	2UUY_rec	2UUY_lig	swarm_25	1.0	9.0	
lightdock	luciferin_score	14.52147	2UUY_rec	2UUY_lig	swarm_25	2.0	2.0	
lightdock	luciferin_score	14.42137	2UUY_rec	2UUY_lig	swarm_25	3.0	4.0	
lightdock	luciferin_score	14.39099	2UUY_rec	2UUY_lig	swarm_25	4.0	6.0	
lightdock	luciferin_score	13.9648	2UUY_rec	2UUY_lig	swarm_25	5.0	3.0	
lightdock	luciferin_score	13.63933	2UUY_rec	2UUY_lig	swarm_25	6.0	8.0	
lightdock	luciferin_score	13.36533	2UUY_rec	2UUY_lig	swarm_25	7.0	1.0	
lightdock	luciferin_score	12.88342	2UUY_rec	2UUY_lig	swarm_25	8.0	7.0	
lightdock	luciferin_score	12.18075	2UUY_rec	2UUY_lig	swarm_25	9.0	4.0	
lightdock	luciferin_score	12.11302	2UUY_rec	2UUY_lig	swarm_25	10.0	7.0	
lightdock	luciferin_score	12.08666	2UUY_rec	2UUY_lig	swarm_25	11.0	4.0	
lightdock	luciferin_score	11.99162	2UUY_rec	2UUY_lig	swarm_25	12.0	1.0	
lightdock	luciferin_score	11.86609	2UUY_rec	2UUY_lig	swarm_25	13.0	3.0	
lightdock	luciferin_score	11.63764	2UUY_rec	2UUY_lig	swarm_25	14.0	7.0	
lightdock	luciferin_score	11.2356	2UUY_rec	2UUY_lig	swarm_25	15.0	3.0	
lightdock	luciferin_score	11.11199	2UUY_rec	2UUY_lig	swarm_25	16.0	2.0	
lightdock	luciferin_score	10.87804	2UUY_rec	2UUY_lig	swarm_25	17.0	5.0	
lightdock	luciferin_score	10.84006	2UUY_rec	2UUY_lig	swarm_25	18.0	5.0	
lightdock	luciferin_score	10.64676	2UUY_rec	2UUY_lig	swarm_25	19.0	6.0	
lightdock	luciferin_score	10.57846	2UUY_rec	2UUY_lig	swarm_25	20.0	1.0	
lightdock	luciferin_score	10.47197	2UUY_rec	2UUY_lig	swarm_25	21.0	1.0	
lightdock	luciferin_score	10.44588	2UUY_rec	2UUY_lig	swarm_25	22.0	1.0	
lightdock	luciferin_score	9.85061	2UUY_rec	2UUY_lig	swarm_25	23.0	6.0	
lightdock	luciferin_score	9.77741	2UUY_rec	2UUY_lig	swarm_25	24.0	2.0	
lightdock	luciferin_score	9.62439	2UUY_rec	2UUY_lig	swarm_25	25.0	5.0	
lightdock	luciferin_score	9.47815	2UUY_rec	2UUY_lig	swarm_25	26.0	2.0	
lightdock	luciferin_score	9.44913	2UUY_rec	2UUY_lig	swarm_25	27.0	1.0	
lightdock	luciferin_score	9.16839	2UUY_rec	2UUY_lig	swarm_25	28.0	1.0	
lightdock	luciferin_score	8.60382	2UUY_rec	2UUY_lig	swarm_25	29.0	1.0	
lightdock	luciferin_score	7.53581	2UUY_rec	2UUY_lig	swarm_25	30.0	1.0	
lightdock	luciferin_score	7.15237	2UUY_rec	2UUY_lig	swarm_25	31.0	1.0	
lightdock	luciferin_score	6.04597	2UUY_rec	2UUY_lig	swarm_25	32.0	1.0	
lightdock	luciferin_score	5.56614	2UUY_rec	2UUY_lig	swarm_25	33.0	1.0	
lightdock	luciferin_score	5.47878	2UUY_rec	2UUY_lig	swarm_25	34.0	2.0	
lightdock	luciferin_score	5.36019	2UUY_rec	2UUY_lig	swarm_25	35.0	1.0	
lightdock	luciferin_score	4.91065	2UUY_rec	2UUY_lig	swarm_25	36.0	1.0	
lightdock	luciferin_score	3.81688	2UUY_rec	2UUY_lig	swarm_25	37.0	1.0	
lightdock	luciferin_score	2.47101	2UUY_rec	2UUY_lig	swarm_25	38.0	1.0	
lightdock	luciferin_score	1.94503	2UUY_rec	2UUY_lig	swarm_25	39.0	1.0	
lightdock	luciferin_score	1.84499	2UUY_rec	2UUY_lig	swarm_25	40.0	7.0	
lightdock	luciferin_score	1.55998	2UUY_rec	2UUY_lig	swarm_25	41.0	4.0	
lightdock	luciferin_score	1.39364	2UUY_rec	2UUY_lig	swarm_25	42.0	4.0	
lightdock	luciferin_score	0.80274	2UUY_rec	2UUY_lig	swarm_25	43.0	6.0	
lightdock	luciferin_score	-2.99238	2UUY_rec	2UUY_lig	swarm_25	44.0	2.0	
lightdock	luciferin_score	-4.08445	2UUY_rec	2UUY_lig	swarm_25	45.0	2.0	
lightdock	luciferin_score	-4.53144	2UUY_rec	2UUY_lig	swarm_25	46.0	4.0	
lightdock	luciferin_score	-7.54613	2UUY_rec	2UUY_lig	swarm_25	47.0	1.0	
lightdock	luciferin_score	-9.37875	2UUY_rec	2UUY_lig	swarm_25	48.0	1.0	
lightdock	luciferin_score	-9.84316	2UUY_rec	2UUY_lig	swarm_25	49.0	1.0	
lightdock	luciferin_score	-10.83718	2UUY_rec	2UUY_lig	swarm_25	50.0	1.0	
lightdock	luciferin_score	-13.15795	2UUY_rec	2UUY_lig	swarm_25	51.0	3.0	
lightdock	luciferin_score	-16.48868	2UUY_rec	2UUY_lig	swarm_25	52.0	2.0	
lightdock	luciferin_score	-16.59068	2UUY_rec	2UUY_lig	swarm_25	53.0	6.0	
lightdock	luciferin_score	-23.10469	2UUY_rec	2UUY_lig	swarm_25	54.0	1.0	
lightdock	luciferin_score	-26.18763	2UUY_rec	2UUY_lig	swarm_25	55.0	1.0	
lightdock	luciferin_score	-30.57365	2UUY_rec	2UUY_lig	swarm_25	56.0	1.0	
lightdock	luciferin_score	-31.57469	2UUY_rec	2UUY_lig	swarm_25	57.0	1.0	
lightdock	luciferin_score	-31.83407	2UUY_rec	2UUY_lig	swarm_25	58.0	3.0	
lightdock	luciferin_score	-34.15711	2UUY_rec	2UUY_lig	swarm_25	59.0	4.0	
lightdock	luciferin_score	-34.48801	2UUY_rec	2UUY_lig	swarm_25	60.0	1.0	
lightdock	luciferin_score	-36.86237	2UUY_rec	2UUY_lig	swarm_25	61.0	1.0	
lightdock	luciferin_score	-37.34628	2UUY_rec	2UUY_lig	swarm_25	62.0	1.0	
lightdock	luciferin_score	-40.11741	2UUY_rec	2UUY_lig	swarm_25	63.0	1.0	
lightdock	luciferin_score	-41.01827	2UUY_rec	2UUY_lig	swarm_25	64.0	3.0	
lightdock	luciferin_score	-41.56482	2UUY_rec	2UUY_lig	swarm_25	65.0	1.0	
lightdock	luciferin_score	-48.32295	2UUY_rec	2UUY_lig	swarm_25	66.0	1.0	
lightdock	luciferin_score	-53.39498	2UUY_rec	2UUY_lig	swarm_25	67.0	3.0	
lightdock	luciferin_score	-63.99518	2UUY_rec	2UUY_lig	swarm_25	68.0	2.0	
lightdock	luciferin_score	-69.47656	2UUY_rec	2UUY_lig	swarm_25	69.0	1.0	
lightdock	luciferin_score	19.08606	2UUY_rec	2UUY_lig	swarm_26	0.0	5.0	
lightdock	luciferin_score	18.31285	2UUY_rec	2UUY_lig	swarm_26	1.0	4.0	
lightdock	luciferin_score	16.08976	2UUY_rec	2UUY_lig	swarm_26	2.0	4.0	
lightdock	luciferin_score	14.89145	2UUY_rec	2UUY_lig	swarm_26	3.0	9.0	
lightdock	luciferin_score	14.2102	2UUY_rec	2UUY_lig	swarm_26	4.0	5.0	
lightdock	luciferin_score	13.91161	2UUY_rec	2UUY_lig	swarm_26	5.0	8.0	
lightdock	luciferin_score	13.77544	2UUY_rec	2UUY_lig	swarm_26	6.0	9.0	
lightdock	luciferin_score	13.61553	2UUY_rec	2UUY_lig	swarm_26	7.0	1.0	
lightdock	luciferin_score	13.21654	2UUY_rec	2UUY_lig	swarm_26	8.0	7.0	
lightdock	luciferin_score	12.95109	2UUY_rec	2UUY_lig	swarm_26	9.0	5.0	
lightdock	luciferin_score	12.75105	2UUY_rec	2UUY_lig	swarm_26	10.0	7.0	
lightdock	luciferin_score	11.8913	2UUY_rec	2UUY_lig	swarm_26	11.0	3.0	
lightdock	luciferin_score	11.35075	2UUY_rec	2UUY_lig	swarm_26	12.0	4.0	
lightdock	luciferin_score	11.14078	2UUY_rec	2UUY_lig	swarm_26	13.0	5.0	
lightdock	luciferin_score	11.12384	2UUY_rec	2UUY_lig	swarm_26	14.0	7.0	
lightdock	luciferin_score	10.58146	2UUY_rec	2UUY_lig	swarm_26	15.0	2.0	
lightdock	luciferin_score	10.19725	2UUY_rec	2UUY_lig	swarm_26	16.0	5.0	
lightdock	luciferin_score	10.13034	2UUY_rec	2UUY_lig	swarm_26	17.0	1.0	
lightdock	luciferin_score	9.83139	2UUY_rec	2UUY_lig	swarm_26	18.0	5.0	
lightdock	luciferin_score	9.7809	2UUY_rec	2UUY_lig	swarm_26	19.0	1.0	
lightdock	luciferin_score	9.62033	2UUY_rec	2UUY_lig	swarm_26	20.0	1.0	
lightdock	luciferin_score	9.60587	2UUY_rec	2UUY_lig	swarm_26	21.0	9.0	
lightdock	luciferin_score	9.49894	2UUY_rec	2UUY_lig	swarm_26	22.0	8.0	
lightdock	luciferin_score	9.42675	2UUY_rec	2UUY_lig	swarm_26	23.0	5.0	
lightdock	luciferin_score	9.12099	2UUY_rec	2UUY_lig	swarm_26	24.0	1.0	
lightdock	luciferin_score	9.07453	2UUY_rec	2UUY_lig	swarm_26	25.0	2.0	
lightdock	luciferin_score	8.95878	2UUY_rec	2UUY_lig	swarm_26	26.0	2.0	
lightdock	luciferin_score	8.89917	2UUY_rec	2UUY_lig	swarm_26	27.0	2.0	
lightdock	luciferin_score	8.33465	2UUY_rec	2UUY_lig	swarm_26	28.0	1.0	
lightdock	luciferin_score	8.15636	2UUY_rec	2UUY_lig	swarm_26	29.0	3.0	
lightdock	luciferin_score	8.09082	2UUY_rec	2UUY_lig	swarm_26	30.0	2.0	
lightdock	luciferin_score	7.52926	2UUY_rec	2UUY_lig	swarm_26	31.0	5.0	
lightdock	luciferin_score	7.38686	2UUY_rec	2UUY_lig	swarm_26	32.0	1.0	
lightdock	luciferin_score	7.05183	2UUY_rec	2UUY_lig	swarm_26	33.0	1.0	
lightdock	luciferin_score	6.97681	2UUY_rec	2UUY_lig	swarm_26	34.0	2.0	
lightdock	luciferin_score	6.72099	2UUY_rec	2UUY_lig	swarm_26	35.0	2.0	
lightdock	luciferin_score	6.71219	2UUY_rec	2UUY_lig	swarm_26	36.0	2.0	
lightdock	luciferin_score	6.69799	2UUY_rec	2UUY_lig	swarm_26	37.0	2.0	
lightdock	luciferin_score	5.87349	2UUY_rec	2UUY_lig	swarm_26	38.0	6.0	
lightdock	luciferin_score	5.6739	2UUY_rec	2UUY_lig	swarm_26	39.0	1.0	
lightdock	luciferin_score	5.5542	2UUY_rec	2UUY_lig	swarm_26	40.0	1.0	
lightdock	luciferin_score	3.17476	2UUY_rec	2UUY_lig	swarm_26	41.0	1.0	
lightdock	luciferin_score	1.61546	2UUY_rec	2UUY_lig	swarm_26	42.0	6.0	
lightdock	luciferin_score	1.59319	2UUY_rec	2UUY_lig	swarm_26	43.0	1.0	
lightdock	luciferin_score	0.43144	2UUY_rec	2UUY_lig	swarm_26	44.0	1.0	
lightdock	luciferin_score	-2.55321	2UUY_rec	2UUY_lig	swarm_26	45.0	5.0	
lightdock	luciferin_score	-3.92565	2UUY_rec	2UUY_lig	swarm_26	46.0	1.0	
lightdock	luciferin_score	-5.46468	2UUY_rec	2UUY_lig	swarm_26	47.0	4.0	
lightdock	luciferin_score	-9.0547	2UUY_rec	2UUY_lig	swarm_26	48.0	1.0	
lightdock	luciferin_score	-9.35025	2UUY_rec	2UUY_lig	swarm_26	49.0	2.0	
lightdock	luciferin_score	-11.44578	2UUY_rec	2UUY_lig	swarm_26	50.0	3.0	
lightdock	luciferin_score	-14.13345	2UUY_rec	2UUY_lig	swarm_26	51.0	1.0	
lightdock	luciferin_score	-14.20295	2UUY_rec	2UUY_lig	swarm_26	52.0	4.0	
lightdock	luciferin_score	-14.6457	2UUY_rec	2UUY_lig	swarm_26	53.0	2.0	
lightdock	luciferin_score	-17.74074	2UUY_rec	2UUY_lig	swarm_26	54.0	1.0	
lightdock	luciferin_score	-23.52589	2UUY_rec	2UUY_lig	swarm_26	55.0	1.0	
lightdock	luciferin_score	-25.62788	2UUY_rec	2UUY_lig	swarm_26	56.0	2.0	
lightdock	luciferin_score	-27.68622	2UUY_rec	2UUY_lig	swarm_26	57.0	5.0	
lightdock	luciferin_score	-37.15714	2UUY_rec	2UUY_lig	swarm_26	58.0	1.0	
lightdock	luciferin_score	-41.98281	2UUY_rec	2UUY_lig	swarm_26	59.0	1.0	
lightdock	luciferin_score	-55.81435	2UUY_rec	2UUY_lig	swarm_26	60.0	1.0	
lightdock	luciferin_score	17.19904	2UUY_rec	2UUY_lig	swarm_27	0.0	5.0	
lightdock	luciferin_score	12.76514	2UUY_rec	2UUY_lig	swarm_27	1.0	5.0	
lightdock	luciferin_score	12.72085	2UUY_rec	2UUY_lig	swarm_27	2.0	14.0	
lightdock	luciferin_score	11.98243	2UUY_rec	2UUY_lig	swarm_27	3.0	8.0	
lightdock	luciferin_score	11.15	2UUY_rec	2UUY_lig	swarm_27	4.0	8.0	
lightdock	luciferin_score	10.58418	2UUY_rec	2UUY_lig	swarm_27	5.0	8.0	
lightdock	luciferin_score	10.52344	2UUY_rec	2UUY_lig	swarm_27	6.0	4.0	
lightdock	luciferin_score	10.37924	2UUY_rec	2UUY_lig	swarm_27	7.0	3.0	
lightdock	luciferin_score	10.35784	2UUY_rec	2UUY_lig	swarm_27	8.0	1.0	
lightdock	luciferin_score	10.28455	2UUY_rec	2UUY_lig	swarm_27	9.0	4.0	
lightdock	luciferin_score	10.21504	2UUY_rec	2UUY_lig	swarm_27	10.0	1.0	
lightdock	luciferin_score	10.15217	2UUY_rec	2UUY_lig	swarm_27	11.0	1.0	
lightdock	luciferin_score	9.88696	2UUY_rec	2UUY_lig	swarm_27	12.0	7.0	
lightdock	luciferin_score	9.86582	2UUY_rec	2UUY_lig	swarm_27	13.0	10.0	
lightdock	luciferin_score	9.56417	2UUY_rec	2UUY_lig	swarm_27	14.0	4.0	
lightdock	luciferin_score	9.39402	2UUY_rec	2UUY_lig	swarm_27	15.0	4.0	
lightdock	luciferin_score	9.32286	2UUY_rec	2UUY_lig	swarm_27	16.0	11.0	
lightdock	luciferin_score	9.21505	2UUY_rec	2UUY_lig	swarm_27	17.0	1.0	
lightdock	luciferin_score	9.05038	2UUY_rec	2UUY_lig	swarm_27	18.0	3.0	
lightdock	luciferin_score	8.91651	2UUY_rec	2UUY_lig	swarm_27	19.0	6.0	
lightdock	luciferin_score	8.81597	2UUY_rec	2UUY_lig	swarm_27	20.0	2.0	
lightdock	luciferin_score	8.77605	2UUY_rec	2UUY_lig	swarm_27	21.0	3.0	
lightdock	luciferin_score	8.6066	2UUY_rec	2UUY_lig	swarm_27	22.0	2.0	
lightdock	luciferin_score	8.53235	2UUY_rec	2UUY_lig	swarm_27	23.0	1.0	
lightdock	luciferin_score	8.50261	2UUY_rec	2UUY_lig	swarm_27	24.0	2.0	
lightdock	luciferin_score	8.49761	2UUY_rec	2UUY_lig	swarm_27	25.0	5.0	
lightdock	luciferin_score	8.413	2UUY_rec	2UUY_lig	swarm_27	26.0	1.0	
lightdock	luciferin_score	8.40889	2UUY_rec	2UUY_lig	swarm_27	27.0	2.0	
lightdock	luciferin_score	8.25771	2UUY_rec	2UUY_lig	swarm_27	28.0	6.0	
lightdock	luciferin_score	8.04262	2UUY_rec	2UUY_lig	swarm_27	29.0	3.0	
lightdock	luciferin_score	8.0231	2UUY_rec	2UUY_lig	swarm_27	30.0	3.0	
lightdock	luciferin_score	8.02257	2UUY_rec	2UUY_lig	swarm_27	31.0	2.0	
lightdock	luciferin_score	7.922	2UUY_rec	2UUY_lig	swarm_27	32.0	3.0	
lightdock	luciferin_score	7.90942	2UUY_rec	2UUY_lig	swarm_27	33.0	1.0	
lightdock	luciferin_score	7.82208	2UUY_rec	2UUY_lig	swarm_27	34.0	1.0	
lightdock	luciferin_score	7.63356	2UUY_rec	2UUY_lig	swarm_27	35.0	1.0	
lightdock	luciferin_score	7.30689	2UUY_rec	2UUY_lig	swarm_27	36.0	1.0	
lightdock	luciferin_score	7.23253	2UUY_rec	2UUY_lig	swarm_27	37.0	2.0	
lightdock	luciferin_score	7.1694	2UUY_rec	2UUY_lig	swarm_27	38.0	2.0	
lightdock	luciferin_score	6.96289	2UUY_rec	2UUY_lig	swarm_27	39.0	2.0	
lightdock	luciferin_score	6.6776	2UUY_rec	2UUY_lig	swarm_27	40.0	1.0	
lightdock	luciferin_score	6.12242	2UUY_rec	2UUY_lig	swarm_27	41.0	1.0	
lightdock	luciferin_score	6.06692	2UUY_rec	2UUY_lig	swarm_27	42.0	1.0	
lightdock	luciferin_score	6.02371	2UUY_rec	2UUY_lig	swarm_27	43.0	4.0	
lightdock	luciferin_score	5.89864	2UUY_rec	2UUY_lig	swarm_27	44.0	2.0	
lightdock	luciferin_score	5.77606	2UUY_rec	2UUY_lig	swarm_27	45.0	7.0	
lightdock	luciferin_score	4.87789	2UUY_rec	2UUY_lig	swarm_27	46.0	1.0	
lightdock	luciferin_score	1.45242	2UUY_rec	2UUY_lig	swarm_27	47.0	1.0	
lightdock	luciferin_score	0.50342	2UUY_rec	2UUY_lig	swarm_27	48.0	1.0	
lightdock	luciferin_score	-1.19733	2UUY_rec	2UUY_lig	swarm_27	49.0	7.0	
lightdock	luciferin_score	-2.85214	2UUY_rec	2UUY_lig	swarm_27	50.0	1.0	
lightdock	luciferin_score	-6.41751	2UUY_rec	2UUY_lig	swarm_27	51.0	2.0	
lightdock	luciferin_score	-6.65452	2UUY_rec	2UUY_lig	swarm_27	52.0	3.0	
lightdock	luciferin_score	-11.32962	2UUY_rec	2UUY_lig	swarm_27	53.0	2.0	
lightdock	luciferin_score	-13.14242	2UUY_rec	2UUY_lig	swarm_27	54.0	1.0	
lightdock	luciferin_score	-14.84849	2UUY_rec	2UUY_lig	swarm_27	55.0	3.0	
lightdock	luciferin_score	-23.44503	2UUY_rec	2UUY_lig	swarm_27	56.0	4.0	
lightdock	luciferin_score	-36.37594	2UUY_rec	2UUY_lig	swarm_27	57.0	1.0	
lightdock	luciferin_score	-44.32976	2UUY_rec	2UUY_lig	swarm_27	58.0	1.0	
lightdock	luciferin_score	-46.41837	2UUY_rec	2UUY_lig	swarm_27	59.0	1.0	
lightdock	luciferin_score	-48.93148	2UUY_rec	2UUY_lig	swarm_27	60.0	1.0	
lightdock	luciferin_score	-54.3928	2UUY_rec	2UUY_lig	swarm_27	61.0	1.0	
lightdock	luciferin_score	19.32013	2UUY_rec	2UUY_lig	swarm_28	0.0	3.0	
lightdock	luciferin_score	17.67697	2UUY_rec	2UUY_lig	swarm_28	1.0	5.0	
lightdock	luciferin_score	16.63813	2UUY_rec	2UUY_lig	swarm_28	2.0	5.0	
lightdock	luciferin_score	15.14477	2UUY_rec	2UUY_lig	swarm_28	3.0	4.0	
lightdock	luciferin_score	13.91847	2UUY_rec	2UUY_lig	swarm_28	4.0	4.0	
lightdock	luciferin_score	13.82611	2UUY_rec	2UUY_lig	swarm_28	5.0	1.0	
lightdock	luciferin_score	13.34831	2UUY_rec	2UUY_lig	swarm_28	6.0	4.0	
lightdock	luciferin_score	12.80499	2UUY_rec	2UUY_lig	swarm_28	7.0	6.0	
lightdock	luciferin_score	12.76298	2UUY_rec	2UUY_lig	swarm_28	8.0	4.0	
lightdock	luciferin_score	12.55581	2UUY_rec	2UUY_lig	swarm_28	9.0	4.0	
lightdock	luciferin_score	12.49148	2UUY_rec	2UUY_lig	swarm_28	10.0	5.0	
lightdock	luciferin_score	12.47956	2UUY_rec	2UUY_lig	swarm_28	11.0	5.0	
lightdock	luciferin_score	12.24736	2UUY_rec	2UUY_lig	swarm_28	12.0	2.0	
lightdock	luciferin_score	12.16055	2UUY_rec	2UUY_lig	swarm_28	13.0	3.0	
lightdock	luciferin_score	11.57879	2UUY_rec	2UUY_lig	swarm_28	14.0	7.0	
lightdock	luciferin_score	11.14316	2UUY_rec	2UUY_lig	swarm_28	15.0	1.0	
lightdock	luciferin_score	11.11789	2UUY_rec	2UUY_lig	swarm_28	16.0	2.0	
lightdock	luciferin_score	10.97043	2UUY_rec	2UUY_lig	swarm_28	17.0	4.0	
lightdock	luciferin_score	10.94166	2UUY_rec	2UUY_lig	swarm_28	18.0	4.0	
lightdock	luciferin_score	10.84209	2UUY_rec	2UUY_lig	swarm_28	19.0	2.0	
lightdock	luciferin_score	10.84013	2UUY_rec	2UUY_lig	swarm_28	20.0	1.0	
lightdock	luciferin_score	10.62608	2UUY_rec	2UUY_lig	swarm_28	21.0	1.0	
lightdock	luciferin_score	9.96383	2UUY_rec	2UUY_lig	swarm_28	22.0	2.0	
lightdock	luciferin_score	9.54383	2UUY_rec	2UUY_lig	swarm_28	23.0	2.0	
lightdock	luciferin_score	9.48944	2UUY_rec	2UUY_lig	swarm_28	24.0	2.0	
lightdock	luciferin_score	9.48861	2UUY_rec	2UUY_lig	swarm_28	25.0	8.0	
lightdock	luciferin_score	9.48122	2UUY_rec	2UUY_lig	swarm_28	26.0	3.0	
lightdock	luciferin_score	9.31896	2UUY_rec	2UUY_lig	swarm_28	27.0	1.0	
lightdock	luciferin_score	8.85967	2UUY_rec	2UUY_lig	swarm_28	28.0	5.0	
lightdock	luciferin_score	8.39131	2UUY_rec	2UUY_lig	swarm_28	29.0	2.0	
lightdock	luciferin_score	7.9935	2UUY_rec	2UUY_lig	swarm_28	30.0	2.0	
lightdock	luciferin_score	7.62891	2UUY_rec	2UUY_lig	swarm_28	31.0	8.0	
lightdock	luciferin_score	6.83342	2UUY_rec	2UUY_lig	swarm_28	32.0	1.0	
lightdock	luciferin_score	5.9679	2UUY_rec	2UUY_lig	swarm_28	33.0	1.0	
lightdock	luciferin_score	5.92677	2UUY_rec	2UUY_lig	swarm_28	34.0	2.0	
lightdock	luciferin_score	4.94228	2UUY_rec	2UUY_lig	swarm_28	35.0	2.0	
lightdock	luciferin_score	3.35768	2UUY_rec	2UUY_lig	swarm_28	36.0	2.0	
lightdock	luciferin_score	2.8975	2UUY_rec	2UUY_lig	swarm_28	37.0	3.0	
lightdock	luciferin_score	2.66271	2UUY_rec	2UUY_lig	swarm_28	38.0	4.0	
lightdock	luciferin_score	1.92533	2UUY_rec	2UUY_lig	swarm_28	39.0	9.0	
lightdock	luciferin_score	1.84646	2UUY_rec	2UUY_lig	swarm_28	40.0	1.0	
lightdock	luciferin_score	0.94343	2UUY_rec	2UUY_lig	swarm_28	41.0	2.0	
lightdock	luciferin_score	0.47424	2UUY_rec	2UUY_lig	swarm_28	42.0	4.0	
lightdock	luciferin_score	-0.35466	2UUY_rec	2UUY_lig	swarm_28	43.0	1.0	
lightdock	luciferin_score	-2.42345	2UUY_rec	2UUY_lig	swarm_28	44.0	1.0	
lightdock	luciferin_score	-4.06638	2UUY_rec	2UUY_lig	swarm_28	45.0	7.0	
lightdock	luciferin_score	-4.15955	2UUY_rec	2UUY_lig	swarm_28	46.0	4.0	
lightdock	luciferin_score	-4.56334	2UUY_rec	2UUY_lig	swarm_28	47.0	8.0	
lightdock	luciferin_score	-8.02832	2UUY_rec	2UUY_lig	swarm_28	48.0	2.0	
lightdock	luciferin_score	-8.69167	2UUY_rec	2UUY_lig	swarm_28	49.0	3.0	
lightdock	luciferin_score	-12.01771	2UUY_rec	2UUY_lig	swarm_28	50.0	6.0	
lightdock	luciferin_score	-15.77198	2UUY_rec	2UUY_lig	swarm_28	51.0	1.0	
lightdock	luciferin_score	-16.96084	2UUY_rec	2UUY_lig	swarm_28	52.0	1.0	
lightdock	luciferin_score	-17.54748	2UUY_rec	2UUY_lig	swarm_28	53.0	2.0	
lightdock	luciferin_score	-17.92563	2UUY_rec	2UUY_lig	swarm_28	54.0	1.0	
lightdock	luciferin_score	-20.04344	2UUY_rec	2UUY_lig	swarm_28	55.0	3.0	
lightdock	luciferin_score	-22.09366	2UUY_rec	2UUY_lig	swarm_28	56.0	2.0	
lightdock	luciferin_score	-22.71191	2UUY_rec	2UUY_lig	swarm_28	57.0	1.0	
lightdock	luciferin_score	-30.41142	2UUY_rec	2UUY_lig	swarm_28	58.0	1.0	
lightdock	luciferin_score	-31.97897	2UUY_rec	2UUY_lig	swarm_28	59.0	1.0	
lightdock	luciferin_score	-33.52899	2UUY_rec	2UUY_lig	swarm_28	60.0	1.0	
lightdock	luciferin_score	-33.7593	2UUY_rec	2UUY_lig	swarm_28	61.0	2.0	
lightdock	luciferin_score	-39.55199	2UUY_rec	2UUY_lig	swarm_28	62.0	3.0	
lightdock	luciferin_score	-59.1283	2UUY_rec	2UUY_lig	swarm_28	63.0	1.0	
lightdock	luciferin_score	-64.679	2UUY_rec	2UUY_lig	swarm_28	64.0	1.0	
lightdock	luciferin_score	-67.64935	2UUY_rec	2UUY_lig	swarm_28	65.0	1.0	
lightdock	luciferin_score	-72.0766	2UUY_rec	2UUY_lig	swarm_28	66.0	1.0	
lightdock	luciferin_score	-81.99945	2UUY_rec	2UUY_lig	swarm_28	67.0	1.0	
lightdock	luciferin_score	-103.2492	2UUY_rec	2UUY_lig	swarm_28	68.0	1.0	
lightdock	luciferin_score	16.80002	2UUY_rec	2UUY_lig	swarm_29	0.0	2.0	
lightdock	luciferin_score	16.59912	2UUY_rec	2UUY_lig	swarm_29	1.0	9.0	
lightdock	luciferin_score	15.6467	2UUY_rec	2UUY_lig	swarm_29	2.0	4.0	
lightdock	luciferin_score	15.4568	2UUY_rec	2UUY_lig	swarm_29	3.0	11.0	
lightdock	luciferin_score	14.75116	2UUY_rec	2UUY_lig	swarm_29	4.0	14.0	
lightdock	luciferin_score	14.34955	2UUY_rec	2UUY_lig	swarm_29	5.0	5.0	
lightdock	luciferin_score	14.13051	2UUY_rec	2UUY_lig	swarm_29	6.0	5.0	
lightdock	luciferin_score	13.70173	2UUY_rec	2UUY_lig	swarm_29	7.0	3.0	
lightdock	luciferin_score	13.29727	2UUY_rec	2UUY_lig	swarm_29	8.0	12.0	
lightdock	luciferin_score	11.71553	2UUY_rec	2UUY_lig	swarm_29	9.0	2.0	
lightdock	luciferin_score	11.53735	2UUY_rec	2UUY_lig	swarm_29	10.0	2.0	
lightdock	luciferin_score	10.95109	2UUY_rec	2UUY_lig	swarm_29	11.0	10.0	
lightdock	luciferin_score	10.61526	2UUY_rec	2UUY_lig	swarm_29	12.0	3.0	
lightdock	luciferin_score	10.60362	2UUY_rec	2UUY_lig	swarm_29	13.0	1.0	
lightdock	luciferin_score	10.35933	2UUY_rec	2UUY_lig	swarm_29	14.0	4.0	
lightdock	luciferin_score	10.25397	2UUY_rec	2UUY_lig	swarm_29	15.0	1.0	
lightdock	luciferin_score	10.16163	2UUY_rec	2UUY_lig	swarm_29	16.0	1.0	
lightdock	luciferin_score	9.86075	2UUY_rec	2UUY_lig	swarm_29	17.0	5.0	
lightdock	luciferin_score	9.80304	2UUY_rec	2UUY_lig	swarm_29	18.0	2.0	
lightdock	luciferin_score	9.77869	2UUY_rec	2UUY_lig	swarm_29	19.0	3.0	
lightdock	luciferin_score	9.27863	2UUY_rec	2UUY_lig	swarm_29	20.0	2.0	
lightdock	luciferin_score	9.25316	2UUY_rec	2UUY_lig	swarm_29	21.0	1.0	
lightdock	luciferin_score	9.0294	2UUY_rec	2UUY_lig	swarm_29	22.0	1.0	
lightdock	luciferin_score	8.90191	2UUY_rec	2UUY_lig	swarm_29	23.0	3.0	
lightdock	luciferin_score	8.27412	2UUY_rec	2UUY_lig	swarm_29	24.0	2.0	
lightdock	luciferin_score	8.24714	2UUY_rec	2UUY_lig	swarm_29	25.0	5.0	
lightdock	luciferin_score	8.22062	2UUY_rec	2UUY_lig	swarm_29	26.0	2.0	
lightdock	luciferin_score	8.06175	2UUY_rec	2UUY_lig	swarm_29	27.0	7.0	
lightdock	luciferin_score	7.81426	2UUY_rec	2UUY_lig	swarm_29	28.0	3.0	
lightdock	luciferin_score	7.79132	2UUY_rec	2UUY_lig	swarm_29	29.0	3.0	
lightdock	luciferin_score	7.69982	2UUY_rec	2UUY_lig	swarm_29	30.0	1.0	
lightdock	luciferin_score	7.53649	2UUY_rec	2UUY_lig	swarm_29	31.0	2.0	
lightdock	luciferin_score	6.56624	2UUY_rec	2UUY_lig	swarm_29	32.0	2.0	
lightdock	luciferin_score	6.51291	2UUY_rec	2UUY_lig	swarm_29	33.0	2.0	
lightdock	luciferin_score	5.38169	2UUY_rec	2UUY_lig	swarm_29	34.0	6.0	
lightdock	luciferin_score	4.88815	2UUY_rec	2UUY_lig	swarm_29	35.0	1.0	
lightdock	luciferin_score	4.59282	2UUY_rec	2UUY_lig	swarm_29	36.0	1.0	
lightdock	luciferin_score	4.26554	2UUY_rec	2UUY_lig	swarm_29	37.0	4.0	
lightdock	luciferin_score	3.52266	2UUY_rec	2UUY_lig	swarm_29	38.0	2.0	
lightdock	luciferin_score	2.04332	2UUY_rec	2UUY_lig	swarm_29	39.0	2.0	
lightdock	luciferin_score	0.37279	2UUY_rec	2UUY_lig	swarm_29	40.0	7.0	
lightdock	luciferin_score	-0.8136	2UUY_rec	2UUY_lig	swarm_29	41.0	2.0	
lightdock	luciferin_score	-2.09336	2UUY_rec	2UUY_lig	swarm_29	42.0	1.0	
lightdock	luciferin_score	-2.13132	2UUY_rec	2UUY_lig	swarm_29	43.0	3.0	
lightdock	luciferin_score	-3.33561	2UUY_rec	2UUY_lig	swarm_29	44.0	5.0	
lightdock	luciferin_score	-5.10849	2UUY_rec	2UUY_lig	swarm_29	45.0	2.0	
lightdock	luciferin_score	-7.79424	2UUY_rec	2UUY_lig	swarm_29	46.0	2.0	
lightdock	luciferin_score	-9.89567	2UUY_rec	2UUY_lig	swarm_29	47.0	1.0	
lightdock	luciferin_score	-12.5134	2UUY_rec	2UUY_lig	swarm_29	48.0	1.0	
lightdock	luciferin_score	-15.45461	2UUY_rec	2UUY_lig	swarm_29	49.0	2.0	
lightdock	luciferin_score	-21.10508	2UUY_rec	2UUY_lig	swarm_29	50.0	3.0	
lightdock	luciferin_score	-21.14465	2UUY_rec	2UUY_lig	swarm_29	51.0	1.0	
lightdock	luciferin_score	-28.81473	2UUY_rec	2UUY_lig	swarm_29	52.0	2.0	
lightdock	luciferin_score	-30.83671	2UUY_rec	2UUY_lig	swarm_29	53.0	9.0	
lightdock	luciferin_score	-32.797	2UUY_rec	2UUY_lig	swarm_29	54.0	2.0	
lightdock	luciferin_score	-33.51119	2UUY_rec	2UUY_lig	swarm_29	55.0	1.0	
lightdock	luciferin_score	-37.62635	2UUY_rec	2UUY_lig	swarm_29	56.0	1.0	
lightdock	luciferin_score	-37.71187	2UUY_rec	2UUY_lig	swarm_29	57.0	1.0	
lightdock	luciferin_score	-51.77323	2UUY_rec	2UUY_lig	swarm_29	58.0	1.0	
lightdock	luciferin_score	-54.64306	2UUY_rec	2UUY_lig	swarm_29	59.0	1.0	
lightdock	luciferin_score	-79.11234	2UUY_rec	2UUY_lig	swarm_29	60.0	1.0	
lightdock	luciferin_score	14.61834	2UUY_rec	2UUY_lig	swarm_3	0.0	23.0	
lightdock	luciferin_score	13.39917	2UUY_rec	2UUY_lig	swarm_3	1.0	2.0	
lightdock	luciferin_score	13.12428	2UUY_rec	2UUY_lig	swarm_3	2.0	2.0	
lightdock	luciferin_score	12.86279	2UUY_rec	2UUY_lig	swarm_3	3.0	8.0	
lightdock	luciferin_score	12.43807	2UUY_rec	2UUY_lig	swarm_3	4.0	11.0	
lightdock	luciferin_score	12.42706	2UUY_rec	2UUY_lig	swarm_3	5.0	4.0	
lightdock	luciferin_score	12.13782	2UUY_rec	2UUY_lig	swarm_3	6.0	7.0	
lightdock	luciferin_score	12.01441	2UUY_rec	2UUY_lig	swarm_3	7.0	1.0	
lightdock	luciferin_score	11.79226	2UUY_rec	2UUY_lig	swarm_3	8.0	6.0	
lightdock	luciferin_score	11.23636	2UUY_rec	2UUY_lig	swarm_3	9.0	10.0	
lightdock	luciferin_score	11.16331	2UUY_rec	2UUY_lig	swarm_3	10.0	2.0	
lightdock	luciferin_score	10.94327	2UUY_rec	2UUY_lig	swarm_3	11.0	4.0	
lightdock	luciferin_score	10.62635	2UUY_rec	2UUY_lig	swarm_3	12.0	3.0	
lightdock	luciferin_score	10.35956	2UUY_rec	2UUY_lig	swarm_3	13.0	3.0	
lightdock	luciferin_score	10.24946	2UUY_rec	2UUY_lig	swarm_3	14.0	1.0	
lightdock	luciferin_score	9.93657	2UUY_rec	2UUY_lig	swarm_3	15.0	1.0	
lightdock	luciferin_score	9.86216	2UUY_rec	2UUY_lig	swarm_3	16.0	2.0	
lightdock	luciferin_score	9.14084	2UUY_rec	2UUY_lig	swarm_3	17.0	13.0	
lightdock	luciferin_score	9.13204	2UUY_rec	2UUY_lig	swarm_3	18.0	3.0	
lightdock	luciferin_score	8.60417	2UUY_rec	2UUY_lig	swarm_3	19.0	2.0	
lightdock	luciferin_score	8.58572	2UUY_rec	2UUY_lig	swarm_3	20.0	4.0	
lightdock	luciferin_score	8.58098	2UUY_rec	2UUY_lig	swarm_3	21.0	10.0	
lightdock	luciferin_score	8.54788	2UUY_rec	2UUY_lig	swarm_3	22.0	2.0	
lightdock	luciferin_score	8.24561	2UUY_rec	2UUY_lig	swarm_3	23.0	5.0	
lightdock	luciferin_score	7.8049	2UUY_rec	2UUY_lig	swarm_3	24.0	2.0	
lightdock	luciferin_score	7.62589	2UUY_rec	2UUY_lig	swarm_3	25.0	2.0	
lightdock	luciferin_score	7.45922	2UUY_rec	2UUY_lig	swarm_3	26.0	1.0	
lightdock	luciferin_score	7.33943	2UUY_rec	2UUY_lig	swarm_3	27.0	1.0	
lightdock	luciferin_score	7.25928	2UUY_rec	2UUY_lig	swarm_3	28.0	1.0	
lightdock	luciferin_score	6.47946	2UUY_rec	2UUY_lig	swarm_3	29.0	1.0	
lightdock	luciferin_score	6.35616	2UUY_rec	2UUY_lig	swarm_3	30.0	1.0	
lightdock	luciferin_score	6.33729	2UUY_rec	2UUY_lig	swarm_3	31.0	13.0	
lightdock	luciferin_score	6.22532	2UUY_rec	2UUY_lig	swarm_3	32.0	1.0	
lightdock	luciferin_score	5.6122	2UUY_rec	2UUY_lig	swarm_3	33.0	1.0	
lightdock	luciferin_score	4.72471	2UUY_rec	2UUY_lig	swarm_3	34.0	1.0	
lightdock	luciferin_score	4.06063	2UUY_rec	2UUY_lig	swarm_3	35.0	4.0	
lightdock	luciferin_score	3.45885	2UUY_rec	2UUY_lig	swarm_3	36.0	1.0	
lightdock	luciferin_score	2.84366	2UUY_rec	2UUY_lig	swarm_3	37.0	1.0	
lightdock	luciferin_score	0.06365	2UUY_rec	2UUY_lig	swarm_3	38.0	2.0	
lightdock	luciferin_score	-0.76999	2UUY_rec	2UUY_lig	swarm_3	39.0	2.0	
lightdock	luciferin_score	-1.34566	2UUY_rec	2UUY_lig	swarm_3	40.0	1.0	
lightdock	luciferin_score	-3.16749	2UUY_rec	2UUY_lig	swarm_3	41.0	1.0	
lightdock	luciferin_score	-3.94347	2UUY_rec	2UUY_lig	swarm_3	42.0	2.0	
lightdock	luciferin_score	-5.01655	2UUY_rec	2UUY_lig	swarm_3	43.0	4.0	
lightdock	luciferin_score	-5.86524	2UUY_rec	2UUY_lig	swarm_3	44.0	5.0	
lightdock	luciferin_score	-6.24208	2UUY_rec	2UUY_lig	swarm_3	45.0	1.0	
lightdock	luciferin_score	-10.39531	2UUY_rec	2UUY_lig	swarm_3	46.0	5.0	
lightdock	luciferin_score	-11.17701	2UUY_rec	2UUY_lig	swarm_3	47.0	1.0	
lightdock	luciferin_score	-11.39112	2UUY_rec	2UUY_lig	swarm_3	48.0	1.0	
lightdock	luciferin_score	-26.96498	2UUY_rec	2UUY_lig	swarm_3	49.0	1.0	
lightdock	luciferin_score	-27.87268	2UUY_rec	2UUY_lig	swarm_3	50.0	2.0	
lightdock	luciferin_score	-30.12084	2UUY_rec	2UUY_lig	swarm_3	51.0	4.0	
lightdock	luciferin_score	-30.89522	2UUY_rec	2UUY_lig	swarm_3	52.0	1.0	
lightdock	luciferin_score	-41.44082	2UUY_rec	2UUY_lig	swarm_3	53.0	2.0	
lightdock	luciferin_score	-43.72439	2UUY_rec	2UUY_lig	swarm_3	54.0	1.0	
lightdock	luciferin_score	-50.69367	2UUY_rec	2UUY_lig	swarm_3	55.0	2.0	
lightdock	luciferin_score	-58.40566	2UUY_rec	2UUY_lig	swarm_3	56.0	1.0	
lightdock	luciferin_score	-66.67611	2UUY_rec	2UUY_lig	swarm_3	57.0	1.0	
lightdock	luciferin_score	16.60372	2UUY_rec	2UUY_lig	swarm_30	0.0	5.0	
lightdock	luciferin_score	16.23772	2UUY_rec	2UUY_lig	swarm_30	1.0	2.0	
lightdock	luciferin_score	13.71514	2UUY_rec	2UUY_lig	swarm_30	2.0	4.0	
lightdock	luciferin_score	13.26333	2UUY_rec	2UUY_lig	swarm_30	3.0	1.0	
lightdock	luciferin_score	12.88687	2UUY_rec	2UUY_lig	swarm_30	4.0	2.0	
lightdock	luciferin_score	12.7965	2UUY_rec	2UUY_lig	swarm_30	5.0	10.0	
lightdock	luciferin_score	12.53894	2UUY_rec	2UUY_lig	swarm_30	6.0	6.0	
lightdock	luciferin_score	12.45788	2UUY_rec	2UUY_lig	swarm_30	7.0	6.0	
lightdock	luciferin_score	12.39219	2UUY_rec	2UUY_lig	swarm_30	8.0	6.0	
lightdock	luciferin_score	12.23112	2UUY_rec	2UUY_lig	swarm_30	9.0	10.0	
lightdock	luciferin_score	11.80688	2UUY_rec	2UUY_lig	swarm_30	10.0	8.0	
lightdock	luciferin_score	11.79282	2UUY_rec	2UUY_lig	swarm_30	11.0	11.0	
lightdock	luciferin_score	11.18554	2UUY_rec	2UUY_lig	swarm_30	12.0	3.0	
lightdock	luciferin_score	11.08256	2UUY_rec	2UUY_lig	swarm_30	13.0	1.0	
lightdock	luciferin_score	10.74315	2UUY_rec	2UUY_lig	swarm_30	14.0	5.0	
lightdock	luciferin_score	10.3881	2UUY_rec	2UUY_lig	swarm_30	15.0	7.0	
lightdock	luciferin_score	10.11319	2UUY_rec	2UUY_lig	swarm_30	16.0	2.0	
lightdock	luciferin_score	10.11057	2UUY_rec	2UUY_lig	swarm_30	17.0	1.0	
lightdock	luciferin_score	10.02733	2UUY_rec	2UUY_lig	swarm_30	18.0	7.0	
lightdock	luciferin_score	9.98268	2UUY_rec	2UUY_lig	swarm_30	19.0	9.0	
lightdock	luciferin_score	9.85522	2UUY_rec	2UUY_lig	swarm_30	20.0	1.0	
lightdock	luciferin_score	9.83805	2UUY_rec	2UUY_lig	swarm_30	21.0	5.0	
lightdock	luciferin_score	9.6713	2UUY_rec	2UUY_lig	swarm_30	22.0	6.0	
lightdock	luciferin_score	9.48624	2UUY_rec	2UUY_lig	swarm_30	23.0	3.0	
lightdock	luciferin_score	9.42788	2UUY_rec	2UUY_lig	swarm_30	24.0	5.0	
lightdock	luciferin_score	9.28185	2UUY_rec	2UUY_lig	swarm_30	25.0	1.0	
lightdock	luciferin_score	9.2531	2UUY_rec	2UUY_lig	swarm_30	26.0	3.0	
lightdock	luciferin_score	9.09842	2UUY_rec	2UUY_lig	swarm_30	27.0	4.0	
lightdock	luciferin_score	8.24162	2UUY_rec	2UUY_lig	swarm_30	28.0	2.0	
lightdock	luciferin_score	8.00486	2UUY_rec	2UUY_lig	swarm_30	29.0	2.0	
lightdock	luciferin_score	7.83499	2UUY_rec	2UUY_lig	swarm_30	30.0	7.0	
lightdock	luciferin_score	7.80077	2UUY_rec	2UUY_lig	swarm_30	31.0	7.0	
lightdock	luciferin_score	7.59996	2UUY_rec	2UUY_lig	swarm_30	32.0	4.0	
lightdock	luciferin_score	7.52687	2UUY_rec	2UUY_lig	swarm_30	33.0	1.0	
lightdock	luciferin_score	7.48668	2UUY_rec	2UUY_lig	swarm_30	34.0	11.0	
lightdock	luciferin_score	7.43738	2UUY_rec	2UUY_lig	swarm_30	35.0	1.0	
lightdock	luciferin_score	7.31297	2UUY_rec	2UUY_lig	swarm_30	36.0	1.0	
lightdock	luciferin_score	7.00153	2UUY_rec	2UUY_lig	swarm_30	37.0	2.0	
lightdock	luciferin_score	6.96318	2UUY_rec	2UUY_lig	swarm_30	38.0	1.0	
lightdock	luciferin_score	6.86744	2UUY_rec	2UUY_lig	swarm_30	39.0	1.0	
lightdock	luciferin_score	6.8433	2UUY_rec	2UUY_lig	swarm_30	40.0	2.0	
lightdock	luciferin_score	6.66501	2UUY_rec	2UUY_lig	swarm_30	41.0	1.0	
lightdock	luciferin_score	6.63323	2UUY_rec	2UUY_lig	swarm_30	42.0	3.0	
lightdock	luciferin_score	6.01725	2UUY_rec	2UUY_lig	swarm_30	43.0	1.0	
lightdock	luciferin_score	5.93222	2UUY_rec	2UUY_lig	swarm_30	44.0	1.0	
lightdock	luciferin_score	3.63425	2UUY_rec	2UUY_lig	swarm_30	45.0	1.0	
lightdock	luciferin_score	3.26311	2UUY_rec	2UUY_lig	swarm_30	46.0	1.0	
lightdock	luciferin_score	3.05056	2UUY_rec	2UUY_lig	swarm_30	47.0	3.0	
lightdock	luciferin_score	1.00022	2UUY_rec	2UUY_lig	swarm_30	48.0	4.0	
lightdock	luciferin_score	-0.81249	2UUY_rec	2UUY_lig	swarm_30	49.0	2.0	
lightdock	luciferin_score	-5.74882	2UUY_rec	2UUY_lig	swarm_30	50.0	1.0	
lightdock	luciferin_score	-11.1051	2UUY_rec	2UUY_lig	swarm_30	51.0	1.0	
lightdock	luciferin_score	-19.55934	2UUY_rec	2UUY_lig	swarm_30	52.0	1.0	
lightdock	luciferin_score	-34.9542	2UUY_rec	2UUY_lig	swarm_30	53.0	1.0	
lightdock	luciferin_score	-45.16785	2UUY_rec	2UUY_lig	swarm_30	54.0	1.0	
lightdock	luciferin_score	-52.91015	2UUY_rec	2UUY_lig	swarm_30	55.0	2.0	
lightdock	luciferin_score	20.20509	2UUY_rec	2UUY_lig	swarm_31	0.0	11.0	
lightdock	luciferin_score	17.99622	2UUY_rec	2UUY_lig	swarm_31	1.0	7.0	
lightdock	luciferin_score	16.821	2UUY_rec	2UUY_lig	swarm_31	2.0	1.0	
lightdock	luciferin_score	13.2311	2UUY_rec	2UUY_lig	swarm_31	3.0	9.0	
lightdock	luciferin_score	12.68532	2UUY_rec	2UUY_lig	swarm_31	4.0	5.0	
lightdock	luciferin_score	11.8458	2UUY_rec	2UUY_lig	swarm_31	5.0	3.0	
lightdock	luciferin_score	11.75006	2UUY_rec	2UUY_lig	swarm_31	6.0	3.0	
lightdock	luciferin_score	11.47861	2UUY_rec	2UUY_lig	swarm_31	7.0	6.0	
lightdock	luciferin_score	11.42349	2UUY_rec	2UUY_lig	swarm_31	8.0	10.0	
lightdock	luciferin_score	11.35657	2UUY_rec	2UUY_lig	swarm_31	9.0	2.0	
lightdock	luciferin_score	11.27959	2UUY_rec	2UUY_lig	swarm_31	10.0	3.0	
lightdock	luciferin_score	10.74211	2UUY_rec	2UUY_lig	swarm_31	11.0	1.0	
lightdock	luciferin_score	10.53989	2UUY_rec	2UUY_lig	swarm_31	12.0	5.0	
lightdock	luciferin_score	10.45205	2UUY_rec	2UUY_lig	swarm_31	13.0	6.0	
lightdock	luciferin_score	10.3945	2UUY_rec	2UUY_lig	swarm_31	14.0	4.0	
lightdock	luciferin_score	10.38432	2UUY_rec	2UUY_lig	swarm_31	15.0	1.0	
lightdock	luciferin_score	10.23265	2UUY_rec	2UUY_lig	swarm_31	16.0	4.0	
lightdock	luciferin_score	10.11415	2UUY_rec	2UUY_lig	swarm_31	17.0	3.0	
lightdock	luciferin_score	9.93997	2UUY_rec	2UUY_lig	swarm_31	18.0	4.0	
lightdock	luciferin_score	9.89992	2UUY_rec	2UUY_lig	swarm_31	19.0	2.0	
lightdock	luciferin_score	9.73104	2UUY_rec	2UUY_lig	swarm_31	20.0	2.0	
lightdock	luciferin_score	9.72776	2UUY_rec	2UUY_lig	swarm_31	21.0	4.0	
lightdock	luciferin_score	9.13817	2UUY_rec	2UUY_lig	swarm_31	22.0	1.0	
lightdock	luciferin_score	9.07456	2UUY_rec	2UUY_lig	swarm_31	23.0	2.0	
lightdock	luciferin_score	8.857	2UUY_rec	2UUY_lig	swarm_31	24.0	3.0	
lightdock	luciferin_score	8.79358	2UUY_rec	2UUY_lig	swarm_31	25.0	1.0	
lightdock	luciferin_score	8.65559	2UUY_rec	2UUY_lig	swarm_31	26.0	2.0	
lightdock	luciferin_score	8.64324	2UUY_rec	2UUY_lig	swarm_31	27.0	4.0	
lightdock	luciferin_score	8.54938	2UUY_rec	2UUY_lig	swarm_31	28.0	2.0	
lightdock	luciferin_score	8.44949	2UUY_rec	2UUY_lig	swarm_31	29.0	3.0	
lightdock	luciferin_score	8.41445	2UUY_rec	2UUY_lig	swarm_31	30.0	2.0	
lightdock	luciferin_score	8.37052	2UUY_rec	2UUY_lig	swarm_31	31.0	2.0	
lightdock	luciferin_score	8.27974	2UUY_rec	2UUY_lig	swarm_31	32.0	3.0	
lightdock	luciferin_score	8.24801	2UUY_rec	2UUY_lig	swarm_31	33.0	1.0	
lightdock	luciferin_score	7.97211	2UUY_rec	2UUY_lig	swarm_31	34.0	1.0	
lightdock	luciferin_score	7.67596	2UUY_rec	2UUY_lig	swarm_31	35.0	2.0	
lightdock	luciferin_score	7.60025	2UUY_rec	2UUY_lig	swarm_31	36.0	1.0	
lightdock	luciferin_score	7.42688	2UUY_rec	2UUY_lig	swarm_31	37.0	3.0	
lightdock	luciferin_score	7.19565	2UUY_rec	2UUY_lig	swarm_31	38.0	2.0	
lightdock	luciferin_score	7.09497	2UUY_rec	2UUY_lig	swarm_31	39.0	4.0	
lightdock	luciferin_score	6.9572	2UUY_rec	2UUY_lig	swarm_31	40.0	10.0	
lightdock	luciferin_score	6.81124	2UUY_rec	2UUY_lig	swarm_31	41.0	5.0	
lightdock	luciferin_score	6.72888	2UUY_rec	2UUY_lig	swarm_31	42.0	1.0	
lightdock	luciferin_score	6.61488	2UUY_rec	2UUY_lig	swarm_31	43.0	2.0	
lightdock	luciferin_score	6.3975	2UUY_rec	2UUY_lig	swarm_31	44.0	2.0	
lightdock	luciferin_score	6.10176	2UUY_rec	2UUY_lig	swarm_31	45.0	1.0	
lightdock	luciferin_score	5.6901	2UUY_rec	2UUY_lig	swarm_31	46.0	1.0	
lightdock	luciferin_score	5.20955	2UUY_rec	2UUY_lig	swarm_31	47.0	1.0	
lightdock	luciferin_score	5.05552	2UUY_rec	2UUY_lig	swarm_31	48.0	1.0	
lightdock	luciferin_score	5.03274	2UUY_rec	2UUY_lig	swarm_31	49.0	1.0	
lightdock	luciferin_score	4.08968	2UUY_rec	2UUY_lig	swarm_31	50.0	1.0	
lightdock	luciferin_score	3.6653	2UUY_rec	2UUY_lig	swarm_31	51.0	1.0	
lightdock	luciferin_score	3.56849	2UUY_rec	2UUY_lig	swarm_31	52.0	1.0	
lightdock	luciferin_score	2.39299	2UUY_rec	2UUY_lig	swarm_31	53.0	4.0	
lightdock	luciferin_score	1.90049	2UUY_rec	2UUY_lig	swarm_31	54.0	2.0	
lightdock	luciferin_score	1.8404	2UUY_rec	2UUY_lig	swarm_31	55.0	3.0	
lightdock	luciferin_score	0.50147	2UUY_rec	2UUY_lig	swarm_31	56.0	1.0	
lightdock	luciferin_score	-1.0461	2UUY_rec	2UUY_lig	swarm_31	57.0	1.0	
lightdock	luciferin_score	-1.42565	2UUY_rec	2UUY_lig	swarm_31	58.0	3.0	
lightdock	luciferin_score	-3.11725	2UUY_rec	2UUY_lig	swarm_31	59.0	2.0	
lightdock	luciferin_score	-3.68199	2UUY_rec	2UUY_lig	swarm_31	60.0	1.0	
lightdock	luciferin_score	-6.38532	2UUY_rec	2UUY_lig	swarm_31	61.0	5.0	
lightdock	luciferin_score	-13.19368	2UUY_rec	2UUY_lig	swarm_31	62.0	1.0	
lightdock	luciferin_score	-14.71925	2UUY_rec	2UUY_lig	swarm_31	63.0	1.0	
lightdock	luciferin_score	-15.91467	2UUY_rec	2UUY_lig	swarm_31	64.0	1.0	
lightdock	luciferin_score	-21.9871	2UUY_rec	2UUY_lig	swarm_31	65.0	2.0	
lightdock	luciferin_score	-22.99962	2UUY_rec	2UUY_lig	swarm_31	66.0	1.0	
lightdock	luciferin_score	-24.47587	2UUY_rec	2UUY_lig	swarm_31	67.0	1.0	
lightdock	luciferin_score	-31.3159	2UUY_rec	2UUY_lig	swarm_31	68.0	2.0	
lightdock	luciferin_score	-31.99305	2UUY_rec	2UUY_lig	swarm_31	69.0	1.0	
lightdock	luciferin_score	-32.4292	2UUY_rec	2UUY_lig	swarm_31	70.0	1.0	
lightdock	luciferin_score	-33.68952	2UUY_rec	2UUY_lig	swarm_31	71.0	1.0	
lightdock	luciferin_score	-37.95087	2UUY_rec	2UUY_lig	swarm_31	72.0	1.0	
lightdock	luciferin_score	-42.35437	2UUY_rec	2UUY_lig	swarm_31	73.0	1.0	
lightdock	luciferin_score	-44.59527	2UUY_rec	2UUY_lig	swarm_31	74.0	1.0	
lightdock	luciferin_score	12.85742	2UUY_rec	2UUY_lig	swarm_32	0.0	6.0	
lightdock	luciferin_score	12.53625	2UUY_rec	2UUY_lig	swarm_32	1.0	13.0	
lightdock	luciferin_score	11.80879	2UUY_rec	2UUY_lig	swarm_32	2.0	7.0	
lightdock	luciferin_score	10.92369	2UUY_rec	2UUY_lig	swarm_32	3.0	3.0	
lightdock	luciferin_score	9.3849	2UUY_rec	2UUY_lig	swarm_32	4.0	4.0	
lightdock	luciferin_score	9.12427	2UUY_rec	2UUY_lig	swarm_32	5.0	9.0	
lightdock	luciferin_score	9.0607	2UUY_rec	2UUY_lig	swarm_32	6.0	2.0	
lightdock	luciferin_score	8.831	2UUY_rec	2UUY_lig	swarm_32	7.0	19.0	
lightdock	luciferin_score	8.28205	2UUY_rec	2UUY_lig	swarm_32	8.0	2.0	
lightdock	luciferin_score	8.22321	2UUY_rec	2UUY_lig	swarm_32	9.0	5.0	
lightdock	luciferin_score	8.17918	2UUY_rec	2UUY_lig	swarm_32	10.0	8.0	
lightdock	luciferin_score	8.06347	2UUY_rec	2UUY_lig	swarm_32	11.0	4.0	
lightdock	luciferin_score	7.9287	2UUY_rec	2UUY_lig	swarm_32	12.0	4.0	
lightdock	luciferin_score	7.92763	2UUY_rec	2UUY_lig	swarm_32	13.0	4.0	
lightdock	luciferin_score	7.81637	2UUY_rec	2UUY_lig	swarm_32	14.0	2.0	
lightdock	luciferin_score	7.72743	2UUY_rec	2UUY_lig	swarm_32	15.0	2.0	
lightdock	luciferin_score	7.70266	2UUY_rec	2UUY_lig	swarm_32	16.0	3.0	
lightdock	luciferin_score	7.55393	2UUY_rec	2UUY_lig	swarm_32	17.0	2.0	
lightdock	luciferin_score	7.53057	2UUY_rec	2UUY_lig	swarm_32	18.0	5.0	
lightdock	luciferin_score	7.29491	2UUY_rec	2UUY_lig	swarm_32	19.0	1.0	
lightdock	luciferin_score	7.23952	2UUY_rec	2UUY_lig	swarm_32	20.0	3.0	
lightdock	luciferin_score	7.21968	2UUY_rec	2UUY_lig	swarm_32	21.0	6.0	
lightdock	luciferin_score	7.21799	2UUY_rec	2UUY_lig	swarm_32	22.0	5.0	
lightdock	luciferin_score	7.15967	2UUY_rec	2UUY_lig	swarm_32	23.0	2.0	
lightdock	luciferin_score	6.90596	2UUY_rec	2UUY_lig	swarm_32	24.0	2.0	
lightdock	luciferin_score	6.81785	2UUY_rec	2UUY_lig	swarm_32	25.0	3.0	
lightdock	luciferin_score	6.67335	2UUY_rec	2UUY_lig	swarm_32	26.0	2.0	
lightdock	luciferin_score	6.59851	2UUY_rec	2UUY_lig	swarm_32	27.0	4.0	
lightdock	luciferin_score	6.5378	2UUY_rec	2UUY_lig	swarm_32	28.0	2.0	
lightdock	luciferin_score	6.2942	2UUY_rec	2UUY_lig	swarm_32	29.0	7.0	
lightdock	luciferin_score	6.2267	2UUY_rec	2UUY_lig	swarm_32	30.0	14.0	
lightdock	luciferin_score	6.20167	2UUY_rec	2UUY_lig	swarm_32	31.0	2.0	
lightdock	luciferin_score	6.15214	2UUY_rec	2UUY_lig	swarm_32	32.0	1.0	
lightdock	luciferin_score	6.08164	2UUY_rec	2UUY_lig	swarm_32	33.0	2.0	
lightdock	luciferin_score	6.03154	2UUY_rec	2UUY_lig	swarm_32	34.0	5.0	
lightdock	luciferin_score	6.00743	2UUY_rec	2UUY_lig	swarm_32	35.0	2.0	
lightdock	luciferin_score	5.93259	2UUY_rec	2UUY_lig	swarm_32	36.0	3.0	
lightdock	luciferin_score	5.86034	2UUY_rec	2UUY_lig	swarm_32	37.0	1.0	
lightdock	luciferin_score	5.71916	2UUY_rec	2UUY_lig	swarm_32	38.0	1.0	
lightdock	luciferin_score	5.62802	2UUY_rec	2UUY_lig	swarm_32	39.0	1.0	
lightdock	luciferin_score	5.56774	2UUY_rec	2UUY_lig	swarm_32	40.0	1.0	
lightdock	luciferin_score	5.53476	2UUY_rec	2UUY_lig	swarm_32	41.0	1.0	
lightdock	luciferin_score	5.52019	2UUY_rec	2UUY_lig	swarm_32	42.0	1.0	
lightdock	luciferin_score	5.31036	2UUY_rec	2UUY_lig	swarm_32	43.0	1.0	
lightdock	luciferin_score	5.16345	2UUY_rec	2UUY_lig	swarm_32	44.0	2.0	
lightdock	luciferin_score	4.79053	2UUY_rec	2UUY_lig	swarm_32	45.0	1.0	
lightdock	luciferin_score	4.74655	2UUY_rec	2UUY_lig	swarm_32	46.0	1.0	
lightdock	luciferin_score	3.94281	2UUY_rec	2UUY_lig	swarm_32	47.0	2.0	
lightdock	luciferin_score	0.2463	2UUY_rec	2UUY_lig	swarm_32	48.0	5.0	
lightdock	luciferin_score	-2.08302	2UUY_rec	2UUY_lig	swarm_32	49.0	2.0	
lightdock	luciferin_score	-4.60412	2UUY_rec	2UUY_lig	swarm_32	50.0	2.0	
lightdock	luciferin_score	-7.7724	2UUY_rec	2UUY_lig	swarm_32	51.0	1.0	
lightdock	luciferin_score	-12.81167	2UUY_rec	2UUY_lig	swarm_32	52.0	2.0	
lightdock	luciferin_score	-13.01485	2UUY_rec	2UUY_lig	swarm_32	53.0	1.0	
lightdock	luciferin_score	-14.00303	2UUY_rec	2UUY_lig	swarm_32	54.0	1.0	
lightdock	luciferin_score	-26.17129	2UUY_rec	2UUY_lig	swarm_32	55.0	1.0	
lightdock	luciferin_score	-42.36407	2UUY_rec	2UUY_lig	swarm_32	56.0	1.0	
lightdock	luciferin_score	-50.08951	2UUY_rec	2UUY_lig	swarm_32	57.0	1.0	
lightdock	luciferin_score	14.7717	2UUY_rec	2UUY_lig	swarm_33	0.0	16.0	
lightdock	luciferin_score	14.76759	2UUY_rec	2UUY_lig	swarm_33	1.0	3.0	
lightdock	luciferin_score	14.45595	2UUY_rec	2UUY_lig	swarm_33	2.0	1.0	
lightdock	luciferin_score	13.29345	2UUY_rec	2UUY_lig	swarm_33	3.0	3.0	
lightdock	luciferin_score	12.77383	2UUY_rec	2UUY_lig	swarm_33	4.0	2.0	
lightdock	luciferin_score	12.64675	2UUY_rec	2UUY_lig	swarm_33	5.0	7.0	
lightdock	luciferin_score	11.76053	2UUY_rec	2UUY_lig	swarm_33	6.0	1.0	
lightdock	luciferin_score	11.30902	2UUY_rec	2UUY_lig	swarm_33	7.0	6.0	
lightdock	luciferin_score	11.29212	2UUY_rec	2UUY_lig	swarm_33	8.0	15.0	
lightdock	luciferin_score	10.86281	2UUY_rec	2UUY_lig	swarm_33	9.0	3.0	
lightdock	luciferin_score	10.86136	2UUY_rec	2UUY_lig	swarm_33	10.0	4.0	
lightdock	luciferin_score	10.14264	2UUY_rec	2UUY_lig	swarm_33	11.0	2.0	
lightdock	luciferin_score	10.04304	2UUY_rec	2UUY_lig	swarm_33	12.0	3.0	
lightdock	luciferin_score	10.02313	2UUY_rec	2UUY_lig	swarm_33	13.0	6.0	
lightdock	luciferin_score	9.95238	2UUY_rec	2UUY_lig	swarm_33	14.0	3.0	
lightdock	luciferin_score	9.42818	2UUY_rec	2UUY_lig	swarm_33	15.0	6.0	
lightdock	luciferin_score	9.42182	2UUY_rec	2UUY_lig	swarm_33	16.0	5.0	
lightdock	luciferin_score	9.34744	2UUY_rec	2UUY_lig	swarm_33	17.0	6.0	
lightdock	luciferin_score	9.29676	2UUY_rec	2UUY_lig	swarm_33	18.0	1.0	
lightdock	luciferin_score	9.22511	2UUY_rec	2UUY_lig	swarm_33	19.0	8.0	
lightdock	luciferin_score	8.50041	2UUY_rec	2UUY_lig	swarm_33	20.0	2.0	
lightdock	luciferin_score	8.4389	2UUY_rec	2UUY_lig	swarm_33	21.0	7.0	
lightdock	luciferin_score	8.07928	2UUY_rec	2UUY_lig	swarm_33	22.0	2.0	
lightdock	luciferin_score	8.06082	2UUY_rec	2UUY_lig	swarm_33	23.0	1.0	
lightdock	luciferin_score	7.98681	2UUY_rec	2UUY_lig	swarm_33	24.0	2.0	
lightdock	luciferin_score	7.66962	2UUY_rec	2UUY_lig	swarm_33	25.0	3.0	
lightdock	luciferin_score	7.6237	2UUY_rec	2UUY_lig	swarm_33	26.0	1.0	
lightdock	luciferin_score	7.60661	2UUY_rec	2UUY_lig	swarm_33	27.0	2.0	
lightdock	luciferin_score	7.56687	2UUY_rec	2UUY_lig	swarm_33	28.0	1.0	
lightdock	luciferin_score	7.52097	2UUY_rec	2UUY_lig	swarm_33	29.0	2.0	
lightdock	luciferin_score	7.4027	2UUY_rec	2UUY_lig	swarm_33	30.0	4.0	
lightdock	luciferin_score	7.2306	2UUY_rec	2UUY_lig	swarm_33	31.0	1.0	
lightdock	luciferin_score	7.2082	2UUY_rec	2UUY_lig	swarm_33	32.0	1.0	
lightdock	luciferin_score	7.17561	2UUY_rec	2UUY_lig	swarm_33	33.0	1.0	
lightdock	luciferin_score	6.90096	2UUY_rec	2UUY_lig	swarm_33	34.0	1.0	
lightdock	luciferin_score	6.82461	2UUY_rec	2UUY_lig	swarm_33	35.0	3.0	
lightdock	luciferin_score	6.51486	2UUY_rec	2UUY_lig	swarm_33	36.0	2.0	
lightdock	luciferin_score	6.40162	2UUY_rec	2UUY_lig	swarm_33	37.0	1.0	
lightdock	luciferin_score	6.24159	2UUY_rec	2UUY_lig	swarm_33	38.0	1.0	
lightdock	luciferin_score	6.13667	2UUY_rec	2UUY_lig	swarm_33	39.0	2.0	
lightdock	luciferin_score	6.06882	2UUY_rec	2UUY_lig	swarm_33	40.0	2.0	
lightdock	luciferin_score	6.05573	2UUY_rec	2UUY_lig	swarm_33	41.0	1.0	
lightdock	luciferin_score	6.01773	2UUY_rec	2UUY_lig	swarm_33	42.0	3.0	
lightdock	luciferin_score	5.97046	2UUY_rec	2UUY_lig	swarm_33	43.0	2.0	
lightdock	luciferin_score	5.96265	2UUY_rec	2UUY_lig	swarm_33	44.0	3.0	
lightdock	luciferin_score	5.85665	2UUY_rec	2UUY_lig	swarm_33	45.0	2.0	
lightdock	luciferin_score	5.79445	2UUY_rec	2UUY_lig	swarm_33	46.0	1.0	
lightdock	luciferin_score	5.56823	2UUY_rec	2UUY_lig	swarm_33	47.0	1.0	
lightdock	luciferin_score	5.48987	2UUY_rec	2UUY_lig	swarm_33	48.0	1.0	
lightdock	luciferin_score	5.4676	2UUY_rec	2UUY_lig	swarm_33	49.0	1.0	
lightdock	luciferin_score	5.38707	2UUY_rec	2UUY_lig	swarm_33	50.0	1.0	
lightdock	luciferin_score	5.37614	2UUY_rec	2UUY_lig	swarm_33	51.0	2.0	
lightdock	luciferin_score	5.32536	2UUY_rec	2UUY_lig	swarm_33	52.0	2.0	
lightdock	luciferin_score	5.23196	2UUY_rec	2UUY_lig	swarm_33	53.0	2.0	
lightdock	luciferin_score	5.14422	2UUY_rec	2UUY_lig	swarm_33	54.0	3.0	
lightdock	luciferin_score	5.03683	2UUY_rec	2UUY_lig	swarm_33	55.0	1.0	
lightdock	luciferin_score	4.68359	2UUY_rec	2UUY_lig	swarm_33	56.0	4.0	
lightdock	luciferin_score	3.92901	2UUY_rec	2UUY_lig	swarm_33	57.0	1.0	
lightdock	luciferin_score	3.71706	2UUY_rec	2UUY_lig	swarm_33	58.0	1.0	
lightdock	luciferin_score	3.56756	2UUY_rec	2UUY_lig	swarm_33	59.0	1.0	
lightdock	luciferin_score	0.79167	2UUY_rec	2UUY_lig	swarm_33	60.0	5.0	
lightdock	luciferin_score	-4.55549	2UUY_rec	2UUY_lig	swarm_33	61.0	3.0	
lightdock	luciferin_score	-8.13754	2UUY_rec	2UUY_lig	swarm_33	62.0	2.0	
lightdock	luciferin_score	-13.36673	2UUY_rec	2UUY_lig	swarm_33	63.0	3.0	
lightdock	luciferin_score	-13.68447	2UUY_rec	2UUY_lig	swarm_33	64.0	3.0	
lightdock	luciferin_score	-19.76697	2UUY_rec	2UUY_lig	swarm_33	65.0	1.0	
lightdock	luciferin_score	-23.7986	2UUY_rec	2UUY_lig	swarm_33	66.0	2.0	
lightdock	luciferin_score	-34.52751	2UUY_rec	2UUY_lig	swarm_33	67.0	2.0	
lightdock	luciferin_score	-37.60046	2UUY_rec	2UUY_lig	swarm_33	68.0	1.0	
lightdock	luciferin_score	-38.28793	2UUY_rec	2UUY_lig	swarm_33	69.0	1.0	
lightdock	luciferin_score	-57.35498	2UUY_rec	2UUY_lig	swarm_33	70.0	1.0	
lightdock	luciferin_score	14.32714	2UUY_rec	2UUY_lig	swarm_34	0.0	6.0	
lightdock	luciferin_score	13.67686	2UUY_rec	2UUY_lig	swarm_34	1.0	1.0	
lightdock	luciferin_score	12.85282	2UUY_rec	2UUY_lig	swarm_34	2.0	3.0	
lightdock	luciferin_score	12.28917	2UUY_rec	2UUY_lig	swarm_34	3.0	3.0	
lightdock	luciferin_score	12.24896	2UUY_rec	2UUY_lig	swarm_34	4.0	12.0	
lightdock	luciferin_score	12.12806	2UUY_rec	2UUY_lig	swarm_34	5.0	4.0	
lightdock	luciferin_score	11.77477	2UUY_rec	2UUY_lig	swarm_34	6.0	3.0	
lightdock	luciferin_score	11.09081	2UUY_rec	2UUY_lig	swarm_34	7.0	2.0	
lightdock	luciferin_score	10.54527	2UUY_rec	2UUY_lig	swarm_34	8.0	2.0	
lightdock	luciferin_score	10.50321	2UUY_rec	2UUY_lig	swarm_34	9.0	9.0	
lightdock	luciferin_score	9.89488	2UUY_rec	2UUY_lig	swarm_34	10.0	7.0	
lightdock	luciferin_score	9.88927	2UUY_rec	2UUY_lig	swarm_34	11.0	6.0	
lightdock	luciferin_score	9.87066	2UUY_rec	2UUY_lig	swarm_34	12.0	1.0	
lightdock	luciferin_score	9.68878	2UUY_rec	2UUY_lig	swarm_34	13.0	6.0	
lightdock	luciferin_score	9.64759	2UUY_rec	2UUY_lig	swarm_34	14.0	10.0	
lightdock	luciferin_score	9.40681	2UUY_rec	2UUY_lig	swarm_34	15.0	6.0	
lightdock	luciferin_score	9.22511	2UUY_rec	2UUY_lig	swarm_34	16.0	10.0	
lightdock	luciferin_score	9.1185	2UUY_rec	2UUY_lig	swarm_34	17.0	1.0	
lightdock	luciferin_score	9.0533	2UUY_rec	2UUY_lig	swarm_34	18.0	1.0	
lightdock	luciferin_score	9.03094	2UUY_rec	2UUY_lig	swarm_34	19.0	1.0	
lightdock	luciferin_score	8.76859	2UUY_rec	2UUY_lig	swarm_34	20.0	6.0	
lightdock	luciferin_score	8.68339	2UUY_rec	2UUY_lig	swarm_34	21.0	1.0	
lightdock	luciferin_score	8.06381	2UUY_rec	2UUY_lig	swarm_34	22.0	4.0	
lightdock	luciferin_score	7.95289	2UUY_rec	2UUY_lig	swarm_34	23.0	11.0	
lightdock	luciferin_score	7.92964	2UUY_rec	2UUY_lig	swarm_34	24.0	4.0	
lightdock	luciferin_score	7.90614	2UUY_rec	2UUY_lig	swarm_34	25.0	1.0	
lightdock	luciferin_score	7.80443	2UUY_rec	2UUY_lig	swarm_34	26.0	6.0	
lightdock	luciferin_score	7.75985	2UUY_rec	2UUY_lig	swarm_34	27.0	3.0	
lightdock	luciferin_score	7.68408	2UUY_rec	2UUY_lig	swarm_34	28.0	1.0	
lightdock	luciferin_score	7.65722	2UUY_rec	2UUY_lig	swarm_34	29.0	1.0	
lightdock	luciferin_score	7.61863	2UUY_rec	2UUY_lig	swarm_34	30.0	1.0	
lightdock	luciferin_score	7.53956	2UUY_rec	2UUY_lig	swarm_34	31.0	2.0	
lightdock	luciferin_score	7.49663	2UUY_rec	2UUY_lig	swarm_34	32.0	2.0	
lightdock	luciferin_score	7.47587	2UUY_rec	2UUY_lig	swarm_34	33.0	1.0	
lightdock	luciferin_score	7.30322	2UUY_rec	2UUY_lig	swarm_34	34.0	2.0	
lightdock	luciferin_score	7.2088	2UUY_rec	2UUY_lig	swarm_34	35.0	8.0	
lightdock	luciferin_score	6.94529	2UUY_rec	2UUY_lig	swarm_34	36.0	2.0	
lightdock	luciferin_score	6.86447	2UUY_rec	2UUY_lig	swarm_34	37.0	2.0	
lightdock	luciferin_score	6.86286	2UUY_rec	2UUY_lig	swarm_34	38.0	2.0	
lightdock	luciferin_score	6.75236	2UUY_rec	2UUY_lig	swarm_34	39.0	1.0	
lightdock	luciferin_score	6.7185	2UUY_rec	2UUY_lig	swarm_34	40.0	2.0	
lightdock	luciferin_score	6.62433	2UUY_rec	2UUY_lig	swarm_34	41.0	1.0	
lightdock	luciferin_score	6.25379	2UUY_rec	2UUY_lig	swarm_34	42.0	1.0	
lightdock	luciferin_score	5.98633	2UUY_rec	2UUY_lig	swarm_34	43.0	1.0	
lightdock	luciferin_score	5.79244	2UUY_rec	2UUY_lig	swarm_34	44.0	2.0	
lightdock	luciferin_score	5.73863	2UUY_rec	2UUY_lig	swarm_34	45.0	1.0	
lightdock	luciferin_score	5.44728	2UUY_rec	2UUY_lig	swarm_34	46.0	2.0	
lightdock	luciferin_score	4.84236	2UUY_rec	2UUY_lig	swarm_34	47.0	7.0	
lightdock	luciferin_score	4.52023	2UUY_rec	2UUY_lig	swarm_34	48.0	1.0	
lightdock	luciferin_score	3.89754	2UUY_rec	2UUY_lig	swarm_34	49.0	2.0	
lightdock	luciferin_score	3.78031	2UUY_rec	2UUY_lig	swarm_34	50.0	1.0	
lightdock	luciferin_score	2.59858	2UUY_rec	2UUY_lig	swarm_34	51.0	2.0	
lightdock	luciferin_score	-0.70122	2UUY_rec	2UUY_lig	swarm_34	52.0	1.0	
lightdock	luciferin_score	-1.33981	2UUY_rec	2UUY_lig	swarm_34	53.0	3.0	
lightdock	luciferin_score	-1.79691	2UUY_rec	2UUY_lig	swarm_34	54.0	1.0	
lightdock	luciferin_score	-2.52525	2UUY_rec	2UUY_lig	swarm_34	55.0	2.0	
lightdock	luciferin_score	-4.15698	2UUY_rec	2UUY_lig	swarm_34	56.0	1.0	
lightdock	luciferin_score	-6.31282	2UUY_rec	2UUY_lig	swarm_34	57.0	2.0	
lightdock	luciferin_score	-11.61892	2UUY_rec	2UUY_lig	swarm_34	58.0	3.0	
lightdock	luciferin_score	-18.07291	2UUY_rec	2UUY_lig	swarm_34	59.0	4.0	
lightdock	luciferin_score	-18.1376	2UUY_rec	2UUY_lig	swarm_34	60.0	1.0	
lightdock	luciferin_score	-21.27819	2UUY_rec	2UUY_lig	swarm_34	61.0	1.0	
lightdock	luciferin_score	-22.72488	2UUY_rec	2UUY_lig	swarm_34	62.0	1.0	
lightdock	luciferin_score	-23.725	2UUY_rec	2UUY_lig	swarm_34	63.0	1.0	
lightdock	luciferin_score	-27.61943	2UUY_rec	2UUY_lig	swarm_34	64.0	1.0	
lightdock	luciferin_score	17.40436	2UUY_rec	2UUY_lig	swarm_35	0.0	4.0	
lightdock	luciferin_score	15.23663	2UUY_rec	2UUY_lig	swarm_35	1.0	7.0	
lightdock	luciferin_score	14.33483	2UUY_rec	2UUY_lig	swarm_35	2.0	2.0	
lightdock	luciferin_score	13.65017	2UUY_rec	2UUY_lig	swarm_35	3.0	2.0	
lightdock	luciferin_score	13.27869	2UUY_rec	2UUY_lig	swarm_35	4.0	2.0	
lightdock	luciferin_score	13.06708	2UUY_rec	2UUY_lig	swarm_35	5.0	6.0	
lightdock	luciferin_score	13.02502	2UUY_rec	2UUY_lig	swarm_35	6.0	6.0	
lightdock	luciferin_score	11.75167	2UUY_rec	2UUY_lig	swarm_35	7.0	6.0	
lightdock	luciferin_score	11.45773	2UUY_rec	2UUY_lig	swarm_35	8.0	5.0	
lightdock	luciferin_score	11.14289	2UUY_rec	2UUY_lig	swarm_35	9.0	7.0	
lightdock	luciferin_score	11.08	2UUY_rec	2UUY_lig	swarm_35	10.0	4.0	
lightdock	luciferin_score	11.05588	2UUY_rec	2UUY_lig	swarm_35	11.0	7.0	
lightdock	luciferin_score	10.95442	2UUY_rec	2UUY_lig	swarm_35	12.0	8.0	
lightdock	luciferin_score	10.76905	2UUY_rec	2UUY_lig	swarm_35	13.0	4.0	
lightdock	luciferin_score	10.21891	2UUY_rec	2UUY_lig	swarm_35	14.0	5.0	
lightdock	luciferin_score	9.80949	2UUY_rec	2UUY_lig	swarm_35	15.0	1.0	
lightdock	luciferin_score	9.75479	2UUY_rec	2UUY_lig	swarm_35	16.0	3.0	
lightdock	luciferin_score	9.44365	2UUY_rec	2UUY_lig	swarm_35	17.0	6.0	
lightdock	luciferin_score	9.33237	2UUY_rec	2UUY_lig	swarm_35	18.0	5.0	
lightdock	luciferin_score	9.31047	2UUY_rec	2UUY_lig	swarm_35	19.0	3.0	
lightdock	luciferin_score	9.30929	2UUY_rec	2UUY_lig	swarm_35	20.0	4.0	
lightdock	luciferin_score	9.17664	2UUY_rec	2UUY_lig	swarm_35	21.0	2.0	
lightdock	luciferin_score	8.86469	2UUY_rec	2UUY_lig	swarm_35	22.0	1.0	
lightdock	luciferin_score	8.83907	2UUY_rec	2UUY_lig	swarm_35	23.0	2.0	
lightdock	luciferin_score	8.79758	2UUY_rec	2UUY_lig	swarm_35	24.0	2.0	
lightdock	luciferin_score	8.75921	2UUY_rec	2UUY_lig	swarm_35	25.0	2.0	
lightdock	luciferin_score	8.63157	2UUY_rec	2UUY_lig	swarm_35	26.0	4.0	
lightdock	luciferin_score	8.43425	2UUY_rec	2UUY_lig	swarm_35	27.0	4.0	
lightdock	luciferin_score	8.21695	2UUY_rec	2UUY_lig	swarm_35	28.0	1.0	
lightdock	luciferin_score	8.20006	2UUY_rec	2UUY_lig	swarm_35	29.0	1.0	
lightdock	luciferin_score	8.10587	2UUY_rec	2UUY_lig	swarm_35	30.0	3.0	
lightdock	luciferin_score	7.96493	2UUY_rec	2UUY_lig	swarm_35	31.0	1.0	
lightdock	luciferin_score	7.71882	2UUY_rec	2UUY_lig	swarm_35	32.0	2.0	
lightdock	luciferin_score	7.51658	2UUY_rec	2UUY_lig	swarm_35	33.0	1.0	
lightdock	luciferin_score	7.4448	2UUY_rec	2UUY_lig	swarm_35	34.0	2.0	
lightdock	luciferin_score	7.23317	2UUY_rec	2UUY_lig	swarm_35	35.0	4.0	
lightdock	luciferin_score	7.00791	2UUY_rec	2UUY_lig	swarm_35	36.0	3.0	
lightdock	luciferin_score	6.80423	2UUY_rec	2UUY_lig	swarm_35	37.0	1.0	
lightdock	luciferin_score	6.76534	2UUY_rec	2UUY_lig	swarm_35	38.0	1.0	
lightdock	luciferin_score	6.74846	2UUY_rec	2UUY_lig	swarm_35	39.0	1.0	
lightdock	luciferin_score	6.48901	2UUY_rec	2UUY_lig	swarm_35	40.0	10.0	
lightdock	luciferin_score	6.46583	2UUY_rec	2UUY_lig	swarm_35	41.0	1.0	
lightdock	luciferin_score	5.79583	2UUY_rec	2UUY_lig	swarm_35	42.0	2.0	
lightdock	luciferin_score	5.68073	2UUY_rec	2UUY_lig	swarm_35	43.0	2.0	
lightdock	luciferin_score	5.06225	2UUY_rec	2UUY_lig	swarm_35	44.0	1.0	
lightdock	luciferin_score	4.80085	2UUY_rec	2UUY_lig	swarm_35	45.0	1.0	
lightdock	luciferin_score	3.25352	2UUY_rec	2UUY_lig	swarm_35	46.0	5.0	
lightdock	luciferin_score	2.41591	2UUY_rec	2UUY_lig	swarm_35	47.0	4.0	
lightdock	luciferin_score	1.67235	2UUY_rec	2UUY_lig	swarm_35	48.0	3.0	
lightdock	luciferin_score	1.594	2UUY_rec	2UUY_lig	swarm_35	49.0	1.0	
lightdock	luciferin_score	1.20352	2UUY_rec	2UUY_lig	swarm_35	50.0	2.0	
lightdock	luciferin_score	1.05403	2UUY_rec	2UUY_lig	swarm_35	51.0	1.0	
lightdock	luciferin_score	-1.21587	2UUY_rec	2UUY_lig	swarm_35	52.0	2.0	
lightdock	luciferin_score	-1.56375	2UUY_rec	2UUY_lig	swarm_35	53.0	1.0	
lightdock	luciferin_score	-1.90291	2UUY_rec	2UUY_lig	swarm_35	54.0	3.0	
lightdock	luciferin_score	-2.88464	2UUY_rec	2UUY_lig	swarm_35	55.0	1.0	
lightdock	luciferin_score	-3.12328	2UUY_rec	2UUY_lig	swarm_35	56.0	3.0	
lightdock	luciferin_score	-5.87373	2UUY_rec	2UUY_lig	swarm_35	57.0	1.0	
lightdock	luciferin_score	-11.82603	2UUY_rec	2UUY_lig	swarm_35	58.0	5.0	
lightdock	luciferin_score	-12.39665	2UUY_rec	2UUY_lig	swarm_35	59.0	2.0	
lightdock	luciferin_score	-14.81323	2UUY_rec	2UUY_lig	swarm_35	60.0	1.0	
lightdock	luciferin_score	-28.76323	2UUY_rec	2UUY_lig	swarm_35	61.0	1.0	
lightdock	luciferin_score	-29.29242	2UUY_rec	2UUY_lig	swarm_35	62.0	3.0	
lightdock	luciferin_score	-29.88425	2UUY_rec	2UUY_lig	swarm_35	63.0	2.0	
lightdock	luciferin_score	-45.31268	2UUY_rec	2UUY_lig	swarm_35	64.0	1.0	
lightdock	luciferin_score	-47.69559	2UUY_rec	2UUY_lig	swarm_35	65.0	1.0	
lightdock	luciferin_score	-52.20504	2UUY_rec	2UUY_lig	swarm_35	66.0	1.0	
lightdock	luciferin_score	-59.24918	2UUY_rec	2UUY_lig	swarm_35	67.0	3.0	
lightdock	luciferin_score	-100.40275	2UUY_rec	2UUY_lig	swarm_35	68.0	1.0	
lightdock	luciferin_score	17.35686	2UUY_rec	2UUY_lig	swarm_36	0.0	4.0	
lightdock	luciferin_score	17.08607	2UUY_rec	2UUY_lig	swarm_36	1.0	6.0	
lightdock	luciferin_score	15.95436	2UUY_rec	2UUY_lig	swarm_36	2.0	4.0	
lightdock	luciferin_score	14.97141	2UUY_rec	2UUY_lig	swarm_36	3.0	5.0	
lightdock	luciferin_score	14.28794	2UUY_rec	2UUY_lig	swarm_36	4.0	3.0	
lightdock	luciferin_score	13.89669	2UUY_rec	2UUY_lig	swarm_36	5.0	2.0	
lightdock	luciferin_score	13.32592	2UUY_rec	2UUY_lig	swarm_36	6.0	3.0	
lightdock	luciferin_score	13.23573	2UUY_rec	2UUY_lig	swarm_36	7.0	11.0	
lightdock	luciferin_score	12.83537	2UUY_rec	2UUY_lig	swarm_36	8.0	8.0	
lightdock	luciferin_score	12.31632	2UUY_rec	2UUY_lig	swarm_36	9.0	4.0	
lightdock	luciferin_score	12.04059	2UUY_rec	2UUY_lig	swarm_36	10.0	10.0	
lightdock	luciferin_score	11.62804	2UUY_rec	2UUY_lig	swarm_36	11.0	8.0	
lightdock	luciferin_score	11.45465	2UUY_rec	2UUY_lig	swarm_36	12.0	2.0	
lightdock	luciferin_score	11.19044	2UUY_rec	2UUY_lig	swarm_36	13.0	3.0	
lightdock	luciferin_score	10.95913	2UUY_rec	2UUY_lig	swarm_36	14.0	4.0	
lightdock	luciferin_score	10.51618	2UUY_rec	2UUY_lig	swarm_36	15.0	2.0	
lightdock	luciferin_score	10.50492	2UUY_rec	2UUY_lig	swarm_36	16.0	2.0	
lightdock	luciferin_score	10.47462	2UUY_rec	2UUY_lig	swarm_36	17.0	4.0	
lightdock	luciferin_score	10.19477	2UUY_rec	2UUY_lig	swarm_36	18.0	6.0	
lightdock	luciferin_score	10.01022	2UUY_rec	2UUY_lig	swarm_36	19.0	11.0	
lightdock	luciferin_score	9.91795	2UUY_rec	2UUY_lig	swarm_36	20.0	1.0	
lightdock	luciferin_score	9.84587	2UUY_rec	2UUY_lig	swarm_36	21.0	2.0	
lightdock	luciferin_score	9.77504	2UUY_rec	2UUY_lig	swarm_36	22.0	5.0	
lightdock	luciferin_score	9.76159	2UUY_rec	2UUY_lig	swarm_36	23.0	3.0	
lightdock	luciferin_score	9.49981	2UUY_rec	2UUY_lig	swarm_36	24.0	4.0	
lightdock	luciferin_score	8.89309	2UUY_rec	2UUY_lig	swarm_36	25.0	4.0	
lightdock	luciferin_score	8.83343	2UUY_rec	2UUY_lig	swarm_36	26.0	1.0	
lightdock	luciferin_score	8.8168	2UUY_rec	2UUY_lig	swarm_36	27.0	2.0	
lightdock	luciferin_score	8.39151	2UUY_rec	2UUY_lig	swarm_36	28.0	1.0	
lightdock	luciferin_score	8.33666	2UUY_rec	2UUY_lig	swarm_36	29.0	1.0	
lightdock	luciferin_score	8.14598	2UUY_rec	2UUY_lig	swarm_36	30.0	3.0	
lightdock	luciferin_score	7.97945	2UUY_rec	2UUY_lig	swarm_36	31.0	3.0	
lightdock	luciferin_score	7.87324	2UUY_rec	2UUY_lig	swarm_36	32.0	2.0	
lightdock	luciferin_score	7.35056	2UUY_rec	2UUY_lig	swarm_36	33.0	3.0	
lightdock	luciferin_score	7.25913	2UUY_rec	2UUY_lig	swarm_36	34.0	1.0	
lightdock	luciferin_score	6.70815	2UUY_rec	2UUY_lig	swarm_36	35.0	2.0	
lightdock	luciferin_score	5.94391	2UUY_rec	2UUY_lig	swarm_36	36.0	1.0	
lightdock	luciferin_score	5.24917	2UUY_rec	2UUY_lig	swarm_36	37.0	8.0	
lightdock	luciferin_score	2.35826	2UUY_rec	2UUY_lig	swarm_36	38.0	2.0	
lightdock	luciferin_score	1.43208	2UUY_rec	2UUY_lig	swarm_36	39.0	3.0	
lightdock	luciferin_score	0.83907	2UUY_rec	2UUY_lig	swarm_36	40.0	2.0	
lightdock	luciferin_score	0.66509	2UUY_rec	2UUY_lig	swarm_36	41.0	3.0	
lightdock	luciferin_score	-0.17942	2UUY_rec	2UUY_lig	swarm_36	42.0	1.0	
lightdock	luciferin_score	-1.73447	2UUY_rec	2UUY_lig	swarm_36	43.0	1.0	
lightdock	luciferin_score	-4.81585	2UUY_rec	2UUY_lig	swarm_36	44.0	1.0	
lightdock	luciferin_score	-6.32121	2UUY_rec	2UUY_lig	swarm_36	45.0	1.0	
lightdock	luciferin_score	-6.68473	2UUY_rec	2UUY_lig	swarm_36	46.0	2.0	
lightdock	luciferin_score	-7.7434	2UUY_rec	2UUY_lig	swarm_36	47.0	1.0	
lightdock	luciferin_score	-7.93093	2UUY_rec	2UUY_lig	swarm_36	48.0	2.0	
lightdock	luciferin_score	-8.90416	2UUY_rec	2UUY_lig	swarm_36	49.0	2.0	
lightdock	luciferin_score	-10.3712	2UUY_rec	2UUY_lig	swarm_36	50.0	3.0	
lightdock	luciferin_score	-12.03009	2UUY_rec	2UUY_lig	swarm_36	51.0	1.0	
lightdock	luciferin_score	-18.50204	2UUY_rec	2UUY_lig	swarm_36	52.0	1.0	
lightdock	luciferin_score	-19.88748	2UUY_rec	2UUY_lig	swarm_36	53.0	5.0	
lightdock	luciferin_score	-26.95691	2UUY_rec	2UUY_lig	swarm_36	54.0	2.0	
lightdock	luciferin_score	-28.65327	2UUY_rec	2UUY_lig	swarm_36	55.0	4.0	
lightdock	luciferin_score	-32.94503	2UUY_rec	2UUY_lig	swarm_36	56.0	1.0	
lightdock	luciferin_score	-33.28854	2UUY_rec	2UUY_lig	swarm_36	57.0	3.0	
lightdock	luciferin_score	-36.201	2UUY_rec	2UUY_lig	swarm_36	58.0	1.0	
lightdock	luciferin_score	-36.62442	2UUY_rec	2UUY_lig	swarm_36	59.0	3.0	
lightdock	luciferin_score	-42.19409	2UUY_rec	2UUY_lig	swarm_36	60.0	1.0	
lightdock	luciferin_score	-43.97982	2UUY_rec	2UUY_lig	swarm_36	61.0	1.0	
lightdock	luciferin_score	-52.34198	2UUY_rec	2UUY_lig	swarm_36	62.0	2.0	
lightdock	luciferin_score	-53.56179	2UUY_rec	2UUY_lig	swarm_36	63.0	1.0	
lightdock	luciferin_score	-56.31731	2UUY_rec	2UUY_lig	swarm_36	64.0	1.0	
lightdock	luciferin_score	17.9607	2UUY_rec	2UUY_lig	swarm_37	0.0	1.0	
lightdock	luciferin_score	15.14376	2UUY_rec	2UUY_lig	swarm_37	1.0	7.0	
lightdock	luciferin_score	14.41442	2UUY_rec	2UUY_lig	swarm_37	2.0	7.0	
lightdock	luciferin_score	13.59922	2UUY_rec	2UUY_lig	swarm_37	3.0	1.0	
lightdock	luciferin_score	13.45528	2UUY_rec	2UUY_lig	swarm_37	4.0	9.0	
lightdock	luciferin_score	13.4414	2UUY_rec	2UUY_lig	swarm_37	5.0	16.0	
lightdock	luciferin_score	13.0112	2UUY_rec	2UUY_lig	swarm_37	6.0	2.0	
lightdock	luciferin_score	12.64859	2UUY_rec	2UUY_lig	swarm_37	7.0	4.0	
lightdock	luciferin_score	12.42834	2UUY_rec	2UUY_lig	swarm_37	8.0	3.0	
lightdock	luciferin_score	12.36363	2UUY_rec	2UUY_lig	swarm_37	9.0	5.0	
lightdock	luciferin_score	12.10957	2UUY_rec	2UUY_lig	swarm_37	10.0	11.0	
lightdock	luciferin_score	11.16463	2UUY_rec	2UUY_lig	swarm_37	11.0	2.0	
lightdock	luciferin_score	10.65621	2UUY_rec	2UUY_lig	swarm_37	12.0	2.0	
lightdock	luciferin_score	10.57159	2UUY_rec	2UUY_lig	swarm_37	13.0	5.0	
lightdock	luciferin_score	10.2952	2UUY_rec	2UUY_lig	swarm_37	14.0	5.0	
lightdock	luciferin_score	9.55538	2UUY_rec	2UUY_lig	swarm_37	15.0	7.0	
lightdock	luciferin_score	9.38578	2UUY_rec	2UUY_lig	swarm_37	16.0	2.0	
lightdock	luciferin_score	9.10836	2UUY_rec	2UUY_lig	swarm_37	17.0	1.0	
lightdock	luciferin_score	9.06225	2UUY_rec	2UUY_lig	swarm_37	18.0	7.0	
lightdock	luciferin_score	9.04377	2UUY_rec	2UUY_lig	swarm_37	19.0	1.0	
lightdock	luciferin_score	8.95206	2UUY_rec	2UUY_lig	swarm_37	20.0	2.0	
lightdock	luciferin_score	8.76932	2UUY_rec	2UUY_lig	swarm_37	21.0	2.0	
lightdock	luciferin_score	8.66517	2UUY_rec	2UUY_lig	swarm_37	22.0	1.0	
lightdock	luciferin_score	8.40193	2UUY_rec	2UUY_lig	swarm_37	23.0	2.0	
lightdock	luciferin_score	8.2561	2UUY_rec	2UUY_lig	swarm_37	24.0	1.0	
lightdock	luciferin_score	8.24065	2UUY_rec	2UUY_lig	swarm_37	25.0	1.0	
lightdock	luciferin_score	8.14247	2UUY_rec	2UUY_lig	swarm_37	26.0	8.0	
lightdock	luciferin_score	8.06516	2UUY_rec	2UUY_lig	swarm_37	27.0	3.0	
lightdock	luciferin_score	7.91905	2UUY_rec	2UUY_lig	swarm_37	28.0	1.0	
lightdock	luciferin_score	7.87989	2UUY_rec	2UUY_lig	swarm_37	29.0	5.0	
lightdock	luciferin_score	7.65849	2UUY_rec	2UUY_lig	swarm_37	30.0	4.0	
lightdock	luciferin_score	7.41176	2UUY_rec	2UUY_lig	swarm_37	31.0	2.0	
lightdock	luciferin_score	7.38055	2UUY_rec	2UUY_lig	swarm_37	32.0	3.0	
lightdock	luciferin_score	7.25795	2UUY_rec	2UUY_lig	swarm_37	33.0	1.0	
lightdock	luciferin_score	7.11713	2UUY_rec	2UUY_lig	swarm_37	34.0	3.0	
lightdock	luciferin_score	6.90091	2UUY_rec	2UUY_lig	swarm_37	35.0	7.0	
lightdock	luciferin_score	6.81135	2UUY_rec	2UUY_lig	swarm_37	36.0	4.0	
lightdock	luciferin_score	6.62969	2UUY_rec	2UUY_lig	swarm_37	37.0	11.0	
lightdock	luciferin_score	6.61278	2UUY_rec	2UUY_lig	swarm_37	38.0	1.0	
lightdock	luciferin_score	6.60077	2UUY_rec	2UUY_lig	swarm_37	39.0	1.0	
lightdock	luciferin_score	6.41601	2UUY_rec	2UUY_lig	swarm_37	40.0	1.0	
lightdock	luciferin_score	6.35788	2UUY_rec	2UUY_lig	swarm_37	41.0	1.0	
lightdock	luciferin_score	6.1653	2UUY_rec	2UUY_lig	swarm_37	42.0	3.0	
lightdock	luciferin_score	6.1603	2UUY_rec	2UUY_lig	swarm_37	43.0	1.0	
lightdock	luciferin_score	5.96165	2UUY_rec	2UUY_lig	swarm_37	44.0	2.0	
lightdock	luciferin_score	5.71788	2UUY_rec	2UUY_lig	swarm_37	45.0	3.0	
lightdock	luciferin_score	4.92444	2UUY_rec	2UUY_lig	swarm_37	46.0	1.0	
lightdock	luciferin_score	4.62958	2UUY_rec	2UUY_lig	swarm_37	47.0	1.0	
lightdock	luciferin_score	3.23216	2UUY_rec	2UUY_lig	swarm_37	48.0	1.0	
lightdock	luciferin_score	-0.66663	2UUY_rec	2UUY_lig	swarm_37	49.0	3.0	
lightdock	luciferin_score	-3.37191	2UUY_rec	2UUY_lig	swarm_37	50.0	1.0	
lightdock	luciferin_score	-5.83081	2UUY_rec	2UUY_lig	swarm_37	51.0	3.0	
lightdock	luciferin_score	-5.84375	2UUY_rec	2UUY_lig	swarm_37	52.0	6.0	
lightdock	luciferin_score	-12.63163	2UUY_rec	2UUY_lig	swarm_37	53.0	2.0	
lightdock	luciferin_score	-16.56207	2UUY_rec	2UUY_lig	swarm_37	54.0	2.0	
lightdock	luciferin_score	-16.617	2UUY_rec	2UUY_lig	swarm_37	55.0	3.0	
lightdock	luciferin_score	-20.12624	2UUY_rec	2UUY_lig	swarm_37	56.0	1.0	
lightdock	luciferin_score	-22.90338	2UUY_rec	2UUY_lig	swarm_37	57.0	1.0	
lightdock	luciferin_score	-24.5406	2UUY_rec	2UUY_lig	swarm_37	58.0	1.0	
lightdock	luciferin_score	-26.8657	2UUY_rec	2UUY_lig	swarm_37	59.0	1.0	
lightdock	luciferin_score	-53.27883	2UUY_rec	2UUY_lig	swarm_37	60.0	1.0	
lightdock	luciferin_score	17.91868	2UUY_rec	2UUY_lig	swarm_38	0.0	6.0	
lightdock	luciferin_score	15.47739	2UUY_rec	2UUY_lig	swarm_38	1.0	18.0	
lightdock	luciferin_score	14.47412	2UUY_rec	2UUY_lig	swarm_38	2.0	4.0	
lightdock	luciferin_score	13.78919	2UUY_rec	2UUY_lig	swarm_38	3.0	1.0	
lightdock	luciferin_score	13.52393	2UUY_rec	2UUY_lig	swarm_38	4.0	5.0	
lightdock	luciferin_score	13.27539	2UUY_rec	2UUY_lig	swarm_38	5.0	1.0	
lightdock	luciferin_score	12.66903	2UUY_rec	2UUY_lig	swarm_38	6.0	2.0	
lightdock	luciferin_score	12.46473	2UUY_rec	2UUY_lig	swarm_38	7.0	10.0	
lightdock	luciferin_score	11.9821	2UUY_rec	2UUY_lig	swarm_38	8.0	5.0	
lightdock	luciferin_score	11.48063	2UUY_rec	2UUY_lig	swarm_38	9.0	8.0	
lightdock	luciferin_score	11.25969	2UUY_rec	2UUY_lig	swarm_38	10.0	3.0	
lightdock	luciferin_score	10.7266	2UUY_rec	2UUY_lig	swarm_38	11.0	1.0	
lightdock	luciferin_score	10.0278	2UUY_rec	2UUY_lig	swarm_38	12.0	3.0	
lightdock	luciferin_score	9.49231	2UUY_rec	2UUY_lig	swarm_38	13.0	2.0	
lightdock	luciferin_score	9.42274	2UUY_rec	2UUY_lig	swarm_38	14.0	2.0	
lightdock	luciferin_score	9.40216	2UUY_rec	2UUY_lig	swarm_38	15.0	5.0	
lightdock	luciferin_score	9.25059	2UUY_rec	2UUY_lig	swarm_38	16.0	2.0	
lightdock	luciferin_score	9.17415	2UUY_rec	2UUY_lig	swarm_38	17.0	2.0	
lightdock	luciferin_score	9.16534	2UUY_rec	2UUY_lig	swarm_38	18.0	3.0	
lightdock	luciferin_score	9.09952	2UUY_rec	2UUY_lig	swarm_38	19.0	1.0	
lightdock	luciferin_score	8.87765	2UUY_rec	2UUY_lig	swarm_38	20.0	1.0	
lightdock	luciferin_score	8.78009	2UUY_rec	2UUY_lig	swarm_38	21.0	3.0	
lightdock	luciferin_score	8.25417	2UUY_rec	2UUY_lig	swarm_38	22.0	3.0	
lightdock	luciferin_score	7.5552	2UUY_rec	2UUY_lig	swarm_38	23.0	2.0	
lightdock	luciferin_score	7.44514	2UUY_rec	2UUY_lig	swarm_38	24.0	1.0	
lightdock	luciferin_score	7.34154	2UUY_rec	2UUY_lig	swarm_38	25.0	1.0	
lightdock	luciferin_score	7.31621	2UUY_rec	2UUY_lig	swarm_38	26.0	1.0	
lightdock	luciferin_score	7.16345	2UUY_rec	2UUY_lig	swarm_38	27.0	2.0	
lightdock	luciferin_score	6.88381	2UUY_rec	2UUY_lig	swarm_38	28.0	1.0	
lightdock	luciferin_score	6.84626	2UUY_rec	2UUY_lig	swarm_38	29.0	2.0	
lightdock	luciferin_score	6.56938	2UUY_rec	2UUY_lig	swarm_38	30.0	6.0	
lightdock	luciferin_score	6.04613	2UUY_rec	2UUY_lig	swarm_38	31.0	1.0	
lightdock	luciferin_score	5.9577	2UUY_rec	2UUY_lig	swarm_38	32.0	1.0	
lightdock	luciferin_score	3.14282	2UUY_rec	2UUY_lig	swarm_38	33.0	8.0	
lightdock	luciferin_score	3.0213	2UUY_rec	2UUY_lig	swarm_38	34.0	1.0	
lightdock	luciferin_score	2.53113	2UUY_rec	2UUY_lig	swarm_38	35.0	3.0	
lightdock	luciferin_score	2.22802	2UUY_rec	2UUY_lig	swarm_38	36.0	1.0	
lightdock	luciferin_score	1.98216	2UUY_rec	2UUY_lig	swarm_38	37.0	2.0	
lightdock	luciferin_score	0.7893	2UUY_rec	2UUY_lig	swarm_38	38.0	6.0	
lightdock	luciferin_score	-0.11887	2UUY_rec	2UUY_lig	swarm_38	39.0	13.0	
lightdock	luciferin_score	-0.41177	2UUY_rec	2UUY_lig	swarm_38	40.0	1.0	
lightdock	luciferin_score	-1.97104	2UUY_rec	2UUY_lig	swarm_38	41.0	1.0	
lightdock	luciferin_score	-3.97467	2UUY_rec	2UUY_lig	swarm_38	42.0	1.0	
lightdock	luciferin_score	-5.58864	2UUY_rec	2UUY_lig	swarm_38	43.0	4.0	
lightdock	luciferin_score	-8.48773	2UUY_rec	2UUY_lig	swarm_38	44.0	3.0	
lightdock	luciferin_score	-8.82151	2UUY_rec	2UUY_lig	swarm_38	45.0	2.0	
lightdock	luciferin_score	-9.13868	2UUY_rec	2UUY_lig	swarm_38	46.0	4.0	
lightdock	luciferin_score	-10.06149	2UUY_rec	2UUY_lig	swarm_38	47.0	8.0	
lightdock	luciferin_score	-10.10469	2UUY_rec	2UUY_lig	swarm_38	48.0	9.0	
lightdock	luciferin_score	-10.79288	2UUY_rec	2UUY_lig	swarm_38	49.0	1.0	
lightdock	luciferin_score	-11.80768	2UUY_rec	2UUY_lig	swarm_38	50.0	1.0	
lightdock	luciferin_score	-12.02293	2UUY_rec	2UUY_lig	swarm_38	51.0	3.0	
lightdock	luciferin_score	-12.39925	2UUY_rec	2UUY_lig	swarm_38	52.0	1.0	
lightdock	luciferin_score	-15.71738	2UUY_rec	2UUY_lig	swarm_38	53.0	1.0	
lightdock	luciferin_score	-23.64221	2UUY_rec	2UUY_lig	swarm_38	54.0	1.0	
lightdock	luciferin_score	-25.90665	2UUY_rec	2UUY_lig	swarm_38	55.0	6.0	
lightdock	luciferin_score	-31.76724	2UUY_rec	2UUY_lig	swarm_38	56.0	4.0	
lightdock	luciferin_score	-31.77903	2UUY_rec	2UUY_lig	swarm_38	57.0	1.0	
lightdock	luciferin_score	-40.16289	2UUY_rec	2UUY_lig	swarm_38	58.0	1.0	
lightdock	luciferin_score	-40.85022	2UUY_rec	2UUY_lig	swarm_38	59.0	1.0	
lightdock	luciferin_score	-41.45344	2UUY_rec	2UUY_lig	swarm_38	60.0	1.0	
lightdock	luciferin_score	-42.18699	2UUY_rec	2UUY_lig	swarm_38	61.0	1.0	
lightdock	luciferin_score	-56.09248	2UUY_rec	2UUY_lig	swarm_38	62.0	1.0	
lightdock	luciferin_score	21.76948	2UUY_rec	2UUY_lig	swarm_39	0.0	10.0	
lightdock	luciferin_score	18.38331	2UUY_rec	2UUY_lig	swarm_39	1.0	5.0	
lightdock	luciferin_score	15.95189	2UUY_rec	2UUY_lig	swarm_39	2.0	8.0	
lightdock	luciferin_score	15.90524	2UUY_rec	2UUY_lig	swarm_39	3.0	8.0	
lightdock	luciferin_score	15.22892	2UUY_rec	2UUY_lig	swarm_39	4.0	14.0	
lightdock	luciferin_score	13.84453	2UUY_rec	2UUY_lig	swarm_39	5.0	7.0	
lightdock	luciferin_score	13.79783	2UUY_rec	2UUY_lig	swarm_39	6.0	6.0	
lightdock	luciferin_score	13.45578	2UUY_rec	2UUY_lig	swarm_39	7.0	7.0	
lightdock	luciferin_score	12.90471	2UUY_rec	2UUY_lig	swarm_39	8.0	6.0	
lightdock	luciferin_score	12.82994	2UUY_rec	2UUY_lig	swarm_39	9.0	8.0	
lightdock	luciferin_score	12.56173	2UUY_rec	2UUY_lig	swarm_39	10.0	1.0	
lightdock	luciferin_score	11.46566	2UUY_rec	2UUY_lig	swarm_39	11.0	2.0	
lightdock	luciferin_score	11.33927	2UUY_rec	2UUY_lig	swarm_39	12.0	8.0	
lightdock	luciferin_score	11.28426	2UUY_rec	2UUY_lig	swarm_39	13.0	1.0	
lightdock	luciferin_score	11.20998	2UUY_rec	2UUY_lig	swarm_39	14.0	1.0	
lightdock	luciferin_score	10.62183	2UUY_rec	2UUY_lig	swarm_39	15.0	7.0	
lightdock	luciferin_score	10.49327	2UUY_rec	2UUY_lig	swarm_39	16.0	1.0	
lightdock	luciferin_score	10.47098	2UUY_rec	2UUY_lig	swarm_39	17.0	2.0	
lightdock	luciferin_score	10.45296	2UUY_rec	2UUY_lig	swarm_39	18.0	2.0	
lightdock	luciferin_score	10.13215	2UUY_rec	2UUY_lig	swarm_39	19.0	2.0	
lightdock	luciferin_score	9.93924	2UUY_rec	2UUY_lig	swarm_39	20.0	1.0	
lightdock	luciferin_score	9.19597	2UUY_rec	2UUY_lig	swarm_39	21.0	2.0	
lightdock	luciferin_score	9.12293	2UUY_rec	2UUY_lig	swarm_39	22.0	1.0	
lightdock	luciferin_score	8.98678	2UUY_rec	2UUY_lig	swarm_39	23.0	1.0	
lightdock	luciferin_score	8.6619	2UUY_rec	2UUY_lig	swarm_39	24.0	1.0	
lightdock	luciferin_score	8.50877	2UUY_rec	2UUY_lig	swarm_39	25.0	7.0	
lightdock	luciferin_score	8.41199	2UUY_rec	2UUY_lig	swarm_39	26.0	1.0	
lightdock	luciferin_score	8.39613	2UUY_rec	2UUY_lig	swarm_39	27.0	1.0	
lightdock	luciferin_score	8.31913	2UUY_rec	2UUY_lig	swarm_39	28.0	1.0	
lightdock	luciferin_score	8.28635	2UUY_rec	2UUY_lig	swarm_39	29.0	3.0	
lightdock	luciferin_score	8.23384	2UUY_rec	2UUY_lig	swarm_39	30.0	2.0	
lightdock	luciferin_score	7.95673	2UUY_rec	2UUY_lig	swarm_39	31.0	3.0	
lightdock	luciferin_score	7.73486	2UUY_rec	2UUY_lig	swarm_39	32.0	4.0	
lightdock	luciferin_score	7.64388	2UUY_rec	2UUY_lig	swarm_39	33.0	2.0	
lightdock	luciferin_score	7.28246	2UUY_rec	2UUY_lig	swarm_39	34.0	1.0	
lightdock	luciferin_score	6.37622	2UUY_rec	2UUY_lig	swarm_39	35.0	4.0	
lightdock	luciferin_score	6.19716	2UUY_rec	2UUY_lig	swarm_39	36.0	1.0	
lightdock	luciferin_score	5.82007	2UUY_rec	2UUY_lig	swarm_39	37.0	5.0	
lightdock	luciferin_score	4.73221	2UUY_rec	2UUY_lig	swarm_39	38.0	4.0	
lightdock	luciferin_score	4.3829	2UUY_rec	2UUY_lig	swarm_39	39.0	1.0	
lightdock	luciferin_score	4.25497	2UUY_rec	2UUY_lig	swarm_39	40.0	2.0	
lightdock	luciferin_score	1.04752	2UUY_rec	2UUY_lig	swarm_39	41.0	3.0	
lightdock	luciferin_score	-0.68976	2UUY_rec	2UUY_lig	swarm_39	42.0	3.0	
lightdock	luciferin_score	-1.69362	2UUY_rec	2UUY_lig	swarm_39	43.0	4.0	
lightdock	luciferin_score	-2.26821	2UUY_rec	2UUY_lig	swarm_39	44.0	1.0	
lightdock	luciferin_score	-7.23696	2UUY_rec	2UUY_lig	swarm_39	45.0	7.0	
lightdock	luciferin_score	-8.32369	2UUY_rec	2UUY_lig	swarm_39	46.0	1.0	
lightdock	luciferin_score	-8.52468	2UUY_rec	2UUY_lig	swarm_39	47.0	1.0	
lightdock	luciferin_score	-8.93492	2UUY_rec	2UUY_lig	swarm_39	48.0	2.0	
lightdock	luciferin_score	-9.885	2UUY_rec	2UUY_lig	swarm_39	49.0	4.0	
lightdock	luciferin_score	-11.53636	2UUY_rec	2UUY_lig	swarm_39	50.0	1.0	
lightdock	luciferin_score	-17.19879	2UUY_rec	2UUY_lig	swarm_39	51.0	3.0	
lightdock	luciferin_score	-19.80503	2UUY_rec	2UUY_lig	swarm_39	52.0	3.0	
lightdock	luciferin_score	-19.86683	2UUY_rec	2UUY_lig	swarm_39	53.0	1.0	
lightdock	luciferin_score	-22.36799	2UUY_rec	2UUY_lig	swarm_39	54.0	4.0	
lightdock	luciferin_score	-36.83028	2UUY_rec	2UUY_lig	swarm_39	55.0	2.0	
lightdock	luciferin_score	-37.35476	2UUY_rec	2UUY_lig	swarm_39	56.0	1.0	
lightdock	luciferin_score	-41.58235	2UUY_rec	2UUY_lig	swarm_39	57.0	3.0	
lightdock	luciferin_score	-53.86744	2UUY_rec	2UUY_lig	swarm_39	58.0	1.0	
lightdock	luciferin_score	-59.94603	2UUY_rec	2UUY_lig	swarm_39	59.0	1.0	
lightdock	luciferin_score	16.08412	2UUY_rec	2UUY_lig	swarm_4	0.0	6.0	
lightdock	luciferin_score	14.66617	2UUY_rec	2UUY_lig	swarm_4	1.0	11.0	
lightdock	luciferin_score	14.24783	2UUY_rec	2UUY_lig	swarm_4	2.0	2.0	
lightdock	luciferin_score	13.14802	2UUY_rec	2UUY_lig	swarm_4	3.0	9.0	
lightdock	luciferin_score	12.75656	2UUY_rec	2UUY_lig	swarm_4	4.0	1.0	
lightdock	luciferin_score	12.69427	2UUY_rec	2UUY_lig	swarm_4	5.0	6.0	
lightdock	luciferin_score	11.95388	2UUY_rec	2UUY_lig	swarm_4	6.0	5.0	
lightdock	luciferin_score	11.37204	2UUY_rec	2UUY_lig	swarm_4	7.0	5.0	
lightdock	luciferin_score	11.17595	2UUY_rec	2UUY_lig	swarm_4	8.0	2.0	
lightdock	luciferin_score	11.15098	2UUY_rec	2UUY_lig	swarm_4	9.0	4.0	
lightdock	luciferin_score	10.89154	2UUY_rec	2UUY_lig	swarm_4	10.0	2.0	
lightdock	luciferin_score	10.79248	2UUY_rec	2UUY_lig	swarm_4	11.0	3.0	
lightdock	luciferin_score	10.78009	2UUY_rec	2UUY_lig	swarm_4	12.0	1.0	
lightdock	luciferin_score	10.77475	2UUY_rec	2UUY_lig	swarm_4	13.0	4.0	
lightdock	luciferin_score	10.4523	2UUY_rec	2UUY_lig	swarm_4	14.0	1.0	
lightdock	luciferin_score	10.41353	2UUY_rec	2UUY_lig	swarm_4	15.0	13.0	
lightdock	luciferin_score	10.19113	2UUY_rec	2UUY_lig	swarm_4	16.0	6.0	
lightdock	luciferin_score	10.18247	2UUY_rec	2UUY_lig	swarm_4	17.0	8.0	
lightdock	luciferin_score	9.92102	2UUY_rec	2UUY_lig	swarm_4	18.0	1.0	
lightdock	luciferin_score	9.70521	2UUY_rec	2UUY_lig	swarm_4	19.0	9.0	
lightdock	luciferin_score	9.67845	2UUY_rec	2UUY_lig	swarm_4	20.0	4.0	
lightdock	luciferin_score	9.56105	2UUY_rec	2UUY_lig	swarm_4	21.0	3.0	
lightdock	luciferin_score	9.28623	2UUY_rec	2UUY_lig	swarm_4	22.0	4.0	
lightdock	luciferin_score	9.19857	2UUY_rec	2UUY_lig	swarm_4	23.0	3.0	
lightdock	luciferin_score	8.98814	2UUY_rec	2UUY_lig	swarm_4	24.0	4.0	
lightdock	luciferin_score	8.88099	2UUY_rec	2UUY_lig	swarm_4	25.0	6.0	
lightdock	luciferin_score	8.86459	2UUY_rec	2UUY_lig	swarm_4	26.0	1.0	
lightdock	luciferin_score	8.81635	2UUY_rec	2UUY_lig	swarm_4	27.0	9.0	
lightdock	luciferin_score	8.73265	2UUY_rec	2UUY_lig	swarm_4	28.0	5.0	
lightdock	luciferin_score	8.4496	2UUY_rec	2UUY_lig	swarm_4	29.0	2.0	
lightdock	luciferin_score	8.36848	2UUY_rec	2UUY_lig	swarm_4	30.0	1.0	
lightdock	luciferin_score	8.33788	2UUY_rec	2UUY_lig	swarm_4	31.0	2.0	
lightdock	luciferin_score	8.09933	2UUY_rec	2UUY_lig	swarm_4	32.0	2.0	
lightdock	luciferin_score	8.0099	2UUY_rec	2UUY_lig	swarm_4	33.0	1.0	
lightdock	luciferin_score	7.86538	2UUY_rec	2UUY_lig	swarm_4	34.0	2.0	
lightdock	luciferin_score	7.35606	2UUY_rec	2UUY_lig	swarm_4	35.0	2.0	
lightdock	luciferin_score	7.30295	2UUY_rec	2UUY_lig	swarm_4	36.0	1.0	
lightdock	luciferin_score	7.26165	2UUY_rec	2UUY_lig	swarm_4	37.0	1.0	
lightdock	luciferin_score	7.07748	2UUY_rec	2UUY_lig	swarm_4	38.0	1.0	
lightdock	luciferin_score	7.0045	2UUY_rec	2UUY_lig	swarm_4	39.0	2.0	
lightdock	luciferin_score	5.68842	2UUY_rec	2UUY_lig	swarm_4	40.0	1.0	
lightdock	luciferin_score	5.45702	2UUY_rec	2UUY_lig	swarm_4	41.0	1.0	
lightdock	luciferin_score	5.10093	2UUY_rec	2UUY_lig	swarm_4	42.0	2.0	
lightdock	luciferin_score	4.59464	2UUY_rec	2UUY_lig	swarm_4	43.0	1.0	
lightdock	luciferin_score	4.17629	2UUY_rec	2UUY_lig	swarm_4	44.0	1.0	
lightdock	luciferin_score	-0.12382	2UUY_rec	2UUY_lig	swarm_4	45.0	1.0	
lightdock	luciferin_score	-0.9603	2UUY_rec	2UUY_lig	swarm_4	46.0	2.0	
lightdock	luciferin_score	-1.96364	2UUY_rec	2UUY_lig	swarm_4	47.0	1.0	
lightdock	luciferin_score	-3.41841	2UUY_rec	2UUY_lig	swarm_4	48.0	2.0	
lightdock	luciferin_score	-5.73018	2UUY_rec	2UUY_lig	swarm_4	49.0	6.0	
lightdock	luciferin_score	-7.48681	2UUY_rec	2UUY_lig	swarm_4	50.0	1.0	
lightdock	luciferin_score	-8.20257	2UUY_rec	2UUY_lig	swarm_4	51.0	4.0	
lightdock	luciferin_score	-9.8254	2UUY_rec	2UUY_lig	swarm_4	52.0	1.0	
lightdock	luciferin_score	-12.94911	2UUY_rec	2UUY_lig	swarm_4	53.0	1.0	
lightdock	luciferin_score	-16.04502	2UUY_rec	2UUY_lig	swarm_4	54.0	2.0	
lightdock	luciferin_score	-18.20396	2UUY_rec	2UUY_lig	swarm_4	55.0	3.0	
lightdock	luciferin_score	-20.93514	2UUY_rec	2UUY_lig	swarm_4	56.0	1.0	
lightdock	luciferin_score	-21.89311	2UUY_rec	2UUY_lig	swarm_4	57.0	1.0	
lightdock	luciferin_score	-22.13814	2UUY_rec	2UUY_lig	swarm_4	58.0	3.0	
lightdock	luciferin_score	-23.39087	2UUY_rec	2UUY_lig	swarm_4	59.0	2.0	
lightdock	luciferin_score	-24.70688	2UUY_rec	2UUY_lig	swarm_4	60.0	1.0	
lightdock	luciferin_score	-26.24822	2UUY_rec	2UUY_lig	swarm_4	61.0	1.0	
lightdock	luciferin_score	-33.32782	2UUY_rec	2UUY_lig	swarm_4	62.0	2.0	
lightdock	luciferin_score	-36.20675	2UUY_rec	2UUY_lig	swarm_4	63.0	2.0	
lightdock	luciferin_score	-43.32707	2UUY_rec	2UUY_lig	swarm_4	64.0	1.0	
lightdock	luciferin_score	-44.95207	2UUY_rec	2UUY_lig	swarm_4	65.0	1.0	
lightdock	luciferin_score	24.10555	2UUY_rec	2UUY_lig	swarm_40	0.0	7.0	
lightdock	luciferin_score	19.97377	2UUY_rec	2UUY_lig	swarm_40	1.0	3.0	
lightdock	luciferin_score	16.43012	2UUY_rec	2UUY_lig	swarm_40	2.0	8.0	
lightdock	luciferin_score	15.69117	2UUY_rec	2UUY_lig	swarm_40	3.0	3.0	
lightdock	luciferin_score	14.64218	2UUY_rec	2UUY_lig	swarm_40	4.0	3.0	
lightdock	luciferin_score	14.62004	2UUY_rec	2UUY_lig	swarm_40	5.0	4.0	
lightdock	luciferin_score	14.4352	2UUY_rec	2UUY_lig	swarm_40	6.0	6.0	
lightdock	luciferin_score	13.84054	2UUY_rec	2UUY_lig	swarm_40	7.0	2.0	
lightdock	luciferin_score	13.65708	2UUY_rec	2UUY_lig	swarm_40	8.0	1.0	
lightdock	luciferin_score	12.26501	2UUY_rec	2UUY_lig	swarm_40	9.0	11.0	
lightdock	luciferin_score	12.16206	2UUY_rec	2UUY_lig	swarm_40	10.0	4.0	
lightdock	luciferin_score	12.11744	2UUY_rec	2UUY_lig	swarm_40	11.0	3.0	
lightdock	luciferin_score	11.97643	2UUY_rec	2UUY_lig	swarm_40	12.0	4.0	
lightdock	luciferin_score	11.95292	2UUY_rec	2UUY_lig	swarm_40	13.0	2.0	
lightdock	luciferin_score	11.73257	2UUY_rec	2UUY_lig	swarm_40	14.0	1.0	
lightdock	luciferin_score	11.64607	2UUY_rec	2UUY_lig	swarm_40	15.0	7.0	
lightdock	luciferin_score	11.58003	2UUY_rec	2UUY_lig	swarm_40	16.0	17.0	
lightdock	luciferin_score	11.0381	2UUY_rec	2UUY_lig	swarm_40	17.0	1.0	
lightdock	luciferin_score	10.99523	2UUY_rec	2UUY_lig	swarm_40	18.0	1.0	
lightdock	luciferin_score	10.98459	2UUY_rec	2UUY_lig	swarm_40	19.0	3.0	
lightdock	luciferin_score	10.96904	2UUY_rec	2UUY_lig	swarm_40	20.0	6.0	
lightdock	luciferin_score	10.76745	2UUY_rec	2UUY_lig	swarm_40	21.0	1.0	
lightdock	luciferin_score	10.46181	2UUY_rec	2UUY_lig	swarm_40	22.0	2.0	
lightdock	luciferin_score	10.35027	2UUY_rec	2UUY_lig	swarm_40	23.0	1.0	
lightdock	luciferin_score	9.87924	2UUY_rec	2UUY_lig	swarm_40	24.0	1.0	
lightdock	luciferin_score	9.1937	2UUY_rec	2UUY_lig	swarm_40	25.0	5.0	
lightdock	luciferin_score	9.10794	2UUY_rec	2UUY_lig	swarm_40	26.0	5.0	
lightdock	luciferin_score	8.84567	2UUY_rec	2UUY_lig	swarm_40	27.0	1.0	
lightdock	luciferin_score	8.7443	2UUY_rec	2UUY_lig	swarm_40	28.0	3.0	
lightdock	luciferin_score	8.46953	2UUY_rec	2UUY_lig	swarm_40	29.0	1.0	
lightdock	luciferin_score	8.32494	2UUY_rec	2UUY_lig	swarm_40	30.0	2.0	
lightdock	luciferin_score	8.08226	2UUY_rec	2UUY_lig	swarm_40	31.0	1.0	
lightdock	luciferin_score	7.78122	2UUY_rec	2UUY_lig	swarm_40	32.0	3.0	
lightdock	luciferin_score	7.59626	2UUY_rec	2UUY_lig	swarm_40	33.0	1.0	
lightdock	luciferin_score	7.38886	2UUY_rec	2UUY_lig	swarm_40	34.0	4.0	
lightdock	luciferin_score	7.38153	2UUY_rec	2UUY_lig	swarm_40	35.0	1.0	
lightdock	luciferin_score	5.98481	2UUY_rec	2UUY_lig	swarm_40	36.0	7.0	
lightdock	luciferin_score	5.35641	2UUY_rec	2UUY_lig	swarm_40	37.0	4.0	
lightdock	luciferin_score	5.10465	2UUY_rec	2UUY_lig	swarm_40	38.0	1.0	
lightdock	luciferin_score	4.34673	2UUY_rec	2UUY_lig	swarm_40	39.0	2.0	
lightdock	luciferin_score	3.73968	2UUY_rec	2UUY_lig	swarm_40	40.0	4.0	
lightdock	luciferin_score	3.44226	2UUY_rec	2UUY_lig	swarm_40	41.0	7.0	
lightdock	luciferin_score	2.38168	2UUY_rec	2UUY_lig	swarm_40	42.0	1.0	
lightdock	luciferin_score	1.96665	2UUY_rec	2UUY_lig	swarm_40	43.0	1.0	
lightdock	luciferin_score	1.46091	2UUY_rec	2UUY_lig	swarm_40	44.0	1.0	
lightdock	luciferin_score	1.39199	2UUY_rec	2UUY_lig	swarm_40	45.0	1.0	
lightdock	luciferin_score	0.44141	2UUY_rec	2UUY_lig	swarm_40	46.0	2.0	
lightdock	luciferin_score	-1.05546	2UUY_rec	2UUY_lig	swarm_40	47.0	1.0	
lightdock	luciferin_score	-2.02457	2UUY_rec	2UUY_lig	swarm_40	48.0	1.0	
lightdock	luciferin_score	-2.21317	2UUY_rec	2UUY_lig	swarm_40	49.0	3.0	
lightdock	luciferin_score	-2.72533	2UUY_rec	2UUY_lig	swarm_40	50.0	2.0	
lightdock	luciferin_score	-2.90943	2UUY_rec	2UUY_lig	swarm_40	51.0	5.0	
lightdock	luciferin_score	-3.67064	2UUY_rec	2UUY_lig	swarm_40	52.0	1.0	
lightdock	luciferin_score	-3.68555	2UUY_rec	2UUY_lig	swarm_40	53.0	1.0	
lightdock	luciferin_score	-4.22498	2UUY_rec	2UUY_lig	swarm_40	54.0	1.0	
lightdock	luciferin_score	-5.49224	2UUY_rec	2UUY_lig	swarm_40	55.0	2.0	
lightdock	luciferin_score	-6.34314	2UUY_rec	2UUY_lig	swarm_40	56.0	1.0	
lightdock	luciferin_score	-6.52944	2UUY_rec	2UUY_lig	swarm_40	57.0	3.0	
lightdock	luciferin_score	-6.7139	2UUY_rec	2UUY_lig	swarm_40	58.0	1.0	
lightdock	luciferin_score	-15.19702	2UUY_rec	2UUY_lig	swarm_40	59.0	1.0	
lightdock	luciferin_score	-15.52955	2UUY_rec	2UUY_lig	swarm_40	60.0	3.0	
lightdock	luciferin_score	-19.43868	2UUY_rec	2UUY_lig	swarm_40	61.0	3.0	
lightdock	luciferin_score	-22.04943	2UUY_rec	2UUY_lig	swarm_40	62.0	2.0	
lightdock	luciferin_score	-24.6249	2UUY_rec	2UUY_lig	swarm_40	63.0	1.0	
lightdock	luciferin_score	-27.78545	2UUY_rec	2UUY_lig	swarm_40	64.0	2.0	
lightdock	luciferin_score	-48.30878	2UUY_rec	2UUY_lig	swarm_40	65.0	1.0	
lightdock	luciferin_score	-55.11842	2UUY_rec	2UUY_lig	swarm_40	66.0	1.0	
lightdock	luciferin_score	-58.69693	2UUY_rec	2UUY_lig	swarm_40	67.0	1.0	
lightdock	luciferin_score	-63.73877	2UUY_rec	2UUY_lig	swarm_40	68.0	1.0	
lightdock	luciferin_score	-68.10911	2UUY_rec	2UUY_lig	swarm_40	69.0	2.0	
lightdock	luciferin_score	19.38205	2UUY_rec	2UUY_lig	swarm_41	0.0	11.0	
lightdock	luciferin_score	15.53967	2UUY_rec	2UUY_lig	swarm_41	1.0	3.0	
lightdock	luciferin_score	15.4324	2UUY_rec	2UUY_lig	swarm_41	2.0	9.0	
lightdock	luciferin_score	15.32792	2UUY_rec	2UUY_lig	swarm_41	3.0	3.0	
lightdock	luciferin_score	14.92232	2UUY_rec	2UUY_lig	swarm_41	4.0	2.0	
lightdock	luciferin_score	14.71144	2UUY_rec	2UUY_lig	swarm_41	5.0	2.0	
lightdock	luciferin_score	13.80919	2UUY_rec	2UUY_lig	swarm_41	6.0	3.0	
lightdock	luciferin_score	13.58331	2UUY_rec	2UUY_lig	swarm_41	7.0	7.0	
lightdock	luciferin_score	12.84691	2UUY_rec	2UUY_lig	swarm_41	8.0	6.0	
lightdock	luciferin_score	12.70327	2UUY_rec	2UUY_lig	swarm_41	9.0	2.0	
lightdock	luciferin_score	12.45579	2UUY_rec	2UUY_lig	swarm_41	10.0	4.0	
lightdock	luciferin_score	12.22182	2UUY_rec	2UUY_lig	swarm_41	11.0	8.0	
lightdock	luciferin_score	11.63966	2UUY_rec	2UUY_lig	swarm_41	12.0	1.0	
lightdock	luciferin_score	11.42364	2UUY_rec	2UUY_lig	swarm_41	13.0	7.0	
lightdock	luciferin_score	11.29651	2UUY_rec	2UUY_lig	swarm_41	14.0	3.0	
lightdock	luciferin_score	11.08359	2UUY_rec	2UUY_lig	swarm_41	15.0	10.0	
lightdock	luciferin_score	10.57881	2UUY_rec	2UUY_lig	swarm_41	16.0	1.0	
lightdock	luciferin_score	10.02119	2UUY_rec	2UUY_lig	swarm_41	17.0	4.0	
lightdock	luciferin_score	9.92976	2UUY_rec	2UUY_lig	swarm_41	18.0	2.0	
lightdock	luciferin_score	9.87311	2UUY_rec	2UUY_lig	swarm_41	19.0	7.0	
lightdock	luciferin_score	9.82413	2UUY_rec	2UUY_lig	swarm_41	20.0	1.0	
lightdock	luciferin_score	9.53821	2UUY_rec	2UUY_lig	swarm_41	21.0	3.0	
lightdock	luciferin_score	9.37369	2UUY_rec	2UUY_lig	swarm_41	22.0	4.0	
lightdock	luciferin_score	9.26784	2UUY_rec	2UUY_lig	swarm_41	23.0	2.0	
lightdock	luciferin_score	9.02684	2UUY_rec	2UUY_lig	swarm_41	24.0	7.0	
lightdock	luciferin_score	8.99787	2UUY_rec	2UUY_lig	swarm_41	25.0	1.0	
lightdock	luciferin_score	8.77595	2UUY_rec	2UUY_lig	swarm_41	26.0	1.0	
lightdock	luciferin_score	8.56524	2UUY_rec	2UUY_lig	swarm_41	27.0	1.0	
lightdock	luciferin_score	8.37714	2UUY_rec	2UUY_lig	swarm_41	28.0	3.0	
lightdock	luciferin_score	8.3698	2UUY_rec	2UUY_lig	swarm_41	29.0	1.0	
lightdock	luciferin_score	7.97086	2UUY_rec	2UUY_lig	swarm_41	30.0	2.0	
lightdock	luciferin_score	7.82924	2UUY_rec	2UUY_lig	swarm_41	31.0	1.0	
lightdock	luciferin_score	7.04199	2UUY_rec	2UUY_lig	swarm_41	32.0	2.0	
lightdock	luciferin_score	6.94504	2UUY_rec	2UUY_lig	swarm_41	33.0	1.0	
lightdock	luciferin_score	6.60447	2UUY_rec	2UUY_lig	swarm_41	34.0	4.0	
lightdock	luciferin_score	6.18317	2UUY_rec	2UUY_lig	swarm_41	35.0	1.0	
lightdock	luciferin_score	5.92552	2UUY_rec	2UUY_lig	swarm_41	36.0	1.0	
lightdock	luciferin_score	5.52031	2UUY_rec	2UUY_lig	swarm_41	37.0	1.0	
lightdock	luciferin_score	5.43967	2UUY_rec	2UUY_lig	swarm_41	38.0	1.0	
lightdock	luciferin_score	5.06755	2UUY_rec	2UUY_lig	swarm_41	39.0	7.0	
lightdock	luciferin_score	4.67612	2UUY_rec	2UUY_lig	swarm_41	40.0	2.0	
lightdock	luciferin_score	4.46777	2UUY_rec	2UUY_lig	swarm_41	41.0	2.0	
lightdock	luciferin_score	1.58954	2UUY_rec	2UUY_lig	swarm_41	42.0	2.0	
lightdock	luciferin_score	-0.98121	2UUY_rec	2UUY_lig	swarm_41	43.0	1.0	
lightdock	luciferin_score	-1.86528	2UUY_rec	2UUY_lig	swarm_41	44.0	4.0	
lightdock	luciferin_score	-2.68274	2UUY_rec	2UUY_lig	swarm_41	45.0	1.0	
lightdock	luciferin_score	-2.77745	2UUY_rec	2UUY_lig	swarm_41	46.0	1.0	
lightdock	luciferin_score	-3.03183	2UUY_rec	2UUY_lig	swarm_41	47.0	5.0	
lightdock	luciferin_score	-3.17332	2UUY_rec	2UUY_lig	swarm_41	48.0	1.0	
lightdock	luciferin_score	-3.50633	2UUY_rec	2UUY_lig	swarm_41	49.0	3.0	
lightdock	luciferin_score	-4.58844	2UUY_rec	2UUY_lig	swarm_41	50.0	1.0	
lightdock	luciferin_score	-4.88898	2UUY_rec	2UUY_lig	swarm_41	51.0	1.0	
lightdock	luciferin_score	-4.96716	2UUY_rec	2UUY_lig	swarm_41	52.0	1.0	
lightdock	luciferin_score	-12.06496	2UUY_rec	2UUY_lig	swarm_41	53.0	1.0	
lightdock	luciferin_score	-13.69257	2UUY_rec	2UUY_lig	swarm_41	54.0	1.0	
lightdock	luciferin_score	-14.30863	2UUY_rec	2UUY_lig	swarm_41	55.0	2.0	
lightdock	luciferin_score	-14.9855	2UUY_rec	2UUY_lig	swarm_41	56.0	4.0	
lightdock	luciferin_score	-17.87824	2UUY_rec	2UUY_lig	swarm_41	57.0	2.0	
lightdock	luciferin_score	-17.91756	2UUY_rec	2UUY_lig	swarm_41	58.0	1.0	
lightdock	luciferin_score	-20.49076	2UUY_rec	2UUY_lig	swarm_41	59.0	1.0	
lightdock	luciferin_score	-20.78184	2UUY_rec	2UUY_lig	swarm_41	60.0	3.0	
lightdock	luciferin_score	-23.60642	2UUY_rec	2UUY_lig	swarm_41	61.0	2.0	
lightdock	luciferin_score	-25.64656	2UUY_rec	2UUY_lig	swarm_41	62.0	5.0	
lightdock	luciferin_score	-30.09903	2UUY_rec	2UUY_lig	swarm_41	63.0	2.0	
lightdock	luciferin_score	-30.74827	2UUY_rec	2UUY_lig	swarm_41	64.0	2.0	
lightdock	luciferin_score	-36.63048	2UUY_rec	2UUY_lig	swarm_41	65.0	1.0	
lightdock	luciferin_score	-38.84723	2UUY_rec	2UUY_lig	swarm_41	66.0	1.0	
lightdock	luciferin_score	-41.2602	2UUY_rec	2UUY_lig	swarm_41	67.0	2.0	
lightdock	luciferin_score	-45.72102	2UUY_rec	2UUY_lig	swarm_41	68.0	2.0	
lightdock	luciferin_score	-54.19495	2UUY_rec	2UUY_lig	swarm_41	69.0	1.0	
lightdock	luciferin_score	-66.16762	2UUY_rec	2UUY_lig	swarm_41	70.0	1.0	
lightdock	luciferin_score	-75.72561	2UUY_rec	2UUY_lig	swarm_41	71.0	1.0	
lightdock	luciferin_score	15.09786	2UUY_rec	2UUY_lig	swarm_42	0.0	5.0	
lightdock	luciferin_score	14.87513	2UUY_rec	2UUY_lig	swarm_42	1.0	6.0	
lightdock	luciferin_score	13.44685	2UUY_rec	2UUY_lig	swarm_42	2.0	22.0	
lightdock	luciferin_score	12.9476	2UUY_rec	2UUY_lig	swarm_42	3.0	7.0	
lightdock	luciferin_score	12.33681	2UUY_rec	2UUY_lig	swarm_42	4.0	14.0	
lightdock	luciferin_score	12.17325	2UUY_rec	2UUY_lig	swarm_42	5.0	6.0	
lightdock	luciferin_score	11.99836	2UUY_rec	2UUY_lig	swarm_42	6.0	1.0	
lightdock	luciferin_score	11.87552	2UUY_rec	2UUY_lig	swarm_42	7.0	2.0	
lightdock	luciferin_score	11.74119	2UUY_rec	2UUY_lig	swarm_42	8.0	20.0	
lightdock	luciferin_score	11.56549	2UUY_rec	2UUY_lig	swarm_42	9.0	7.0	
lightdock	luciferin_score	11.12033	2UUY_rec	2UUY_lig	swarm_42	10.0	3.0	
lightdock	luciferin_score	10.92666	2UUY_rec	2UUY_lig	swarm_42	11.0	9.0	
lightdock	luciferin_score	10.71285	2UUY_rec	2UUY_lig	swarm_42	12.0	4.0	
lightdock	luciferin_score	10.659	2UUY_rec	2UUY_lig	swarm_42	13.0	4.0	
lightdock	luciferin_score	10.552	2UUY_rec	2UUY_lig	swarm_42	14.0	6.0	
lightdock	luciferin_score	10.50841	2UUY_rec	2UUY_lig	swarm_42	15.0	2.0	
lightdock	luciferin_score	9.89701	2UUY_rec	2UUY_lig	swarm_42	16.0	1.0	
lightdock	luciferin_score	9.79165	2UUY_rec	2UUY_lig	swarm_42	17.0	3.0	
lightdock	luciferin_score	9.75052	2UUY_rec	2UUY_lig	swarm_42	18.0	2.0	
lightdock	luciferin_score	9.05063	2UUY_rec	2UUY_lig	swarm_42	19.0	2.0	
lightdock	luciferin_score	9.01006	2UUY_rec	2UUY_lig	swarm_42	20.0	2.0	
lightdock	luciferin_score	8.81764	2UUY_rec	2UUY_lig	swarm_42	21.0	3.0	
lightdock	luciferin_score	8.57692	2UUY_rec	2UUY_lig	swarm_42	22.0	1.0	
lightdock	luciferin_score	8.10183	2UUY_rec	2UUY_lig	swarm_42	23.0	3.0	
lightdock	luciferin_score	7.83108	2UUY_rec	2UUY_lig	swarm_42	24.0	1.0	
lightdock	luciferin_score	7.51886	2UUY_rec	2UUY_lig	swarm_42	25.0	2.0	
lightdock	luciferin_score	7.41203	2UUY_rec	2UUY_lig	swarm_42	26.0	1.0	
lightdock	luciferin_score	6.66523	2UUY_rec	2UUY_lig	swarm_42	27.0	2.0	
lightdock	luciferin_score	6.41785	2UUY_rec	2UUY_lig	swarm_42	28.0	3.0	
lightdock	luciferin_score	6.3554	2UUY_rec	2UUY_lig	swarm_42	29.0	2.0	
lightdock	luciferin_score	5.9533	2UUY_rec	2UUY_lig	swarm_42	30.0	2.0	
lightdock	luciferin_score	5.23503	2UUY_rec	2UUY_lig	swarm_42	31.0	1.0	
lightdock	luciferin_score	3.56959	2UUY_rec	2UUY_lig	swarm_42	32.0	2.0	
lightdock	luciferin_score	2.3917	2UUY_rec	2UUY_lig	swarm_42	33.0	1.0	
lightdock	luciferin_score	1.74003	2UUY_rec	2UUY_lig	swarm_42	34.0	3.0	
lightdock	luciferin_score	-0.48122	2UUY_rec	2UUY_lig	swarm_42	35.0	2.0	
lightdock	luciferin_score	-0.92978	2UUY_rec	2UUY_lig	swarm_42	36.0	1.0	
lightdock	luciferin_score	-1.74616	2UUY_rec	2UUY_lig	swarm_42	37.0	2.0	
lightdock	luciferin_score	-2.682	2UUY_rec	2UUY_lig	swarm_42	38.0	8.0	
lightdock	luciferin_score	-5.30317	2UUY_rec	2UUY_lig	swarm_42	39.0	2.0	
lightdock	luciferin_score	-6.52238	2UUY_rec	2UUY_lig	swarm_42	40.0	1.0	
lightdock	luciferin_score	-8.01049	2UUY_rec	2UUY_lig	swarm_42	41.0	1.0	
lightdock	luciferin_score	-15.09835	2UUY_rec	2UUY_lig	swarm_42	42.0	1.0	
lightdock	luciferin_score	-26.92991	2UUY_rec	2UUY_lig	swarm_42	43.0	1.0	
lightdock	luciferin_score	-30.10719	2UUY_rec	2UUY_lig	swarm_42	44.0	1.0	
lightdock	luciferin_score	-31.25567	2UUY_rec	2UUY_lig	swarm_42	45.0	2.0	
lightdock	luciferin_score	-31.97305	2UUY_rec	2UUY_lig	swarm_42	46.0	1.0	
lightdock	luciferin_score	-33.14751	2UUY_rec	2UUY_lig	swarm_42	47.0	4.0	
lightdock	luciferin_score	-35.83701	2UUY_rec	2UUY_lig	swarm_42	48.0	2.0	
lightdock	luciferin_score	-37.77337	2UUY_rec	2UUY_lig	swarm_42	49.0	1.0	
lightdock	luciferin_score	-40.61813	2UUY_rec	2UUY_lig	swarm_42	50.0	2.0	
lightdock	luciferin_score	-41.68135	2UUY_rec	2UUY_lig	swarm_42	51.0	1.0	
lightdock	luciferin_score	-53.46345	2UUY_rec	2UUY_lig	swarm_42	52.0	1.0	
lightdock	luciferin_score	-57.96087	2UUY_rec	2UUY_lig	swarm_42	53.0	2.0	
lightdock	luciferin_score	-59.00573	2UUY_rec	2UUY_lig	swarm_42	54.0	5.0	
lightdock	luciferin_score	-65.32516	2UUY_rec	2UUY_lig	swarm_42	55.0	1.0	
lightdock	luciferin_score	-66.7518	2UUY_rec	2UUY_lig	swarm_42	56.0	1.0	
lightdock	luciferin_score	-74.63535	2UUY_rec	2UUY_lig	swarm_42	57.0	1.0	
lightdock	luciferin_score	-78.02935	2UUY_rec	2UUY_lig	swarm_42	58.0	1.0	
lightdock	luciferin_score	19.51236	2UUY_rec	2UUY_lig	swarm_43	0.0	13.0	
lightdock	luciferin_score	18.56064	2UUY_rec	2UUY_lig	swarm_43	1.0	3.0	
lightdock	luciferin_score	17.11575	2UUY_rec	2UUY_lig	swarm_43	2.0	7.0	
lightdock	luciferin_score	16.80837	2UUY_rec	2UUY_lig	swarm_43	3.0	2.0	
lightdock	luciferin_score	16.42427	2UUY_rec	2UUY_lig	swarm_43	4.0	16.0	
lightdock	luciferin_score	15.73919	2UUY_rec	2UUY_lig	swarm_43	5.0	4.0	
lightdock	luciferin_score	15.10924	2UUY_rec	2UUY_lig	swarm_43	6.0	3.0	
lightdock	luciferin_score	14.16292	2UUY_rec	2UUY_lig	swarm_43	7.0	10.0	
lightdock	luciferin_score	14.08126	2UUY_rec	2UUY_lig	swarm_43	8.0	1.0	
lightdock	luciferin_score	13.94235	2UUY_rec	2UUY_lig	swarm_43	9.0	7.0	
lightdock	luciferin_score	13.39409	2UUY_rec	2UUY_lig	swarm_43	10.0	12.0	
lightdock	luciferin_score	13.34724	2UUY_rec	2UUY_lig	swarm_43	11.0	3.0	
lightdock	luciferin_score	13.30892	2UUY_rec	2UUY_lig	swarm_43	12.0	1.0	
lightdock	luciferin_score	13.22191	2UUY_rec	2UUY_lig	swarm_43	13.0	7.0	
lightdock	luciferin_score	13.10609	2UUY_rec	2UUY_lig	swarm_43	14.0	2.0	
lightdock	luciferin_score	12.57914	2UUY_rec	2UUY_lig	swarm_43	15.0	1.0	
lightdock	luciferin_score	12.22754	2UUY_rec	2UUY_lig	swarm_43	16.0	3.0	
lightdock	luciferin_score	11.99456	2UUY_rec	2UUY_lig	swarm_43	17.0	1.0	
lightdock	luciferin_score	11.95798	2UUY_rec	2UUY_lig	swarm_43	18.0	4.0	
lightdock	luciferin_score	11.75588	2UUY_rec	2UUY_lig	swarm_43	19.0	5.0	
lightdock	luciferin_score	11.51175	2UUY_rec	2UUY_lig	swarm_43	20.0	1.0	
lightdock	luciferin_score	11.25749	2UUY_rec	2UUY_lig	swarm_43	21.0	4.0	
lightdock	luciferin_score	10.34409	2UUY_rec	2UUY_lig	swarm_43	22.0	3.0	
lightdock	luciferin_score	9.98032	2UUY_rec	2UUY_lig	swarm_43	23.0	3.0	
lightdock	luciferin_score	9.84611	2UUY_rec	2UUY_lig	swarm_43	24.0	3.0	
lightdock	luciferin_score	9.82536	2UUY_rec	2UUY_lig	swarm_43	25.0	2.0	
lightdock	luciferin_score	9.03283	2UUY_rec	2UUY_lig	swarm_43	26.0	1.0	
lightdock	luciferin_score	8.49942	2UUY_rec	2UUY_lig	swarm_43	27.0	1.0	
lightdock	luciferin_score	8.08392	2UUY_rec	2UUY_lig	swarm_43	28.0	1.0	
lightdock	luciferin_score	7.88086	2UUY_rec	2UUY_lig	swarm_43	29.0	1.0	
lightdock	luciferin_score	7.81048	2UUY_rec	2UUY_lig	swarm_43	30.0	3.0	
lightdock	luciferin_score	7.34892	2UUY_rec	2UUY_lig	swarm_43	31.0	1.0	
lightdock	luciferin_score	7.32433	2UUY_rec	2UUY_lig	swarm_43	32.0	4.0	
lightdock	luciferin_score	7.2525	2UUY_rec	2UUY_lig	swarm_43	33.0	2.0	
lightdock	luciferin_score	7.24258	2UUY_rec	2UUY_lig	swarm_43	34.0	2.0	
lightdock	luciferin_score	7.04638	2UUY_rec	2UUY_lig	swarm_43	35.0	1.0	
lightdock	luciferin_score	7.04563	2UUY_rec	2UUY_lig	swarm_43	36.0	3.0	
lightdock	luciferin_score	6.61575	2UUY_rec	2UUY_lig	swarm_43	37.0	1.0	
lightdock	luciferin_score	6.43656	2UUY_rec	2UUY_lig	swarm_43	38.0	2.0	
lightdock	luciferin_score	6.17386	2UUY_rec	2UUY_lig	swarm_43	39.0	1.0	
lightdock	luciferin_score	5.42925	2UUY_rec	2UUY_lig	swarm_43	40.0	2.0	
lightdock	luciferin_score	5.12331	2UUY_rec	2UUY_lig	swarm_43	41.0	1.0	
lightdock	luciferin_score	4.63441	2UUY_rec	2UUY_lig	swarm_43	42.0	2.0	
lightdock	luciferin_score	4.21031	2UUY_rec	2UUY_lig	swarm_43	43.0	7.0	
lightdock	luciferin_score	4.08993	2UUY_rec	2UUY_lig	swarm_43	44.0	1.0	
lightdock	luciferin_score	0.4214	2UUY_rec	2UUY_lig	swarm_43	45.0	1.0	
lightdock	luciferin_score	0.11712	2UUY_rec	2UUY_lig	swarm_43	46.0	3.0	
lightdock	luciferin_score	-0.18986	2UUY_rec	2UUY_lig	swarm_43	47.0	1.0	
lightdock	luciferin_score	-2.79392	2UUY_rec	2UUY_lig	swarm_43	48.0	2.0	
lightdock	luciferin_score	-2.84457	2UUY_rec	2UUY_lig	swarm_43	49.0	1.0	
lightdock	luciferin_score	-4.66874	2UUY_rec	2UUY_lig	swarm_43	50.0	1.0	
lightdock	luciferin_score	-10.60366	2UUY_rec	2UUY_lig	swarm_43	51.0	1.0	
lightdock	luciferin_score	-11.31706	2UUY_rec	2UUY_lig	swarm_43	52.0	8.0	
lightdock	luciferin_score	-13.32724	2UUY_rec	2UUY_lig	swarm_43	53.0	1.0	
lightdock	luciferin_score	-13.72612	2UUY_rec	2UUY_lig	swarm_43	54.0	1.0	
lightdock	luciferin_score	-17.32271	2UUY_rec	2UUY_lig	swarm_43	55.0	1.0	
lightdock	luciferin_score	-19.60837	2UUY_rec	2UUY_lig	swarm_43	56.0	1.0	
lightdock	luciferin_score	-25.70667	2UUY_rec	2UUY_lig	swarm_43	57.0	1.0	
lightdock	luciferin_score	-31.66752	2UUY_rec	2UUY_lig	swarm_43	58.0	2.0	
lightdock	luciferin_score	-32.64587	2UUY_rec	2UUY_lig	swarm_43	59.0	1.0	
lightdock	luciferin_score	-38.41516	2UUY_rec	2UUY_lig	swarm_43	60.0	1.0	
lightdock	luciferin_score	-42.11559	2UUY_rec	2UUY_lig	swarm_43	61.0	1.0	
lightdock	luciferin_score	-45.45962	2UUY_rec	2UUY_lig	swarm_43	62.0	1.0	
lightdock	luciferin_score	-47.85459	2UUY_rec	2UUY_lig	swarm_43	63.0	3.0	
lightdock	luciferin_score	-48.80237	2UUY_rec	2UUY_lig	swarm_43	64.0	4.0	
lightdock	luciferin_score	-49.47795	2UUY_rec	2UUY_lig	swarm_43	65.0	1.0	
lightdock	luciferin_score	-50.74746	2UUY_rec	2UUY_lig	swarm_43	66.0	1.0	
lightdock	luciferin_score	-50.9292	2UUY_rec	2UUY_lig	swarm_43	67.0	2.0	
lightdock	luciferin_score	-57.71585	2UUY_rec	2UUY_lig	swarm_43	68.0	1.0	
lightdock	luciferin_score	-66.3697	2UUY_rec	2UUY_lig	swarm_43	69.0	1.0	
lightdock	luciferin_score	18.15517	2UUY_rec	2UUY_lig	swarm_44	0.0	7.0	
lightdock	luciferin_score	17.2686	2UUY_rec	2UUY_lig	swarm_44	1.0	3.0	
lightdock	luciferin_score	13.73873	2UUY_rec	2UUY_lig	swarm_44	2.0	12.0	
lightdock	luciferin_score	13.13434	2UUY_rec	2UUY_lig	swarm_44	3.0	3.0	
lightdock	luciferin_score	12.41535	2UUY_rec	2UUY_lig	swarm_44	4.0	4.0	
lightdock	luciferin_score	11.08563	2UUY_rec	2UUY_lig	swarm_44	5.0	4.0	
lightdock	luciferin_score	10.75738	2UUY_rec	2UUY_lig	swarm_44	6.0	6.0	
lightdock	luciferin_score	10.71304	2UUY_rec	2UUY_lig	swarm_44	7.0	4.0	
lightdock	luciferin_score	10.50389	2UUY_rec	2UUY_lig	swarm_44	8.0	2.0	
lightdock	luciferin_score	10.50159	2UUY_rec	2UUY_lig	swarm_44	9.0	2.0	
lightdock	luciferin_score	10.49057	2UUY_rec	2UUY_lig	swarm_44	10.0	1.0	
lightdock	luciferin_score	10.34492	2UUY_rec	2UUY_lig	swarm_44	11.0	11.0	
lightdock	luciferin_score	10.30043	2UUY_rec	2UUY_lig	swarm_44	12.0	3.0	
lightdock	luciferin_score	10.2937	2UUY_rec	2UUY_lig	swarm_44	13.0	4.0	
lightdock	luciferin_score	10.27369	2UUY_rec	2UUY_lig	swarm_44	14.0	12.0	
lightdock	luciferin_score	10.09195	2UUY_rec	2UUY_lig	swarm_44	15.0	3.0	
lightdock	luciferin_score	10.09136	2UUY_rec	2UUY_lig	swarm_44	16.0	1.0	
lightdock	luciferin_score	10.07124	2UUY_rec	2UUY_lig	swarm_44	17.0	1.0	
lightdock	luciferin_score	10.05522	2UUY_rec	2UUY_lig	swarm_44	18.0	2.0	
lightdock	luciferin_score	9.58571	2UUY_rec	2UUY_lig	swarm_44	19.0	2.0	
lightdock	luciferin_score	9.46631	2UUY_rec	2UUY_lig	swarm_44	20.0	3.0	
lightdock	luciferin_score	9.28626	2UUY_rec	2UUY_lig	swarm_44	21.0	2.0	
lightdock	luciferin_score	9.18217	2UUY_rec	2UUY_lig	swarm_44	22.0	3.0	
lightdock	luciferin_score	9.17688	2UUY_rec	2UUY_lig	swarm_44	23.0	8.0	
lightdock	luciferin_score	9.11018	2UUY_rec	2UUY_lig	swarm_44	24.0	1.0	
lightdock	luciferin_score	8.94379	2UUY_rec	2UUY_lig	swarm_44	25.0	5.0	
lightdock	luciferin_score	8.8945	2UUY_rec	2UUY_lig	swarm_44	26.0	8.0	
lightdock	luciferin_score	8.65106	2UUY_rec	2UUY_lig	swarm_44	27.0	1.0	
lightdock	luciferin_score	8.43794	2UUY_rec	2UUY_lig	swarm_44	28.0	1.0	
lightdock	luciferin_score	8.17644	2UUY_rec	2UUY_lig	swarm_44	29.0	1.0	
lightdock	luciferin_score	7.92543	2UUY_rec	2UUY_lig	swarm_44	30.0	3.0	
lightdock	luciferin_score	7.87544	2UUY_rec	2UUY_lig	swarm_44	31.0	4.0	
lightdock	luciferin_score	7.68557	2UUY_rec	2UUY_lig	swarm_44	32.0	1.0	
lightdock	luciferin_score	7.6284	2UUY_rec	2UUY_lig	swarm_44	33.0	2.0	
lightdock	luciferin_score	7.48108	2UUY_rec	2UUY_lig	swarm_44	34.0	3.0	
lightdock	luciferin_score	7.36932	2UUY_rec	2UUY_lig	swarm_44	35.0	2.0	
lightdock	luciferin_score	7.16989	2UUY_rec	2UUY_lig	swarm_44	36.0	3.0	
lightdock	luciferin_score	7.07152	2UUY_rec	2UUY_lig	swarm_44	37.0	1.0	
lightdock	luciferin_score	6.61231	2UUY_rec	2UUY_lig	swarm_44	38.0	9.0	
lightdock	luciferin_score	6.52221	2UUY_rec	2UUY_lig	swarm_44	39.0	1.0	
lightdock	luciferin_score	6.43498	2UUY_rec	2UUY_lig	swarm_44	40.0	1.0	
lightdock	luciferin_score	5.66572	2UUY_rec	2UUY_lig	swarm_44	41.0	1.0	
lightdock	luciferin_score	5.28208	2UUY_rec	2UUY_lig	swarm_44	42.0	1.0	
lightdock	luciferin_score	5.24246	2UUY_rec	2UUY_lig	swarm_44	43.0	2.0	
lightdock	luciferin_score	4.0075	2UUY_rec	2UUY_lig	swarm_44	44.0	1.0	
lightdock	luciferin_score	2.33621	2UUY_rec	2UUY_lig	swarm_44	45.0	1.0	
lightdock	luciferin_score	1.46528	2UUY_rec	2UUY_lig	swarm_44	46.0	3.0	
lightdock	luciferin_score	-0.10774	2UUY_rec	2UUY_lig	swarm_44	47.0	1.0	
lightdock	luciferin_score	-1.13508	2UUY_rec	2UUY_lig	swarm_44	48.0	3.0	
lightdock	luciferin_score	-1.69303	2UUY_rec	2UUY_lig	swarm_44	49.0	5.0	
lightdock	luciferin_score	-6.6284	2UUY_rec	2UUY_lig	swarm_44	50.0	1.0	
lightdock	luciferin_score	-7.00947	2UUY_rec	2UUY_lig	swarm_44	51.0	5.0	
lightdock	luciferin_score	-8.39376	2UUY_rec	2UUY_lig	swarm_44	52.0	2.0	
lightdock	luciferin_score	-10.09278	2UUY_rec	2UUY_lig	swarm_44	53.0	3.0	
lightdock	luciferin_score	-11.20103	2UUY_rec	2UUY_lig	swarm_44	54.0	2.0	
lightdock	luciferin_score	-11.44404	2UUY_rec	2UUY_lig	swarm_44	55.0	3.0	
lightdock	luciferin_score	-15.87958	2UUY_rec	2UUY_lig	swarm_44	56.0	4.0	
lightdock	luciferin_score	-18.03776	2UUY_rec	2UUY_lig	swarm_44	57.0	1.0	
lightdock	luciferin_score	-18.14266	2UUY_rec	2UUY_lig	swarm_44	58.0	1.0	
lightdock	luciferin_score	-31.88584	2UUY_rec	2UUY_lig	swarm_44	59.0	2.0	
lightdock	luciferin_score	-33.65482	2UUY_rec	2UUY_lig	swarm_44	60.0	3.0	
lightdock	luciferin_score	-35.40823	2UUY_rec	2UUY_lig	swarm_44	61.0	1.0	
lightdock	luciferin_score	-47.60778	2UUY_rec	2UUY_lig	swarm_44	62.0	3.0	
lightdock	luciferin_score	-54.72593	2UUY_rec	2UUY_lig	swarm_44	63.0	1.0	
lightdock	luciferin_score	21.8797	2UUY_rec	2UUY_lig	swarm_45	0.0	3.0	
lightdock	luciferin_score	15.78381	2UUY_rec	2UUY_lig	swarm_45	1.0	11.0	
lightdock	luciferin_score	15.4215	2UUY_rec	2UUY_lig	swarm_45	2.0	15.0	
lightdock	luciferin_score	14.75102	2UUY_rec	2UUY_lig	swarm_45	3.0	5.0	
lightdock	luciferin_score	14.08026	2UUY_rec	2UUY_lig	swarm_45	4.0	9.0	
lightdock	luciferin_score	13.40387	2UUY_rec	2UUY_lig	swarm_45	5.0	4.0	
lightdock	luciferin_score	12.79432	2UUY_rec	2UUY_lig	swarm_45	6.0	9.0	
lightdock	luciferin_score	12.70562	2UUY_rec	2UUY_lig	swarm_45	7.0	8.0	
lightdock	luciferin_score	12.30736	2UUY_rec	2UUY_lig	swarm_45	8.0	9.0	
lightdock	luciferin_score	12.24661	2UUY_rec	2UUY_lig	swarm_45	9.0	6.0	
lightdock	luciferin_score	11.53441	2UUY_rec	2UUY_lig	swarm_45	10.0	6.0	
lightdock	luciferin_score	11.42317	2UUY_rec	2UUY_lig	swarm_45	11.0	3.0	
lightdock	luciferin_score	11.13381	2UUY_rec	2UUY_lig	swarm_45	12.0	3.0	
lightdock	luciferin_score	10.88301	2UUY_rec	2UUY_lig	swarm_45	13.0	4.0	
lightdock	luciferin_score	10.29652	2UUY_rec	2UUY_lig	swarm_45	14.0	1.0	
lightdock	luciferin_score	10.29547	2UUY_rec	2UUY_lig	swarm_45	15.0	3.0	
lightdock	luciferin_score	9.89082	2UUY_rec	2UUY_lig	swarm_45	16.0	5.0	
lightdock	luciferin_score	9.8244	2UUY_rec	2UUY_lig	swarm_45	17.0	4.0	
lightdock	luciferin_score	9.81366	2UUY_rec	2UUY_lig	swarm_45	18.0	2.0	
lightdock	luciferin_score	9.69673	2UUY_rec	2UUY_lig	swarm_45	19.0	3.0	
lightdock	luciferin_score	8.82031	2UUY_rec	2UUY_lig	swarm_45	20.0	3.0	
lightdock	luciferin_score	8.52152	2UUY_rec	2UUY_lig	swarm_45	21.0	1.0	
lightdock	luciferin_score	8.40323	2UUY_rec	2UUY_lig	swarm_45	22.0	7.0	
lightdock	luciferin_score	8.33776	2UUY_rec	2UUY_lig	swarm_45	23.0	1.0	
lightdock	luciferin_score	8.07139	2UUY_rec	2UUY_lig	swarm_45	24.0	2.0	
lightdock	luciferin_score	8.03496	2UUY_rec	2UUY_lig	swarm_45	25.0	1.0	
lightdock	luciferin_score	7.65834	2UUY_rec	2UUY_lig	swarm_45	26.0	3.0	
lightdock	luciferin_score	7.55115	2UUY_rec	2UUY_lig	swarm_45	27.0	1.0	
lightdock	luciferin_score	7.26458	2UUY_rec	2UUY_lig	swarm_45	28.0	1.0	
lightdock	luciferin_score	6.97162	2UUY_rec	2UUY_lig	swarm_45	29.0	1.0	
lightdock	luciferin_score	6.68697	2UUY_rec	2UUY_lig	swarm_45	30.0	2.0	
lightdock	luciferin_score	6.51471	2UUY_rec	2UUY_lig	swarm_45	31.0	16.0	
lightdock	luciferin_score	5.59977	2UUY_rec	2UUY_lig	swarm_45	32.0	1.0	
lightdock	luciferin_score	5.41531	2UUY_rec	2UUY_lig	swarm_45	33.0	2.0	
lightdock	luciferin_score	5.21464	2UUY_rec	2UUY_lig	swarm_45	34.0	1.0	
lightdock	luciferin_score	4.78474	2UUY_rec	2UUY_lig	swarm_45	35.0	3.0	
lightdock	luciferin_score	3.55464	2UUY_rec	2UUY_lig	swarm_45	36.0	5.0	
lightdock	luciferin_score	3.09331	2UUY_rec	2UUY_lig	swarm_45	37.0	2.0	
lightdock	luciferin_score	1.95355	2UUY_rec	2UUY_lig	swarm_45	38.0	2.0	
lightdock	luciferin_score	1.61665	2UUY_rec	2UUY_lig	swarm_45	39.0	2.0	
lightdock	luciferin_score	1.12536	2UUY_rec	2UUY_lig	swarm_45	40.0	1.0	
lightdock	luciferin_score	-0.30865	2UUY_rec	2UUY_lig	swarm_45	41.0	2.0	
lightdock	luciferin_score	-1.28193	2UUY_rec	2UUY_lig	swarm_45	42.0	1.0	
lightdock	luciferin_score	-3.83528	2UUY_rec	2UUY_lig	swarm_45	43.0	1.0	
lightdock	luciferin_score	-5.24518	2UUY_rec	2UUY_lig	swarm_45	44.0	1.0	
lightdock	luciferin_score	-11.94375	2UUY_rec	2UUY_lig	swarm_45	45.0	1.0	
lightdock	luciferin_score	-12.90683	2UUY_rec	2UUY_lig	swarm_45	46.0	1.0	
lightdock	luciferin_score	-15.35502	2UUY_rec	2UUY_lig	swarm_45	47.0	1.0	
lightdock	luciferin_score	-18.55124	2UUY_rec	2UUY_lig	swarm_45	48.0	1.0	
lightdock	luciferin_score	-19.88017	2UUY_rec	2UUY_lig	swarm_45	49.0	6.0	
lightdock	luciferin_score	-23.34885	2UUY_rec	2UUY_lig	swarm_45	50.0	1.0	
lightdock	luciferin_score	-25.35457	2UUY_rec	2UUY_lig	swarm_45	51.0	1.0	
lightdock	luciferin_score	-30.04664	2UUY_rec	2UUY_lig	swarm_45	52.0	1.0	
lightdock	luciferin_score	-30.25164	2UUY_rec	2UUY_lig	swarm_45	53.0	1.0	
lightdock	luciferin_score	-38.8055	2UUY_rec	2UUY_lig	swarm_45	54.0	2.0	
lightdock	luciferin_score	-39.29493	2UUY_rec	2UUY_lig	swarm_45	55.0	1.0	
lightdock	luciferin_score	-63.71443	2UUY_rec	2UUY_lig	swarm_45	56.0	1.0	
lightdock	luciferin_score	-64.3467	2UUY_rec	2UUY_lig	swarm_45	57.0	2.0	
lightdock	luciferin_score	-66.0737	2UUY_rec	2UUY_lig	swarm_45	58.0	1.0	
lightdock	luciferin_score	-66.33573	2UUY_rec	2UUY_lig	swarm_45	59.0	2.0	
lightdock	luciferin_score	-84.31644	2UUY_rec	2UUY_lig	swarm_45	60.0	1.0	
lightdock	luciferin_score	22.49466	2UUY_rec	2UUY_lig	swarm_46	0.0	9.0	
lightdock	luciferin_score	19.37476	2UUY_rec	2UUY_lig	swarm_46	1.0	5.0	
lightdock	luciferin_score	16.18183	2UUY_rec	2UUY_lig	swarm_46	2.0	5.0	
lightdock	luciferin_score	15.98972	2UUY_rec	2UUY_lig	swarm_46	3.0	2.0	
lightdock	luciferin_score	14.68313	2UUY_rec	2UUY_lig	swarm_46	4.0	4.0	
lightdock	luciferin_score	14.66401	2UUY_rec	2UUY_lig	swarm_46	5.0	3.0	
lightdock	luciferin_score	14.40989	2UUY_rec	2UUY_lig	swarm_46	6.0	3.0	
lightdock	luciferin_score	14.33916	2UUY_rec	2UUY_lig	swarm_46	7.0	8.0	
lightdock	luciferin_score	14.18779	2UUY_rec	2UUY_lig	swarm_46	8.0	8.0	
lightdock	luciferin_score	13.36343	2UUY_rec	2UUY_lig	swarm_46	9.0	2.0	
lightdock	luciferin_score	13.22931	2UUY_rec	2UUY_lig	swarm_46	10.0	3.0	
lightdock	luciferin_score	13.05668	2UUY_rec	2UUY_lig	swarm_46	11.0	4.0	
lightdock	luciferin_score	13.00763	2UUY_rec	2UUY_lig	swarm_46	12.0	3.0	
lightdock	luciferin_score	12.60587	2UUY_rec	2UUY_lig	swarm_46	13.0	1.0	
lightdock	luciferin_score	12.42956	2UUY_rec	2UUY_lig	swarm_46	14.0	4.0	
lightdock	luciferin_score	11.36101	2UUY_rec	2UUY_lig	swarm_46	15.0	5.0	
lightdock	luciferin_score	11.29249	2UUY_rec	2UUY_lig	swarm_46	16.0	2.0	
lightdock	luciferin_score	11.16175	2UUY_rec	2UUY_lig	swarm_46	17.0	1.0	
lightdock	luciferin_score	10.94789	2UUY_rec	2UUY_lig	swarm_46	18.0	5.0	
lightdock	luciferin_score	10.94458	2UUY_rec	2UUY_lig	swarm_46	19.0	1.0	
lightdock	luciferin_score	10.93568	2UUY_rec	2UUY_lig	swarm_46	20.0	1.0	
lightdock	luciferin_score	10.78055	2UUY_rec	2UUY_lig	swarm_46	21.0	1.0	
lightdock	luciferin_score	10.66973	2UUY_rec	2UUY_lig	swarm_46	22.0	2.0	
lightdock	luciferin_score	10.34129	2UUY_rec	2UUY_lig	swarm_46	23.0	4.0	
lightdock	luciferin_score	10.19443	2UUY_rec	2UUY_lig	swarm_46	24.0	7.0	
lightdock	luciferin_score	10.1298	2UUY_rec	2UUY_lig	swarm_46	25.0	2.0	
lightdock	luciferin_score	9.9944	2UUY_rec	2UUY_lig	swarm_46	26.0	3.0	
lightdock	luciferin_score	9.94777	2UUY_rec	2UUY_lig	swarm_46	27.0	1.0	
lightdock	luciferin_score	9.79003	2UUY_rec	2UUY_lig	swarm_46	28.0	3.0	
lightdock	luciferin_score	9.33912	2UUY_rec	2UUY_lig	swarm_46	29.0	1.0	
lightdock	luciferin_score	9.07265	2UUY_rec	2UUY_lig	swarm_46	30.0	4.0	
lightdock	luciferin_score	8.26229	2UUY_rec	2UUY_lig	swarm_46	31.0	1.0	
lightdock	luciferin_score	7.81062	2UUY_rec	2UUY_lig	swarm_46	32.0	2.0	
lightdock	luciferin_score	7.34694	2UUY_rec	2UUY_lig	swarm_46	33.0	1.0	
lightdock	luciferin_score	7.15561	2UUY_rec	2UUY_lig	swarm_46	34.0	3.0	
lightdock	luciferin_score	7.0606	2UUY_rec	2UUY_lig	swarm_46	35.0	1.0	
lightdock	luciferin_score	6.25351	2UUY_rec	2UUY_lig	swarm_46	36.0	1.0	
lightdock	luciferin_score	6.07605	2UUY_rec	2UUY_lig	swarm_46	37.0	1.0	
lightdock	luciferin_score	5.83842	2UUY_rec	2UUY_lig	swarm_46	38.0	2.0	
lightdock	luciferin_score	5.25437	2UUY_rec	2UUY_lig	swarm_46	39.0	2.0	
lightdock	luciferin_score	5.06937	2UUY_rec	2UUY_lig	swarm_46	40.0	1.0	
lightdock	luciferin_score	1.75008	2UUY_rec	2UUY_lig	swarm_46	41.0	1.0	
lightdock	luciferin_score	1.4129	2UUY_rec	2UUY_lig	swarm_46	42.0	2.0	
lightdock	luciferin_score	0.38432	2UUY_rec	2UUY_lig	swarm_46	43.0	1.0	
lightdock	luciferin_score	-1.38394	2UUY_rec	2UUY_lig	swarm_46	44.0	1.0	
lightdock	luciferin_score	-2.9584	2UUY_rec	2UUY_lig	swarm_46	45.0	5.0	
lightdock	luciferin_score	-7.81621	2UUY_rec	2UUY_lig	swarm_46	46.0	14.0	
lightdock	luciferin_score	-7.90402	2UUY_rec	2UUY_lig	swarm_46	47.0	3.0	
lightdock	luciferin_score	-9.29167	2UUY_rec	2UUY_lig	swarm_46	48.0	1.0	
lightdock	luciferin_score	-10.46372	2UUY_rec	2UUY_lig	swarm_46	49.0	3.0	
lightdock	luciferin_score	-12.68903	2UUY_rec	2UUY_lig	swarm_46	50.0	1.0	
lightdock	luciferin_score	-16.54351	2UUY_rec	2UUY_lig	swarm_46	51.0	2.0	
lightdock	luciferin_score	-16.68593	2UUY_rec	2UUY_lig	swarm_46	52.0	2.0	
lightdock	luciferin_score	-16.78228	2UUY_rec	2UUY_lig	swarm_46	53.0	1.0	
lightdock	luciferin_score	-16.87842	2UUY_rec	2UUY_lig	swarm_46	54.0	1.0	
lightdock	luciferin_score	-18.74202	2UUY_rec	2UUY_lig	swarm_46	55.0	5.0	
lightdock	luciferin_score	-22.68863	2UUY_rec	2UUY_lig	swarm_46	56.0	2.0	
lightdock	luciferin_score	-27.32704	2UUY_rec	2UUY_lig	swarm_46	57.0	2.0	
lightdock	luciferin_score	-27.39154	2UUY_rec	2UUY_lig	swarm_46	58.0	5.0	
lightdock	luciferin_score	-28.52319	2UUY_rec	2UUY_lig	swarm_46	59.0	3.0	
lightdock	luciferin_score	-31.81951	2UUY_rec	2UUY_lig	swarm_46	60.0	2.0	
lightdock	luciferin_score	-35.17567	2UUY_rec	2UUY_lig	swarm_46	61.0	1.0	
lightdock	luciferin_score	-37.85694	2UUY_rec	2UUY_lig	swarm_46	62.0	2.0	
lightdock	luciferin_score	-41.34422	2UUY_rec	2UUY_lig	swarm_46	63.0	1.0	
lightdock	luciferin_score	-44.28519	2UUY_rec	2UUY_lig	swarm_46	64.0	1.0	
lightdock	luciferin_score	-46.6081	2UUY_rec	2UUY_lig	swarm_46	65.0	1.0	
lightdock	luciferin_score	-47.9831	2UUY_rec	2UUY_lig	swarm_46	66.0	1.0	
lightdock	luciferin_score	-50.15719	2UUY_rec	2UUY_lig	swarm_46	67.0	1.0	
lightdock	luciferin_score	-51.13824	2UUY_rec	2UUY_lig	swarm_46	68.0	4.0	
lightdock	luciferin_score	-62.83185	2UUY_rec	2UUY_lig	swarm_46	69.0	6.0	
lightdock	luciferin_score	-63.96413	2UUY_rec	2UUY_lig	swarm_46	70.0	1.0	
lightdock	luciferin_score	-76.34081	2UUY_rec	2UUY_lig	swarm_46	71.0	1.0	
lightdock	luciferin_score	-105.6349	2UUY_rec	2UUY_lig	swarm_46	72.0	1.0	
lightdock	luciferin_score	19.28013	2UUY_rec	2UUY_lig	swarm_47	0.0	4.0	
lightdock	luciferin_score	17.76254	2UUY_rec	2UUY_lig	swarm_47	1.0	4.0	
lightdock	luciferin_score	15.04384	2UUY_rec	2UUY_lig	swarm_47	2.0	8.0	
lightdock	luciferin_score	14.73154	2UUY_rec	2UUY_lig	swarm_47	3.0	7.0	
lightdock	luciferin_score	14.49657	2UUY_rec	2UUY_lig	swarm_47	4.0	16.0	
lightdock	luciferin_score	14.48368	2UUY_rec	2UUY_lig	swarm_47	5.0	4.0	
lightdock	luciferin_score	14.20288	2UUY_rec	2UUY_lig	swarm_47	6.0	17.0	
lightdock	luciferin_score	14.12227	2UUY_rec	2UUY_lig	swarm_47	7.0	5.0	
lightdock	luciferin_score	14.07094	2UUY_rec	2UUY_lig	swarm_47	8.0	2.0	
lightdock	luciferin_score	13.67223	2UUY_rec	2UUY_lig	swarm_47	9.0	6.0	
lightdock	luciferin_score	13.42048	2UUY_rec	2UUY_lig	swarm_47	10.0	1.0	
lightdock	luciferin_score	13.36108	2UUY_rec	2UUY_lig	swarm_47	11.0	6.0	
lightdock	luciferin_score	13.29643	2UUY_rec	2UUY_lig	swarm_47	12.0	4.0	
lightdock	luciferin_score	12.8913	2UUY_rec	2UUY_lig	swarm_47	13.0	6.0	
lightdock	luciferin_score	12.72093	2UUY_rec	2UUY_lig	swarm_47	14.0	4.0	
lightdock	luciferin_score	12.7089	2UUY_rec	2UUY_lig	swarm_47	15.0	1.0	
lightdock	luciferin_score	12.21737	2UUY_rec	2UUY_lig	swarm_47	16.0	6.0	
lightdock	luciferin_score	11.63916	2UUY_rec	2UUY_lig	swarm_47	17.0	3.0	
lightdock	luciferin_score	11.1484	2UUY_rec	2UUY_lig	swarm_47	18.0	1.0	
lightdock	luciferin_score	10.91433	2UUY_rec	2UUY_lig	swarm_47	19.0	2.0	
lightdock	luciferin_score	10.49166	2UUY_rec	2UUY_lig	swarm_47	20.0	10.0	
lightdock	luciferin_score	10.02151	2UUY_rec	2UUY_lig	swarm_47	21.0	1.0	
lightdock	luciferin_score	9.928	2UUY_rec	2UUY_lig	swarm_47	22.0	1.0	
lightdock	luciferin_score	9.90016	2UUY_rec	2UUY_lig	swarm_47	23.0	1.0	
lightdock	luciferin_score	9.82962	2UUY_rec	2UUY_lig	swarm_47	24.0	1.0	
lightdock	luciferin_score	9.81579	2UUY_rec	2UUY_lig	swarm_47	25.0	1.0	
lightdock	luciferin_score	9.62196	2UUY_rec	2UUY_lig	swarm_47	26.0	3.0	
lightdock	luciferin_score	9.45535	2UUY_rec	2UUY_lig	swarm_47	27.0	1.0	
lightdock	luciferin_score	9.4438	2UUY_rec	2UUY_lig	swarm_47	28.0	1.0	
lightdock	luciferin_score	9.38363	2UUY_rec	2UUY_lig	swarm_47	29.0	1.0	
lightdock	luciferin_score	9.26039	2UUY_rec	2UUY_lig	swarm_47	30.0	2.0	
lightdock	luciferin_score	8.92599	2UUY_rec	2UUY_lig	swarm_47	31.0	5.0	
lightdock	luciferin_score	8.40316	2UUY_rec	2UUY_lig	swarm_47	32.0	2.0	
lightdock	luciferin_score	8.30936	2UUY_rec	2UUY_lig	swarm_47	33.0	3.0	
lightdock	luciferin_score	7.86679	2UUY_rec	2UUY_lig	swarm_47	34.0	2.0	
lightdock	luciferin_score	7.80443	2UUY_rec	2UUY_lig	swarm_47	35.0	2.0	
lightdock	luciferin_score	7.55718	2UUY_rec	2UUY_lig	swarm_47	36.0	4.0	
lightdock	luciferin_score	6.52002	2UUY_rec	2UUY_lig	swarm_47	37.0	2.0	
lightdock	luciferin_score	6.30134	2UUY_rec	2UUY_lig	swarm_47	38.0	2.0	
lightdock	luciferin_score	5.92289	2UUY_rec	2UUY_lig	swarm_47	39.0	4.0	
lightdock	luciferin_score	5.70606	2UUY_rec	2UUY_lig	swarm_47	40.0	1.0	
lightdock	luciferin_score	4.86297	2UUY_rec	2UUY_lig	swarm_47	41.0	1.0	
lightdock	luciferin_score	4.56232	2UUY_rec	2UUY_lig	swarm_47	42.0	1.0	
lightdock	luciferin_score	2.95103	2UUY_rec	2UUY_lig	swarm_47	43.0	1.0	
lightdock	luciferin_score	1.6947	2UUY_rec	2UUY_lig	swarm_47	44.0	4.0	
lightdock	luciferin_score	-0.01061	2UUY_rec	2UUY_lig	swarm_47	45.0	3.0	
lightdock	luciferin_score	-0.51778	2UUY_rec	2UUY_lig	swarm_47	46.0	4.0	
lightdock	luciferin_score	-1.26873	2UUY_rec	2UUY_lig	swarm_47	47.0	2.0	
lightdock	luciferin_score	-2.35918	2UUY_rec	2UUY_lig	swarm_47	48.0	2.0	
lightdock	luciferin_score	-3.77969	2UUY_rec	2UUY_lig	swarm_47	49.0	1.0	
lightdock	luciferin_score	-4.20627	2UUY_rec	2UUY_lig	swarm_47	50.0	1.0	
lightdock	luciferin_score	-4.67101	2UUY_rec	2UUY_lig	swarm_47	51.0	3.0	
lightdock	luciferin_score	-8.16909	2UUY_rec	2UUY_lig	swarm_47	52.0	5.0	
lightdock	luciferin_score	-12.43298	2UUY_rec	2UUY_lig	swarm_47	53.0	1.0	
lightdock	luciferin_score	-14.50313	2UUY_rec	2UUY_lig	swarm_47	54.0	1.0	
lightdock	luciferin_score	-16.0421	2UUY_rec	2UUY_lig	swarm_47	55.0	3.0	
lightdock	luciferin_score	-24.72954	2UUY_rec	2UUY_lig	swarm_47	56.0	2.0	
lightdock	luciferin_score	-26.41241	2UUY_rec	2UUY_lig	swarm_47	57.0	4.0	
lightdock	luciferin_score	-33.35463	2UUY_rec	2UUY_lig	swarm_47	58.0	1.0	
lightdock	luciferin_score	-59.09154	2UUY_rec	2UUY_lig	swarm_47	59.0	2.0	
lightdock	luciferin_score	-74.81319	2UUY_rec	2UUY_lig	swarm_47	60.0	1.0	
lightdock	luciferin_score	16.09921	2UUY_rec	2UUY_lig	swarm_48	0.0	1.0	
lightdock	luciferin_score	15.46542	2UUY_rec	2UUY_lig	swarm_48	1.0	7.0	
lightdock	luciferin_score	15.20534	2UUY_rec	2UUY_lig	swarm_48	2.0	2.0	
lightdock	luciferin_score	14.7312	2UUY_rec	2UUY_lig	swarm_48	3.0	7.0	
lightdock	luciferin_score	14.52191	2UUY_rec	2UUY_lig	swarm_48	4.0	4.0	
lightdock	luciferin_score	13.55589	2UUY_rec	2UUY_lig	swarm_48	5.0	9.0	
lightdock	luciferin_score	13.47189	2UUY_rec	2UUY_lig	swarm_48	6.0	7.0	
lightdock	luciferin_score	13.25436	2UUY_rec	2UUY_lig	swarm_48	7.0	3.0	
lightdock	luciferin_score	12.74338	2UUY_rec	2UUY_lig	swarm_48	8.0	5.0	
lightdock	luciferin_score	12.37804	2UUY_rec	2UUY_lig	swarm_48	9.0	13.0	
lightdock	luciferin_score	12.26454	2UUY_rec	2UUY_lig	swarm_48	10.0	1.0	
lightdock	luciferin_score	11.51778	2UUY_rec	2UUY_lig	swarm_48	11.0	2.0	
lightdock	luciferin_score	11.48991	2UUY_rec	2UUY_lig	swarm_48	12.0	5.0	
lightdock	luciferin_score	11.1374	2UUY_rec	2UUY_lig	swarm_48	13.0	3.0	
lightdock	luciferin_score	10.79912	2UUY_rec	2UUY_lig	swarm_48	14.0	5.0	
lightdock	luciferin_score	10.78139	2UUY_rec	2UUY_lig	swarm_48	15.0	2.0	
lightdock	luciferin_score	10.19627	2UUY_rec	2UUY_lig	swarm_48	16.0	2.0	
lightdock	luciferin_score	10.01238	2UUY_rec	2UUY_lig	swarm_48	17.0	3.0	
lightdock	luciferin_score	9.82263	2UUY_rec	2UUY_lig	swarm_48	18.0	1.0	
lightdock	luciferin_score	9.64011	2UUY_rec	2UUY_lig	swarm_48	19.0	1.0	
lightdock	luciferin_score	9.63435	2UUY_rec	2UUY_lig	swarm_48	20.0	3.0	
lightdock	luciferin_score	9.61856	2UUY_rec	2UUY_lig	swarm_48	21.0	7.0	
lightdock	luciferin_score	9.212	2UUY_rec	2UUY_lig	swarm_48	22.0	6.0	
lightdock	luciferin_score	9.1872	2UUY_rec	2UUY_lig	swarm_48	23.0	6.0	
lightdock	luciferin_score	8.6872	2UUY_rec	2UUY_lig	swarm_48	24.0	1.0	
lightdock	luciferin_score	8.63254	2UUY_rec	2UUY_lig	swarm_48	25.0	1.0	
lightdock	luciferin_score	8.33637	2UUY_rec	2UUY_lig	swarm_48	26.0	3.0	
lightdock	luciferin_score	8.23945	2UUY_rec	2UUY_lig	swarm_48	27.0	1.0	
lightdock	luciferin_score	8.18701	2UUY_rec	2UUY_lig	swarm_48	28.0	9.0	
lightdock	luciferin_score	7.9626	2UUY_rec	2UUY_lig	swarm_48	29.0	1.0	
lightdock	luciferin_score	7.64643	2UUY_rec	2UUY_lig	swarm_48	30.0	3.0	
lightdock	luciferin_score	7.49644	2UUY_rec	2UUY_lig	swarm_48	31.0	1.0	
lightdock	luciferin_score	7.38357	2UUY_rec	2UUY_lig	swarm_48	32.0	4.0	
lightdock	luciferin_score	7.32615	2UUY_rec	2UUY_lig	swarm_48	33.0	3.0	
lightdock	luciferin_score	7.27641	2UUY_rec	2UUY_lig	swarm_48	34.0	3.0	
lightdock	luciferin_score	6.7275	2UUY_rec	2UUY_lig	swarm_48	35.0	2.0	
lightdock	luciferin_score	6.483	2UUY_rec	2UUY_lig	swarm_48	36.0	3.0	
lightdock	luciferin_score	6.33794	2UUY_rec	2UUY_lig	swarm_48	37.0	1.0	
lightdock	luciferin_score	6.12223	2UUY_rec	2UUY_lig	swarm_48	38.0	1.0	
lightdock	luciferin_score	5.82557	2UUY_rec	2UUY_lig	swarm_48	39.0	1.0	
lightdock	luciferin_score	5.16187	2UUY_rec	2UUY_lig	swarm_48	40.0	1.0	
lightdock	luciferin_score	4.02664	2UUY_rec	2UUY_lig	swarm_48	41.0	3.0	
lightdock	luciferin_score	3.9942	2UUY_rec	2UUY_lig	swarm_48	42.0	6.0	
lightdock	luciferin_score	3.9038	2UUY_rec	2UUY_lig	swarm_48	43.0	2.0	
lightdock	luciferin_score	2.99844	2UUY_rec	2UUY_lig	swarm_48	44.0	1.0	
lightdock	luciferin_score	2.96915	2UUY_rec	2UUY_lig	swarm_48	45.0	1.0	
lightdock	luciferin_score	2.17274	2UUY_rec	2UUY_lig	swarm_48	46.0	2.0	
lightdock	luciferin_score	2.03565	2UUY_rec	2UUY_lig	swarm_48	47.0	9.0	
lightdock	luciferin_score	1.715	2UUY_rec	2UUY_lig	swarm_48	48.0	2.0	
lightdock	luciferin_score	1.70922	2UUY_rec	2UUY_lig	swarm_48	49.0	1.0	
lightdock	luciferin_score	0.46643	2UUY_rec	2UUY_lig	swarm_48	50.0	1.0	
lightdock	luciferin_score	-0.31824	2UUY_rec	2UUY_lig	swarm_48	51.0	5.0	
lightdock	luciferin_score	-0.76407	2UUY_rec	2UUY_lig	swarm_48	52.0	2.0	
lightdock	luciferin_score	-4.62485	2UUY_rec	2UUY_lig	swarm_48	53.0	1.0	
lightdock	luciferin_score	-6.29302	2UUY_rec	2UUY_lig	swarm_48	54.0	6.0	
lightdock	luciferin_score	-7.57062	2UUY_rec	2UUY_lig	swarm_48	55.0	1.0	
lightdock	luciferin_score	-10.6858	2UUY_rec	2UUY_lig	swarm_48	56.0	1.0	
lightdock	luciferin_score	-11.23969	2UUY_rec	2UUY_lig	swarm_48	57.0	4.0	
lightdock	luciferin_score	-17.79435	2UUY_rec	2UUY_lig	swarm_48	58.0	3.0	
lightdock	luciferin_score	-19.60365	2UUY_rec	2UUY_lig	swarm_48	59.0	1.0	
lightdock	luciferin_score	-25.2411	2UUY_rec	2UUY_lig	swarm_48	60.0	2.0	
lightdock	luciferin_score	-26.42847	2UUY_rec	2UUY_lig	swarm_48	61.0	1.0	
lightdock	luciferin_score	-41.84087	2UUY_rec	2UUY_lig	swarm_48	62.0	1.0	
lightdock	luciferin_score	14.68067	2UUY_rec	2UUY_lig	swarm_49	0.0	9.0	
lightdock	luciferin_score	14.51053	2UUY_rec	2UUY_lig	swarm_49	1.0	11.0	
lightdock	luciferin_score	13.49578	2UUY_rec	2UUY_lig	swarm_49	2.0	12.0	
lightdock	luciferin_score	13.0259	2UUY_rec	2UUY_lig	swarm_49	3.0	13.0	
lightdock	luciferin_score	12.15591	2UUY_rec	2UUY_lig	swarm_49	4.0	4.0	
lightdock	luciferin_score	11.82022	2UUY_rec	2UUY_lig	swarm_49	5.0	8.0	
lightdock	luciferin_score	11.45614	2UUY_rec	2UUY_lig	swarm_49	6.0	8.0	
lightdock	luciferin_score	11.19924	2UUY_rec	2UUY_lig	swarm_49	7.0	5.0	
lightdock	luciferin_score	11.06623	2UUY_rec	2UUY_lig	swarm_49	8.0	9.0	
lightdock	luciferin_score	11.06051	2UUY_rec	2UUY_lig	swarm_49	9.0	7.0	
lightdock	luciferin_score	10.64633	2UUY_rec	2UUY_lig	swarm_49	10.0	9.0	
lightdock	luciferin_score	10.37517	2UUY_rec	2UUY_lig	swarm_49	11.0	1.0	
lightdock	luciferin_score	9.74237	2UUY_rec	2UUY_lig	swarm_49	12.0	9.0	
lightdock	luciferin_score	9.26389	2UUY_rec	2UUY_lig	swarm_49	13.0	3.0	
lightdock	luciferin_score	9.01098	2UUY_rec	2UUY_lig	swarm_49	14.0	6.0	
lightdock	luciferin_score	8.81415	2UUY_rec	2UUY_lig	swarm_49	15.0	2.0	
lightdock	luciferin_score	8.79216	2UUY_rec	2UUY_lig	swarm_49	16.0	6.0	
lightdock	luciferin_score	8.71206	2UUY_rec	2UUY_lig	swarm_49	17.0	1.0	
lightdock	luciferin_score	8.55784	2UUY_rec	2UUY_lig	swarm_49	18.0	3.0	
lightdock	luciferin_score	8.53919	2UUY_rec	2UUY_lig	swarm_49	19.0	2.0	
lightdock	luciferin_score	8.20847	2UUY_rec	2UUY_lig	swarm_49	20.0	9.0	
lightdock	luciferin_score	8.01056	2UUY_rec	2UUY_lig	swarm_49	21.0	2.0	
lightdock	luciferin_score	7.80449	2UUY_rec	2UUY_lig	swarm_49	22.0	1.0	
lightdock	luciferin_score	7.66148	2UUY_rec	2UUY_lig	swarm_49	23.0	1.0	
lightdock	luciferin_score	7.07573	2UUY_rec	2UUY_lig	swarm_49	24.0	2.0	
lightdock	luciferin_score	6.86717	2UUY_rec	2UUY_lig	swarm_49	25.0	7.0	
lightdock	luciferin_score	6.83226	2UUY_rec	2UUY_lig	swarm_49	26.0	1.0	
lightdock	luciferin_score	6.52311	2UUY_rec	2UUY_lig	swarm_49	27.0	2.0	
lightdock	luciferin_score	6.48282	2UUY_rec	2UUY_lig	swarm_49	28.0	2.0	
lightdock	luciferin_score	6.4046	2UUY_rec	2UUY_lig	swarm_49	29.0	1.0	
lightdock	luciferin_score	6.07352	2UUY_rec	2UUY_lig	swarm_49	30.0	1.0	
lightdock	luciferin_score	6.06905	2UUY_rec	2UUY_lig	swarm_49	31.0	1.0	
lightdock	luciferin_score	5.77465	2UUY_rec	2UUY_lig	swarm_49	32.0	1.0	
lightdock	luciferin_score	5.59237	2UUY_rec	2UUY_lig	swarm_49	33.0	2.0	
lightdock	luciferin_score	5.51257	2UUY_rec	2UUY_lig	swarm_49	34.0	1.0	
lightdock	luciferin_score	4.8524	2UUY_rec	2UUY_lig	swarm_49	35.0	1.0	
lightdock	luciferin_score	4.0326	2UUY_rec	2UUY_lig	swarm_49	36.0	4.0	
lightdock	luciferin_score	1.35549	2UUY_rec	2UUY_lig	swarm_49	37.0	3.0	
lightdock	luciferin_score	-0.74567	2UUY_rec	2UUY_lig	swarm_49	38.0	1.0	
lightdock	luciferin_score	-1.78385	2UUY_rec	2UUY_lig	swarm_49	39.0	1.0	
lightdock	luciferin_score	-3.715	2UUY_rec	2UUY_lig	swarm_49	40.0	5.0	
lightdock	luciferin_score	-3.85864	2UUY_rec	2UUY_lig	swarm_49	41.0	4.0	
lightdock	luciferin_score	-6.03502	2UUY_rec	2UUY_lig	swarm_49	42.0	2.0	
lightdock	luciferin_score	-6.46731	2UUY_rec	2UUY_lig	swarm_49	43.0	6.0	
lightdock	luciferin_score	-10.28803	2UUY_rec	2UUY_lig	swarm_49	44.0	1.0	
lightdock	luciferin_score	-10.59882	2UUY_rec	2UUY_lig	swarm_49	45.0	1.0	
lightdock	luciferin_score	-11.0585	2UUY_rec	2UUY_lig	swarm_49	46.0	1.0	
lightdock	luciferin_score	-12.01172	2UUY_rec	2UUY_lig	swarm_49	47.0	1.0	
lightdock	luciferin_score	-13.36216	2UUY_rec	2UUY_lig	swarm_49	48.0	1.0	
lightdock	luciferin_score	-13.92736	2UUY_rec	2UUY_lig	swarm_49	49.0	1.0	
lightdock	luciferin_score	-22.49486	2UUY_rec	2UUY_lig	swarm_49	50.0	1.0	
lightdock	luciferin_score	-23.20113	2UUY_rec	2UUY_lig	swarm_49	51.0	2.0	
lightdock	luciferin_score	-39.24233	2UUY_rec	2UUY_lig	swarm_49	52.0	2.0	
lightdock	luciferin_score	15.50079	2UUY_rec	2UUY_lig	swarm_5	0.0	4.0	
lightdock	luciferin_score	14.25012	2UUY_rec	2UUY_lig	swarm_5	1.0	4.0	
lightdock	luciferin_score	14.18395	2UUY_rec	2UUY_lig	swarm_5	2.0	7.0	
lightdock	luciferin_score	13.27698	2UUY_rec	2UUY_lig	swarm_5	3.0	3.0	
lightdock	luciferin_score	12.58459	2UUY_rec	2UUY_lig	swarm_5	4.0	7.0	
lightdock	luciferin_score	12.43877	2UUY_rec	2UUY_lig	swarm_5	5.0	1.0	
lightdock	luciferin_score	11.53182	2UUY_rec	2UUY_lig	swarm_5	6.0	6.0	
lightdock	luciferin_score	11.52068	2UUY_rec	2UUY_lig	swarm_5	7.0	6.0	
lightdock	luciferin_score	11.41334	2UUY_rec	2UUY_lig	swarm_5	8.0	6.0	
lightdock	luciferin_score	11.3893	2UUY_rec	2UUY_lig	swarm_5	9.0	6.0	
lightdock	luciferin_score	11.20784	2UUY_rec	2UUY_lig	swarm_5	10.0	2.0	
lightdock	luciferin_score	10.98482	2UUY_rec	2UUY_lig	swarm_5	11.0	10.0	
lightdock	luciferin_score	10.93201	2UUY_rec	2UUY_lig	swarm_5	12.0	8.0	
lightdock	luciferin_score	10.61947	2UUY_rec	2UUY_lig	swarm_5	13.0	5.0	
lightdock	luciferin_score	10.61375	2UUY_rec	2UUY_lig	swarm_5	14.0	4.0	
lightdock	luciferin_score	10.56214	2UUY_rec	2UUY_lig	swarm_5	15.0	4.0	
lightdock	luciferin_score	10.42754	2UUY_rec	2UUY_lig	swarm_5	16.0	2.0	
lightdock	luciferin_score	10.24595	2UUY_rec	2UUY_lig	swarm_5	17.0	1.0	
lightdock	luciferin_score	9.73653	2UUY_rec	2UUY_lig	swarm_5	18.0	2.0	
lightdock	luciferin_score	9.32935	2UUY_rec	2UUY_lig	swarm_5	19.0	5.0	
lightdock	luciferin_score	9.07582	2UUY_rec	2UUY_lig	swarm_5	20.0	1.0	
lightdock	luciferin_score	8.77855	2UUY_rec	2UUY_lig	swarm_5	21.0	4.0	
lightdock	luciferin_score	8.72622	2UUY_rec	2UUY_lig	swarm_5	22.0	5.0	
lightdock	luciferin_score	8.59358	2UUY_rec	2UUY_lig	swarm_5	23.0	2.0	
lightdock	luciferin_score	8.53749	2UUY_rec	2UUY_lig	swarm_5	24.0	2.0	
lightdock	luciferin_score	8.24519	2UUY_rec	2UUY_lig	swarm_5	25.0	2.0	
lightdock	luciferin_score	8.10336	2UUY_rec	2UUY_lig	swarm_5	26.0	1.0	
lightdock	luciferin_score	8.06436	2UUY_rec	2UUY_lig	swarm_5	27.0	2.0	
lightdock	luciferin_score	7.86451	2UUY_rec	2UUY_lig	swarm_5	28.0	7.0	
lightdock	luciferin_score	7.61489	2UUY_rec	2UUY_lig	swarm_5	29.0	3.0	
lightdock	luciferin_score	7.17082	2UUY_rec	2UUY_lig	swarm_5	30.0	1.0	
lightdock	luciferin_score	6.64143	2UUY_rec	2UUY_lig	swarm_5	31.0	2.0	
lightdock	luciferin_score	6.53185	2UUY_rec	2UUY_lig	swarm_5	32.0	1.0	
lightdock	luciferin_score	6.50833	2UUY_rec	2UUY_lig	swarm_5	33.0	1.0	
lightdock	luciferin_score	6.25925	2UUY_rec	2UUY_lig	swarm_5	34.0	1.0	
lightdock	luciferin_score	5.95007	2UUY_rec	2UUY_lig	swarm_5	35.0	1.0	
lightdock	luciferin_score	5.32427	2UUY_rec	2UUY_lig	swarm_5	36.0	2.0	
lightdock	luciferin_score	4.7102	2UUY_rec	2UUY_lig	swarm_5	37.0	1.0	
lightdock	luciferin_score	4.70593	2UUY_rec	2UUY_lig	swarm_5	38.0	1.0	
lightdock	luciferin_score	4.39949	2UUY_rec	2UUY_lig	swarm_5	39.0	1.0	
lightdock	luciferin_score	4.37248	2UUY_rec	2UUY_lig	swarm_5	40.0	1.0	
lightdock	luciferin_score	3.82122	2UUY_rec	2UUY_lig	swarm_5	41.0	2.0	
lightdock	luciferin_score	3.24045	2UUY_rec	2UUY_lig	swarm_5	42.0	2.0	
lightdock	luciferin_score	2.15138	2UUY_rec	2UUY_lig	swarm_5	43.0	1.0	
lightdock	luciferin_score	1.47493	2UUY_rec	2UUY_lig	swarm_5	44.0	2.0	
lightdock	luciferin_score	1.44855	2UUY_rec	2UUY_lig	swarm_5	45.0	2.0	
lightdock	luciferin_score	1.00864	2UUY_rec	2UUY_lig	swarm_5	46.0	8.0	
lightdock	luciferin_score	0.50501	2UUY_rec	2UUY_lig	swarm_5	47.0	2.0	
lightdock	luciferin_score	-1.67613	2UUY_rec	2UUY_lig	swarm_5	48.0	2.0	
lightdock	luciferin_score	-2.55915	2UUY_rec	2UUY_lig	swarm_5	49.0	5.0	
lightdock	luciferin_score	-2.72925	2UUY_rec	2UUY_lig	swarm_5	50.0	1.0	
lightdock	luciferin_score	-4.83695	2UUY_rec	2UUY_lig	swarm_5	51.0	6.0	
lightdock	luciferin_score	-5.99429	2UUY_rec	2UUY_lig	swarm_5	52.0	3.0	
lightdock	luciferin_score	-6.4038	2UUY_rec	2UUY_lig	swarm_5	53.0	3.0	
lightdock	luciferin_score	-10.66518	2UUY_rec	2UUY_lig	swarm_5	54.0	1.0	
lightdock	luciferin_score	-10.86597	2UUY_rec	2UUY_lig	swarm_5	55.0	2.0	
lightdock	luciferin_score	-17.05578	2UUY_rec	2UUY_lig	swarm_5	56.0	1.0	
lightdock	luciferin_score	-18.97309	2UUY_rec	2UUY_lig	swarm_5	57.0	1.0	
lightdock	luciferin_score	-21.00131	2UUY_rec	2UUY_lig	swarm_5	58.0	1.0	
lightdock	luciferin_score	-22.44886	2UUY_rec	2UUY_lig	swarm_5	59.0	3.0	
lightdock	luciferin_score	-24.9686	2UUY_rec	2UUY_lig	swarm_5	60.0	3.0	
lightdock	luciferin_score	-27.90811	2UUY_rec	2UUY_lig	swarm_5	61.0	1.0	
lightdock	luciferin_score	-28.12997	2UUY_rec	2UUY_lig	swarm_5	62.0	1.0	
lightdock	luciferin_score	-32.51028	2UUY_rec	2UUY_lig	swarm_5	63.0	2.0	
lightdock	luciferin_score	-32.57658	2UUY_rec	2UUY_lig	swarm_5	64.0	3.0	
lightdock	luciferin_score	-35.30343	2UUY_rec	2UUY_lig	swarm_5	65.0	2.0	
lightdock	luciferin_score	-49.63285	2UUY_rec	2UUY_lig	swarm_5	66.0	3.0	
lightdock	luciferin_score	-62.40008	2UUY_rec	2UUY_lig	swarm_5	67.0	2.0	
lightdock	luciferin_score	20.81867	2UUY_rec	2UUY_lig	swarm_50	0.0	10.0	
lightdock	luciferin_score	20.73326	2UUY_rec	2UUY_lig	swarm_50	1.0	6.0	
lightdock	luciferin_score	16.24378	2UUY_rec	2UUY_lig	swarm_50	2.0	7.0	
lightdock	luciferin_score	14.49068	2UUY_rec	2UUY_lig	swarm_50	3.0	2.0	
lightdock	luciferin_score	14.15884	2UUY_rec	2UUY_lig	swarm_50	4.0	8.0	
lightdock	luciferin_score	13.90575	2UUY_rec	2UUY_lig	swarm_50	5.0	3.0	
lightdock	luciferin_score	13.73362	2UUY_rec	2UUY_lig	swarm_50	6.0	2.0	
lightdock	luciferin_score	13.16313	2UUY_rec	2UUY_lig	swarm_50	7.0	5.0	
lightdock	luciferin_score	12.41925	2UUY_rec	2UUY_lig	swarm_50	8.0	3.0	
lightdock	luciferin_score	11.97349	2UUY_rec	2UUY_lig	swarm_50	9.0	1.0	
lightdock	luciferin_score	11.70265	2UUY_rec	2UUY_lig	swarm_50	10.0	7.0	
lightdock	luciferin_score	11.49632	2UUY_rec	2UUY_lig	swarm_50	11.0	4.0	
lightdock	luciferin_score	11.44236	2UUY_rec	2UUY_lig	swarm_50	12.0	9.0	
lightdock	luciferin_score	11.20884	2UUY_rec	2UUY_lig	swarm_50	13.0	5.0	
lightdock	luciferin_score	11.18781	2UUY_rec	2UUY_lig	swarm_50	14.0	5.0	
lightdock	luciferin_score	10.91278	2UUY_rec	2UUY_lig	swarm_50	15.0	16.0	
lightdock	luciferin_score	10.7674	2UUY_rec	2UUY_lig	swarm_50	16.0	1.0	
lightdock	luciferin_score	10.75071	2UUY_rec	2UUY_lig	swarm_50	17.0	2.0	
lightdock	luciferin_score	10.52939	2UUY_rec	2UUY_lig	swarm_50	18.0	2.0	
lightdock	luciferin_score	10.44001	2UUY_rec	2UUY_lig	swarm_50	19.0	3.0	
lightdock	luciferin_score	9.85234	2UUY_rec	2UUY_lig	swarm_50	20.0	3.0	
lightdock	luciferin_score	9.66965	2UUY_rec	2UUY_lig	swarm_50	21.0	5.0	
lightdock	luciferin_score	9.53876	2UUY_rec	2UUY_lig	swarm_50	22.0	3.0	
lightdock	luciferin_score	9.46002	2UUY_rec	2UUY_lig	swarm_50	23.0	3.0	
lightdock	luciferin_score	8.84633	2UUY_rec	2UUY_lig	swarm_50	24.0	2.0	
lightdock	luciferin_score	8.73342	2UUY_rec	2UUY_lig	swarm_50	25.0	3.0	
lightdock	luciferin_score	8.6695	2UUY_rec	2UUY_lig	swarm_50	26.0	5.0	
lightdock	luciferin_score	8.58918	2UUY_rec	2UUY_lig	swarm_50	27.0	2.0	
lightdock	luciferin_score	8.31486	2UUY_rec	2UUY_lig	swarm_50	28.0	1.0	
lightdock	luciferin_score	8.05774	2UUY_rec	2UUY_lig	swarm_50	29.0	1.0	
lightdock	luciferin_score	8.03527	2UUY_rec	2UUY_lig	swarm_50	30.0	1.0	
lightdock	luciferin_score	8.02417	2UUY_rec	2UUY_lig	swarm_50	31.0	1.0	
lightdock	luciferin_score	7.95025	2UUY_rec	2UUY_lig	swarm_50	32.0	1.0	
lightdock	luciferin_score	7.80288	2UUY_rec	2UUY_lig	swarm_50	33.0	2.0	
lightdock	luciferin_score	7.6359	2UUY_rec	2UUY_lig	swarm_50	34.0	4.0	
lightdock	luciferin_score	7.04	2UUY_rec	2UUY_lig	swarm_50	35.0	6.0	
lightdock	luciferin_score	7.01597	2UUY_rec	2UUY_lig	swarm_50	36.0	2.0	
lightdock	luciferin_score	6.48497	2UUY_rec	2UUY_lig	swarm_50	37.0	3.0	
lightdock	luciferin_score	6.35593	2UUY_rec	2UUY_lig	swarm_50	38.0	1.0	
lightdock	luciferin_score	6.0967	2UUY_rec	2UUY_lig	swarm_50	39.0	3.0	
lightdock	luciferin_score	6.08347	2UUY_rec	2UUY_lig	swarm_50	40.0	2.0	
lightdock	luciferin_score	5.39249	2UUY_rec	2UUY_lig	swarm_50	41.0	1.0	
lightdock	luciferin_score	5.00905	2UUY_rec	2UUY_lig	swarm_50	42.0	1.0	
lightdock	luciferin_score	4.08045	2UUY_rec	2UUY_lig	swarm_50	43.0	7.0	
lightdock	luciferin_score	3.82348	2UUY_rec	2UUY_lig	swarm_50	44.0	1.0	
lightdock	luciferin_score	3.65689	2UUY_rec	2UUY_lig	swarm_50	45.0	1.0	
lightdock	luciferin_score	3.45441	2UUY_rec	2UUY_lig	swarm_50	46.0	1.0	
lightdock	luciferin_score	2.92488	2UUY_rec	2UUY_lig	swarm_50	47.0	1.0	
lightdock	luciferin_score	0.66312	2UUY_rec	2UUY_lig	swarm_50	48.0	4.0	
lightdock	luciferin_score	0.36151	2UUY_rec	2UUY_lig	swarm_50	49.0	2.0	
lightdock	luciferin_score	0.2079	2UUY_rec	2UUY_lig	swarm_50	50.0	2.0	
lightdock	luciferin_score	-0.81573	2UUY_rec	2UUY_lig	swarm_50	51.0	2.0	
lightdock	luciferin_score	-3.18498	2UUY_rec	2UUY_lig	swarm_50	52.0	4.0	
lightdock	luciferin_score	-5.88762	2UUY_rec	2UUY_lig	swarm_50	53.0	2.0	
lightdock	luciferin_score	-6.5862	2UUY_rec	2UUY_lig	swarm_50	54.0	1.0	
lightdock	luciferin_score	-10.28079	2UUY_rec	2UUY_lig	swarm_50	55.0	1.0	
lightdock	luciferin_score	-20.50781	2UUY_rec	2UUY_lig	swarm_50	56.0	1.0	
lightdock	luciferin_score	-23.27718	2UUY_rec	2UUY_lig	swarm_50	57.0	1.0	
lightdock	luciferin_score	-26.66223	2UUY_rec	2UUY_lig	swarm_50	58.0	2.0	
lightdock	luciferin_score	-29.59051	2UUY_rec	2UUY_lig	swarm_50	59.0	1.0	
lightdock	luciferin_score	-37.16146	2UUY_rec	2UUY_lig	swarm_50	60.0	2.0	
lightdock	luciferin_score	-41.88361	2UUY_rec	2UUY_lig	swarm_50	61.0	3.0	
lightdock	luciferin_score	-51.96729	2UUY_rec	2UUY_lig	swarm_50	62.0	1.0	
lightdock	luciferin_score	-55.75884	2UUY_rec	2UUY_lig	swarm_50	63.0	2.0	
lightdock	luciferin_score	-68.28724	2UUY_rec	2UUY_lig	swarm_50	64.0	1.0	
lightdock	luciferin_score	19.58766	2UUY_rec	2UUY_lig	swarm_51	0.0	6.0	
lightdock	luciferin_score	19.02139	2UUY_rec	2UUY_lig	swarm_51	1.0	2.0	
lightdock	luciferin_score	17.08127	2UUY_rec	2UUY_lig	swarm_51	2.0	4.0	
lightdock	luciferin_score	15.28433	2UUY_rec	2UUY_lig	swarm_51	3.0	16.0	
lightdock	luciferin_score	15.09893	2UUY_rec	2UUY_lig	swarm_51	4.0	9.0	
lightdock	luciferin_score	14.8753	2UUY_rec	2UUY_lig	swarm_51	5.0	7.0	
lightdock	luciferin_score	14.49105	2UUY_rec	2UUY_lig	swarm_51	6.0	3.0	
lightdock	luciferin_score	14.41478	2UUY_rec	2UUY_lig	swarm_51	7.0	4.0	
lightdock	luciferin_score	14.01918	2UUY_rec	2UUY_lig	swarm_51	8.0	2.0	
lightdock	luciferin_score	13.99289	2UUY_rec	2UUY_lig	swarm_51	9.0	11.0	
lightdock	luciferin_score	12.86995	2UUY_rec	2UUY_lig	swarm_51	10.0	4.0	
lightdock	luciferin_score	12.85544	2UUY_rec	2UUY_lig	swarm_51	11.0	1.0	
lightdock	luciferin_score	12.76969	2UUY_rec	2UUY_lig	swarm_51	12.0	8.0	
lightdock	luciferin_score	12.05529	2UUY_rec	2UUY_lig	swarm_51	13.0	5.0	
lightdock	luciferin_score	11.95456	2UUY_rec	2UUY_lig	swarm_51	14.0	3.0	
lightdock	luciferin_score	11.64675	2UUY_rec	2UUY_lig	swarm_51	15.0	3.0	
lightdock	luciferin_score	11.57614	2UUY_rec	2UUY_lig	swarm_51	16.0	2.0	
lightdock	luciferin_score	11.37233	2UUY_rec	2UUY_lig	swarm_51	17.0	5.0	
lightdock	luciferin_score	11.17405	2UUY_rec	2UUY_lig	swarm_51	18.0	5.0	
lightdock	luciferin_score	11.16596	2UUY_rec	2UUY_lig	swarm_51	19.0	3.0	
lightdock	luciferin_score	11.13051	2UUY_rec	2UUY_lig	swarm_51	20.0	4.0	
lightdock	luciferin_score	10.62414	2UUY_rec	2UUY_lig	swarm_51	21.0	2.0	
lightdock	luciferin_score	10.60704	2UUY_rec	2UUY_lig	swarm_51	22.0	4.0	
lightdock	luciferin_score	10.56557	2UUY_rec	2UUY_lig	swarm_51	23.0	1.0	
lightdock	luciferin_score	9.81051	2UUY_rec	2UUY_lig	swarm_51	24.0	6.0	
lightdock	luciferin_score	9.65665	2UUY_rec	2UUY_lig	swarm_51	25.0	1.0	
lightdock	luciferin_score	9.31647	2UUY_rec	2UUY_lig	swarm_51	26.0	1.0	
lightdock	luciferin_score	9.1139	2UUY_rec	2UUY_lig	swarm_51	27.0	3.0	
lightdock	luciferin_score	8.94365	2UUY_rec	2UUY_lig	swarm_51	28.0	3.0	
lightdock	luciferin_score	8.55749	2UUY_rec	2UUY_lig	swarm_51	29.0	2.0	
lightdock	luciferin_score	8.29027	2UUY_rec	2UUY_lig	swarm_51	30.0	1.0	
lightdock	luciferin_score	8.14944	2UUY_rec	2UUY_lig	swarm_51	31.0	2.0	
lightdock	luciferin_score	7.94463	2UUY_rec	2UUY_lig	swarm_51	32.0	1.0	
lightdock	luciferin_score	7.731	2UUY_rec	2UUY_lig	swarm_51	33.0	2.0	
lightdock	luciferin_score	6.79654	2UUY_rec	2UUY_lig	swarm_51	34.0	12.0	
lightdock	luciferin_score	5.32425	2UUY_rec	2UUY_lig	swarm_51	35.0	1.0	
lightdock	luciferin_score	5.1356	2UUY_rec	2UUY_lig	swarm_51	36.0	1.0	
lightdock	luciferin_score	4.11489	2UUY_rec	2UUY_lig	swarm_51	37.0	1.0	
lightdock	luciferin_score	3.07751	2UUY_rec	2UUY_lig	swarm_51	38.0	1.0	
lightdock	luciferin_score	2.95595	2UUY_rec	2UUY_lig	swarm_51	39.0	2.0	
lightdock	luciferin_score	2.70391	2UUY_rec	2UUY_lig	swarm_51	40.0	2.0	
lightdock	luciferin_score	1.92939	2UUY_rec	2UUY_lig	swarm_51	41.0	1.0	
lightdock	luciferin_score	0.68856	2UUY_rec	2UUY_lig	swarm_51	42.0	1.0	
lightdock	luciferin_score	-0.43783	2UUY_rec	2UUY_lig	swarm_51	43.0	1.0	
lightdock	luciferin_score	-0.9415	2UUY_rec	2UUY_lig	swarm_51	44.0	3.0	
lightdock	luciferin_score	-1.97199	2UUY_rec	2UUY_lig	swarm_51	45.0	2.0	
lightdock	luciferin_score	-2.01808	2UUY_rec	2UUY_lig	swarm_51	46.0	9.0	
lightdock	luciferin_score	-5.34791	2UUY_rec	2UUY_lig	swarm_51	47.0	2.0	
lightdock	luciferin_score	-6.49057	2UUY_rec	2UUY_lig	swarm_51	48.0	1.0	
lightdock	luciferin_score	-10.22533	2UUY_rec	2UUY_lig	swarm_51	49.0	1.0	
lightdock	luciferin_score	-14.06304	2UUY_rec	2UUY_lig	swarm_51	50.0	4.0	
lightdock	luciferin_score	-16.47266	2UUY_rec	2UUY_lig	swarm_51	51.0	1.0	
lightdock	luciferin_score	-31.22991	2UUY_rec	2UUY_lig	swarm_51	52.0	1.0	
lightdock	luciferin_score	-32.12679	2UUY_rec	2UUY_lig	swarm_51	53.0	1.0	
lightdock	luciferin_score	-32.2454	2UUY_rec	2UUY_lig	swarm_51	54.0	2.0	
lightdock	luciferin_score	-34.26372	2UUY_rec	2UUY_lig	swarm_51	55.0	1.0	
lightdock	luciferin_score	-34.88144	2UUY_rec	2UUY_lig	swarm_51	56.0	3.0	
lightdock	luciferin_score	-37.54903	2UUY_rec	2UUY_lig	swarm_51	57.0	2.0	
lightdock	luciferin_score	-44.08987	2UUY_rec	2UUY_lig	swarm_51	58.0	3.0	
lightdock	luciferin_score	-44.18009	2UUY_rec	2UUY_lig	swarm_51	59.0	1.0	
lightdock	luciferin_score	-58.73874	2UUY_rec	2UUY_lig	swarm_51	60.0	1.0	
lightdock	luciferin_score	-61.72842	2UUY_rec	2UUY_lig	swarm_51	61.0	1.0	
lightdock	luciferin_score	-72.80024	2UUY_rec	2UUY_lig	swarm_51	62.0	1.0	
lightdock	luciferin_score	-94.8016	2UUY_rec	2UUY_lig	swarm_51	63.0	1.0	
lightdock	luciferin_score	16.70681	2UUY_rec	2UUY_lig	swarm_52	0.0	13.0	
lightdock	luciferin_score	16.15936	2UUY_rec	2UUY_lig	swarm_52	1.0	7.0	
lightdock	luciferin_score	15.10144	2UUY_rec	2UUY_lig	swarm_52	2.0	2.0	
lightdock	luciferin_score	14.36376	2UUY_rec	2UUY_lig	swarm_52	3.0	1.0	
lightdock	luciferin_score	13.86129	2UUY_rec	2UUY_lig	swarm_52	4.0	8.0	
lightdock	luciferin_score	13.79522	2UUY_rec	2UUY_lig	swarm_52	5.0	2.0	
lightdock	luciferin_score	13.7444	2UUY_rec	2UUY_lig	swarm_52	6.0	6.0	
lightdock	luciferin_score	13.404	2UUY_rec	2UUY_lig	swarm_52	7.0	6.0	
lightdock	luciferin_score	13.35243	2UUY_rec	2UUY_lig	swarm_52	8.0	3.0	
lightdock	luciferin_score	13.17834	2UUY_rec	2UUY_lig	swarm_52	9.0	5.0	
lightdock	luciferin_score	13.07604	2UUY_rec	2UUY_lig	swarm_52	10.0	3.0	
lightdock	luciferin_score	12.79199	2UUY_rec	2UUY_lig	swarm_52	11.0	3.0	
lightdock	luciferin_score	12.67794	2UUY_rec	2UUY_lig	swarm_52	12.0	7.0	
lightdock	luciferin_score	12.35064	2UUY_rec	2UUY_lig	swarm_52	13.0	4.0	
lightdock	luciferin_score	12.08438	2UUY_rec	2UUY_lig	swarm_52	14.0	3.0	
lightdock	luciferin_score	12.05524	2UUY_rec	2UUY_lig	swarm_52	15.0	6.0	
lightdock	luciferin_score	11.97849	2UUY_rec	2UUY_lig	swarm_52	16.0	2.0	
lightdock	luciferin_score	11.85312	2UUY_rec	2UUY_lig	swarm_52	17.0	3.0	
lightdock	luciferin_score	11.7481	2UUY_rec	2UUY_lig	swarm_52	18.0	4.0	
lightdock	luciferin_score	11.54161	2UUY_rec	2UUY_lig	swarm_52	19.0	4.0	
lightdock	luciferin_score	11.2907	2UUY_rec	2UUY_lig	swarm_52	20.0	3.0	
lightdock	luciferin_score	11.01984	2UUY_rec	2UUY_lig	swarm_52	21.0	2.0	
lightdock	luciferin_score	10.84961	2UUY_rec	2UUY_lig	swarm_52	22.0	1.0	
lightdock	luciferin_score	10.70824	2UUY_rec	2UUY_lig	swarm_52	23.0	3.0	
lightdock	luciferin_score	10.68162	2UUY_rec	2UUY_lig	swarm_52	24.0	2.0	
lightdock	luciferin_score	10.62933	2UUY_rec	2UUY_lig	swarm_52	25.0	1.0	
lightdock	luciferin_score	10.36974	2UUY_rec	2UUY_lig	swarm_52	26.0	4.0	
lightdock	luciferin_score	10.29643	2UUY_rec	2UUY_lig	swarm_52	27.0	4.0	
lightdock	luciferin_score	9.92862	2UUY_rec	2UUY_lig	swarm_52	28.0	3.0	
lightdock	luciferin_score	9.88801	2UUY_rec	2UUY_lig	swarm_52	29.0	1.0	
lightdock	luciferin_score	9.79573	2UUY_rec	2UUY_lig	swarm_52	30.0	1.0	
lightdock	luciferin_score	9.62648	2UUY_rec	2UUY_lig	swarm_52	31.0	5.0	
lightdock	luciferin_score	9.39719	2UUY_rec	2UUY_lig	swarm_52	32.0	4.0	
lightdock	luciferin_score	9.37468	2UUY_rec	2UUY_lig	swarm_52	33.0	2.0	
lightdock	luciferin_score	9.07918	2UUY_rec	2UUY_lig	swarm_52	34.0	1.0	
lightdock	luciferin_score	8.1651	2UUY_rec	2UUY_lig	swarm_52	35.0	2.0	
lightdock	luciferin_score	8.15411	2UUY_rec	2UUY_lig	swarm_52	36.0	4.0	
lightdock	luciferin_score	7.93204	2UUY_rec	2UUY_lig	swarm_52	37.0	1.0	
lightdock	luciferin_score	7.84278	2UUY_rec	2UUY_lig	swarm_52	38.0	4.0	
lightdock	luciferin_score	7.63641	2UUY_rec	2UUY_lig	swarm_52	39.0	1.0	
lightdock	luciferin_score	6.73189	2UUY_rec	2UUY_lig	swarm_52	40.0	1.0	
lightdock	luciferin_score	6.53582	2UUY_rec	2UUY_lig	swarm_52	41.0	2.0	
lightdock	luciferin_score	6.31205	2UUY_rec	2UUY_lig	swarm_52	42.0	2.0	
lightdock	luciferin_score	6.08907	2UUY_rec	2UUY_lig	swarm_52	43.0	1.0	
lightdock	luciferin_score	6.00188	2UUY_rec	2UUY_lig	swarm_52	44.0	1.0	
lightdock	luciferin_score	5.90806	2UUY_rec	2UUY_lig	swarm_52	45.0	1.0	
lightdock	luciferin_score	5.47462	2UUY_rec	2UUY_lig	swarm_52	46.0	1.0	
lightdock	luciferin_score	5.00979	2UUY_rec	2UUY_lig	swarm_52	47.0	3.0	
lightdock	luciferin_score	4.85483	2UUY_rec	2UUY_lig	swarm_52	48.0	1.0	
lightdock	luciferin_score	4.85268	2UUY_rec	2UUY_lig	swarm_52	49.0	2.0	
lightdock	luciferin_score	3.78453	2UUY_rec	2UUY_lig	swarm_52	50.0	3.0	
lightdock	luciferin_score	3.75265	2UUY_rec	2UUY_lig	swarm_52	51.0	4.0	
lightdock	luciferin_score	3.25241	2UUY_rec	2UUY_lig	swarm_52	52.0	6.0	
lightdock	luciferin_score	0.49536	2UUY_rec	2UUY_lig	swarm_52	53.0	2.0	
lightdock	luciferin_score	-0.20961	2UUY_rec	2UUY_lig	swarm_52	54.0	7.0	
lightdock	luciferin_score	-1.23304	2UUY_rec	2UUY_lig	swarm_52	55.0	4.0	
lightdock	luciferin_score	-1.30006	2UUY_rec	2UUY_lig	swarm_52	56.0	1.0	
lightdock	luciferin_score	-3.6974	2UUY_rec	2UUY_lig	swarm_52	57.0	2.0	
lightdock	luciferin_score	-7.91945	2UUY_rec	2UUY_lig	swarm_52	58.0	1.0	
lightdock	luciferin_score	-8.6643	2UUY_rec	2UUY_lig	swarm_52	59.0	2.0	
lightdock	luciferin_score	-9.19281	2UUY_rec	2UUY_lig	swarm_52	60.0	1.0	
lightdock	luciferin_score	-14.40123	2UUY_rec	2UUY_lig	swarm_52	61.0	5.0	
lightdock	luciferin_score	-21.18807	2UUY_rec	2UUY_lig	swarm_52	62.0	1.0	
lightdock	luciferin_score	-22.20006	2UUY_rec	2UUY_lig	swarm_52	63.0	1.0	
lightdock	luciferin_score	-26.35188	2UUY_rec	2UUY_lig	swarm_52	64.0	1.0	
lightdock	luciferin_score	-27.74463	2UUY_rec	2UUY_lig	swarm_52	65.0	1.0	
lightdock	luciferin_score	-39.97932	2UUY_rec	2UUY_lig	swarm_52	66.0	1.0	
lightdock	luciferin_score	-52.24779	2UUY_rec	2UUY_lig	swarm_52	67.0	1.0	
lightdock	luciferin_score	15.77	2UUY_rec	2UUY_lig	swarm_53	0.0	9.0	
lightdock	luciferin_score	14.73872	2UUY_rec	2UUY_lig	swarm_53	1.0	4.0	
lightdock	luciferin_score	14.3091	2UUY_rec	2UUY_lig	swarm_53	2.0	6.0	
lightdock	luciferin_score	14.16774	2UUY_rec	2UUY_lig	swarm_53	3.0	18.0	
lightdock	luciferin_score	13.46378	2UUY_rec	2UUY_lig	swarm_53	4.0	10.0	
lightdock	luciferin_score	13.35041	2UUY_rec	2UUY_lig	swarm_53	5.0	4.0	
lightdock	luciferin_score	12.80579	2UUY_rec	2UUY_lig	swarm_53	6.0	2.0	
lightdock	luciferin_score	12.64391	2UUY_rec	2UUY_lig	swarm_53	7.0	1.0	
lightdock	luciferin_score	12.3986	2UUY_rec	2UUY_lig	swarm_53	8.0	1.0	
lightdock	luciferin_score	12.39814	2UUY_rec	2UUY_lig	swarm_53	9.0	5.0	
lightdock	luciferin_score	12.32459	2UUY_rec	2UUY_lig	swarm_53	10.0	4.0	
lightdock	luciferin_score	11.76605	2UUY_rec	2UUY_lig	swarm_53	11.0	1.0	
lightdock	luciferin_score	11.61446	2UUY_rec	2UUY_lig	swarm_53	12.0	3.0	
lightdock	luciferin_score	11.33726	2UUY_rec	2UUY_lig	swarm_53	13.0	1.0	
lightdock	luciferin_score	11.11737	2UUY_rec	2UUY_lig	swarm_53	14.0	3.0	
lightdock	luciferin_score	10.56517	2UUY_rec	2UUY_lig	swarm_53	15.0	2.0	
lightdock	luciferin_score	10.48989	2UUY_rec	2UUY_lig	swarm_53	16.0	3.0	
lightdock	luciferin_score	10.34098	2UUY_rec	2UUY_lig	swarm_53	17.0	1.0	
lightdock	luciferin_score	10.20276	2UUY_rec	2UUY_lig	swarm_53	18.0	5.0	
lightdock	luciferin_score	10.14595	2UUY_rec	2UUY_lig	swarm_53	19.0	3.0	
lightdock	luciferin_score	9.98765	2UUY_rec	2UUY_lig	swarm_53	20.0	3.0	
lightdock	luciferin_score	9.70538	2UUY_rec	2UUY_lig	swarm_53	21.0	2.0	
lightdock	luciferin_score	9.69205	2UUY_rec	2UUY_lig	swarm_53	22.0	13.0	
lightdock	luciferin_score	9.56988	2UUY_rec	2UUY_lig	swarm_53	23.0	1.0	
lightdock	luciferin_score	9.53708	2UUY_rec	2UUY_lig	swarm_53	24.0	1.0	
lightdock	luciferin_score	9.46141	2UUY_rec	2UUY_lig	swarm_53	25.0	1.0	
lightdock	luciferin_score	9.4162	2UUY_rec	2UUY_lig	swarm_53	26.0	1.0	
lightdock	luciferin_score	8.48747	2UUY_rec	2UUY_lig	swarm_53	27.0	1.0	
lightdock	luciferin_score	8.47579	2UUY_rec	2UUY_lig	swarm_53	28.0	2.0	
lightdock	luciferin_score	8.47064	2UUY_rec	2UUY_lig	swarm_53	29.0	3.0	
lightdock	luciferin_score	8.15611	2UUY_rec	2UUY_lig	swarm_53	30.0	1.0	
lightdock	luciferin_score	6.07505	2UUY_rec	2UUY_lig	swarm_53	31.0	3.0	
lightdock	luciferin_score	5.92877	2UUY_rec	2UUY_lig	swarm_53	32.0	1.0	
lightdock	luciferin_score	5.86691	2UUY_rec	2UUY_lig	swarm_53	33.0	4.0	
lightdock	luciferin_score	5.19562	2UUY_rec	2UUY_lig	swarm_53	34.0	1.0	
lightdock	luciferin_score	3.49142	2UUY_rec	2UUY_lig	swarm_53	35.0	1.0	
lightdock	luciferin_score	2.0531	2UUY_rec	2UUY_lig	swarm_53	36.0	1.0	
lightdock	luciferin_score	-0.24628	2UUY_rec	2UUY_lig	swarm_53	37.0	7.0	
lightdock	luciferin_score	-1.19738	2UUY_rec	2UUY_lig	swarm_53	38.0	1.0	
lightdock	luciferin_score	-1.80743	2UUY_rec	2UUY_lig	swarm_53	39.0	1.0	
lightdock	luciferin_score	-1.96493	2UUY_rec	2UUY_lig	swarm_53	40.0	1.0	
lightdock	luciferin_score	-2.1279	2UUY_rec	2UUY_lig	swarm_53	41.0	1.0	
lightdock	luciferin_score	-3.39835	2UUY_rec	2UUY_lig	swarm_53	42.0	1.0	
lightdock	luciferin_score	-3.90352	2UUY_rec	2UUY_lig	swarm_53	43.0	1.0	
lightdock	luciferin_score	-4.1476	2UUY_rec	2UUY_lig	swarm_53	44.0	3.0	
lightdock	luciferin_score	-5.3486	2UUY_rec	2UUY_lig	swarm_53	45.0	4.0	
lightdock	luciferin_score	-6.1798	2UUY_rec	2UUY_lig	swarm_53	46.0	2.0	
lightdock	luciferin_score	-6.9662	2UUY_rec	2UUY_lig	swarm_53	47.0	7.0	
lightdock	luciferin_score	-7.24943	2UUY_rec	2UUY_lig	swarm_53	48.0	1.0	
lightdock	luciferin_score	-7.45217	2UUY_rec	2UUY_lig	swarm_53	49.0	2.0	
lightdock	luciferin_score	-8.4463	2UUY_rec	2UUY_lig	swarm_53	50.0	1.0	
lightdock	luciferin_score	-8.50717	2UUY_rec	2UUY_lig	swarm_53	51.0	3.0	
lightdock	luciferin_score	-10.64883	2UUY_rec	2UUY_lig	swarm_53	52.0	1.0	
lightdock	luciferin_score	-11.92878	2UUY_rec	2UUY_lig	swarm_53	53.0	2.0	
lightdock	luciferin_score	-13.32284	2UUY_rec	2UUY_lig	swarm_53	54.0	1.0	
lightdock	luciferin_score	-14.75427	2UUY_rec	2UUY_lig	swarm_53	55.0	1.0	
lightdock	luciferin_score	-15.93622	2UUY_rec	2UUY_lig	swarm_53	56.0	2.0	
lightdock	luciferin_score	-17.2279	2UUY_rec	2UUY_lig	swarm_53	57.0	2.0	
lightdock	luciferin_score	-17.65169	2UUY_rec	2UUY_lig	swarm_53	58.0	2.0	
lightdock	luciferin_score	-18.31554	2UUY_rec	2UUY_lig	swarm_53	59.0	1.0	
lightdock	luciferin_score	-21.2409	2UUY_rec	2UUY_lig	swarm_53	60.0	1.0	
lightdock	luciferin_score	-21.97204	2UUY_rec	2UUY_lig	swarm_53	61.0	2.0	
lightdock	luciferin_score	-23.63626	2UUY_rec	2UUY_lig	swarm_53	62.0	7.0	
lightdock	luciferin_score	-23.99676	2UUY_rec	2UUY_lig	swarm_53	63.0	1.0	
lightdock	luciferin_score	-25.78575	2UUY_rec	2UUY_lig	swarm_53	64.0	2.0	
lightdock	luciferin_score	-27.91123	2UUY_rec	2UUY_lig	swarm_53	65.0	3.0	
lightdock	luciferin_score	-31.5959	2UUY_rec	2UUY_lig	swarm_53	66.0	2.0	
lightdock	luciferin_score	-36.09613	2UUY_rec	2UUY_lig	swarm_53	67.0	1.0	
lightdock	luciferin_score	-43.60824	2UUY_rec	2UUY_lig	swarm_53	68.0	1.0	
lightdock	luciferin_score	-45.15717	2UUY_rec	2UUY_lig	swarm_53	69.0	1.0	
lightdock	luciferin_score	-49.74973	2UUY_rec	2UUY_lig	swarm_53	70.0	1.0	
lightdock	luciferin_score	-53.05859	2UUY_rec	2UUY_lig	swarm_53	71.0	1.0	
lightdock	luciferin_score	-53.44292	2UUY_rec	2UUY_lig	swarm_53	72.0	1.0	
lightdock	luciferin_score	-57.14092	2UUY_rec	2UUY_lig	swarm_53	73.0	1.0	
lightdock	luciferin_score	-72.63285	2UUY_rec	2UUY_lig	swarm_53	74.0	1.0	
lightdock	luciferin_score	13.87328	2UUY_rec	2UUY_lig	swarm_54	0.0	4.0	
lightdock	luciferin_score	12.85754	2UUY_rec	2UUY_lig	swarm_54	1.0	7.0	
lightdock	luciferin_score	12.65273	2UUY_rec	2UUY_lig	swarm_54	2.0	6.0	
lightdock	luciferin_score	12.59324	2UUY_rec	2UUY_lig	swarm_54	3.0	12.0	
lightdock	luciferin_score	12.35825	2UUY_rec	2UUY_lig	swarm_54	4.0	7.0	
lightdock	luciferin_score	12.04373	2UUY_rec	2UUY_lig	swarm_54	5.0	6.0	
lightdock	luciferin_score	11.90695	2UUY_rec	2UUY_lig	swarm_54	6.0	3.0	
lightdock	luciferin_score	11.54511	2UUY_rec	2UUY_lig	swarm_54	7.0	1.0	
lightdock	luciferin_score	11.09603	2UUY_rec	2UUY_lig	swarm_54	8.0	6.0	
lightdock	luciferin_score	10.71788	2UUY_rec	2UUY_lig	swarm_54	9.0	3.0	
lightdock	luciferin_score	10.50125	2UUY_rec	2UUY_lig	swarm_54	10.0	3.0	
lightdock	luciferin_score	10.42742	2UUY_rec	2UUY_lig	swarm_54	11.0	5.0	
lightdock	luciferin_score	10.15968	2UUY_rec	2UUY_lig	swarm_54	12.0	3.0	
lightdock	luciferin_score	10.10073	2UUY_rec	2UUY_lig	swarm_54	13.0	6.0	
lightdock	luciferin_score	9.86752	2UUY_rec	2UUY_lig	swarm_54	14.0	4.0	
lightdock	luciferin_score	9.78437	2UUY_rec	2UUY_lig	swarm_54	15.0	6.0	
lightdock	luciferin_score	9.69741	2UUY_rec	2UUY_lig	swarm_54	16.0	1.0	
lightdock	luciferin_score	9.69164	2UUY_rec	2UUY_lig	swarm_54	17.0	5.0	
lightdock	luciferin_score	9.53036	2UUY_rec	2UUY_lig	swarm_54	18.0	2.0	
lightdock	luciferin_score	9.33874	2UUY_rec	2UUY_lig	swarm_54	19.0	3.0	
lightdock	luciferin_score	9.17979	2UUY_rec	2UUY_lig	swarm_54	20.0	5.0	
lightdock	luciferin_score	8.98613	2UUY_rec	2UUY_lig	swarm_54	21.0	1.0	
lightdock	luciferin_score	8.81678	2UUY_rec	2UUY_lig	swarm_54	22.0	2.0	
lightdock	luciferin_score	8.72209	2UUY_rec	2UUY_lig	swarm_54	23.0	1.0	
lightdock	luciferin_score	8.59249	2UUY_rec	2UUY_lig	swarm_54	24.0	4.0	
lightdock	luciferin_score	8.55418	2UUY_rec	2UUY_lig	swarm_54	25.0	2.0	
lightdock	luciferin_score	8.48327	2UUY_rec	2UUY_lig	swarm_54	26.0	4.0	
lightdock	luciferin_score	8.48266	2UUY_rec	2UUY_lig	swarm_54	27.0	1.0	
lightdock	luciferin_score	8.25171	2UUY_rec	2UUY_lig	swarm_54	28.0	8.0	
lightdock	luciferin_score	8.11424	2UUY_rec	2UUY_lig	swarm_54	29.0	1.0	
lightdock	luciferin_score	8.01725	2UUY_rec	2UUY_lig	swarm_54	30.0	2.0	
lightdock	luciferin_score	7.62268	2UUY_rec	2UUY_lig	swarm_54	31.0	1.0	
lightdock	luciferin_score	7.52782	2UUY_rec	2UUY_lig	swarm_54	32.0	1.0	
lightdock	luciferin_score	7.52495	2UUY_rec	2UUY_lig	swarm_54	33.0	4.0	
lightdock	luciferin_score	7.12056	2UUY_rec	2UUY_lig	swarm_54	34.0	1.0	
lightdock	luciferin_score	7.02375	2UUY_rec	2UUY_lig	swarm_54	35.0	1.0	
lightdock	luciferin_score	6.82312	2UUY_rec	2UUY_lig	swarm_54	36.0	1.0	
lightdock	luciferin_score	6.80888	2UUY_rec	2UUY_lig	swarm_54	37.0	1.0	
lightdock	luciferin_score	6.51188	2UUY_rec	2UUY_lig	swarm_54	38.0	1.0	
lightdock	luciferin_score	6.40499	2UUY_rec	2UUY_lig	swarm_54	39.0	1.0	
lightdock	luciferin_score	6.3704	2UUY_rec	2UUY_lig	swarm_54	40.0	1.0	
lightdock	luciferin_score	6.3116	2UUY_rec	2UUY_lig	swarm_54	41.0	1.0	
lightdock	luciferin_score	6.05153	2UUY_rec	2UUY_lig	swarm_54	42.0	1.0	
lightdock	luciferin_score	5.50743	2UUY_rec	2UUY_lig	swarm_54	43.0	2.0	
lightdock	luciferin_score	4.83274	2UUY_rec	2UUY_lig	swarm_54	44.0	1.0	
lightdock	luciferin_score	4.34444	2UUY_rec	2UUY_lig	swarm_54	45.0	2.0	
lightdock	luciferin_score	4.31415	2UUY_rec	2UUY_lig	swarm_54	46.0	4.0	
lightdock	luciferin_score	3.10549	2UUY_rec	2UUY_lig	swarm_54	47.0	1.0	
lightdock	luciferin_score	2.50225	2UUY_rec	2UUY_lig	swarm_54	48.0	2.0	
lightdock	luciferin_score	2.4775	2UUY_rec	2UUY_lig	swarm_54	49.0	2.0	
lightdock	luciferin_score	0.37627	2UUY_rec	2UUY_lig	swarm_54	50.0	3.0	
lightdock	luciferin_score	0.0091	2UUY_rec	2UUY_lig	swarm_54	51.0	1.0	
lightdock	luciferin_score	-3.36706	2UUY_rec	2UUY_lig	swarm_54	52.0	5.0	
lightdock	luciferin_score	-3.67543	2UUY_rec	2UUY_lig	swarm_54	53.0	1.0	
lightdock	luciferin_score	-7.12828	2UUY_rec	2UUY_lig	swarm_54	54.0	2.0	
lightdock	luciferin_score	-7.8563	2UUY_rec	2UUY_lig	swarm_54	55.0	2.0	
lightdock	luciferin_score	-10.83864	2UUY_rec	2UUY_lig	swarm_54	56.0	2.0	
lightdock	luciferin_score	-11.6864	2UUY_rec	2UUY_lig	swarm_54	57.0	1.0	
lightdock	luciferin_score	-12.79832	2UUY_rec	2UUY_lig	swarm_54	58.0	2.0	
lightdock	luciferin_score	-14.78121	2UUY_rec	2UUY_lig	swarm_54	59.0	3.0	
lightdock	luciferin_score	-16.56097	2UUY_rec	2UUY_lig	swarm_54	60.0	4.0	
lightdock	luciferin_score	-19.1756	2UUY_rec	2UUY_lig	swarm_54	61.0	1.0	
lightdock	luciferin_score	-19.25319	2UUY_rec	2UUY_lig	swarm_54	62.0	2.0	
lightdock	luciferin_score	-19.88931	2UUY_rec	2UUY_lig	swarm_54	63.0	2.0	
lightdock	luciferin_score	-21.32257	2UUY_rec	2UUY_lig	swarm_54	64.0	2.0	
lightdock	luciferin_score	-28.42223	2UUY_rec	2UUY_lig	swarm_54	65.0	5.0	
lightdock	luciferin_score	-32.89718	2UUY_rec	2UUY_lig	swarm_54	66.0	1.0	
lightdock	luciferin_score	-42.93398	2UUY_rec	2UUY_lig	swarm_54	67.0	2.0	
lightdock	luciferin_score	-44.83613	2UUY_rec	2UUY_lig	swarm_54	68.0	3.0	
lightdock	luciferin_score	-55.88749	2UUY_rec	2UUY_lig	swarm_54	69.0	2.0	
lightdock	luciferin_score	-70.36117	2UUY_rec	2UUY_lig	swarm_54	70.0	1.0	
lightdock	luciferin_score	19.25483	2UUY_rec	2UUY_lig	swarm_55	0.0	3.0	
lightdock	luciferin_score	19.20672	2UUY_rec	2UUY_lig	swarm_55	1.0	3.0	
lightdock	luciferin_score	15.71999	2UUY_rec	2UUY_lig	swarm_55	2.0	6.0	
lightdock	luciferin_score	13.26863	2UUY_rec	2UUY_lig	swarm_55	3.0	5.0	
lightdock	luciferin_score	13.11546	2UUY_rec	2UUY_lig	swarm_55	4.0	14.0	
lightdock	luciferin_score	12.81892	2UUY_rec	2UUY_lig	swarm_55	5.0	10.0	
lightdock	luciferin_score	12.53957	2UUY_rec	2UUY_lig	swarm_55	6.0	7.0	
lightdock	luciferin_score	12.42441	2UUY_rec	2UUY_lig	swarm_55	7.0	19.0	
lightdock	luciferin_score	12.36522	2UUY_rec	2UUY_lig	swarm_55	8.0	3.0	
lightdock	luciferin_score	12.18207	2UUY_rec	2UUY_lig	swarm_55	9.0	7.0	
lightdock	luciferin_score	12.18098	2UUY_rec	2UUY_lig	swarm_55	10.0	5.0	
lightdock	luciferin_score	12.17789	2UUY_rec	2UUY_lig	swarm_55	11.0	2.0	
lightdock	luciferin_score	11.911	2UUY_rec	2UUY_lig	swarm_55	12.0	2.0	
lightdock	luciferin_score	11.89918	2UUY_rec	2UUY_lig	swarm_55	13.0	5.0	
lightdock	luciferin_score	10.89967	2UUY_rec	2UUY_lig	swarm_55	14.0	2.0	
lightdock	luciferin_score	10.54367	2UUY_rec	2UUY_lig	swarm_55	15.0	1.0	
lightdock	luciferin_score	10.38032	2UUY_rec	2UUY_lig	swarm_55	16.0	2.0	
lightdock	luciferin_score	10.20632	2UUY_rec	2UUY_lig	swarm_55	17.0	2.0	
lightdock	luciferin_score	10.17376	2UUY_rec	2UUY_lig	swarm_55	18.0	6.0	
lightdock	luciferin_score	10.16089	2UUY_rec	2UUY_lig	swarm_55	19.0	6.0	
lightdock	luciferin_score	9.4806	2UUY_rec	2UUY_lig	swarm_55	20.0	2.0	
lightdock	luciferin_score	9.33036	2UUY_rec	2UUY_lig	swarm_55	21.0	3.0	
lightdock	luciferin_score	9.01127	2UUY_rec	2UUY_lig	swarm_55	22.0	4.0	
lightdock	luciferin_score	8.89233	2UUY_rec	2UUY_lig	swarm_55	23.0	3.0	
lightdock	luciferin_score	8.68241	2UUY_rec	2UUY_lig	swarm_55	24.0	5.0	
lightdock	luciferin_score	8.38841	2UUY_rec	2UUY_lig	swarm_55	25.0	3.0	
lightdock	luciferin_score	8.36259	2UUY_rec	2UUY_lig	swarm_55	26.0	1.0	
lightdock	luciferin_score	8.25909	2UUY_rec	2UUY_lig	swarm_55	27.0	5.0	
lightdock	luciferin_score	8.09066	2UUY_rec	2UUY_lig	swarm_55	28.0	6.0	
lightdock	luciferin_score	8.05364	2UUY_rec	2UUY_lig	swarm_55	29.0	2.0	
lightdock	luciferin_score	8.03992	2UUY_rec	2UUY_lig	swarm_55	30.0	3.0	
lightdock	luciferin_score	7.92253	2UUY_rec	2UUY_lig	swarm_55	31.0	1.0	
lightdock	luciferin_score	7.40693	2UUY_rec	2UUY_lig	swarm_55	32.0	2.0	
lightdock	luciferin_score	6.87695	2UUY_rec	2UUY_lig	swarm_55	33.0	2.0	
lightdock	luciferin_score	6.86217	2UUY_rec	2UUY_lig	swarm_55	34.0	3.0	
lightdock	luciferin_score	6.57595	2UUY_rec	2UUY_lig	swarm_55	35.0	4.0	
lightdock	luciferin_score	6.18362	2UUY_rec	2UUY_lig	swarm_55	36.0	3.0	
lightdock	luciferin_score	6.13187	2UUY_rec	2UUY_lig	swarm_55	37.0	1.0	
lightdock	luciferin_score	6.01656	2UUY_rec	2UUY_lig	swarm_55	38.0	1.0	
lightdock	luciferin_score	5.64508	2UUY_rec	2UUY_lig	swarm_55	39.0	1.0	
lightdock	luciferin_score	5.33838	2UUY_rec	2UUY_lig	swarm_55	40.0	1.0	
lightdock	luciferin_score	4.9286	2UUY_rec	2UUY_lig	swarm_55	41.0	1.0	
lightdock	luciferin_score	4.06192	2UUY_rec	2UUY_lig	swarm_55	42.0	1.0	
lightdock	luciferin_score	3.80225	2UUY_rec	2UUY_lig	swarm_55	43.0	3.0	
lightdock	luciferin_score	3.56398	2UUY_rec	2UUY_lig	swarm_55	44.0	1.0	
lightdock	luciferin_score	1.0246	2UUY_rec	2UUY_lig	swarm_55	45.0	1.0	
lightdock	luciferin_score	-3.89257	2UUY_rec	2UUY_lig	swarm_55	46.0	3.0	
lightdock	luciferin_score	-4.05493	2UUY_rec	2UUY_lig	swarm_55	47.0	1.0	
lightdock	luciferin_score	-5.73197	2UUY_rec	2UUY_lig	swarm_55	48.0	2.0	
lightdock	luciferin_score	-5.73919	2UUY_rec	2UUY_lig	swarm_55	49.0	1.0	
lightdock	luciferin_score	-6.3619	2UUY_rec	2UUY_lig	swarm_55	50.0	2.0	
lightdock	luciferin_score	-6.85899	2UUY_rec	2UUY_lig	swarm_55	51.0	5.0	
lightdock	luciferin_score	-9.65125	2UUY_rec	2UUY_lig	swarm_55	52.0	1.0	
lightdock	luciferin_score	-10.17858	2UUY_rec	2UUY_lig	swarm_55	53.0	2.0	
lightdock	luciferin_score	-10.75063	2UUY_rec	2UUY_lig	swarm_55	54.0	2.0	
lightdock	luciferin_score	-12.72276	2UUY_rec	2UUY_lig	swarm_55	55.0	3.0	
lightdock	luciferin_score	-21.99429	2UUY_rec	2UUY_lig	swarm_55	56.0	1.0	
lightdock	luciferin_score	-27.42992	2UUY_rec	2UUY_lig	swarm_55	57.0	1.0	
lightdock	luciferin_score	-30.5382	2UUY_rec	2UUY_lig	swarm_55	58.0	1.0	
lightdock	luciferin_score	-33.35685	2UUY_rec	2UUY_lig	swarm_55	59.0	1.0	
lightdock	luciferin_score	-45.81285	2UUY_rec	2UUY_lig	swarm_55	60.0	1.0	
lightdock	luciferin_score	18.39661	2UUY_rec	2UUY_lig	swarm_56	0.0	17.0	
lightdock	luciferin_score	13.02014	2UUY_rec	2UUY_lig	swarm_56	1.0	3.0	
lightdock	luciferin_score	12.85037	2UUY_rec	2UUY_lig	swarm_56	2.0	3.0	
lightdock	luciferin_score	12.71564	2UUY_rec	2UUY_lig	swarm_56	3.0	11.0	
lightdock	luciferin_score	12.52666	2UUY_rec	2UUY_lig	swarm_56	4.0	2.0	
lightdock	luciferin_score	12.04206	2UUY_rec	2UUY_lig	swarm_56	5.0	11.0	
lightdock	luciferin_score	11.65062	2UUY_rec	2UUY_lig	swarm_56	6.0	2.0	
lightdock	luciferin_score	11.55255	2UUY_rec	2UUY_lig	swarm_56	7.0	5.0	
lightdock	luciferin_score	11.4238	2UUY_rec	2UUY_lig	swarm_56	8.0	2.0	
lightdock	luciferin_score	11.13639	2UUY_rec	2UUY_lig	swarm_56	9.0	6.0	
lightdock	luciferin_score	10.84275	2UUY_rec	2UUY_lig	swarm_56	10.0	17.0	
lightdock	luciferin_score	10.33177	2UUY_rec	2UUY_lig	swarm_56	11.0	2.0	
lightdock	luciferin_score	10.31836	2UUY_rec	2UUY_lig	swarm_56	12.0	4.0	
lightdock	luciferin_score	10.22111	2UUY_rec	2UUY_lig	swarm_56	13.0	2.0	
lightdock	luciferin_score	10.08416	2UUY_rec	2UUY_lig	swarm_56	14.0	9.0	
lightdock	luciferin_score	9.61934	2UUY_rec	2UUY_lig	swarm_56	15.0	6.0	
lightdock	luciferin_score	9.56913	2UUY_rec	2UUY_lig	swarm_56	16.0	4.0	
lightdock	luciferin_score	9.52858	2UUY_rec	2UUY_lig	swarm_56	17.0	2.0	
lightdock	luciferin_score	9.21183	2UUY_rec	2UUY_lig	swarm_56	18.0	6.0	
lightdock	luciferin_score	9.08658	2UUY_rec	2UUY_lig	swarm_56	19.0	2.0	
lightdock	luciferin_score	9.02011	2UUY_rec	2UUY_lig	swarm_56	20.0	4.0	
lightdock	luciferin_score	9.01895	2UUY_rec	2UUY_lig	swarm_56	21.0	5.0	
lightdock	luciferin_score	8.51153	2UUY_rec	2UUY_lig	swarm_56	22.0	2.0	
lightdock	luciferin_score	8.08865	2UUY_rec	2UUY_lig	swarm_56	23.0	2.0	
lightdock	luciferin_score	7.89666	2UUY_rec	2UUY_lig	swarm_56	24.0	4.0	
lightdock	luciferin_score	7.85962	2UUY_rec	2UUY_lig	swarm_56	25.0	1.0	
lightdock	luciferin_score	7.47246	2UUY_rec	2UUY_lig	swarm_56	26.0	6.0	
lightdock	luciferin_score	7.26159	2UUY_rec	2UUY_lig	swarm_56	27.0	3.0	
lightdock	luciferin_score	7.20737	2UUY_rec	2UUY_lig	swarm_56	28.0	4.0	
lightdock	luciferin_score	7.10536	2UUY_rec	2UUY_lig	swarm_56	29.0	5.0	
lightdock	luciferin_score	6.77233	2UUY_rec	2UUY_lig	swarm_56	30.0	1.0	
lightdock	luciferin_score	6.61425	2UUY_rec	2UUY_lig	swarm_56	31.0	2.0	
lightdock	luciferin_score	6.57147	2UUY_rec	2UUY_lig	swarm_56	32.0	1.0	
lightdock	luciferin_score	6.04372	2UUY_rec	2UUY_lig	swarm_56	33.0	1.0	
lightdock	luciferin_score	6.02886	2UUY_rec	2UUY_lig	swarm_56	34.0	2.0	
lightdock	luciferin_score	5.60551	2UUY_rec	2UUY_lig	swarm_56	35.0	1.0	
lightdock	luciferin_score	5.50959	2UUY_rec	2UUY_lig	swarm_56	36.0	1.0	
lightdock	luciferin_score	4.77204	2UUY_rec	2UUY_lig	swarm_56	37.0	6.0	
lightdock	luciferin_score	3.67832	2UUY_rec	2UUY_lig	swarm_56	38.0	1.0	
lightdock	luciferin_score	3.05152	2UUY_rec	2UUY_lig	swarm_56	39.0	5.0	
lightdock	luciferin_score	2.77966	2UUY_rec	2UUY_lig	swarm_56	40.0	1.0	
lightdock	luciferin_score	2.64769	2UUY_rec	2UUY_lig	swarm_56	41.0	1.0	
lightdock	luciferin_score	1.87359	2UUY_rec	2UUY_lig	swarm_56	42.0	2.0	
lightdock	luciferin_score	0.53498	2UUY_rec	2UUY_lig	swarm_56	43.0	1.0	
lightdock	luciferin_score	-0.37617	2UUY_rec	2UUY_lig	swarm_56	44.0	1.0	
lightdock	luciferin_score	-4.99891	2UUY_rec	2UUY_lig	swarm_56	45.0	2.0	
lightdock	luciferin_score	-7.76209	2UUY_rec	2UUY_lig	swarm_56	46.0	2.0	
lightdock	luciferin_score	-8.00664	2UUY_rec	2UUY_lig	swarm_56	47.0	2.0	
lightdock	luciferin_score	-8.49175	2UUY_rec	2UUY_lig	swarm_56	48.0	1.0	
lightdock	luciferin_score	-20.22532	2UUY_rec	2UUY_lig	swarm_56	49.0	1.0	
lightdock	luciferin_score	-20.60898	2UUY_rec	2UUY_lig	swarm_56	50.0	1.0	
lightdock	luciferin_score	-26.63042	2UUY_rec	2UUY_lig	swarm_56	51.0	1.0	
lightdock	luciferin_score	-28.83592	2UUY_rec	2UUY_lig	swarm_56	52.0	3.0	
lightdock	luciferin_score	-29.15354	2UUY_rec	2UUY_lig	swarm_56	53.0	1.0	
lightdock	luciferin_score	-34.18404	2UUY_rec	2UUY_lig	swarm_56	54.0	1.0	
lightdock	luciferin_score	-34.50733	2UUY_rec	2UUY_lig	swarm_56	55.0	1.0	
lightdock	luciferin_score	-47.6998	2UUY_rec	2UUY_lig	swarm_56	56.0	1.0	
lightdock	luciferin_score	-53.5992	2UUY_rec	2UUY_lig	swarm_56	57.0	1.0	
lightdock	luciferin_score	-58.63832	2UUY_rec	2UUY_lig	swarm_56	58.0	1.0	
lightdock	luciferin_score	-65.52794	2UUY_rec	2UUY_lig	swarm_56	59.0	2.0	
lightdock	luciferin_score	18.0961	2UUY_rec	2UUY_lig	swarm_57	0.0	8.0	
lightdock	luciferin_score	15.93191	2UUY_rec	2UUY_lig	swarm_57	1.0	2.0	
lightdock	luciferin_score	14.48944	2UUY_rec	2UUY_lig	swarm_57	2.0	5.0	
lightdock	luciferin_score	14.28328	2UUY_rec	2UUY_lig	swarm_57	3.0	2.0	
lightdock	luciferin_score	14.23057	2UUY_rec	2UUY_lig	swarm_57	4.0	12.0	
lightdock	luciferin_score	13.14513	2UUY_rec	2UUY_lig	swarm_57	5.0	1.0	
lightdock	luciferin_score	12.94247	2UUY_rec	2UUY_lig	swarm_57	6.0	4.0	
lightdock	luciferin_score	12.75427	2UUY_rec	2UUY_lig	swarm_57	7.0	12.0	
lightdock	luciferin_score	12.22232	2UUY_rec	2UUY_lig	swarm_57	8.0	3.0	
lightdock	luciferin_score	12.19998	2UUY_rec	2UUY_lig	swarm_57	9.0	4.0	
lightdock	luciferin_score	11.61383	2UUY_rec	2UUY_lig	swarm_57	10.0	4.0	
lightdock	luciferin_score	11.17158	2UUY_rec	2UUY_lig	swarm_57	11.0	4.0	
lightdock	luciferin_score	10.95942	2UUY_rec	2UUY_lig	swarm_57	12.0	6.0	
lightdock	luciferin_score	10.64349	2UUY_rec	2UUY_lig	swarm_57	13.0	12.0	
lightdock	luciferin_score	10.6155	2UUY_rec	2UUY_lig	swarm_57	14.0	4.0	
lightdock	luciferin_score	10.41521	2UUY_rec	2UUY_lig	swarm_57	15.0	3.0	
lightdock	luciferin_score	10.25023	2UUY_rec	2UUY_lig	swarm_57	16.0	7.0	
lightdock	luciferin_score	10.17037	2UUY_rec	2UUY_lig	swarm_57	17.0	4.0	
lightdock	luciferin_score	10.16038	2UUY_rec	2UUY_lig	swarm_57	18.0	3.0	
lightdock	luciferin_score	10.09816	2UUY_rec	2UUY_lig	swarm_57	19.0	2.0	
lightdock	luciferin_score	10.07756	2UUY_rec	2UUY_lig	swarm_57	20.0	2.0	
lightdock	luciferin_score	10.04244	2UUY_rec	2UUY_lig	swarm_57	21.0	3.0	
lightdock	luciferin_score	9.94534	2UUY_rec	2UUY_lig	swarm_57	22.0	9.0	
lightdock	luciferin_score	9.82248	2UUY_rec	2UUY_lig	swarm_57	23.0	1.0	
lightdock	luciferin_score	9.80089	2UUY_rec	2UUY_lig	swarm_57	24.0	1.0	
lightdock	luciferin_score	9.4465	2UUY_rec	2UUY_lig	swarm_57	25.0	2.0	
lightdock	luciferin_score	9.15466	2UUY_rec	2UUY_lig	swarm_57	26.0	3.0	
lightdock	luciferin_score	9.00576	2UUY_rec	2UUY_lig	swarm_57	27.0	3.0	
lightdock	luciferin_score	8.93122	2UUY_rec	2UUY_lig	swarm_57	28.0	1.0	
lightdock	luciferin_score	8.8421	2UUY_rec	2UUY_lig	swarm_57	29.0	3.0	
lightdock	luciferin_score	8.64771	2UUY_rec	2UUY_lig	swarm_57	30.0	3.0	
lightdock	luciferin_score	8.59093	2UUY_rec	2UUY_lig	swarm_57	31.0	3.0	
lightdock	luciferin_score	8.51432	2UUY_rec	2UUY_lig	swarm_57	32.0	1.0	
lightdock	luciferin_score	8.1583	2UUY_rec	2UUY_lig	swarm_57	33.0	2.0	
lightdock	luciferin_score	7.95045	2UUY_rec	2UUY_lig	swarm_57	34.0	1.0	
lightdock	luciferin_score	6.868	2UUY_rec	2UUY_lig	swarm_57	35.0	2.0	
lightdock	luciferin_score	6.56904	2UUY_rec	2UUY_lig	swarm_57	36.0	1.0	
lightdock	luciferin_score	6.51356	2UUY_rec	2UUY_lig	swarm_57	37.0	1.0	
lightdock	luciferin_score	6.39106	2UUY_rec	2UUY_lig	swarm_57	38.0	1.0	
lightdock	luciferin_score	6.27473	2UUY_rec	2UUY_lig	swarm_57	39.0	2.0	
lightdock	luciferin_score	5.40987	2UUY_rec	2UUY_lig	swarm_57	40.0	2.0	
lightdock	luciferin_score	4.0035	2UUY_rec	2UUY_lig	swarm_57	41.0	6.0	
lightdock	luciferin_score	3.36505	2UUY_rec	2UUY_lig	swarm_57	42.0	8.0	
lightdock	luciferin_score	3.27386	2UUY_rec	2UUY_lig	swarm_57	43.0	1.0	
lightdock	luciferin_score	2.44251	2UUY_rec	2UUY_lig	swarm_57	44.0	1.0	
lightdock	luciferin_score	1.58741	2UUY_rec	2UUY_lig	swarm_57	45.0	1.0	
lightdock	luciferin_score	-0.6701	2UUY_rec	2UUY_lig	swarm_57	46.0	1.0	
lightdock	luciferin_score	-2.88515	2UUY_rec	2UUY_lig	swarm_57	47.0	1.0	
lightdock	luciferin_score	-3.50904	2UUY_rec	2UUY_lig	swarm_57	48.0	4.0	
lightdock	luciferin_score	-4.01173	2UUY_rec	2UUY_lig	swarm_57	49.0	7.0	
lightdock	luciferin_score	-5.6096	2UUY_rec	2UUY_lig	swarm_57	50.0	3.0	
lightdock	luciferin_score	-5.92374	2UUY_rec	2UUY_lig	swarm_57	51.0	1.0	
lightdock	luciferin_score	-12.51432	2UUY_rec	2UUY_lig	swarm_57	52.0	1.0	
lightdock	luciferin_score	-14.91394	2UUY_rec	2UUY_lig	swarm_57	53.0	2.0	
lightdock	luciferin_score	-15.23096	2UUY_rec	2UUY_lig	swarm_57	54.0	3.0	
lightdock	luciferin_score	-15.80978	2UUY_rec	2UUY_lig	swarm_57	55.0	1.0	
lightdock	luciferin_score	-17.15127	2UUY_rec	2UUY_lig	swarm_57	56.0	1.0	
lightdock	luciferin_score	-19.68323	2UUY_rec	2UUY_lig	swarm_57	57.0	5.0	
lightdock	luciferin_score	-29.86731	2UUY_rec	2UUY_lig	swarm_57	58.0	3.0	
lightdock	luciferin_score	-52.37678	2UUY_rec	2UUY_lig	swarm_57	59.0	1.0	
lightdock	luciferin_score	17.97922	2UUY_rec	2UUY_lig	swarm_58	0.0	1.0	
lightdock	luciferin_score	17.07332	2UUY_rec	2UUY_lig	swarm_58	1.0	3.0	
lightdock	luciferin_score	16.33899	2UUY_rec	2UUY_lig	swarm_58	2.0	3.0	
lightdock	luciferin_score	15.64989	2UUY_rec	2UUY_lig	swarm_58	3.0	13.0	
lightdock	luciferin_score	15.31311	2UUY_rec	2UUY_lig	swarm_58	4.0	8.0	
lightdock	luciferin_score	14.69953	2UUY_rec	2UUY_lig	swarm_58	5.0	4.0	
lightdock	luciferin_score	14.68554	2UUY_rec	2UUY_lig	swarm_58	6.0	2.0	
lightdock	luciferin_score	13.96982	2UUY_rec	2UUY_lig	swarm_58	7.0	5.0	
lightdock	luciferin_score	13.62323	2UUY_rec	2UUY_lig	swarm_58	8.0	3.0	
lightdock	luciferin_score	13.4884	2UUY_rec	2UUY_lig	swarm_58	9.0	5.0	
lightdock	luciferin_score	13.29563	2UUY_rec	2UUY_lig	swarm_58	10.0	6.0	
lightdock	luciferin_score	12.1075	2UUY_rec	2UUY_lig	swarm_58	11.0	3.0	
lightdock	luciferin_score	11.99516	2UUY_rec	2UUY_lig	swarm_58	12.0	6.0	
lightdock	luciferin_score	11.6795	2UUY_rec	2UUY_lig	swarm_58	13.0	2.0	
lightdock	luciferin_score	11.60072	2UUY_rec	2UUY_lig	swarm_58	14.0	4.0	
lightdock	luciferin_score	11.43175	2UUY_rec	2UUY_lig	swarm_58	15.0	3.0	
lightdock	luciferin_score	11.11274	2UUY_rec	2UUY_lig	swarm_58	16.0	5.0	
lightdock	luciferin_score	11.02667	2UUY_rec	2UUY_lig	swarm_58	17.0	8.0	
lightdock	luciferin_score	10.8908	2UUY_rec	2UUY_lig	swarm_58	18.0	5.0	
lightdock	luciferin_score	10.78075	2UUY_rec	2UUY_lig	swarm_58	19.0	4.0	
lightdock	luciferin_score	10.73357	2UUY_rec	2UUY_lig	swarm_58	20.0	1.0	
lightdock	luciferin_score	9.95707	2UUY_rec	2UUY_lig	swarm_58	21.0	2.0	
lightdock	luciferin_score	9.82256	2UUY_rec	2UUY_lig	swarm_58	22.0	2.0	
lightdock	luciferin_score	9.71856	2UUY_rec	2UUY_lig	swarm_58	23.0	5.0	
lightdock	luciferin_score	9.51092	2UUY_rec	2UUY_lig	swarm_58	24.0	5.0	
lightdock	luciferin_score	9.44366	2UUY_rec	2UUY_lig	swarm_58	25.0	3.0	
lightdock	luciferin_score	9.4056	2UUY_rec	2UUY_lig	swarm_58	26.0	3.0	
lightdock	luciferin_score	9.28597	2UUY_rec	2UUY_lig	swarm_58	27.0	2.0	
lightdock	luciferin_score	8.78975	2UUY_rec	2UUY_lig	swarm_58	28.0	2.0	
lightdock	luciferin_score	8.37733	2UUY_rec	2UUY_lig	swarm_58	29.0	1.0	
lightdock	luciferin_score	8.24338	2UUY_rec	2UUY_lig	swarm_58	30.0	2.0	
lightdock	luciferin_score	8.16769	2UUY_rec	2UUY_lig	swarm_58	31.0	4.0	
lightdock	luciferin_score	7.84811	2UUY_rec	2UUY_lig	swarm_58	32.0	5.0	
lightdock	luciferin_score	7.79674	2UUY_rec	2UUY_lig	swarm_58	33.0	1.0	
lightdock	luciferin_score	7.1988	2UUY_rec	2UUY_lig	swarm_58	34.0	3.0	
lightdock	luciferin_score	7.18441	2UUY_rec	2UUY_lig	swarm_58	35.0	1.0	
lightdock	luciferin_score	7.0049	2UUY_rec	2UUY_lig	swarm_58	36.0	1.0	
lightdock	luciferin_score	6.96023	2UUY_rec	2UUY_lig	swarm_58	37.0	3.0	
lightdock	luciferin_score	6.92104	2UUY_rec	2UUY_lig	swarm_58	38.0	2.0	
lightdock	luciferin_score	6.86464	2UUY_rec	2UUY_lig	swarm_58	39.0	8.0	
lightdock	luciferin_score	6.86334	2UUY_rec	2UUY_lig	swarm_58	40.0	3.0	
lightdock	luciferin_score	5.81859	2UUY_rec	2UUY_lig	swarm_58	41.0	2.0	
lightdock	luciferin_score	5.13719	2UUY_rec	2UUY_lig	swarm_58	42.0	1.0	
lightdock	luciferin_score	4.94926	2UUY_rec	2UUY_lig	swarm_58	43.0	1.0	
lightdock	luciferin_score	4.84799	2UUY_rec	2UUY_lig	swarm_58	44.0	2.0	
lightdock	luciferin_score	4.84793	2UUY_rec	2UUY_lig	swarm_58	45.0	4.0	
lightdock	luciferin_score	4.84712	2UUY_rec	2UUY_lig	swarm_58	46.0	1.0	
lightdock	luciferin_score	3.89637	2UUY_rec	2UUY_lig	swarm_58	47.0	5.0	
lightdock	luciferin_score	3.87728	2UUY_rec	2UUY_lig	swarm_58	48.0	4.0	
lightdock	luciferin_score	0.0536	2UUY_rec	2UUY_lig	swarm_58	49.0	1.0	
lightdock	luciferin_score	-4.98989	2UUY_rec	2UUY_lig	swarm_58	50.0	2.0	
lightdock	luciferin_score	-9.69941	2UUY_rec	2UUY_lig	swarm_58	51.0	5.0	
lightdock	luciferin_score	-11.3409	2UUY_rec	2UUY_lig	swarm_58	52.0	1.0	
lightdock	luciferin_score	-12.61268	2UUY_rec	2UUY_lig	swarm_58	53.0	2.0	
lightdock	luciferin_score	-24.88638	2UUY_rec	2UUY_lig	swarm_58	54.0	1.0	
lightdock	luciferin_score	-26.5147	2UUY_rec	2UUY_lig	swarm_58	55.0	2.0	
lightdock	luciferin_score	-27.35319	2UUY_rec	2UUY_lig	swarm_58	56.0	4.0	
lightdock	luciferin_score	-33.06371	2UUY_rec	2UUY_lig	swarm_58	57.0	2.0	
lightdock	luciferin_score	-37.16637	2UUY_rec	2UUY_lig	swarm_58	58.0	1.0	
lightdock	luciferin_score	-42.3214	2UUY_rec	2UUY_lig	swarm_58	59.0	2.0	
lightdock	luciferin_score	-43.85615	2UUY_rec	2UUY_lig	swarm_58	60.0	4.0	
lightdock	luciferin_score	-45.73153	2UUY_rec	2UUY_lig	swarm_58	61.0	1.0	
lightdock	luciferin_score	14.79352	2UUY_rec	2UUY_lig	swarm_59	0.0	5.0	
lightdock	luciferin_score	13.66497	2UUY_rec	2UUY_lig	swarm_59	1.0	9.0	
lightdock	luciferin_score	13.03355	2UUY_rec	2UUY_lig	swarm_59	2.0	16.0	
lightdock	luciferin_score	12.61295	2UUY_rec	2UUY_lig	swarm_59	3.0	8.0	
lightdock	luciferin_score	12.58276	2UUY_rec	2UUY_lig	swarm_59	4.0	5.0	
lightdock	luciferin_score	12.45316	2UUY_rec	2UUY_lig	swarm_59	5.0	4.0	
lightdock	luciferin_score	12.36047	2UUY_rec	2UUY_lig	swarm_59	6.0	3.0	
lightdock	luciferin_score	12.36	2UUY_rec	2UUY_lig	swarm_59	7.0	4.0	
lightdock	luciferin_score	11.97717	2UUY_rec	2UUY_lig	swarm_59	8.0	5.0	
lightdock	luciferin_score	11.66916	2UUY_rec	2UUY_lig	swarm_59	9.0	6.0	
lightdock	luciferin_score	11.55383	2UUY_rec	2UUY_lig	swarm_59	10.0	5.0	
lightdock	luciferin_score	11.42627	2UUY_rec	2UUY_lig	swarm_59	11.0	1.0	
lightdock	luciferin_score	11.42059	2UUY_rec	2UUY_lig	swarm_59	12.0	6.0	
lightdock	luciferin_score	11.02898	2UUY_rec	2UUY_lig	swarm_59	13.0	4.0	
lightdock	luciferin_score	11.02115	2UUY_rec	2UUY_lig	swarm_59	14.0	4.0	
lightdock	luciferin_score	10.57155	2UUY_rec	2UUY_lig	swarm_59	15.0	4.0	
lightdock	luciferin_score	9.89196	2UUY_rec	2UUY_lig	swarm_59	16.0	1.0	
lightdock	luciferin_score	9.81605	2UUY_rec	2UUY_lig	swarm_59	17.0	1.0	
lightdock	luciferin_score	9.58467	2UUY_rec	2UUY_lig	swarm_59	18.0	2.0	
lightdock	luciferin_score	9.53245	2UUY_rec	2UUY_lig	swarm_59	19.0	1.0	
lightdock	luciferin_score	9.10445	2UUY_rec	2UUY_lig	swarm_59	20.0	3.0	
lightdock	luciferin_score	8.96123	2UUY_rec	2UUY_lig	swarm_59	21.0	2.0	
lightdock	luciferin_score	8.89756	2UUY_rec	2UUY_lig	swarm_59	22.0	3.0	
lightdock	luciferin_score	8.76568	2UUY_rec	2UUY_lig	swarm_59	23.0	2.0	
lightdock	luciferin_score	8.72097	2UUY_rec	2UUY_lig	swarm_59	24.0	4.0	
lightdock	luciferin_score	8.32409	2UUY_rec	2UUY_lig	swarm_59	25.0	2.0	
lightdock	luciferin_score	7.83512	2UUY_rec	2UUY_lig	swarm_59	26.0	2.0	
lightdock	luciferin_score	7.43893	2UUY_rec	2UUY_lig	swarm_59	27.0	3.0	
lightdock	luciferin_score	7.2266	2UUY_rec	2UUY_lig	swarm_59	28.0	2.0	
lightdock	luciferin_score	6.73288	2UUY_rec	2UUY_lig	swarm_59	29.0	1.0	
lightdock	luciferin_score	5.89385	2UUY_rec	2UUY_lig	swarm_59	30.0	1.0	
lightdock	luciferin_score	5.55299	2UUY_rec	2UUY_lig	swarm_59	31.0	6.0	
lightdock	luciferin_score	4.93617	2UUY_rec	2UUY_lig	swarm_59	32.0	5.0	
lightdock	luciferin_score	4.73666	2UUY_rec	2UUY_lig	swarm_59	33.0	2.0	
lightdock	luciferin_score	4.28398	2UUY_rec	2UUY_lig	swarm_59	34.0	2.0	
lightdock	luciferin_score	3.31035	2UUY_rec	2UUY_lig	swarm_59	35.0	2.0	
lightdock	luciferin_score	2.82872	2UUY_rec	2UUY_lig	swarm_59	36.0	1.0	
lightdock	luciferin_score	2.28292	2UUY_rec	2UUY_lig	swarm_59	37.0	1.0	
lightdock	luciferin_score	2.12719	2UUY_rec	2UUY_lig	swarm_59	38.0	8.0	
lightdock	luciferin_score	-0.47373	2UUY_rec	2UUY_lig	swarm_59	39.0	1.0	
lightdock	luciferin_score	-0.68284	2UUY_rec	2UUY_lig	swarm_59	40.0	6.0	
lightdock	luciferin_score	-3.15014	2UUY_rec	2UUY_lig	swarm_59	41.0	2.0	
lightdock	luciferin_score	-4.55831	2UUY_rec	2UUY_lig	swarm_59	42.0	2.0	
lightdock	luciferin_score	-5.40919	2UUY_rec	2UUY_lig	swarm_59	43.0	2.0	
lightdock	luciferin_score	-6.19122	2UUY_rec	2UUY_lig	swarm_59	44.0	1.0	
lightdock	luciferin_score	-7.3989	2UUY_rec	2UUY_lig	swarm_59	45.0	4.0	
lightdock	luciferin_score	-10.30679	2UUY_rec	2UUY_lig	swarm_59	46.0	2.0	
lightdock	luciferin_score	-10.87658	2UUY_rec	2UUY_lig	swarm_59	47.0	3.0	
lightdock	luciferin_score	-13.54718	2UUY_rec	2UUY_lig	swarm_59	48.0	4.0	
lightdock	luciferin_score	-14.06693	2UUY_rec	2UUY_lig	swarm_59	49.0	1.0	
lightdock	luciferin_score	-14.4154	2UUY_rec	2UUY_lig	swarm_59	50.0	1.0	
lightdock	luciferin_score	-16.36685	2UUY_rec	2UUY_lig	swarm_59	51.0	1.0	
lightdock	luciferin_score	-17.2208	2UUY_rec	2UUY_lig	swarm_59	52.0	4.0	
lightdock	luciferin_score	-17.45712	2UUY_rec	2UUY_lig	swarm_59	53.0	3.0	
lightdock	luciferin_score	-21.0415	2UUY_rec	2UUY_lig	swarm_59	54.0	1.0	
lightdock	luciferin_score	-30.68061	2UUY_rec	2UUY_lig	swarm_59	55.0	1.0	
lightdock	luciferin_score	-30.68512	2UUY_rec	2UUY_lig	swarm_59	56.0	2.0	
lightdock	luciferin_score	-31.01401	2UUY_rec	2UUY_lig	swarm_59	57.0	7.0	
lightdock	luciferin_score	-34.4325	2UUY_rec	2UUY_lig	swarm_59	58.0	2.0	
lightdock	luciferin_score	-36.14762	2UUY_rec	2UUY_lig	swarm_59	59.0	1.0	
lightdock	luciferin_score	-46.09876	2UUY_rec	2UUY_lig	swarm_59	60.0	1.0	
lightdock	luciferin_score	-46.92782	2UUY_rec	2UUY_lig	swarm_59	61.0	1.0	
lightdock	luciferin_score	-50.18617	2UUY_rec	2UUY_lig	swarm_59	62.0	1.0	
lightdock	luciferin_score	21.55688	2UUY_rec	2UUY_lig	swarm_6	0.0	5.0	
lightdock	luciferin_score	21.22123	2UUY_rec	2UUY_lig	swarm_6	1.0	1.0	
lightdock	luciferin_score	19.26413	2UUY_rec	2UUY_lig	swarm_6	2.0	10.0	
lightdock	luciferin_score	17.0044	2UUY_rec	2UUY_lig	swarm_6	3.0	5.0	
lightdock	luciferin_score	16.19793	2UUY_rec	2UUY_lig	swarm_6	4.0	8.0	
lightdock	luciferin_score	15.59951	2UUY_rec	2UUY_lig	swarm_6	5.0	5.0	
lightdock	luciferin_score	15.13824	2UUY_rec	2UUY_lig	swarm_6	6.0	12.0	
lightdock	luciferin_score	14.88593	2UUY_rec	2UUY_lig	swarm_6	7.0	4.0	
lightdock	luciferin_score	14.13258	2UUY_rec	2UUY_lig	swarm_6	8.0	4.0	
lightdock	luciferin_score	13.69029	2UUY_rec	2UUY_lig	swarm_6	9.0	5.0	
lightdock	luciferin_score	13.05893	2UUY_rec	2UUY_lig	swarm_6	10.0	3.0	
lightdock	luciferin_score	12.91726	2UUY_rec	2UUY_lig	swarm_6	11.0	3.0	
lightdock	luciferin_score	12.58821	2UUY_rec	2UUY_lig	swarm_6	12.0	2.0	
lightdock	luciferin_score	12.13793	2UUY_rec	2UUY_lig	swarm_6	13.0	4.0	
lightdock	luciferin_score	11.95843	2UUY_rec	2UUY_lig	swarm_6	14.0	3.0	
lightdock	luciferin_score	11.91635	2UUY_rec	2UUY_lig	swarm_6	15.0	2.0	
lightdock	luciferin_score	11.6413	2UUY_rec	2UUY_lig	swarm_6	16.0	4.0	
lightdock	luciferin_score	11.52829	2UUY_rec	2UUY_lig	swarm_6	17.0	7.0	
lightdock	luciferin_score	11.46088	2UUY_rec	2UUY_lig	swarm_6	18.0	5.0	
lightdock	luciferin_score	11.3622	2UUY_rec	2UUY_lig	swarm_6	19.0	1.0	
lightdock	luciferin_score	11.27244	2UUY_rec	2UUY_lig	swarm_6	20.0	6.0	
lightdock	luciferin_score	11.24445	2UUY_rec	2UUY_lig	swarm_6	21.0	5.0	
lightdock	luciferin_score	10.92505	2UUY_rec	2UUY_lig	swarm_6	22.0	2.0	
lightdock	luciferin_score	10.79951	2UUY_rec	2UUY_lig	swarm_6	23.0	2.0	
lightdock	luciferin_score	10.5825	2UUY_rec	2UUY_lig	swarm_6	24.0	10.0	
lightdock	luciferin_score	10.15717	2UUY_rec	2UUY_lig	swarm_6	25.0	8.0	
lightdock	luciferin_score	10.15087	2UUY_rec	2UUY_lig	swarm_6	26.0	3.0	
lightdock	luciferin_score	9.9891	2UUY_rec	2UUY_lig	swarm_6	27.0	7.0	
lightdock	luciferin_score	9.51639	2UUY_rec	2UUY_lig	swarm_6	28.0	2.0	
lightdock	luciferin_score	8.85097	2UUY_rec	2UUY_lig	swarm_6	29.0	1.0	
lightdock	luciferin_score	8.82814	2UUY_rec	2UUY_lig	swarm_6	30.0	4.0	
lightdock	luciferin_score	8.65025	2UUY_rec	2UUY_lig	swarm_6	31.0	4.0	
lightdock	luciferin_score	8.53426	2UUY_rec	2UUY_lig	swarm_6	32.0	1.0	
lightdock	luciferin_score	8.48357	2UUY_rec	2UUY_lig	swarm_6	33.0	5.0	
lightdock	luciferin_score	8.05899	2UUY_rec	2UUY_lig	swarm_6	34.0	2.0	
lightdock	luciferin_score	7.2403	2UUY_rec	2UUY_lig	swarm_6	35.0	1.0	
lightdock	luciferin_score	7.23213	2UUY_rec	2UUY_lig	swarm_6	36.0	2.0	
lightdock	luciferin_score	6.48871	2UUY_rec	2UUY_lig	swarm_6	37.0	1.0	
lightdock	luciferin_score	5.8443	2UUY_rec	2UUY_lig	swarm_6	38.0	2.0	
lightdock	luciferin_score	5.66605	2UUY_rec	2UUY_lig	swarm_6	39.0	3.0	
lightdock	luciferin_score	5.51555	2UUY_rec	2UUY_lig	swarm_6	40.0	1.0	
lightdock	luciferin_score	5.16423	2UUY_rec	2UUY_lig	swarm_6	41.0	10.0	
lightdock	luciferin_score	4.87919	2UUY_rec	2UUY_lig	swarm_6	42.0	1.0	
lightdock	luciferin_score	4.59557	2UUY_rec	2UUY_lig	swarm_6	43.0	1.0	
lightdock	luciferin_score	4.47946	2UUY_rec	2UUY_lig	swarm_6	44.0	3.0	
lightdock	luciferin_score	4.43271	2UUY_rec	2UUY_lig	swarm_6	45.0	3.0	
lightdock	luciferin_score	3.67678	2UUY_rec	2UUY_lig	swarm_6	46.0	1.0	
lightdock	luciferin_score	1.104	2UUY_rec	2UUY_lig	swarm_6	47.0	1.0	
lightdock	luciferin_score	-2.94773	2UUY_rec	2UUY_lig	swarm_6	48.0	1.0	
lightdock	luciferin_score	-4.5326	2UUY_rec	2UUY_lig	swarm_6	49.0	1.0	
lightdock	luciferin_score	-6.58458	2UUY_rec	2UUY_lig	swarm_6	50.0	1.0	
lightdock	luciferin_score	-7.09399	2UUY_rec	2UUY_lig	swarm_6	51.0	1.0	
lightdock	luciferin_score	-7.74685	2UUY_rec	2UUY_lig	swarm_6	52.0	1.0	
lightdock	luciferin_score	-9.93903	2UUY_rec	2UUY_lig	swarm_6	53.0	1.0	
lightdock	luciferin_score	-12.87268	2UUY_rec	2UUY_lig	swarm_6	54.0	1.0	
lightdock	luciferin_score	-18.02079	2UUY_rec	2UUY_lig	swarm_6	55.0	1.0	
lightdock	luciferin_score	-19.3982	2UUY_rec	2UUY_lig	swarm_6	56.0	2.0	
lightdock	luciferin_score	-19.67788	2UUY_rec	2UUY_lig	swarm_6	57.0	1.0	
lightdock	luciferin_score	-29.45526	2UUY_rec	2UUY_lig	swarm_6	58.0	1.0	
lightdock	luciferin_score	-31.21895	2UUY_rec	2UUY_lig	swarm_6	59.0	2.0	
lightdock	luciferin_score	-88.58268	2UUY_rec	2UUY_lig	swarm_6	60.0	1.0	
lightdock	luciferin_score	19.7498	2UUY_rec	2UUY_lig	swarm_60	0.0	3.0	
lightdock	luciferin_score	16.64351	2UUY_rec	2UUY_lig	swarm_60	1.0	12.0	
lightdock	luciferin_score	16.43562	2UUY_rec	2UUY_lig	swarm_60	2.0	19.0	
lightdock	luciferin_score	16.26994	2UUY_rec	2UUY_lig	swarm_60	3.0	5.0	
lightdock	luciferin_score	13.63608	2UUY_rec	2UUY_lig	swarm_60	4.0	3.0	
lightdock	luciferin_score	13.62381	2UUY_rec	2UUY_lig	swarm_60	5.0	7.0	
lightdock	luciferin_score	13.47958	2UUY_rec	2UUY_lig	swarm_60	6.0	2.0	
lightdock	luciferin_score	13.32851	2UUY_rec	2UUY_lig	swarm_60	7.0	4.0	
lightdock	luciferin_score	13.29996	2UUY_rec	2UUY_lig	swarm_60	8.0	4.0	
lightdock	luciferin_score	13.06048	2UUY_rec	2UUY_lig	swarm_60	9.0	8.0	
lightdock	luciferin_score	13.0463	2UUY_rec	2UUY_lig	swarm_60	10.0	5.0	
lightdock	luciferin_score	12.96625	2UUY_rec	2UUY_lig	swarm_60	11.0	2.0	
lightdock	luciferin_score	12.95809	2UUY_rec	2UUY_lig	swarm_60	12.0	7.0	
lightdock	luciferin_score	12.95278	2UUY_rec	2UUY_lig	swarm_60	13.0	9.0	
lightdock	luciferin_score	12.5475	2UUY_rec	2UUY_lig	swarm_60	14.0	2.0	
lightdock	luciferin_score	12.39937	2UUY_rec	2UUY_lig	swarm_60	15.0	9.0	
lightdock	luciferin_score	11.96266	2UUY_rec	2UUY_lig	swarm_60	16.0	7.0	
lightdock	luciferin_score	11.59545	2UUY_rec	2UUY_lig	swarm_60	17.0	8.0	
lightdock	luciferin_score	11.52724	2UUY_rec	2UUY_lig	swarm_60	18.0	6.0	
lightdock	luciferin_score	10.51609	2UUY_rec	2UUY_lig	swarm_60	19.0	3.0	
lightdock	luciferin_score	10.38054	2UUY_rec	2UUY_lig	swarm_60	20.0	2.0	
lightdock	luciferin_score	10.2014	2UUY_rec	2UUY_lig	swarm_60	21.0	1.0	
lightdock	luciferin_score	10.07851	2UUY_rec	2UUY_lig	swarm_60	22.0	4.0	
lightdock	luciferin_score	9.92701	2UUY_rec	2UUY_lig	swarm_60	23.0	5.0	
lightdock	luciferin_score	9.54102	2UUY_rec	2UUY_lig	swarm_60	24.0	1.0	
lightdock	luciferin_score	8.85402	2UUY_rec	2UUY_lig	swarm_60	25.0	3.0	
lightdock	luciferin_score	7.50414	2UUY_rec	2UUY_lig	swarm_60	26.0	1.0	
lightdock	luciferin_score	7.43652	2UUY_rec	2UUY_lig	swarm_60	27.0	3.0	
lightdock	luciferin_score	7.2674	2UUY_rec	2UUY_lig	swarm_60	28.0	5.0	
lightdock	luciferin_score	6.65403	2UUY_rec	2UUY_lig	swarm_60	29.0	1.0	
lightdock	luciferin_score	6.22999	2UUY_rec	2UUY_lig	swarm_60	30.0	2.0	
lightdock	luciferin_score	5.01918	2UUY_rec	2UUY_lig	swarm_60	31.0	1.0	
lightdock	luciferin_score	4.98321	2UUY_rec	2UUY_lig	swarm_60	32.0	8.0	
lightdock	luciferin_score	4.08508	2UUY_rec	2UUY_lig	swarm_60	33.0	1.0	
lightdock	luciferin_score	3.69412	2UUY_rec	2UUY_lig	swarm_60	34.0	6.0	
lightdock	luciferin_score	3.21549	2UUY_rec	2UUY_lig	swarm_60	35.0	1.0	
lightdock	luciferin_score	0.58909	2UUY_rec	2UUY_lig	swarm_60	36.0	1.0	
lightdock	luciferin_score	-0.11498	2UUY_rec	2UUY_lig	swarm_60	37.0	1.0	
lightdock	luciferin_score	-0.62201	2UUY_rec	2UUY_lig	swarm_60	38.0	1.0	
lightdock	luciferin_score	-3.94436	2UUY_rec	2UUY_lig	swarm_60	39.0	2.0	
lightdock	luciferin_score	-4.67847	2UUY_rec	2UUY_lig	swarm_60	40.0	2.0	
lightdock	luciferin_score	-14.42699	2UUY_rec	2UUY_lig	swarm_60	41.0	2.0	
lightdock	luciferin_score	-14.50519	2UUY_rec	2UUY_lig	swarm_60	42.0	1.0	
lightdock	luciferin_score	-18.70848	2UUY_rec	2UUY_lig	swarm_60	43.0	6.0	
lightdock	luciferin_score	-19.57664	2UUY_rec	2UUY_lig	swarm_60	44.0	1.0	
lightdock	luciferin_score	-20.40522	2UUY_rec	2UUY_lig	swarm_60	45.0	2.0	
lightdock	luciferin_score	-22.58338	2UUY_rec	2UUY_lig	swarm_60	46.0	1.0	
lightdock	luciferin_score	-25.48461	2UUY_rec	2UUY_lig	swarm_60	47.0	2.0	
lightdock	luciferin_score	-45.8281	2UUY_rec	2UUY_lig	swarm_60	48.0	2.0	
lightdock	luciferin_score	-48.64133	2UUY_rec	2UUY_lig	swarm_60	49.0	1.0	
lightdock	luciferin_score	-49.77154	2UUY_rec	2UUY_lig	swarm_60	50.0	3.0	
lightdock	luciferin_score	-63.45621	2UUY_rec	2UUY_lig	swarm_60	51.0	1.0	
lightdock	luciferin_score	-94.26089	2UUY_rec	2UUY_lig	swarm_60	52.0	1.0	
lightdock	luciferin_score	18.45994	2UUY_rec	2UUY_lig	swarm_61	0.0	4.0	
lightdock	luciferin_score	17.9921	2UUY_rec	2UUY_lig	swarm_61	1.0	9.0	
lightdock	luciferin_score	16.57639	2UUY_rec	2UUY_lig	swarm_61	2.0	11.0	
lightdock	luciferin_score	13.30212	2UUY_rec	2UUY_lig	swarm_61	3.0	8.0	
lightdock	luciferin_score	13.21453	2UUY_rec	2UUY_lig	swarm_61	4.0	9.0	
lightdock	luciferin_score	12.92662	2UUY_rec	2UUY_lig	swarm_61	5.0	2.0	
lightdock	luciferin_score	12.83349	2UUY_rec	2UUY_lig	swarm_61	6.0	1.0	
lightdock	luciferin_score	12.71821	2UUY_rec	2UUY_lig	swarm_61	7.0	3.0	
lightdock	luciferin_score	12.48715	2UUY_rec	2UUY_lig	swarm_61	8.0	5.0	
lightdock	luciferin_score	12.3126	2UUY_rec	2UUY_lig	swarm_61	9.0	1.0	
lightdock	luciferin_score	12.17032	2UUY_rec	2UUY_lig	swarm_61	10.0	2.0	
lightdock	luciferin_score	12.00113	2UUY_rec	2UUY_lig	swarm_61	11.0	4.0	
lightdock	luciferin_score	11.89778	2UUY_rec	2UUY_lig	swarm_61	12.0	1.0	
lightdock	luciferin_score	11.60116	2UUY_rec	2UUY_lig	swarm_61	13.0	1.0	
lightdock	luciferin_score	11.19503	2UUY_rec	2UUY_lig	swarm_61	14.0	2.0	
lightdock	luciferin_score	11.08642	2UUY_rec	2UUY_lig	swarm_61	15.0	4.0	
lightdock	luciferin_score	11.05966	2UUY_rec	2UUY_lig	swarm_61	16.0	2.0	
lightdock	luciferin_score	10.99551	2UUY_rec	2UUY_lig	swarm_61	17.0	12.0	
lightdock	luciferin_score	10.91207	2UUY_rec	2UUY_lig	swarm_61	18.0	4.0	
lightdock	luciferin_score	10.52634	2UUY_rec	2UUY_lig	swarm_61	19.0	3.0	
lightdock	luciferin_score	10.49507	2UUY_rec	2UUY_lig	swarm_61	20.0	1.0	
lightdock	luciferin_score	10.45415	2UUY_rec	2UUY_lig	swarm_61	21.0	6.0	
lightdock	luciferin_score	10.22265	2UUY_rec	2UUY_lig	swarm_61	22.0	2.0	
lightdock	luciferin_score	10.16337	2UUY_rec	2UUY_lig	swarm_61	23.0	2.0	
lightdock	luciferin_score	9.83576	2UUY_rec	2UUY_lig	swarm_61	24.0	1.0	
lightdock	luciferin_score	9.72661	2UUY_rec	2UUY_lig	swarm_61	25.0	9.0	
lightdock	luciferin_score	9.58719	2UUY_rec	2UUY_lig	swarm_61	26.0	6.0	
lightdock	luciferin_score	9.54729	2UUY_rec	2UUY_lig	swarm_61	27.0	1.0	
lightdock	luciferin_score	9.1299	2UUY_rec	2UUY_lig	swarm_61	28.0	1.0	
lightdock	luciferin_score	8.59427	2UUY_rec	2UUY_lig	swarm_61	29.0	2.0	
lightdock	luciferin_score	8.54517	2UUY_rec	2UUY_lig	swarm_61	30.0	1.0	
lightdock	luciferin_score	8.48068	2UUY_rec	2UUY_lig	swarm_61	31.0	3.0	
lightdock	luciferin_score	8.38	2UUY_rec	2UUY_lig	swarm_61	32.0	2.0	
lightdock	luciferin_score	8.12495	2UUY_rec	2UUY_lig	swarm_61	33.0	2.0	
lightdock	luciferin_score	8.07284	2UUY_rec	2UUY_lig	swarm_61	34.0	1.0	
lightdock	luciferin_score	7.95433	2UUY_rec	2UUY_lig	swarm_61	35.0	1.0	
lightdock	luciferin_score	7.9466	2UUY_rec	2UUY_lig	swarm_61	36.0	3.0	
lightdock	luciferin_score	7.91465	2UUY_rec	2UUY_lig	swarm_61	37.0	6.0	
lightdock	luciferin_score	7.89418	2UUY_rec	2UUY_lig	swarm_61	38.0	1.0	
lightdock	luciferin_score	7.87638	2UUY_rec	2UUY_lig	swarm_61	39.0	1.0	
lightdock	luciferin_score	7.76471	2UUY_rec	2UUY_lig	swarm_61	40.0	3.0	
lightdock	luciferin_score	7.53274	2UUY_rec	2UUY_lig	swarm_61	41.0	1.0	
lightdock	luciferin_score	7.0603	2UUY_rec	2UUY_lig	swarm_61	42.0	6.0	
lightdock	luciferin_score	6.86538	2UUY_rec	2UUY_lig	swarm_61	43.0	2.0	
lightdock	luciferin_score	6.64937	2UUY_rec	2UUY_lig	swarm_61	44.0	1.0	
lightdock	luciferin_score	6.30143	2UUY_rec	2UUY_lig	swarm_61	45.0	3.0	
lightdock	luciferin_score	6.05423	2UUY_rec	2UUY_lig	swarm_61	46.0	1.0	
lightdock	luciferin_score	5.45101	2UUY_rec	2UUY_lig	swarm_61	47.0	1.0	
lightdock	luciferin_score	4.84082	2UUY_rec	2UUY_lig	swarm_61	48.0	11.0	
lightdock	luciferin_score	4.69011	2UUY_rec	2UUY_lig	swarm_61	49.0	1.0	
lightdock	luciferin_score	2.85775	2UUY_rec	2UUY_lig	swarm_61	50.0	2.0	
lightdock	luciferin_score	2.3708	2UUY_rec	2UUY_lig	swarm_61	51.0	1.0	
lightdock	luciferin_score	-0.62362	2UUY_rec	2UUY_lig	swarm_61	52.0	1.0	
lightdock	luciferin_score	-0.95224	2UUY_rec	2UUY_lig	swarm_61	53.0	1.0	
lightdock	luciferin_score	-1.1506	2UUY_rec	2UUY_lig	swarm_61	54.0	2.0	
lightdock	luciferin_score	-3.26604	2UUY_rec	2UUY_lig	swarm_61	55.0	1.0	
lightdock	luciferin_score	-7.74282	2UUY_rec	2UUY_lig	swarm_61	56.0	1.0	
lightdock	luciferin_score	-8.02958	2UUY_rec	2UUY_lig	swarm_61	57.0	1.0	
lightdock	luciferin_score	-10.87983	2UUY_rec	2UUY_lig	swarm_61	58.0	1.0	
lightdock	luciferin_score	-12.63564	2UUY_rec	2UUY_lig	swarm_61	59.0	5.0	
lightdock	luciferin_score	-15.71189	2UUY_rec	2UUY_lig	swarm_61	60.0	2.0	
lightdock	luciferin_score	-17.35246	2UUY_rec	2UUY_lig	swarm_61	61.0	1.0	
lightdock	luciferin_score	-20.68731	2UUY_rec	2UUY_lig	swarm_61	62.0	1.0	
lightdock	luciferin_score	-21.64747	2UUY_rec	2UUY_lig	swarm_61	63.0	1.0	
lightdock	luciferin_score	-29.04928	2UUY_rec	2UUY_lig	swarm_61	64.0	1.0	
lightdock	luciferin_score	-42.29281	2UUY_rec	2UUY_lig	swarm_61	65.0	5.0	
lightdock	luciferin_score	-43.83058	2UUY_rec	2UUY_lig	swarm_61	66.0	1.0	
lightdock	luciferin_score	-58.39845	2UUY_rec	2UUY_lig	swarm_61	67.0	1.0	
lightdock	luciferin_score	-63.3439	2UUY_rec	2UUY_lig	swarm_61	68.0	1.0	
lightdock	luciferin_score	15.22612	2UUY_rec	2UUY_lig	swarm_62	0.0	5.0	
lightdock	luciferin_score	15.03073	2UUY_rec	2UUY_lig	swarm_62	1.0	9.0	
lightdock	luciferin_score	14.7321	2UUY_rec	2UUY_lig	swarm_62	2.0	5.0	
lightdock	luciferin_score	14.69853	2UUY_rec	2UUY_lig	swarm_62	3.0	7.0	
lightdock	luciferin_score	14.64803	2UUY_rec	2UUY_lig	swarm_62	4.0	5.0	
lightdock	luciferin_score	14.64275	2UUY_rec	2UUY_lig	swarm_62	5.0	7.0	
lightdock	luciferin_score	14.50028	2UUY_rec	2UUY_lig	swarm_62	6.0	13.0	
lightdock	luciferin_score	13.95184	2UUY_rec	2UUY_lig	swarm_62	7.0	1.0	
lightdock	luciferin_score	12.40593	2UUY_rec	2UUY_lig	swarm_62	8.0	9.0	
lightdock	luciferin_score	12.11647	2UUY_rec	2UUY_lig	swarm_62	9.0	2.0	
lightdock	luciferin_score	12.10957	2UUY_rec	2UUY_lig	swarm_62	10.0	5.0	
lightdock	luciferin_score	11.73227	2UUY_rec	2UUY_lig	swarm_62	11.0	1.0	
lightdock	luciferin_score	11.16899	2UUY_rec	2UUY_lig	swarm_62	12.0	6.0	
lightdock	luciferin_score	10.64707	2UUY_rec	2UUY_lig	swarm_62	13.0	3.0	
lightdock	luciferin_score	10.50201	2UUY_rec	2UUY_lig	swarm_62	14.0	1.0	
lightdock	luciferin_score	9.99416	2UUY_rec	2UUY_lig	swarm_62	15.0	3.0	
lightdock	luciferin_score	9.97045	2UUY_rec	2UUY_lig	swarm_62	16.0	1.0	
lightdock	luciferin_score	9.36707	2UUY_rec	2UUY_lig	swarm_62	17.0	5.0	
lightdock	luciferin_score	8.99384	2UUY_rec	2UUY_lig	swarm_62	18.0	1.0	
lightdock	luciferin_score	8.71022	2UUY_rec	2UUY_lig	swarm_62	19.0	6.0	
lightdock	luciferin_score	8.6606	2UUY_rec	2UUY_lig	swarm_62	20.0	1.0	
lightdock	luciferin_score	8.48585	2UUY_rec	2UUY_lig	swarm_62	21.0	2.0	
lightdock	luciferin_score	8.4831	2UUY_rec	2UUY_lig	swarm_62	22.0	3.0	
lightdock	luciferin_score	8.09677	2UUY_rec	2UUY_lig	swarm_62	23.0	7.0	
lightdock	luciferin_score	7.98367	2UUY_rec	2UUY_lig	swarm_62	24.0	4.0	
lightdock	luciferin_score	7.59483	2UUY_rec	2UUY_lig	swarm_62	25.0	2.0	
lightdock	luciferin_score	7.56531	2UUY_rec	2UUY_lig	swarm_62	26.0	1.0	
lightdock	luciferin_score	7.21106	2UUY_rec	2UUY_lig	swarm_62	27.0	3.0	
lightdock	luciferin_score	7.20424	2UUY_rec	2UUY_lig	swarm_62	28.0	4.0	
lightdock	luciferin_score	7.09072	2UUY_rec	2UUY_lig	swarm_62	29.0	12.0	
lightdock	luciferin_score	7.03443	2UUY_rec	2UUY_lig	swarm_62	30.0	2.0	
lightdock	luciferin_score	7.01288	2UUY_rec	2UUY_lig	swarm_62	31.0	1.0	
lightdock	luciferin_score	6.54331	2UUY_rec	2UUY_lig	swarm_62	32.0	1.0	
lightdock	luciferin_score	6.53269	2UUY_rec	2UUY_lig	swarm_62	33.0	1.0	
lightdock	luciferin_score	6.52649	2UUY_rec	2UUY_lig	swarm_62	34.0	5.0	
lightdock	luciferin_score	6.43556	2UUY_rec	2UUY_lig	swarm_62	35.0	1.0	
lightdock	luciferin_score	6.24703	2UUY_rec	2UUY_lig	swarm_62	36.0	3.0	
lightdock	luciferin_score	6.06493	2UUY_rec	2UUY_lig	swarm_62	37.0	1.0	
lightdock	luciferin_score	5.97625	2UUY_rec	2UUY_lig	swarm_62	38.0	1.0	
lightdock	luciferin_score	5.69679	2UUY_rec	2UUY_lig	swarm_62	39.0	5.0	
lightdock	luciferin_score	5.08998	2UUY_rec	2UUY_lig	swarm_62	40.0	1.0	
lightdock	luciferin_score	5.01614	2UUY_rec	2UUY_lig	swarm_62	41.0	1.0	
lightdock	luciferin_score	4.80083	2UUY_rec	2UUY_lig	swarm_62	42.0	2.0	
lightdock	luciferin_score	1.74274	2UUY_rec	2UUY_lig	swarm_62	43.0	3.0	
lightdock	luciferin_score	0.92166	2UUY_rec	2UUY_lig	swarm_62	44.0	1.0	
lightdock	luciferin_score	-0.92901	2UUY_rec	2UUY_lig	swarm_62	45.0	1.0	
lightdock	luciferin_score	-4.12726	2UUY_rec	2UUY_lig	swarm_62	46.0	2.0	
lightdock	luciferin_score	-5.26912	2UUY_rec	2UUY_lig	swarm_62	47.0	2.0	
lightdock	luciferin_score	-6.60103	2UUY_rec	2UUY_lig	swarm_62	48.0	3.0	
lightdock	luciferin_score	-7.23457	2UUY_rec	2UUY_lig	swarm_62	49.0	3.0	
lightdock	luciferin_score	-7.81817	2UUY_rec	2UUY_lig	swarm_62	50.0	1.0	
lightdock	luciferin_score	-9.97293	2UUY_rec	2UUY_lig	swarm_62	51.0	2.0	
lightdock	luciferin_score	-11.95456	2UUY_rec	2UUY_lig	swarm_62	52.0	2.0	
lightdock	luciferin_score	-24.10067	2UUY_rec	2UUY_lig	swarm_62	53.0	1.0	
lightdock	luciferin_score	-24.34613	2UUY_rec	2UUY_lig	swarm_62	54.0	2.0	
lightdock	luciferin_score	-26.02707	2UUY_rec	2UUY_lig	swarm_62	55.0	2.0	
lightdock	luciferin_score	-31.81627	2UUY_rec	2UUY_lig	swarm_62	56.0	2.0	
lightdock	luciferin_score	-36.00202	2UUY_rec	2UUY_lig	swarm_62	57.0	1.0	
lightdock	luciferin_score	-36.59295	2UUY_rec	2UUY_lig	swarm_62	58.0	1.0	
lightdock	luciferin_score	-38.84347	2UUY_rec	2UUY_lig	swarm_62	59.0	1.0	
lightdock	luciferin_score	-41.56829	2UUY_rec	2UUY_lig	swarm_62	60.0	2.0	
lightdock	luciferin_score	-42.5471	2UUY_rec	2UUY_lig	swarm_62	61.0	3.0	
lightdock	luciferin_score	-46.25581	2UUY_rec	2UUY_lig	swarm_62	62.0	2.0	
lightdock	luciferin_score	-47.99621	2UUY_rec	2UUY_lig	swarm_62	63.0	1.0	
lightdock	luciferin_score	-53.75016	2UUY_rec	2UUY_lig	swarm_62	64.0	1.0	
lightdock	luciferin_score	-60.36603	2UUY_rec	2UUY_lig	swarm_62	65.0	1.0	
lightdock	luciferin_score	-65.07543	2UUY_rec	2UUY_lig	swarm_62	66.0	1.0	
lightdock	luciferin_score	15.84833	2UUY_rec	2UUY_lig	swarm_63	0.0	10.0	
lightdock	luciferin_score	15.67355	2UUY_rec	2UUY_lig	swarm_63	1.0	2.0	
lightdock	luciferin_score	13.80474	2UUY_rec	2UUY_lig	swarm_63	2.0	10.0	
lightdock	luciferin_score	13.68416	2UUY_rec	2UUY_lig	swarm_63	3.0	6.0	
lightdock	luciferin_score	13.56153	2UUY_rec	2UUY_lig	swarm_63	4.0	5.0	
lightdock	luciferin_score	13.13776	2UUY_rec	2UUY_lig	swarm_63	5.0	2.0	
lightdock	luciferin_score	13.06836	2UUY_rec	2UUY_lig	swarm_63	6.0	1.0	
lightdock	luciferin_score	12.81	2UUY_rec	2UUY_lig	swarm_63	7.0	4.0	
lightdock	luciferin_score	12.48703	2UUY_rec	2UUY_lig	swarm_63	8.0	2.0	
lightdock	luciferin_score	11.68081	2UUY_rec	2UUY_lig	swarm_63	9.0	2.0	
lightdock	luciferin_score	11.60442	2UUY_rec	2UUY_lig	swarm_63	10.0	3.0	
lightdock	luciferin_score	11.37988	2UUY_rec	2UUY_lig	swarm_63	11.0	8.0	
lightdock	luciferin_score	11.35446	2UUY_rec	2UUY_lig	swarm_63	12.0	9.0	
lightdock	luciferin_score	11.29359	2UUY_rec	2UUY_lig	swarm_63	13.0	1.0	
lightdock	luciferin_score	11.23186	2UUY_rec	2UUY_lig	swarm_63	14.0	1.0	
lightdock	luciferin_score	10.98166	2UUY_rec	2UUY_lig	swarm_63	15.0	2.0	
lightdock	luciferin_score	10.97477	2UUY_rec	2UUY_lig	swarm_63	16.0	8.0	
lightdock	luciferin_score	10.31375	2UUY_rec	2UUY_lig	swarm_63	17.0	9.0	
lightdock	luciferin_score	10.29515	2UUY_rec	2UUY_lig	swarm_63	18.0	7.0	
lightdock	luciferin_score	10.28672	2UUY_rec	2UUY_lig	swarm_63	19.0	3.0	
lightdock	luciferin_score	9.8837	2UUY_rec	2UUY_lig	swarm_63	20.0	3.0	
lightdock	luciferin_score	9.84052	2UUY_rec	2UUY_lig	swarm_63	21.0	4.0	
lightdock	luciferin_score	9.55534	2UUY_rec	2UUY_lig	swarm_63	22.0	7.0	
lightdock	luciferin_score	9.34859	2UUY_rec	2UUY_lig	swarm_63	23.0	3.0	
lightdock	luciferin_score	9.34466	2UUY_rec	2UUY_lig	swarm_63	24.0	5.0	
lightdock	luciferin_score	9.04004	2UUY_rec	2UUY_lig	swarm_63	25.0	5.0	
lightdock	luciferin_score	8.86005	2UUY_rec	2UUY_lig	swarm_63	26.0	10.0	
lightdock	luciferin_score	8.65616	2UUY_rec	2UUY_lig	swarm_63	27.0	1.0	
lightdock	luciferin_score	8.52124	2UUY_rec	2UUY_lig	swarm_63	28.0	3.0	
lightdock	luciferin_score	8.50009	2UUY_rec	2UUY_lig	swarm_63	29.0	2.0	
lightdock	luciferin_score	8.34203	2UUY_rec	2UUY_lig	swarm_63	30.0	1.0	
lightdock	luciferin_score	8.31494	2UUY_rec	2UUY_lig	swarm_63	31.0	3.0	
lightdock	luciferin_score	8.28524	2UUY_rec	2UUY_lig	swarm_63	32.0	4.0	
lightdock	luciferin_score	7.71743	2UUY_rec	2UUY_lig	swarm_63	33.0	1.0	
lightdock	luciferin_score	6.82449	2UUY_rec	2UUY_lig	swarm_63	34.0	2.0	
lightdock	luciferin_score	6.74725	2UUY_rec	2UUY_lig	swarm_63	35.0	2.0	
lightdock	luciferin_score	6.28337	2UUY_rec	2UUY_lig	swarm_63	36.0	2.0	
lightdock	luciferin_score	6.24737	2UUY_rec	2UUY_lig	swarm_63	37.0	3.0	
lightdock	luciferin_score	5.76505	2UUY_rec	2UUY_lig	swarm_63	38.0	1.0	
lightdock	luciferin_score	5.24177	2UUY_rec	2UUY_lig	swarm_63	39.0	1.0	
lightdock	luciferin_score	4.90533	2UUY_rec	2UUY_lig	swarm_63	40.0	1.0	
lightdock	luciferin_score	4.85764	2UUY_rec	2UUY_lig	swarm_63	41.0	2.0	
lightdock	luciferin_score	4.50844	2UUY_rec	2UUY_lig	swarm_63	42.0	2.0	
lightdock	luciferin_score	4.36575	2UUY_rec	2UUY_lig	swarm_63	43.0	2.0	
lightdock	luciferin_score	4.13026	2UUY_rec	2UUY_lig	swarm_63	44.0	1.0	
lightdock	luciferin_score	2.64912	2UUY_rec	2UUY_lig	swarm_63	45.0	4.0	
lightdock	luciferin_score	0.17289	2UUY_rec	2UUY_lig	swarm_63	46.0	3.0	
lightdock	luciferin_score	-0.42585	2UUY_rec	2UUY_lig	swarm_63	47.0	1.0	
lightdock	luciferin_score	-1.54167	2UUY_rec	2UUY_lig	swarm_63	48.0	2.0	
lightdock	luciferin_score	-2.27598	2UUY_rec	2UUY_lig	swarm_63	49.0	1.0	
lightdock	luciferin_score	-3.53967	2UUY_rec	2UUY_lig	swarm_63	50.0	5.0	
lightdock	luciferin_score	-3.77988	2UUY_rec	2UUY_lig	swarm_63	51.0	1.0	
lightdock	luciferin_score	-5.67542	2UUY_rec	2UUY_lig	swarm_63	52.0	1.0	
lightdock	luciferin_score	-6.04811	2UUY_rec	2UUY_lig	swarm_63	53.0	1.0	
lightdock	luciferin_score	-6.74053	2UUY_rec	2UUY_lig	swarm_63	54.0	1.0	
lightdock	luciferin_score	-7.06948	2UUY_rec	2UUY_lig	swarm_63	55.0	1.0	
lightdock	luciferin_score	-8.23248	2UUY_rec	2UUY_lig	swarm_63	56.0	1.0	
lightdock	luciferin_score	-8.57926	2UUY_rec	2UUY_lig	swarm_63	57.0	1.0	
lightdock	luciferin_score	-18.57322	2UUY_rec	2UUY_lig	swarm_63	58.0	1.0	
lightdock	luciferin_score	-21.39868	2UUY_rec	2UUY_lig	swarm_63	59.0	1.0	
lightdock	luciferin_score	-30.63544	2UUY_rec	2UUY_lig	swarm_63	60.0	2.0	
lightdock	luciferin_score	-31.04858	2UUY_rec	2UUY_lig	swarm_63	61.0	2.0	
lightdock	luciferin_score	-33.08543	2UUY_rec	2UUY_lig	swarm_63	62.0	1.0	
lightdock	luciferin_score	-35.9627	2UUY_rec	2UUY_lig	swarm_63	63.0	1.0	
lightdock	luciferin_score	-36.00555	2UUY_rec	2UUY_lig	swarm_63	64.0	1.0	
lightdock	luciferin_score	-49.20328	2UUY_rec	2UUY_lig	swarm_63	65.0	1.0	
lightdock	luciferin_score	-59.22919	2UUY_rec	2UUY_lig	swarm_63	66.0	1.0	
lightdock	luciferin_score	22.9822	2UUY_rec	2UUY_lig	swarm_64	0.0	4.0	
lightdock	luciferin_score	15.8811	2UUY_rec	2UUY_lig	swarm_64	1.0	6.0	
lightdock	luciferin_score	15.84252	2UUY_rec	2UUY_lig	swarm_64	2.0	1.0	
lightdock	luciferin_score	15.03173	2UUY_rec	2UUY_lig	swarm_64	3.0	4.0	
lightdock	luciferin_score	14.57027	2UUY_rec	2UUY_lig	swarm_64	4.0	4.0	
lightdock	luciferin_score	13.8698	2UUY_rec	2UUY_lig	swarm_64	5.0	5.0	
lightdock	luciferin_score	13.65429	2UUY_rec	2UUY_lig	swarm_64	6.0	3.0	
lightdock	luciferin_score	13.30144	2UUY_rec	2UUY_lig	swarm_64	7.0	3.0	
lightdock	luciferin_score	12.97968	2UUY_rec	2UUY_lig	swarm_64	8.0	6.0	
lightdock	luciferin_score	12.56395	2UUY_rec	2UUY_lig	swarm_64	9.0	2.0	
lightdock	luciferin_score	12.1972	2UUY_rec	2UUY_lig	swarm_64	10.0	2.0	
lightdock	luciferin_score	11.80348	2UUY_rec	2UUY_lig	swarm_64	11.0	4.0	
lightdock	luciferin_score	11.48333	2UUY_rec	2UUY_lig	swarm_64	12.0	5.0	
lightdock	luciferin_score	11.28773	2UUY_rec	2UUY_lig	swarm_64	13.0	2.0	
lightdock	luciferin_score	11.14458	2UUY_rec	2UUY_lig	swarm_64	14.0	5.0	
lightdock	luciferin_score	10.88833	2UUY_rec	2UUY_lig	swarm_64	15.0	2.0	
lightdock	luciferin_score	10.37274	2UUY_rec	2UUY_lig	swarm_64	16.0	5.0	
lightdock	luciferin_score	10.34182	2UUY_rec	2UUY_lig	swarm_64	17.0	3.0	
lightdock	luciferin_score	10.07336	2UUY_rec	2UUY_lig	swarm_64	18.0	3.0	
lightdock	luciferin_score	9.80513	2UUY_rec	2UUY_lig	swarm_64	19.0	3.0	
lightdock	luciferin_score	9.50638	2UUY_rec	2UUY_lig	swarm_64	20.0	1.0	
lightdock	luciferin_score	9.41141	2UUY_rec	2UUY_lig	swarm_64	21.0	5.0	
lightdock	luciferin_score	9.33063	2UUY_rec	2UUY_lig	swarm_64	22.0	3.0	
lightdock	luciferin_score	8.96968	2UUY_rec	2UUY_lig	swarm_64	23.0	5.0	
lightdock	luciferin_score	8.796	2UUY_rec	2UUY_lig	swarm_64	24.0	3.0	
lightdock	luciferin_score	8.54475	2UUY_rec	2UUY_lig	swarm_64	25.0	3.0	
lightdock	luciferin_score	8.4761	2UUY_rec	2UUY_lig	swarm_64	26.0	10.0	
lightdock	luciferin_score	8.22487	2UUY_rec	2UUY_lig	swarm_64	27.0	3.0	
lightdock	luciferin_score	8.12315	2UUY_rec	2UUY_lig	swarm_64	28.0	4.0	
lightdock	luciferin_score	7.94528	2UUY_rec	2UUY_lig	swarm_64	29.0	1.0	
lightdock	luciferin_score	7.86265	2UUY_rec	2UUY_lig	swarm_64	30.0	1.0	
lightdock	luciferin_score	7.83727	2UUY_rec	2UUY_lig	swarm_64	31.0	2.0	
lightdock	luciferin_score	7.56217	2UUY_rec	2UUY_lig	swarm_64	32.0	3.0	
lightdock	luciferin_score	7.52591	2UUY_rec	2UUY_lig	swarm_64	33.0	1.0	
lightdock	luciferin_score	7.47813	2UUY_rec	2UUY_lig	swarm_64	34.0	2.0	
lightdock	luciferin_score	6.90214	2UUY_rec	2UUY_lig	swarm_64	35.0	3.0	
lightdock	luciferin_score	6.76598	2UUY_rec	2UUY_lig	swarm_64	36.0	3.0	
lightdock	luciferin_score	6.33742	2UUY_rec	2UUY_lig	swarm_64	37.0	2.0	
lightdock	luciferin_score	6.13206	2UUY_rec	2UUY_lig	swarm_64	38.0	1.0	
lightdock	luciferin_score	5.78273	2UUY_rec	2UUY_lig	swarm_64	39.0	4.0	
lightdock	luciferin_score	5.71695	2UUY_rec	2UUY_lig	swarm_64	40.0	3.0	
lightdock	luciferin_score	5.70811	2UUY_rec	2UUY_lig	swarm_64	41.0	2.0	
lightdock	luciferin_score	5.652	2UUY_rec	2UUY_lig	swarm_64	42.0	2.0	
lightdock	luciferin_score	5.38407	2UUY_rec	2UUY_lig	swarm_64	43.0	1.0	
lightdock	luciferin_score	5.22265	2UUY_rec	2UUY_lig	swarm_64	44.0	1.0	
lightdock	luciferin_score	5.01888	2UUY_rec	2UUY_lig	swarm_64	45.0	1.0	
lightdock	luciferin_score	4.12957	2UUY_rec	2UUY_lig	swarm_64	46.0	1.0	
lightdock	luciferin_score	4.06641	2UUY_rec	2UUY_lig	swarm_64	47.0	1.0	
lightdock	luciferin_score	2.88031	2UUY_rec	2UUY_lig	swarm_64	48.0	11.0	
lightdock	luciferin_score	2.58912	2UUY_rec	2UUY_lig	swarm_64	49.0	8.0	
lightdock	luciferin_score	2.56416	2UUY_rec	2UUY_lig	swarm_64	50.0	2.0	
lightdock	luciferin_score	2.02526	2UUY_rec	2UUY_lig	swarm_64	51.0	1.0	
lightdock	luciferin_score	-0.12396	2UUY_rec	2UUY_lig	swarm_64	52.0	1.0	
lightdock	luciferin_score	-0.41957	2UUY_rec	2UUY_lig	swarm_64	53.0	7.0	
lightdock	luciferin_score	-1.13508	2UUY_rec	2UUY_lig	swarm_64	54.0	3.0	
lightdock	luciferin_score	-1.47885	2UUY_rec	2UUY_lig	swarm_64	55.0	1.0	
lightdock	luciferin_score	-3.05104	2UUY_rec	2UUY_lig	swarm_64	56.0	1.0	
lightdock	luciferin_score	-5.66986	2UUY_rec	2UUY_lig	swarm_64	57.0	1.0	
lightdock	luciferin_score	-12.29029	2UUY_rec	2UUY_lig	swarm_64	58.0	1.0	
lightdock	luciferin_score	-13.50512	2UUY_rec	2UUY_lig	swarm_64	59.0	1.0	
lightdock	luciferin_score	-15.82677	2UUY_rec	2UUY_lig	swarm_64	60.0	1.0	
lightdock	luciferin_score	-16.085	2UUY_rec	2UUY_lig	swarm_64	61.0	1.0	
lightdock	luciferin_score	-17.78339	2UUY_rec	2UUY_lig	swarm_64	62.0	1.0	
lightdock	luciferin_score	-33.70452	2UUY_rec	2UUY_lig	swarm_64	63.0	2.0	
lightdock	luciferin_score	-36.69706	2UUY_rec	2UUY_lig	swarm_64	64.0	2.0	
lightdock	luciferin_score	-37.22227	2UUY_rec	2UUY_lig	swarm_64	65.0	2.0	
lightdock	luciferin_score	-37.27386	2UUY_rec	2UUY_lig	swarm_64	66.0	3.0	
lightdock	luciferin_score	-42.95865	2UUY_rec	2UUY_lig	swarm_64	67.0	1.0	
lightdock	luciferin_score	-46.25059	2UUY_rec	2UUY_lig	swarm_64	68.0	1.0	
lightdock	luciferin_score	-67.05479	2UUY_rec	2UUY_lig	swarm_64	69.0	1.0	
lightdock	luciferin_score	-76.01512	2UUY_rec	2UUY_lig	swarm_64	70.0	1.0	
lightdock	luciferin_score	-76.1626	2UUY_rec	2UUY_lig	swarm_64	71.0	1.0	
lightdock	luciferin_score	-79.91105	2UUY_rec	2UUY_lig	swarm_64	72.0	1.0	
lightdock	luciferin_score	20.15069	2UUY_rec	2UUY_lig	swarm_65	0.0	11.0	
lightdock	luciferin_score	19.13776	2UUY_rec	2UUY_lig	swarm_65	1.0	3.0	
lightdock	luciferin_score	18.12364	2UUY_rec	2UUY_lig	swarm_65	2.0	1.0	
lightdock	luciferin_score	17.79976	2UUY_rec	2UUY_lig	swarm_65	3.0	5.0	
lightdock	luciferin_score	16.32268	2UUY_rec	2UUY_lig	swarm_65	4.0	6.0	
lightdock	luciferin_score	14.70509	2UUY_rec	2UUY_lig	swarm_65	5.0	6.0	
lightdock	luciferin_score	14.65838	2UUY_rec	2UUY_lig	swarm_65	6.0	4.0	
lightdock	luciferin_score	14.48726	2UUY_rec	2UUY_lig	swarm_65	7.0	8.0	
lightdock	luciferin_score	14.01542	2UUY_rec	2UUY_lig	swarm_65	8.0	5.0	
lightdock	luciferin_score	13.63847	2UUY_rec	2UUY_lig	swarm_65	9.0	4.0	
lightdock	luciferin_score	13.32199	2UUY_rec	2UUY_lig	swarm_65	10.0	5.0	
lightdock	luciferin_score	13.0974	2UUY_rec	2UUY_lig	swarm_65	11.0	2.0	
lightdock	luciferin_score	12.39352	2UUY_rec	2UUY_lig	swarm_65	12.0	4.0	
lightdock	luciferin_score	12.15591	2UUY_rec	2UUY_lig	swarm_65	13.0	2.0	
lightdock	luciferin_score	12.12042	2UUY_rec	2UUY_lig	swarm_65	14.0	4.0	
lightdock	luciferin_score	11.90239	2UUY_rec	2UUY_lig	swarm_65	15.0	1.0	
lightdock	luciferin_score	11.73083	2UUY_rec	2UUY_lig	swarm_65	16.0	3.0	
lightdock	luciferin_score	11.71264	2UUY_rec	2UUY_lig	swarm_65	17.0	1.0	
lightdock	luciferin_score	11.65033	2UUY_rec	2UUY_lig	swarm_65	18.0	4.0	
lightdock	luciferin_score	11.21454	2UUY_rec	2UUY_lig	swarm_65	19.0	3.0	
lightdock	luciferin_score	11.03101	2UUY_rec	2UUY_lig	swarm_65	20.0	3.0	
lightdock	luciferin_score	10.33238	2UUY_rec	2UUY_lig	swarm_65	21.0	2.0	
lightdock	luciferin_score	10.25897	2UUY_rec	2UUY_lig	swarm_65	22.0	13.0	
lightdock	luciferin_score	9.71567	2UUY_rec	2UUY_lig	swarm_65	23.0	1.0	
lightdock	luciferin_score	9.35308	2UUY_rec	2UUY_lig	swarm_65	24.0	5.0	
lightdock	luciferin_score	9.24176	2UUY_rec	2UUY_lig	swarm_65	25.0	1.0	
lightdock	luciferin_score	9.23159	2UUY_rec	2UUY_lig	swarm_65	26.0	4.0	
lightdock	luciferin_score	8.93751	2UUY_rec	2UUY_lig	swarm_65	27.0	8.0	
lightdock	luciferin_score	7.99064	2UUY_rec	2UUY_lig	swarm_65	28.0	2.0	
lightdock	luciferin_score	7.90786	2UUY_rec	2UUY_lig	swarm_65	29.0	1.0	
lightdock	luciferin_score	7.85265	2UUY_rec	2UUY_lig	swarm_65	30.0	1.0	
lightdock	luciferin_score	7.34753	2UUY_rec	2UUY_lig	swarm_65	31.0	1.0	
lightdock	luciferin_score	7.01874	2UUY_rec	2UUY_lig	swarm_65	32.0	1.0	
lightdock	luciferin_score	6.3855	2UUY_rec	2UUY_lig	swarm_65	33.0	2.0	
lightdock	luciferin_score	6.31788	2UUY_rec	2UUY_lig	swarm_65	34.0	7.0	
lightdock	luciferin_score	6.09167	2UUY_rec	2UUY_lig	swarm_65	35.0	1.0	
lightdock	luciferin_score	6.04255	2UUY_rec	2UUY_lig	swarm_65	36.0	5.0	
lightdock	luciferin_score	5.29616	2UUY_rec	2UUY_lig	swarm_65	37.0	2.0	
lightdock	luciferin_score	5.19912	2UUY_rec	2UUY_lig	swarm_65	38.0	5.0	
lightdock	luciferin_score	4.34458	2UUY_rec	2UUY_lig	swarm_65	39.0	1.0	
lightdock	luciferin_score	1.96592	2UUY_rec	2UUY_lig	swarm_65	40.0	1.0	
lightdock	luciferin_score	0.11236	2UUY_rec	2UUY_lig	swarm_65	41.0	3.0	
lightdock	luciferin_score	-0.99957	2UUY_rec	2UUY_lig	swarm_65	42.0	3.0	
lightdock	luciferin_score	-4.41617	2UUY_rec	2UUY_lig	swarm_65	43.0	3.0	
lightdock	luciferin_score	-5.71865	2UUY_rec	2UUY_lig	swarm_65	44.0	3.0	
lightdock	luciferin_score	-9.64831	2UUY_rec	2UUY_lig	swarm_65	45.0	1.0	
lightdock	luciferin_score	-10.92877	2UUY_rec	2UUY_lig	swarm_65	46.0	1.0	
lightdock	luciferin_score	-14.69506	2UUY_rec	2UUY_lig	swarm_65	47.0	1.0	
lightdock	luciferin_score	-20.58376	2UUY_rec	2UUY_lig	swarm_65	48.0	8.0	
lightdock	luciferin_score	-23.6559	2UUY_rec	2UUY_lig	swarm_65	49.0	1.0	
lightdock	luciferin_score	-24.9652	2UUY_rec	2UUY_lig	swarm_65	50.0	1.0	
lightdock	luciferin_score	-29.21225	2UUY_rec	2UUY_lig	swarm_65	51.0	3.0	
lightdock	luciferin_score	-29.66321	2UUY_rec	2UUY_lig	swarm_65	52.0	6.0	
lightdock	luciferin_score	-29.70247	2UUY_rec	2UUY_lig	swarm_65	53.0	1.0	
lightdock	luciferin_score	-33.33842	2UUY_rec	2UUY_lig	swarm_65	54.0	2.0	
lightdock	luciferin_score	-37.20294	2UUY_rec	2UUY_lig	swarm_65	55.0	1.0	
lightdock	luciferin_score	-43.48601	2UUY_rec	2UUY_lig	swarm_65	56.0	1.0	
lightdock	luciferin_score	-46.61042	2UUY_rec	2UUY_lig	swarm_65	57.0	3.0	
lightdock	luciferin_score	-47.04632	2UUY_rec	2UUY_lig	swarm_65	58.0	1.0	
lightdock	luciferin_score	-60.46503	2UUY_rec	2UUY_lig	swarm_65	59.0	2.0	
lightdock	luciferin_score	-60.62633	2UUY_rec	2UUY_lig	swarm_65	60.0	2.0	
lightdock	luciferin_score	-68.69696	2UUY_rec	2UUY_lig	swarm_65	61.0	2.0	
lightdock	luciferin_score	-82.43163	2UUY_rec	2UUY_lig	swarm_65	62.0	1.0	
lightdock	luciferin_score	-103.60915	2UUY_rec	2UUY_lig	swarm_65	63.0	1.0	
lightdock	luciferin_score	15.94767	2UUY_rec	2UUY_lig	swarm_66	0.0	8.0	
lightdock	luciferin_score	15.28303	2UUY_rec	2UUY_lig	swarm_66	1.0	7.0	
lightdock	luciferin_score	14.7444	2UUY_rec	2UUY_lig	swarm_66	2.0	7.0	
lightdock	luciferin_score	14.39053	2UUY_rec	2UUY_lig	swarm_66	3.0	3.0	
lightdock	luciferin_score	14.16321	2UUY_rec	2UUY_lig	swarm_66	4.0	6.0	
lightdock	luciferin_score	14.13499	2UUY_rec	2UUY_lig	swarm_66	5.0	5.0	
lightdock	luciferin_score	13.95515	2UUY_rec	2UUY_lig	swarm_66	6.0	5.0	
lightdock	luciferin_score	13.50009	2UUY_rec	2UUY_lig	swarm_66	7.0	2.0	
lightdock	luciferin_score	12.11493	2UUY_rec	2UUY_lig	swarm_66	8.0	5.0	
lightdock	luciferin_score	11.57166	2UUY_rec	2UUY_lig	swarm_66	9.0	7.0	
lightdock	luciferin_score	11.55222	2UUY_rec	2UUY_lig	swarm_66	10.0	7.0	
lightdock	luciferin_score	11.176	2UUY_rec	2UUY_lig	swarm_66	11.0	4.0	
lightdock	luciferin_score	10.596	2UUY_rec	2UUY_lig	swarm_66	12.0	7.0	
lightdock	luciferin_score	10.51966	2UUY_rec	2UUY_lig	swarm_66	13.0	5.0	
lightdock	luciferin_score	10.13803	2UUY_rec	2UUY_lig	swarm_66	14.0	5.0	
lightdock	luciferin_score	9.76974	2UUY_rec	2UUY_lig	swarm_66	15.0	5.0	
lightdock	luciferin_score	9.73302	2UUY_rec	2UUY_lig	swarm_66	16.0	3.0	
lightdock	luciferin_score	9.5889	2UUY_rec	2UUY_lig	swarm_66	17.0	2.0	
lightdock	luciferin_score	9.44086	2UUY_rec	2UUY_lig	swarm_66	18.0	2.0	
lightdock	luciferin_score	9.35145	2UUY_rec	2UUY_lig	swarm_66	19.0	8.0	
lightdock	luciferin_score	9.31355	2UUY_rec	2UUY_lig	swarm_66	20.0	3.0	
lightdock	luciferin_score	9.1458	2UUY_rec	2UUY_lig	swarm_66	21.0	3.0	
lightdock	luciferin_score	9.14119	2UUY_rec	2UUY_lig	swarm_66	22.0	5.0	
lightdock	luciferin_score	9.14064	2UUY_rec	2UUY_lig	swarm_66	23.0	3.0	
lightdock	luciferin_score	9.12841	2UUY_rec	2UUY_lig	swarm_66	24.0	2.0	
lightdock	luciferin_score	8.81002	2UUY_rec	2UUY_lig	swarm_66	25.0	2.0	
lightdock	luciferin_score	8.72565	2UUY_rec	2UUY_lig	swarm_66	26.0	1.0	
lightdock	luciferin_score	8.34248	2UUY_rec	2UUY_lig	swarm_66	27.0	2.0	
lightdock	luciferin_score	8.2715	2UUY_rec	2UUY_lig	swarm_66	28.0	1.0	
lightdock	luciferin_score	8.04024	2UUY_rec	2UUY_lig	swarm_66	29.0	12.0	
lightdock	luciferin_score	7.63905	2UUY_rec	2UUY_lig	swarm_66	30.0	1.0	
lightdock	luciferin_score	7.42226	2UUY_rec	2UUY_lig	swarm_66	31.0	3.0	
lightdock	luciferin_score	7.40992	2UUY_rec	2UUY_lig	swarm_66	32.0	1.0	
lightdock	luciferin_score	7.22812	2UUY_rec	2UUY_lig	swarm_66	33.0	1.0	
lightdock	luciferin_score	7.03528	2UUY_rec	2UUY_lig	swarm_66	34.0	1.0	
lightdock	luciferin_score	6.82236	2UUY_rec	2UUY_lig	swarm_66	35.0	2.0	
lightdock	luciferin_score	6.75288	2UUY_rec	2UUY_lig	swarm_66	36.0	1.0	
lightdock	luciferin_score	6.6299	2UUY_rec	2UUY_lig	swarm_66	37.0	2.0	
lightdock	luciferin_score	5.67314	2UUY_rec	2UUY_lig	swarm_66	38.0	1.0	
lightdock	luciferin_score	5.25435	2UUY_rec	2UUY_lig	swarm_66	39.0	2.0	
lightdock	luciferin_score	3.53779	2UUY_rec	2UUY_lig	swarm_66	40.0	1.0	
lightdock	luciferin_score	2.36984	2UUY_rec	2UUY_lig	swarm_66	41.0	2.0	
lightdock	luciferin_score	1.67889	2UUY_rec	2UUY_lig	swarm_66	42.0	1.0	
lightdock	luciferin_score	0.71847	2UUY_rec	2UUY_lig	swarm_66	43.0	1.0	
lightdock	luciferin_score	0.18016	2UUY_rec	2UUY_lig	swarm_66	44.0	4.0	
lightdock	luciferin_score	-1.08269	2UUY_rec	2UUY_lig	swarm_66	45.0	2.0	
lightdock	luciferin_score	-3.18026	2UUY_rec	2UUY_lig	swarm_66	46.0	4.0	
lightdock	luciferin_score	-3.51924	2UUY_rec	2UUY_lig	swarm_66	47.0	1.0	
lightdock	luciferin_score	-4.50016	2UUY_rec	2UUY_lig	swarm_66	48.0	1.0	
lightdock	luciferin_score	-5.55866	2UUY_rec	2UUY_lig	swarm_66	49.0	8.0	
lightdock	luciferin_score	-5.68386	2UUY_rec	2UUY_lig	swarm_66	50.0	2.0	
lightdock	luciferin_score	-7.45271	2UUY_rec	2UUY_lig	swarm_66	51.0	4.0	
lightdock	luciferin_score	-7.5047	2UUY_rec	2UUY_lig	swarm_66	52.0	2.0	
lightdock	luciferin_score	-17.50967	2UUY_rec	2UUY_lig	swarm_66	53.0	2.0	
lightdock	luciferin_score	-19.74584	2UUY_rec	2UUY_lig	swarm_66	54.0	2.0	
lightdock	luciferin_score	-21.15029	2UUY_rec	2UUY_lig	swarm_66	55.0	2.0	
lightdock	luciferin_score	-26.74148	2UUY_rec	2UUY_lig	swarm_66	56.0	1.0	
lightdock	luciferin_score	-29.02173	2UUY_rec	2UUY_lig	swarm_66	57.0	1.0	
lightdock	luciferin_score	-41.02261	2UUY_rec	2UUY_lig	swarm_66	58.0	1.0	
lightdock	luciferin_score	-41.79313	2UUY_rec	2UUY_lig	swarm_66	59.0	1.0	
lightdock	luciferin_score	-43.62276	2UUY_rec	2UUY_lig	swarm_66	60.0	1.0	
lightdock	luciferin_score	-48.14049	2UUY_rec	2UUY_lig	swarm_66	61.0	1.0	
lightdock	luciferin_score	-48.53104	2UUY_rec	2UUY_lig	swarm_66	62.0	1.0	
lightdock	luciferin_score	-56.72545	2UUY_rec	2UUY_lig	swarm_66	63.0	1.0	
lightdock	luciferin_score	-72.46158	2UUY_rec	2UUY_lig	swarm_66	64.0	1.0	
lightdock	luciferin_score	21.35139	2UUY_rec	2UUY_lig	swarm_67	0.0	3.0	
lightdock	luciferin_score	19.56081	2UUY_rec	2UUY_lig	swarm_67	1.0	1.0	
lightdock	luciferin_score	17.0551	2UUY_rec	2UUY_lig	swarm_67	2.0	5.0	
lightdock	luciferin_score	15.16571	2UUY_rec	2UUY_lig	swarm_67	3.0	9.0	
lightdock	luciferin_score	14.03064	2UUY_rec	2UUY_lig	swarm_67	4.0	6.0	
lightdock	luciferin_score	13.94574	2UUY_rec	2UUY_lig	swarm_67	5.0	2.0	
lightdock	luciferin_score	13.88011	2UUY_rec	2UUY_lig	swarm_67	6.0	4.0	
lightdock	luciferin_score	13.68169	2UUY_rec	2UUY_lig	swarm_67	7.0	8.0	
lightdock	luciferin_score	13.47427	2UUY_rec	2UUY_lig	swarm_67	8.0	2.0	
lightdock	luciferin_score	13.36428	2UUY_rec	2UUY_lig	swarm_67	9.0	3.0	
lightdock	luciferin_score	13.12917	2UUY_rec	2UUY_lig	swarm_67	10.0	1.0	
lightdock	luciferin_score	13.0704	2UUY_rec	2UUY_lig	swarm_67	11.0	4.0	
lightdock	luciferin_score	12.96253	2UUY_rec	2UUY_lig	swarm_67	12.0	5.0	
lightdock	luciferin_score	12.70775	2UUY_rec	2UUY_lig	swarm_67	13.0	5.0	
lightdock	luciferin_score	12.49571	2UUY_rec	2UUY_lig	swarm_67	14.0	3.0	
lightdock	luciferin_score	11.96462	2UUY_rec	2UUY_lig	swarm_67	15.0	4.0	
lightdock	luciferin_score	11.54929	2UUY_rec	2UUY_lig	swarm_67	16.0	1.0	
lightdock	luciferin_score	11.35945	2UUY_rec	2UUY_lig	swarm_67	17.0	4.0	
lightdock	luciferin_score	11.15463	2UUY_rec	2UUY_lig	swarm_67	18.0	3.0	
lightdock	luciferin_score	10.98237	2UUY_rec	2UUY_lig	swarm_67	19.0	6.0	
lightdock	luciferin_score	10.93027	2UUY_rec	2UUY_lig	swarm_67	20.0	4.0	
lightdock	luciferin_score	10.91999	2UUY_rec	2UUY_lig	swarm_67	21.0	3.0	
lightdock	luciferin_score	10.30273	2UUY_rec	2UUY_lig	swarm_67	22.0	8.0	
lightdock	luciferin_score	10.12222	2UUY_rec	2UUY_lig	swarm_67	23.0	2.0	
lightdock	luciferin_score	9.91345	2UUY_rec	2UUY_lig	swarm_67	24.0	1.0	
lightdock	luciferin_score	9.87802	2UUY_rec	2UUY_lig	swarm_67	25.0	3.0	
lightdock	luciferin_score	9.878	2UUY_rec	2UUY_lig	swarm_67	26.0	1.0	
lightdock	luciferin_score	9.84122	2UUY_rec	2UUY_lig	swarm_67	27.0	4.0	
lightdock	luciferin_score	9.75178	2UUY_rec	2UUY_lig	swarm_67	28.0	1.0	
lightdock	luciferin_score	9.27182	2UUY_rec	2UUY_lig	swarm_67	29.0	2.0	
lightdock	luciferin_score	9.24494	2UUY_rec	2UUY_lig	swarm_67	30.0	14.0	
lightdock	luciferin_score	9.09959	2UUY_rec	2UUY_lig	swarm_67	31.0	2.0	
lightdock	luciferin_score	8.67354	2UUY_rec	2UUY_lig	swarm_67	32.0	2.0	
lightdock	luciferin_score	8.34042	2UUY_rec	2UUY_lig	swarm_67	33.0	2.0	
lightdock	luciferin_score	8.05512	2UUY_rec	2UUY_lig	swarm_67	34.0	1.0	
lightdock	luciferin_score	7.8036	2UUY_rec	2UUY_lig	swarm_67	35.0	2.0	
lightdock	luciferin_score	7.79162	2UUY_rec	2UUY_lig	swarm_67	36.0	1.0	
lightdock	luciferin_score	7.56839	2UUY_rec	2UUY_lig	swarm_67	37.0	1.0	
lightdock	luciferin_score	7.02933	2UUY_rec	2UUY_lig	swarm_67	38.0	1.0	
lightdock	luciferin_score	6.98249	2UUY_rec	2UUY_lig	swarm_67	39.0	1.0	
lightdock	luciferin_score	6.43688	2UUY_rec	2UUY_lig	swarm_67	40.0	1.0	
lightdock	luciferin_score	5.52544	2UUY_rec	2UUY_lig	swarm_67	41.0	1.0	
lightdock	luciferin_score	3.24054	2UUY_rec	2UUY_lig	swarm_67	42.0	2.0	
lightdock	luciferin_score	2.44039	2UUY_rec	2UUY_lig	swarm_67	43.0	1.0	
lightdock	luciferin_score	1.57365	2UUY_rec	2UUY_lig	swarm_67	44.0	4.0	
lightdock	luciferin_score	1.28081	2UUY_rec	2UUY_lig	swarm_67	45.0	4.0	
lightdock	luciferin_score	0.53432	2UUY_rec	2UUY_lig	swarm_67	46.0	10.0	
lightdock	luciferin_score	-0.92135	2UUY_rec	2UUY_lig	swarm_67	47.0	5.0	
lightdock	luciferin_score	-2.33112	2UUY_rec	2UUY_lig	swarm_67	48.0	1.0	
lightdock	luciferin_score	-3.58	2UUY_rec	2UUY_lig	swarm_67	49.0	2.0	
lightdock	luciferin_score	-3.87551	2UUY_rec	2UUY_lig	swarm_67	50.0	5.0	
lightdock	luciferin_score	-4.49195	2UUY_rec	2UUY_lig	swarm_67	51.0	3.0	
lightdock	luciferin_score	-6.7999	2UUY_rec	2UUY_lig	swarm_67	52.0	2.0	
lightdock	luciferin_score	-7.74486	2UUY_rec	2UUY_lig	swarm_67	53.0	2.0	
lightdock	luciferin_score	-8.68286	2UUY_rec	2UUY_lig	swarm_67	54.0	1.0	
lightdock	luciferin_score	-9.76118	2UUY_rec	2UUY_lig	swarm_67	55.0	3.0	
lightdock	luciferin_score	-11.71262	2UUY_rec	2UUY_lig	swarm_67	56.0	1.0	
lightdock	luciferin_score	-12.165	2UUY_rec	2UUY_lig	swarm_67	57.0	2.0	
lightdock	luciferin_score	-27.88117	2UUY_rec	2UUY_lig	swarm_67	58.0	3.0	
lightdock	luciferin_score	-27.95053	2UUY_rec	2UUY_lig	swarm_67	59.0	2.0	
lightdock	luciferin_score	-28.81255	2UUY_rec	2UUY_lig	swarm_67	60.0	3.0	
lightdock	luciferin_score	-31.26768	2UUY_rec	2UUY_lig	swarm_67	61.0	1.0	
lightdock	luciferin_score	-33.01615	2UUY_rec	2UUY_lig	swarm_67	62.0	1.0	
lightdock	luciferin_score	-33.19399	2UUY_rec	2UUY_lig	swarm_67	63.0	1.0	
lightdock	luciferin_score	-33.88977	2UUY_rec	2UUY_lig	swarm_67	64.0	1.0	
lightdock	luciferin_score	-42.78728	2UUY_rec	2UUY_lig	swarm_67	65.0	1.0	
lightdock	luciferin_score	-67.88384	2UUY_rec	2UUY_lig	swarm_67	66.0	2.0	
lightdock	luciferin_score	20.58339	2UUY_rec	2UUY_lig	swarm_68	0.0	5.0	
lightdock	luciferin_score	18.79034	2UUY_rec	2UUY_lig	swarm_68	1.0	9.0	
lightdock	luciferin_score	18.45344	2UUY_rec	2UUY_lig	swarm_68	2.0	7.0	
lightdock	luciferin_score	17.70565	2UUY_rec	2UUY_lig	swarm_68	3.0	8.0	
lightdock	luciferin_score	17.66025	2UUY_rec	2UUY_lig	swarm_68	4.0	4.0	
lightdock	luciferin_score	17.31572	2UUY_rec	2UUY_lig	swarm_68	5.0	10.0	
lightdock	luciferin_score	15.02893	2UUY_rec	2UUY_lig	swarm_68	6.0	1.0	
lightdock	luciferin_score	13.66881	2UUY_rec	2UUY_lig	swarm_68	7.0	7.0	
lightdock	luciferin_score	13.52243	2UUY_rec	2UUY_lig	swarm_68	8.0	1.0	
lightdock	luciferin_score	13.46284	2UUY_rec	2UUY_lig	swarm_68	9.0	4.0	
lightdock	luciferin_score	13.31754	2UUY_rec	2UUY_lig	swarm_68	10.0	4.0	
lightdock	luciferin_score	12.7737	2UUY_rec	2UUY_lig	swarm_68	11.0	2.0	
lightdock	luciferin_score	12.76959	2UUY_rec	2UUY_lig	swarm_68	12.0	4.0	
lightdock	luciferin_score	12.75837	2UUY_rec	2UUY_lig	swarm_68	13.0	6.0	
lightdock	luciferin_score	12.71761	2UUY_rec	2UUY_lig	swarm_68	14.0	6.0	
lightdock	luciferin_score	12.70009	2UUY_rec	2UUY_lig	swarm_68	15.0	1.0	
lightdock	luciferin_score	12.67301	2UUY_rec	2UUY_lig	swarm_68	16.0	3.0	
lightdock	luciferin_score	12.22465	2UUY_rec	2UUY_lig	swarm_68	17.0	6.0	
lightdock	luciferin_score	11.82132	2UUY_rec	2UUY_lig	swarm_68	18.0	3.0	
lightdock	luciferin_score	11.647	2UUY_rec	2UUY_lig	swarm_68	19.0	1.0	
lightdock	luciferin_score	11.58775	2UUY_rec	2UUY_lig	swarm_68	20.0	3.0	
lightdock	luciferin_score	11.25663	2UUY_rec	2UUY_lig	swarm_68	21.0	7.0	
lightdock	luciferin_score	10.36682	2UUY_rec	2UUY_lig	swarm_68	22.0	1.0	
lightdock	luciferin_score	10.2869	2UUY_rec	2UUY_lig	swarm_68	23.0	1.0	
lightdock	luciferin_score	9.79397	2UUY_rec	2UUY_lig	swarm_68	24.0	3.0	
lightdock	luciferin_score	9.40435	2UUY_rec	2UUY_lig	swarm_68	25.0	4.0	
lightdock	luciferin_score	9.38915	2UUY_rec	2UUY_lig	swarm_68	26.0	7.0	
lightdock	luciferin_score	9.13166	2UUY_rec	2UUY_lig	swarm_68	27.0	1.0	
lightdock	luciferin_score	9.12797	2UUY_rec	2UUY_lig	swarm_68	28.0	1.0	
lightdock	luciferin_score	9.11105	2UUY_rec	2UUY_lig	swarm_68	29.0	4.0	
lightdock	luciferin_score	8.53041	2UUY_rec	2UUY_lig	swarm_68	30.0	1.0	
lightdock	luciferin_score	8.47401	2UUY_rec	2UUY_lig	swarm_68	31.0	1.0	
lightdock	luciferin_score	8.45535	2UUY_rec	2UUY_lig	swarm_68	32.0	2.0	
lightdock	luciferin_score	8.28853	2UUY_rec	2UUY_lig	swarm_68	33.0	3.0	
lightdock	luciferin_score	8.20119	2UUY_rec	2UUY_lig	swarm_68	34.0	1.0	
lightdock	luciferin_score	7.79912	2UUY_rec	2UUY_lig	swarm_68	35.0	4.0	
lightdock	luciferin_score	7.7764	2UUY_rec	2UUY_lig	swarm_68	36.0	1.0	
lightdock	luciferin_score	7.38756	2UUY_rec	2UUY_lig	swarm_68	37.0	1.0	
lightdock	luciferin_score	7.31119	2UUY_rec	2UUY_lig	swarm_68	38.0	1.0	
lightdock	luciferin_score	6.75995	2UUY_rec	2UUY_lig	swarm_68	39.0	1.0	
lightdock	luciferin_score	6.57356	2UUY_rec	2UUY_lig	swarm_68	40.0	3.0	
lightdock	luciferin_score	6.43725	2UUY_rec	2UUY_lig	swarm_68	41.0	1.0	
lightdock	luciferin_score	6.39327	2UUY_rec	2UUY_lig	swarm_68	42.0	1.0	
lightdock	luciferin_score	6.30537	2UUY_rec	2UUY_lig	swarm_68	43.0	1.0	
lightdock	luciferin_score	5.97657	2UUY_rec	2UUY_lig	swarm_68	44.0	1.0	
lightdock	luciferin_score	4.25639	2UUY_rec	2UUY_lig	swarm_68	45.0	2.0	
lightdock	luciferin_score	3.96698	2UUY_rec	2UUY_lig	swarm_68	46.0	1.0	
lightdock	luciferin_score	2.99485	2UUY_rec	2UUY_lig	swarm_68	47.0	1.0	
lightdock	luciferin_score	1.70266	2UUY_rec	2UUY_lig	swarm_68	48.0	2.0	
lightdock	luciferin_score	-0.28916	2UUY_rec	2UUY_lig	swarm_68	49.0	1.0	
lightdock	luciferin_score	-0.33011	2UUY_rec	2UUY_lig	swarm_68	50.0	1.0	
lightdock	luciferin_score	-1.09401	2UUY_rec	2UUY_lig	swarm_68	51.0	1.0	
lightdock	luciferin_score	-2.21448	2UUY_rec	2UUY_lig	swarm_68	52.0	1.0	
lightdock	luciferin_score	-2.69525	2UUY_rec	2UUY_lig	swarm_68	53.0	1.0	
lightdock	luciferin_score	-2.92628	2UUY_rec	2UUY_lig	swarm_68	54.0	10.0	
lightdock	luciferin_score	-3.33489	2UUY_rec	2UUY_lig	swarm_68	55.0	1.0	
lightdock	luciferin_score	-11.70768	2UUY_rec	2UUY_lig	swarm_68	56.0	1.0	
lightdock	luciferin_score	-12.18427	2UUY_rec	2UUY_lig	swarm_68	57.0	2.0	
lightdock	luciferin_score	-14.42466	2UUY_rec	2UUY_lig	swarm_68	58.0	3.0	
lightdock	luciferin_score	-16.84564	2UUY_rec	2UUY_lig	swarm_68	59.0	6.0	
lightdock	luciferin_score	-17.88279	2UUY_rec	2UUY_lig	swarm_68	60.0	3.0	
lightdock	luciferin_score	-20.55197	2UUY_rec	2UUY_lig	swarm_68	61.0	1.0	
lightdock	luciferin_score	-25.99389	2UUY_rec	2UUY_lig	swarm_68	62.0	2.0	
lightdock	luciferin_score	-26.45632	2UUY_rec	2UUY_lig	swarm_68	63.0	4.0	
lightdock	luciferin_score	-36.9085	2UUY_rec	2UUY_lig	swarm_68	64.0	1.0	
lightdock	luciferin_score	-38.82964	2UUY_rec	2UUY_lig	swarm_68	65.0	2.0	
lightdock	luciferin_score	-40.74966	2UUY_rec	2UUY_lig	swarm_68	66.0	1.0	
lightdock	luciferin_score	-46.8177	2UUY_rec	2UUY_lig	swarm_68	67.0	1.0	
lightdock	luciferin_score	-49.20484	2UUY_rec	2UUY_lig	swarm_68	68.0	3.0	
lightdock	luciferin_score	-70.23713	2UUY_rec	2UUY_lig	swarm_68	69.0	1.0	
lightdock	luciferin_score	20.92988	2UUY_rec	2UUY_lig	swarm_69	0.0	7.0	
lightdock	luciferin_score	17.66076	2UUY_rec	2UUY_lig	swarm_69	1.0	8.0	
lightdock	luciferin_score	15.25065	2UUY_rec	2UUY_lig	swarm_69	2.0	5.0	
lightdock	luciferin_score	15.22287	2UUY_rec	2UUY_lig	swarm_69	3.0	7.0	
lightdock	luciferin_score	13.60457	2UUY_rec	2UUY_lig	swarm_69	4.0	8.0	
lightdock	luciferin_score	13.17829	2UUY_rec	2UUY_lig	swarm_69	5.0	2.0	
lightdock	luciferin_score	12.69035	2UUY_rec	2UUY_lig	swarm_69	6.0	7.0	
lightdock	luciferin_score	12.62021	2UUY_rec	2UUY_lig	swarm_69	7.0	6.0	
lightdock	luciferin_score	12.58277	2UUY_rec	2UUY_lig	swarm_69	8.0	2.0	
lightdock	luciferin_score	12.19209	2UUY_rec	2UUY_lig	swarm_69	9.0	1.0	
lightdock	luciferin_score	12.17363	2UUY_rec	2UUY_lig	swarm_69	10.0	3.0	
lightdock	luciferin_score	11.55471	2UUY_rec	2UUY_lig	swarm_69	11.0	5.0	
lightdock	luciferin_score	11.13367	2UUY_rec	2UUY_lig	swarm_69	12.0	2.0	
lightdock	luciferin_score	10.7116	2UUY_rec	2UUY_lig	swarm_69	13.0	16.0	
lightdock	luciferin_score	10.68761	2UUY_rec	2UUY_lig	swarm_69	14.0	8.0	
lightdock	luciferin_score	10.47182	2UUY_rec	2UUY_lig	swarm_69	15.0	3.0	
lightdock	luciferin_score	10.4141	2UUY_rec	2UUY_lig	swarm_69	16.0	5.0	
lightdock	luciferin_score	10.15947	2UUY_rec	2UUY_lig	swarm_69	17.0	2.0	
lightdock	luciferin_score	9.99947	2UUY_rec	2UUY_lig	swarm_69	18.0	3.0	
lightdock	luciferin_score	9.91734	2UUY_rec	2UUY_lig	swarm_69	19.0	3.0	
lightdock	luciferin_score	9.47359	2UUY_rec	2UUY_lig	swarm_69	20.0	6.0	
lightdock	luciferin_score	9.46954	2UUY_rec	2UUY_lig	swarm_69	21.0	2.0	
lightdock	luciferin_score	9.31198	2UUY_rec	2UUY_lig	swarm_69	22.0	3.0	
lightdock	luciferin_score	9.31078	2UUY_rec	2UUY_lig	swarm_69	23.0	6.0	
lightdock	luciferin_score	9.17127	2UUY_rec	2UUY_lig	swarm_69	24.0	2.0	
lightdock	luciferin_score	8.90291	2UUY_rec	2UUY_lig	swarm_69	25.0	3.0	
lightdock	luciferin_score	8.80123	2UUY_rec	2UUY_lig	swarm_69	26.0	1.0	
lightdock	luciferin_score	8.77531	2UUY_rec	2UUY_lig	swarm_69	27.0	1.0	
lightdock	luciferin_score	8.76455	2UUY_rec	2UUY_lig	swarm_69	28.0	3.0	
lightdock	luciferin_score	8.38508	2UUY_rec	2UUY_lig	swarm_69	29.0	1.0	
lightdock	luciferin_score	8.13539	2UUY_rec	2UUY_lig	swarm_69	30.0	1.0	
lightdock	luciferin_score	8.10619	2UUY_rec	2UUY_lig	swarm_69	31.0	2.0	
lightdock	luciferin_score	7.9316	2UUY_rec	2UUY_lig	swarm_69	32.0	2.0	
lightdock	luciferin_score	7.86919	2UUY_rec	2UUY_lig	swarm_69	33.0	3.0	
lightdock	luciferin_score	7.49294	2UUY_rec	2UUY_lig	swarm_69	34.0	1.0	
lightdock	luciferin_score	7.37694	2UUY_rec	2UUY_lig	swarm_69	35.0	1.0	
lightdock	luciferin_score	7.2294	2UUY_rec	2UUY_lig	swarm_69	36.0	2.0	
lightdock	luciferin_score	6.64429	2UUY_rec	2UUY_lig	swarm_69	37.0	2.0	
lightdock	luciferin_score	6.02628	2UUY_rec	2UUY_lig	swarm_69	38.0	1.0	
lightdock	luciferin_score	4.91456	2UUY_rec	2UUY_lig	swarm_69	39.0	3.0	
lightdock	luciferin_score	4.27556	2UUY_rec	2UUY_lig	swarm_69	40.0	1.0	
lightdock	luciferin_score	3.90342	2UUY_rec	2UUY_lig	swarm_69	41.0	2.0	
lightdock	luciferin_score	3.89154	2UUY_rec	2UUY_lig	swarm_69	42.0	1.0	
lightdock	luciferin_score	3.82702	2UUY_rec	2UUY_lig	swarm_69	43.0	3.0	
lightdock	luciferin_score	1.77972	2UUY_rec	2UUY_lig	swarm_69	44.0	11.0	
lightdock	luciferin_score	1.54919	2UUY_rec	2UUY_lig	swarm_69	45.0	1.0	
lightdock	luciferin_score	1.20625	2UUY_rec	2UUY_lig	swarm_69	46.0	1.0	
lightdock	luciferin_score	0.11115	2UUY_rec	2UUY_lig	swarm_69	47.0	1.0	
lightdock	luciferin_score	-1.8372	2UUY_rec	2UUY_lig	swarm_69	48.0	1.0	
lightdock	luciferin_score	-1.89328	2UUY_rec	2UUY_lig	swarm_69	49.0	5.0	
lightdock	luciferin_score	-2.80611	2UUY_rec	2UUY_lig	swarm_69	50.0	4.0	
lightdock	luciferin_score	-3.71434	2UUY_rec	2UUY_lig	swarm_69	51.0	2.0	
lightdock	luciferin_score	-4.12591	2UUY_rec	2UUY_lig	swarm_69	52.0	1.0	
lightdock	luciferin_score	-9.13144	2UUY_rec	2UUY_lig	swarm_69	53.0	1.0	
lightdock	luciferin_score	-12.32555	2UUY_rec	2UUY_lig	swarm_69	54.0	1.0	
lightdock	luciferin_score	-17.60145	2UUY_rec	2UUY_lig	swarm_69	55.0	3.0	
lightdock	luciferin_score	-18.14941	2UUY_rec	2UUY_lig	swarm_69	56.0	2.0	
lightdock	luciferin_score	-18.72995	2UUY_rec	2UUY_lig	swarm_69	57.0	3.0	
lightdock	luciferin_score	-23.41106	2UUY_rec	2UUY_lig	swarm_69	58.0	2.0	
lightdock	luciferin_score	-34.09212	2UUY_rec	2UUY_lig	swarm_69	59.0	2.0	
lightdock	luciferin_score	-47.28035	2UUY_rec	2UUY_lig	swarm_69	60.0	2.0	
lightdock	luciferin_score	-63.04688	2UUY_rec	2UUY_lig	swarm_69	61.0	1.0	
lightdock	luciferin_score	14.84559	2UUY_rec	2UUY_lig	swarm_7	0.0	6.0	
lightdock	luciferin_score	14.31557	2UUY_rec	2UUY_lig	swarm_7	1.0	3.0	
lightdock	luciferin_score	13.96587	2UUY_rec	2UUY_lig	swarm_7	2.0	3.0	
lightdock	luciferin_score	13.27132	2UUY_rec	2UUY_lig	swarm_7	3.0	6.0	
lightdock	luciferin_score	11.64449	2UUY_rec	2UUY_lig	swarm_7	4.0	6.0	
lightdock	luciferin_score	11.46995	2UUY_rec	2UUY_lig	swarm_7	5.0	4.0	
lightdock	luciferin_score	11.43371	2UUY_rec	2UUY_lig	swarm_7	6.0	3.0	
lightdock	luciferin_score	11.15306	2UUY_rec	2UUY_lig	swarm_7	7.0	4.0	
lightdock	luciferin_score	11.15031	2UUY_rec	2UUY_lig	swarm_7	8.0	3.0	
lightdock	luciferin_score	11.07099	2UUY_rec	2UUY_lig	swarm_7	9.0	18.0	
lightdock	luciferin_score	11.0542	2UUY_rec	2UUY_lig	swarm_7	10.0	11.0	
lightdock	luciferin_score	10.92675	2UUY_rec	2UUY_lig	swarm_7	11.0	2.0	
lightdock	luciferin_score	10.81026	2UUY_rec	2UUY_lig	swarm_7	12.0	10.0	
lightdock	luciferin_score	10.52885	2UUY_rec	2UUY_lig	swarm_7	13.0	6.0	
lightdock	luciferin_score	10.41339	2UUY_rec	2UUY_lig	swarm_7	14.0	4.0	
lightdock	luciferin_score	10.32028	2UUY_rec	2UUY_lig	swarm_7	15.0	5.0	
lightdock	luciferin_score	10.14265	2UUY_rec	2UUY_lig	swarm_7	16.0	3.0	
lightdock	luciferin_score	10.11714	2UUY_rec	2UUY_lig	swarm_7	17.0	1.0	
lightdock	luciferin_score	9.92062	2UUY_rec	2UUY_lig	swarm_7	18.0	2.0	
lightdock	luciferin_score	9.89843	2UUY_rec	2UUY_lig	swarm_7	19.0	2.0	
lightdock	luciferin_score	9.80123	2UUY_rec	2UUY_lig	swarm_7	20.0	3.0	
lightdock	luciferin_score	9.78229	2UUY_rec	2UUY_lig	swarm_7	21.0	5.0	
lightdock	luciferin_score	9.56153	2UUY_rec	2UUY_lig	swarm_7	22.0	3.0	
lightdock	luciferin_score	9.36224	2UUY_rec	2UUY_lig	swarm_7	23.0	4.0	
lightdock	luciferin_score	8.97578	2UUY_rec	2UUY_lig	swarm_7	24.0	2.0	
lightdock	luciferin_score	8.83526	2UUY_rec	2UUY_lig	swarm_7	25.0	4.0	
lightdock	luciferin_score	8.61814	2UUY_rec	2UUY_lig	swarm_7	26.0	4.0	
lightdock	luciferin_score	8.5677	2UUY_rec	2UUY_lig	swarm_7	27.0	2.0	
lightdock	luciferin_score	8.55681	2UUY_rec	2UUY_lig	swarm_7	28.0	2.0	
lightdock	luciferin_score	8.54657	2UUY_rec	2UUY_lig	swarm_7	29.0	3.0	
lightdock	luciferin_score	7.97595	2UUY_rec	2UUY_lig	swarm_7	30.0	8.0	
lightdock	luciferin_score	7.79197	2UUY_rec	2UUY_lig	swarm_7	31.0	2.0	
lightdock	luciferin_score	7.75826	2UUY_rec	2UUY_lig	swarm_7	32.0	4.0	
lightdock	luciferin_score	7.51566	2UUY_rec	2UUY_lig	swarm_7	33.0	2.0	
lightdock	luciferin_score	7.39768	2UUY_rec	2UUY_lig	swarm_7	34.0	1.0	
lightdock	luciferin_score	7.17344	2UUY_rec	2UUY_lig	swarm_7	35.0	1.0	
lightdock	luciferin_score	6.97978	2UUY_rec	2UUY_lig	swarm_7	36.0	1.0	
lightdock	luciferin_score	6.77636	2UUY_rec	2UUY_lig	swarm_7	37.0	2.0	
lightdock	luciferin_score	6.72434	2UUY_rec	2UUY_lig	swarm_7	38.0	1.0	
lightdock	luciferin_score	6.57946	2UUY_rec	2UUY_lig	swarm_7	39.0	1.0	
lightdock	luciferin_score	6.55044	2UUY_rec	2UUY_lig	swarm_7	40.0	1.0	
lightdock	luciferin_score	6.46074	2UUY_rec	2UUY_lig	swarm_7	41.0	2.0	
lightdock	luciferin_score	6.40097	2UUY_rec	2UUY_lig	swarm_7	42.0	1.0	
lightdock	luciferin_score	6.3043	2UUY_rec	2UUY_lig	swarm_7	43.0	1.0	
lightdock	luciferin_score	5.64191	2UUY_rec	2UUY_lig	swarm_7	44.0	2.0	
lightdock	luciferin_score	5.35218	2UUY_rec	2UUY_lig	swarm_7	45.0	1.0	
lightdock	luciferin_score	5.19557	2UUY_rec	2UUY_lig	swarm_7	46.0	1.0	
lightdock	luciferin_score	4.73825	2UUY_rec	2UUY_lig	swarm_7	47.0	1.0	
lightdock	luciferin_score	2.48173	2UUY_rec	2UUY_lig	swarm_7	48.0	1.0	
lightdock	luciferin_score	1.90236	2UUY_rec	2UUY_lig	swarm_7	49.0	4.0	
lightdock	luciferin_score	1.85518	2UUY_rec	2UUY_lig	swarm_7	50.0	1.0	
lightdock	luciferin_score	0.20724	2UUY_rec	2UUY_lig	swarm_7	51.0	3.0	
lightdock	luciferin_score	0.07988	2UUY_rec	2UUY_lig	swarm_7	52.0	1.0	
lightdock	luciferin_score	0.06689	2UUY_rec	2UUY_lig	swarm_7	53.0	1.0	
lightdock	luciferin_score	-1.68462	2UUY_rec	2UUY_lig	swarm_7	54.0	1.0	
lightdock	luciferin_score	-6.65154	2UUY_rec	2UUY_lig	swarm_7	55.0	1.0	
lightdock	luciferin_score	-7.17634	2UUY_rec	2UUY_lig	swarm_7	56.0	3.0	
lightdock	luciferin_score	-8.21939	2UUY_rec	2UUY_lig	swarm_7	57.0	1.0	
lightdock	luciferin_score	-9.01716	2UUY_rec	2UUY_lig	swarm_7	58.0	3.0	
lightdock	luciferin_score	-17.62498	2UUY_rec	2UUY_lig	swarm_7	59.0	4.0	
lightdock	luciferin_score	-17.68942	2UUY_rec	2UUY_lig	swarm_7	60.0	3.0	
lightdock	luciferin_score	-20.44116	2UUY_rec	2UUY_lig	swarm_7	61.0	1.0	
lightdock	luciferin_score	-27.92973	2UUY_rec	2UUY_lig	swarm_7	62.0	1.0	
lightdock	luciferin_score	-37.94021	2UUY_rec	2UUY_lig	swarm_7	63.0	1.0	
lightdock	luciferin_score	-39.60319	2UUY_rec	2UUY_lig	swarm_7	64.0	1.0	
lightdock	luciferin_score	-58.9407	2UUY_rec	2UUY_lig	swarm_7	65.0	2.0	
lightdock	luciferin_score	15.30752	2UUY_rec	2UUY_lig	swarm_70	0.0	8.0	
lightdock	luciferin_score	14.50524	2UUY_rec	2UUY_lig	swarm_70	1.0	16.0	
lightdock	luciferin_score	14.14154	2UUY_rec	2UUY_lig	swarm_70	2.0	8.0	
lightdock	luciferin_score	13.37418	2UUY_rec	2UUY_lig	swarm_70	3.0	2.0	
lightdock	luciferin_score	13.06841	2UUY_rec	2UUY_lig	swarm_70	4.0	7.0	
lightdock	luciferin_score	13.00843	2UUY_rec	2UUY_lig	swarm_70	5.0	2.0	
lightdock	luciferin_score	12.73519	2UUY_rec	2UUY_lig	swarm_70	6.0	1.0	
lightdock	luciferin_score	12.4851	2UUY_rec	2UUY_lig	swarm_70	7.0	2.0	
lightdock	luciferin_score	12.30529	2UUY_rec	2UUY_lig	swarm_70	8.0	6.0	
lightdock	luciferin_score	12.22488	2UUY_rec	2UUY_lig	swarm_70	9.0	3.0	
lightdock	luciferin_score	11.67247	2UUY_rec	2UUY_lig	swarm_70	10.0	5.0	
lightdock	luciferin_score	11.14353	2UUY_rec	2UUY_lig	swarm_70	11.0	9.0	
lightdock	luciferin_score	10.91393	2UUY_rec	2UUY_lig	swarm_70	12.0	5.0	
lightdock	luciferin_score	10.17607	2UUY_rec	2UUY_lig	swarm_70	13.0	8.0	
lightdock	luciferin_score	10.1604	2UUY_rec	2UUY_lig	swarm_70	14.0	3.0	
lightdock	luciferin_score	10.12447	2UUY_rec	2UUY_lig	swarm_70	15.0	1.0	
lightdock	luciferin_score	9.93397	2UUY_rec	2UUY_lig	swarm_70	16.0	4.0	
lightdock	luciferin_score	9.82213	2UUY_rec	2UUY_lig	swarm_70	17.0	2.0	
lightdock	luciferin_score	9.62926	2UUY_rec	2UUY_lig	swarm_70	18.0	1.0	
lightdock	luciferin_score	9.55699	2UUY_rec	2UUY_lig	swarm_70	19.0	3.0	
lightdock	luciferin_score	9.3632	2UUY_rec	2UUY_lig	swarm_70	20.0	4.0	
lightdock	luciferin_score	9.32379	2UUY_rec	2UUY_lig	swarm_70	21.0	1.0	
lightdock	luciferin_score	9.31291	2UUY_rec	2UUY_lig	swarm_70	22.0	4.0	
lightdock	luciferin_score	8.93444	2UUY_rec	2UUY_lig	swarm_70	23.0	1.0	
lightdock	luciferin_score	8.37753	2UUY_rec	2UUY_lig	swarm_70	24.0	2.0	
lightdock	luciferin_score	8.3765	2UUY_rec	2UUY_lig	swarm_70	25.0	2.0	
lightdock	luciferin_score	8.36128	2UUY_rec	2UUY_lig	swarm_70	26.0	3.0	
lightdock	luciferin_score	8.18514	2UUY_rec	2UUY_lig	swarm_70	27.0	2.0	
lightdock	luciferin_score	8.15847	2UUY_rec	2UUY_lig	swarm_70	28.0	4.0	
lightdock	luciferin_score	8.04458	2UUY_rec	2UUY_lig	swarm_70	29.0	3.0	
lightdock	luciferin_score	7.95563	2UUY_rec	2UUY_lig	swarm_70	30.0	3.0	
lightdock	luciferin_score	7.93263	2UUY_rec	2UUY_lig	swarm_70	31.0	2.0	
lightdock	luciferin_score	7.77483	2UUY_rec	2UUY_lig	swarm_70	32.0	1.0	
lightdock	luciferin_score	7.76965	2UUY_rec	2UUY_lig	swarm_70	33.0	1.0	
lightdock	luciferin_score	7.62972	2UUY_rec	2UUY_lig	swarm_70	34.0	1.0	
lightdock	luciferin_score	7.27623	2UUY_rec	2UUY_lig	swarm_70	35.0	4.0	
lightdock	luciferin_score	6.74481	2UUY_rec	2UUY_lig	swarm_70	36.0	1.0	
lightdock	luciferin_score	6.5987	2UUY_rec	2UUY_lig	swarm_70	37.0	1.0	
lightdock	luciferin_score	6.52412	2UUY_rec	2UUY_lig	swarm_70	38.0	1.0	
lightdock	luciferin_score	6.32121	2UUY_rec	2UUY_lig	swarm_70	39.0	2.0	
lightdock	luciferin_score	5.9382	2UUY_rec	2UUY_lig	swarm_70	40.0	2.0	
lightdock	luciferin_score	5.57262	2UUY_rec	2UUY_lig	swarm_70	41.0	2.0	
lightdock	luciferin_score	4.95107	2UUY_rec	2UUY_lig	swarm_70	42.0	1.0	
lightdock	luciferin_score	4.79619	2UUY_rec	2UUY_lig	swarm_70	43.0	4.0	
lightdock	luciferin_score	4.78048	2UUY_rec	2UUY_lig	swarm_70	44.0	1.0	
lightdock	luciferin_score	4.59811	2UUY_rec	2UUY_lig	swarm_70	45.0	13.0	
lightdock	luciferin_score	4.57328	2UUY_rec	2UUY_lig	swarm_70	46.0	2.0	
lightdock	luciferin_score	2.56479	2UUY_rec	2UUY_lig	swarm_70	47.0	7.0	
lightdock	luciferin_score	0.9802	2UUY_rec	2UUY_lig	swarm_70	48.0	1.0	
lightdock	luciferin_score	0.61306	2UUY_rec	2UUY_lig	swarm_70	49.0	1.0	
lightdock	luciferin_score	-0.03046	2UUY_rec	2UUY_lig	swarm_70	50.0	5.0	
lightdock	luciferin_score	-0.16096	2UUY_rec	2UUY_lig	swarm_70	51.0	2.0	
lightdock	luciferin_score	-0.28828	2UUY_rec	2UUY_lig	swarm_70	52.0	6.0	
lightdock	luciferin_score	-1.34987	2UUY_rec	2UUY_lig	swarm_70	53.0	1.0	
lightdock	luciferin_score	-1.72216	2UUY_rec	2UUY_lig	swarm_70	54.0	1.0	
lightdock	luciferin_score	-2.16803	2UUY_rec	2UUY_lig	swarm_70	55.0	1.0	
lightdock	luciferin_score	-3.97779	2UUY_rec	2UUY_lig	swarm_70	56.0	1.0	
lightdock	luciferin_score	-4.07409	2UUY_rec	2UUY_lig	swarm_70	57.0	2.0	
lightdock	luciferin_score	-5.90402	2UUY_rec	2UUY_lig	swarm_70	58.0	1.0	
lightdock	luciferin_score	-6.81246	2UUY_rec	2UUY_lig	swarm_70	59.0	1.0	
lightdock	luciferin_score	-7.52389	2UUY_rec	2UUY_lig	swarm_70	60.0	1.0	
lightdock	luciferin_score	-7.62042	2UUY_rec	2UUY_lig	swarm_70	61.0	1.0	
lightdock	luciferin_score	-11.61314	2UUY_rec	2UUY_lig	swarm_70	62.0	1.0	
lightdock	luciferin_score	-21.29309	2UUY_rec	2UUY_lig	swarm_70	63.0	1.0	
lightdock	luciferin_score	-24.8296	2UUY_rec	2UUY_lig	swarm_70	64.0	1.0	
lightdock	luciferin_score	-34.60833	2UUY_rec	2UUY_lig	swarm_70	65.0	1.0	
lightdock	luciferin_score	14.82006	2UUY_rec	2UUY_lig	swarm_71	0.0	5.0	
lightdock	luciferin_score	13.98489	2UUY_rec	2UUY_lig	swarm_71	1.0	2.0	
lightdock	luciferin_score	13.41743	2UUY_rec	2UUY_lig	swarm_71	2.0	3.0	
lightdock	luciferin_score	12.83956	2UUY_rec	2UUY_lig	swarm_71	3.0	3.0	
lightdock	luciferin_score	12.74488	2UUY_rec	2UUY_lig	swarm_71	4.0	22.0	
lightdock	luciferin_score	12.52245	2UUY_rec	2UUY_lig	swarm_71	5.0	1.0	
lightdock	luciferin_score	12.43923	2UUY_rec	2UUY_lig	swarm_71	6.0	6.0	
lightdock	luciferin_score	12.3108	2UUY_rec	2UUY_lig	swarm_71	7.0	1.0	
lightdock	luciferin_score	12.05746	2UUY_rec	2UUY_lig	swarm_71	8.0	3.0	
lightdock	luciferin_score	12.01501	2UUY_rec	2UUY_lig	swarm_71	9.0	9.0	
lightdock	luciferin_score	11.96741	2UUY_rec	2UUY_lig	swarm_71	10.0	2.0	
lightdock	luciferin_score	11.84124	2UUY_rec	2UUY_lig	swarm_71	11.0	4.0	
lightdock	luciferin_score	11.59337	2UUY_rec	2UUY_lig	swarm_71	12.0	1.0	
lightdock	luciferin_score	10.57424	2UUY_rec	2UUY_lig	swarm_71	13.0	5.0	
lightdock	luciferin_score	10.38889	2UUY_rec	2UUY_lig	swarm_71	14.0	8.0	
lightdock	luciferin_score	10.04577	2UUY_rec	2UUY_lig	swarm_71	15.0	8.0	
lightdock	luciferin_score	9.84241	2UUY_rec	2UUY_lig	swarm_71	16.0	4.0	
lightdock	luciferin_score	9.74576	2UUY_rec	2UUY_lig	swarm_71	17.0	1.0	
lightdock	luciferin_score	9.65549	2UUY_rec	2UUY_lig	swarm_71	18.0	5.0	
lightdock	luciferin_score	9.23306	2UUY_rec	2UUY_lig	swarm_71	19.0	6.0	
lightdock	luciferin_score	9.22211	2UUY_rec	2UUY_lig	swarm_71	20.0	3.0	
lightdock	luciferin_score	9.04618	2UUY_rec	2UUY_lig	swarm_71	21.0	7.0	
lightdock	luciferin_score	9.02133	2UUY_rec	2UUY_lig	swarm_71	22.0	2.0	
lightdock	luciferin_score	8.95994	2UUY_rec	2UUY_lig	swarm_71	23.0	4.0	
lightdock	luciferin_score	8.83582	2UUY_rec	2UUY_lig	swarm_71	24.0	1.0	
lightdock	luciferin_score	8.83099	2UUY_rec	2UUY_lig	swarm_71	25.0	6.0	
lightdock	luciferin_score	8.72716	2UUY_rec	2UUY_lig	swarm_71	26.0	2.0	
lightdock	luciferin_score	8.71692	2UUY_rec	2UUY_lig	swarm_71	27.0	2.0	
lightdock	luciferin_score	8.65071	2UUY_rec	2UUY_lig	swarm_71	28.0	3.0	
lightdock	luciferin_score	8.40799	2UUY_rec	2UUY_lig	swarm_71	29.0	3.0	
lightdock	luciferin_score	8.36214	2UUY_rec	2UUY_lig	swarm_71	30.0	3.0	
lightdock	luciferin_score	8.08245	2UUY_rec	2UUY_lig	swarm_71	31.0	3.0	
lightdock	luciferin_score	7.99529	2UUY_rec	2UUY_lig	swarm_71	32.0	1.0	
lightdock	luciferin_score	7.95331	2UUY_rec	2UUY_lig	swarm_71	33.0	1.0	
lightdock	luciferin_score	7.61935	2UUY_rec	2UUY_lig	swarm_71	34.0	2.0	
lightdock	luciferin_score	7.36026	2UUY_rec	2UUY_lig	swarm_71	35.0	4.0	
lightdock	luciferin_score	6.8202	2UUY_rec	2UUY_lig	swarm_71	36.0	1.0	
lightdock	luciferin_score	6.68232	2UUY_rec	2UUY_lig	swarm_71	37.0	1.0	
lightdock	luciferin_score	6.26392	2UUY_rec	2UUY_lig	swarm_71	38.0	1.0	
lightdock	luciferin_score	6.20182	2UUY_rec	2UUY_lig	swarm_71	39.0	1.0	
lightdock	luciferin_score	6.17674	2UUY_rec	2UUY_lig	swarm_71	40.0	1.0	
lightdock	luciferin_score	5.90238	2UUY_rec	2UUY_lig	swarm_71	41.0	1.0	
lightdock	luciferin_score	5.86562	2UUY_rec	2UUY_lig	swarm_71	42.0	2.0	
lightdock	luciferin_score	5.80223	2UUY_rec	2UUY_lig	swarm_71	43.0	1.0	
lightdock	luciferin_score	5.61528	2UUY_rec	2UUY_lig	swarm_71	44.0	2.0	
lightdock	luciferin_score	5.20037	2UUY_rec	2UUY_lig	swarm_71	45.0	1.0	
lightdock	luciferin_score	5.04423	2UUY_rec	2UUY_lig	swarm_71	46.0	1.0	
lightdock	luciferin_score	4.57123	2UUY_rec	2UUY_lig	swarm_71	47.0	6.0	
lightdock	luciferin_score	3.95474	2UUY_rec	2UUY_lig	swarm_71	48.0	1.0	
lightdock	luciferin_score	3.31645	2UUY_rec	2UUY_lig	swarm_71	49.0	4.0	
lightdock	luciferin_score	2.54658	2UUY_rec	2UUY_lig	swarm_71	50.0	1.0	
lightdock	luciferin_score	1.49311	2UUY_rec	2UUY_lig	swarm_71	51.0	1.0	
lightdock	luciferin_score	0.74878	2UUY_rec	2UUY_lig	swarm_71	52.0	3.0	
lightdock	luciferin_score	-0.61288	2UUY_rec	2UUY_lig	swarm_71	53.0	1.0	
lightdock	luciferin_score	-4.13054	2UUY_rec	2UUY_lig	swarm_71	54.0	1.0	
lightdock	luciferin_score	-4.23021	2UUY_rec	2UUY_lig	swarm_71	55.0	2.0	
lightdock	luciferin_score	-5.64826	2UUY_rec	2UUY_lig	swarm_71	56.0	1.0	
lightdock	luciferin_score	-7.4167	2UUY_rec	2UUY_lig	swarm_71	57.0	1.0	
lightdock	luciferin_score	-9.83078	2UUY_rec	2UUY_lig	swarm_71	58.0	1.0	
lightdock	luciferin_score	-10.60586	2UUY_rec	2UUY_lig	swarm_71	59.0	2.0	
lightdock	luciferin_score	-10.99935	2UUY_rec	2UUY_lig	swarm_71	60.0	2.0	
lightdock	luciferin_score	-14.73817	2UUY_rec	2UUY_lig	swarm_71	61.0	1.0	
lightdock	luciferin_score	-14.93001	2UUY_rec	2UUY_lig	swarm_71	62.0	3.0	
lightdock	luciferin_score	-15.75115	2UUY_rec	2UUY_lig	swarm_71	63.0	2.0	
lightdock	luciferin_score	-20.86042	2UUY_rec	2UUY_lig	swarm_71	64.0	2.0	
lightdock	luciferin_score	-22.40721	2UUY_rec	2UUY_lig	swarm_71	65.0	2.0	
lightdock	luciferin_score	-22.48909	2UUY_rec	2UUY_lig	swarm_71	66.0	1.0	
lightdock	luciferin_score	-27.56319	2UUY_rec	2UUY_lig	swarm_71	67.0	1.0	
lightdock	luciferin_score	-33.06568	2UUY_rec	2UUY_lig	swarm_71	68.0	1.0	
lightdock	luciferin_score	-53.13351	2UUY_rec	2UUY_lig	swarm_71	69.0	1.0	
lightdock	luciferin_score	16.85404	2UUY_rec	2UUY_lig	swarm_72	0.0	2.0	
lightdock	luciferin_score	16.22478	2UUY_rec	2UUY_lig	swarm_72	1.0	1.0	
lightdock	luciferin_score	15.01988	2UUY_rec	2UUY_lig	swarm_72	2.0	12.0	
lightdock	luciferin_score	14.76064	2UUY_rec	2UUY_lig	swarm_72	3.0	3.0	
lightdock	luciferin_score	14.22369	2UUY_rec	2UUY_lig	swarm_72	4.0	5.0	
lightdock	luciferin_score	13.889	2UUY_rec	2UUY_lig	swarm_72	5.0	7.0	
lightdock	luciferin_score	13.64076	2UUY_rec	2UUY_lig	swarm_72	6.0	4.0	
lightdock	luciferin_score	13.5399	2UUY_rec	2UUY_lig	swarm_72	7.0	6.0	
lightdock	luciferin_score	12.67761	2UUY_rec	2UUY_lig	swarm_72	8.0	5.0	
lightdock	luciferin_score	12.16945	2UUY_rec	2UUY_lig	swarm_72	9.0	9.0	
lightdock	luciferin_score	12.06067	2UUY_rec	2UUY_lig	swarm_72	10.0	6.0	
lightdock	luciferin_score	11.95763	2UUY_rec	2UUY_lig	swarm_72	11.0	2.0	
lightdock	luciferin_score	11.93402	2UUY_rec	2UUY_lig	swarm_72	12.0	9.0	
lightdock	luciferin_score	11.67214	2UUY_rec	2UUY_lig	swarm_72	13.0	13.0	
lightdock	luciferin_score	11.61006	2UUY_rec	2UUY_lig	swarm_72	14.0	3.0	
lightdock	luciferin_score	11.29731	2UUY_rec	2UUY_lig	swarm_72	15.0	5.0	
lightdock	luciferin_score	11.0328	2UUY_rec	2UUY_lig	swarm_72	16.0	4.0	
lightdock	luciferin_score	10.53211	2UUY_rec	2UUY_lig	swarm_72	17.0	3.0	
lightdock	luciferin_score	10.34661	2UUY_rec	2UUY_lig	swarm_72	18.0	6.0	
lightdock	luciferin_score	9.47641	2UUY_rec	2UUY_lig	swarm_72	19.0	2.0	
lightdock	luciferin_score	9.43716	2UUY_rec	2UUY_lig	swarm_72	20.0	2.0	
lightdock	luciferin_score	9.23484	2UUY_rec	2UUY_lig	swarm_72	21.0	7.0	
lightdock	luciferin_score	8.97476	2UUY_rec	2UUY_lig	swarm_72	22.0	4.0	
lightdock	luciferin_score	8.58568	2UUY_rec	2UUY_lig	swarm_72	23.0	3.0	
lightdock	luciferin_score	8.20053	2UUY_rec	2UUY_lig	swarm_72	24.0	1.0	
lightdock	luciferin_score	8.12384	2UUY_rec	2UUY_lig	swarm_72	25.0	2.0	
lightdock	luciferin_score	7.78877	2UUY_rec	2UUY_lig	swarm_72	26.0	7.0	
lightdock	luciferin_score	7.45866	2UUY_rec	2UUY_lig	swarm_72	27.0	2.0	
lightdock	luciferin_score	7.32627	2UUY_rec	2UUY_lig	swarm_72	28.0	1.0	
lightdock	luciferin_score	6.78606	2UUY_rec	2UUY_lig	swarm_72	29.0	1.0	
lightdock	luciferin_score	6.55742	2UUY_rec	2UUY_lig	swarm_72	30.0	3.0	
lightdock	luciferin_score	6.5303	2UUY_rec	2UUY_lig	swarm_72	31.0	1.0	
lightdock	luciferin_score	6.32105	2UUY_rec	2UUY_lig	swarm_72	32.0	3.0	
lightdock	luciferin_score	5.5899	2UUY_rec	2UUY_lig	swarm_72	33.0	2.0	
lightdock	luciferin_score	5.08245	2UUY_rec	2UUY_lig	swarm_72	34.0	4.0	
lightdock	luciferin_score	4.97691	2UUY_rec	2UUY_lig	swarm_72	35.0	2.0	
lightdock	luciferin_score	3.87109	2UUY_rec	2UUY_lig	swarm_72	36.0	9.0	
lightdock	luciferin_score	1.7446	2UUY_rec	2UUY_lig	swarm_72	37.0	1.0	
lightdock	luciferin_score	0.192	2UUY_rec	2UUY_lig	swarm_72	38.0	1.0	
lightdock	luciferin_score	0.09853	2UUY_rec	2UUY_lig	swarm_72	39.0	1.0	
lightdock	luciferin_score	-0.01753	2UUY_rec	2UUY_lig	swarm_72	40.0	8.0	
lightdock	luciferin_score	-1.82228	2UUY_rec	2UUY_lig	swarm_72	41.0	3.0	
lightdock	luciferin_score	-2.16326	2UUY_rec	2UUY_lig	swarm_72	42.0	1.0	
lightdock	luciferin_score	-5.22473	2UUY_rec	2UUY_lig	swarm_72	43.0	1.0	
lightdock	luciferin_score	-5.62535	2UUY_rec	2UUY_lig	swarm_72	44.0	1.0	
lightdock	luciferin_score	-8.23423	2UUY_rec	2UUY_lig	swarm_72	45.0	1.0	
lightdock	luciferin_score	-9.15783	2UUY_rec	2UUY_lig	swarm_72	46.0	1.0	
lightdock	luciferin_score	-10.99203	2UUY_rec	2UUY_lig	swarm_72	47.0	1.0	
lightdock	luciferin_score	-15.87003	2UUY_rec	2UUY_lig	swarm_72	48.0	3.0	
lightdock	luciferin_score	-23.99481	2UUY_rec	2UUY_lig	swarm_72	49.0	2.0	
lightdock	luciferin_score	-27.88808	2UUY_rec	2UUY_lig	swarm_72	50.0	2.0	
lightdock	luciferin_score	-28.3568	2UUY_rec	2UUY_lig	swarm_72	51.0	3.0	
lightdock	luciferin_score	-29.47602	2UUY_rec	2UUY_lig	swarm_72	52.0	1.0	
lightdock	luciferin_score	-34.34424	2UUY_rec	2UUY_lig	swarm_72	53.0	1.0	
lightdock	luciferin_score	-34.50766	2UUY_rec	2UUY_lig	swarm_72	54.0	1.0	
lightdock	luciferin_score	-36.91083	2UUY_rec	2UUY_lig	swarm_72	55.0	4.0	
lightdock	luciferin_score	-46.58307	2UUY_rec	2UUY_lig	swarm_72	56.0	1.0	
lightdock	luciferin_score	-53.87543	2UUY_rec	2UUY_lig	swarm_72	57.0	1.0	
lightdock	luciferin_score	22.52581	2UUY_rec	2UUY_lig	swarm_73	0.0	9.0	
lightdock	luciferin_score	16.98747	2UUY_rec	2UUY_lig	swarm_73	1.0	10.0	
lightdock	luciferin_score	15.86135	2UUY_rec	2UUY_lig	swarm_73	2.0	6.0	
lightdock	luciferin_score	15.50377	2UUY_rec	2UUY_lig	swarm_73	3.0	5.0	
lightdock	luciferin_score	15.29064	2UUY_rec	2UUY_lig	swarm_73	4.0	5.0	
lightdock	luciferin_score	14.71134	2UUY_rec	2UUY_lig	swarm_73	5.0	5.0	
lightdock	luciferin_score	13.44856	2UUY_rec	2UUY_lig	swarm_73	6.0	2.0	
lightdock	luciferin_score	12.72655	2UUY_rec	2UUY_lig	swarm_73	7.0	9.0	
lightdock	luciferin_score	12.25569	2UUY_rec	2UUY_lig	swarm_73	8.0	11.0	
lightdock	luciferin_score	11.94292	2UUY_rec	2UUY_lig	swarm_73	9.0	4.0	
lightdock	luciferin_score	11.77857	2UUY_rec	2UUY_lig	swarm_73	10.0	2.0	
lightdock	luciferin_score	11.77385	2UUY_rec	2UUY_lig	swarm_73	11.0	8.0	
lightdock	luciferin_score	11.35312	2UUY_rec	2UUY_lig	swarm_73	12.0	5.0	
lightdock	luciferin_score	11.12392	2UUY_rec	2UUY_lig	swarm_73	13.0	1.0	
lightdock	luciferin_score	10.81627	2UUY_rec	2UUY_lig	swarm_73	14.0	3.0	
lightdock	luciferin_score	10.50968	2UUY_rec	2UUY_lig	swarm_73	15.0	1.0	
lightdock	luciferin_score	10.27853	2UUY_rec	2UUY_lig	swarm_73	16.0	6.0	
lightdock	luciferin_score	9.38742	2UUY_rec	2UUY_lig	swarm_73	17.0	1.0	
lightdock	luciferin_score	9.16002	2UUY_rec	2UUY_lig	swarm_73	18.0	14.0	
lightdock	luciferin_score	8.98925	2UUY_rec	2UUY_lig	swarm_73	19.0	1.0	
lightdock	luciferin_score	8.26457	2UUY_rec	2UUY_lig	swarm_73	20.0	1.0	
lightdock	luciferin_score	8.23682	2UUY_rec	2UUY_lig	swarm_73	21.0	2.0	
lightdock	luciferin_score	8.12253	2UUY_rec	2UUY_lig	swarm_73	22.0	6.0	
lightdock	luciferin_score	7.63221	2UUY_rec	2UUY_lig	swarm_73	23.0	2.0	
lightdock	luciferin_score	7.4318	2UUY_rec	2UUY_lig	swarm_73	24.0	1.0	
lightdock	luciferin_score	7.29665	2UUY_rec	2UUY_lig	swarm_73	25.0	10.0	
lightdock	luciferin_score	6.86957	2UUY_rec	2UUY_lig	swarm_73	26.0	1.0	
lightdock	luciferin_score	6.7083	2UUY_rec	2UUY_lig	swarm_73	27.0	4.0	
lightdock	luciferin_score	6.26731	2UUY_rec	2UUY_lig	swarm_73	28.0	2.0	
lightdock	luciferin_score	5.67825	2UUY_rec	2UUY_lig	swarm_73	29.0	1.0	
lightdock	luciferin_score	4.06301	2UUY_rec	2UUY_lig	swarm_73	30.0	1.0	
lightdock	luciferin_score	1.11203	2UUY_rec	2UUY_lig	swarm_73	31.0	2.0	
lightdock	luciferin_score	0.66205	2UUY_rec	2UUY_lig	swarm_73	32.0	10.0	
lightdock	luciferin_score	-0.1897	2UUY_rec	2UUY_lig	swarm_73	33.0	2.0	
lightdock	luciferin_score	-1.19346	2UUY_rec	2UUY_lig	swarm_73	34.0	4.0	
lightdock	luciferin_score	-1.37762	2UUY_rec	2UUY_lig	swarm_73	35.0	4.0	
lightdock	luciferin_score	-10.39929	2UUY_rec	2UUY_lig	swarm_73	36.0	5.0	
lightdock	luciferin_score	-11.47626	2UUY_rec	2UUY_lig	swarm_73	37.0	4.0	
lightdock	luciferin_score	-17.53333	2UUY_rec	2UUY_lig	swarm_73	38.0	2.0	
lightdock	luciferin_score	-18.23658	2UUY_rec	2UUY_lig	swarm_73	39.0	2.0	
lightdock	luciferin_score	-19.72086	2UUY_rec	2UUY_lig	swarm_73	40.0	5.0	
lightdock	luciferin_score	-20.48638	2UUY_rec	2UUY_lig	swarm_73	41.0	1.0	
lightdock	luciferin_score	-22.38603	2UUY_rec	2UUY_lig	swarm_73	42.0	1.0	
lightdock	luciferin_score	-25.61714	2UUY_rec	2UUY_lig	swarm_73	43.0	5.0	
lightdock	luciferin_score	-31.59444	2UUY_rec	2UUY_lig	swarm_73	44.0	2.0	
lightdock	luciferin_score	-33.68356	2UUY_rec	2UUY_lig	swarm_73	45.0	1.0	
lightdock	luciferin_score	-40.34545	2UUY_rec	2UUY_lig	swarm_73	46.0	3.0	
lightdock	luciferin_score	-42.63781	2UUY_rec	2UUY_lig	swarm_73	47.0	3.0	
lightdock	luciferin_score	-64.43943	2UUY_rec	2UUY_lig	swarm_73	48.0	1.0	
lightdock	luciferin_score	-65.3007	2UUY_rec	2UUY_lig	swarm_73	49.0	2.0	
lightdock	luciferin_score	-77.73865	2UUY_rec	2UUY_lig	swarm_73	50.0	2.0	
lightdock	luciferin_score	14.7469	2UUY_rec	2UUY_lig	swarm_74	0.0	6.0	
lightdock	luciferin_score	14.51352	2UUY_rec	2UUY_lig	swarm_74	1.0	11.0	
lightdock	luciferin_score	13.92041	2UUY_rec	2UUY_lig	swarm_74	2.0	21.0	
lightdock	luciferin_score	13.80313	2UUY_rec	2UUY_lig	swarm_74	3.0	5.0	
lightdock	luciferin_score	13.79966	2UUY_rec	2UUY_lig	swarm_74	4.0	2.0	
lightdock	luciferin_score	13.14358	2UUY_rec	2UUY_lig	swarm_74	5.0	3.0	
lightdock	luciferin_score	13.12821	2UUY_rec	2UUY_lig	swarm_74	6.0	3.0	
lightdock	luciferin_score	13.00337	2UUY_rec	2UUY_lig	swarm_74	7.0	3.0	
lightdock	luciferin_score	11.81863	2UUY_rec	2UUY_lig	swarm_74	8.0	17.0	
lightdock	luciferin_score	11.46113	2UUY_rec	2UUY_lig	swarm_74	9.0	9.0	
lightdock	luciferin_score	11.19791	2UUY_rec	2UUY_lig	swarm_74	10.0	6.0	
lightdock	luciferin_score	10.9255	2UUY_rec	2UUY_lig	swarm_74	11.0	6.0	
lightdock	luciferin_score	10.91811	2UUY_rec	2UUY_lig	swarm_74	12.0	2.0	
lightdock	luciferin_score	10.79504	2UUY_rec	2UUY_lig	swarm_74	13.0	2.0	
lightdock	luciferin_score	10.65393	2UUY_rec	2UUY_lig	swarm_74	14.0	6.0	
lightdock	luciferin_score	10.38462	2UUY_rec	2UUY_lig	swarm_74	15.0	1.0	
lightdock	luciferin_score	10.23705	2UUY_rec	2UUY_lig	swarm_74	16.0	1.0	
lightdock	luciferin_score	10.22795	2UUY_rec	2UUY_lig	swarm_74	17.0	6.0	
lightdock	luciferin_score	10.18661	2UUY_rec	2UUY_lig	swarm_74	18.0	3.0	
lightdock	luciferin_score	10.1751	2UUY_rec	2UUY_lig	swarm_74	19.0	1.0	
lightdock	luciferin_score	10.08882	2UUY_rec	2UUY_lig	swarm_74	20.0	3.0	
lightdock	luciferin_score	9.74927	2UUY_rec	2UUY_lig	swarm_74	21.0	4.0	
lightdock	luciferin_score	9.48619	2UUY_rec	2UUY_lig	swarm_74	22.0	1.0	
lightdock	luciferin_score	9.14657	2UUY_rec	2UUY_lig	swarm_74	23.0	2.0	
lightdock	luciferin_score	9.13911	2UUY_rec	2UUY_lig	swarm_74	24.0	2.0	
lightdock	luciferin_score	9.04345	2UUY_rec	2UUY_lig	swarm_74	25.0	1.0	
lightdock	luciferin_score	8.64207	2UUY_rec	2UUY_lig	swarm_74	26.0	2.0	
lightdock	luciferin_score	8.35557	2UUY_rec	2UUY_lig	swarm_74	27.0	1.0	
lightdock	luciferin_score	8.15832	2UUY_rec	2UUY_lig	swarm_74	28.0	6.0	
lightdock	luciferin_score	7.43534	2UUY_rec	2UUY_lig	swarm_74	29.0	7.0	
lightdock	luciferin_score	7.18376	2UUY_rec	2UUY_lig	swarm_74	30.0	1.0	
lightdock	luciferin_score	7.0743	2UUY_rec	2UUY_lig	swarm_74	31.0	1.0	
lightdock	luciferin_score	6.89606	2UUY_rec	2UUY_lig	swarm_74	32.0	4.0	
lightdock	luciferin_score	6.8499	2UUY_rec	2UUY_lig	swarm_74	33.0	1.0	
lightdock	luciferin_score	6.57537	2UUY_rec	2UUY_lig	swarm_74	34.0	3.0	
lightdock	luciferin_score	6.46609	2UUY_rec	2UUY_lig	swarm_74	35.0	1.0	
lightdock	luciferin_score	6.09434	2UUY_rec	2UUY_lig	swarm_74	36.0	2.0	
lightdock	luciferin_score	6.02584	2UUY_rec	2UUY_lig	swarm_74	37.0	1.0	
lightdock	luciferin_score	5.66523	2UUY_rec	2UUY_lig	swarm_74	38.0	1.0	
lightdock	luciferin_score	5.60769	2UUY_rec	2UUY_lig	swarm_74	39.0	1.0	
lightdock	luciferin_score	3.93237	2UUY_rec	2UUY_lig	swarm_74	40.0	1.0	
lightdock	luciferin_score	3.55597	2UUY_rec	2UUY_lig	swarm_74	41.0	10.0	
lightdock	luciferin_score	1.56261	2UUY_rec	2UUY_lig	swarm_74	42.0	1.0	
lightdock	luciferin_score	-0.27274	2UUY_rec	2UUY_lig	swarm_74	43.0	1.0	
lightdock	luciferin_score	-0.74671	2UUY_rec	2UUY_lig	swarm_74	44.0	1.0	
lightdock	luciferin_score	-3.25996	2UUY_rec	2UUY_lig	swarm_74	45.0	3.0	
lightdock	luciferin_score	-4.8119	2UUY_rec	2UUY_lig	swarm_74	46.0	2.0	
lightdock	luciferin_score	-5.60136	2UUY_rec	2UUY_lig	swarm_74	47.0	1.0	
lightdock	luciferin_score	-9.19221	2UUY_rec	2UUY_lig	swarm_74	48.0	4.0	
lightdock	luciferin_score	-9.56186	2UUY_rec	2UUY_lig	swarm_74	49.0	2.0	
lightdock	luciferin_score	-13.845	2UUY_rec	2UUY_lig	swarm_74	50.0	1.0	
lightdock	luciferin_score	-13.96652	2UUY_rec	2UUY_lig	swarm_74	51.0	2.0	
lightdock	luciferin_score	-17.25825	2UUY_rec	2UUY_lig	swarm_74	52.0	1.0	
lightdock	luciferin_score	-22.75201	2UUY_rec	2UUY_lig	swarm_74	53.0	2.0	
lightdock	luciferin_score	-24.24664	2UUY_rec	2UUY_lig	swarm_74	54.0	1.0	
lightdock	luciferin_score	-29.27501	2UUY_rec	2UUY_lig	swarm_74	55.0	1.0	
lightdock	luciferin_score	-34.04542	2UUY_rec	2UUY_lig	swarm_74	56.0	1.0	
lightdock	luciferin_score	-34.37753	2UUY_rec	2UUY_lig	swarm_74	57.0	1.0	
lightdock	luciferin_score	-35.82892	2UUY_rec	2UUY_lig	swarm_74	58.0	1.0	
lightdock	luciferin_score	-36.28771	2UUY_rec	2UUY_lig	swarm_74	59.0	1.0	
lightdock	luciferin_score	-37.26599	2UUY_rec	2UUY_lig	swarm_74	60.0	2.0	
lightdock	luciferin_score	-40.85634	2UUY_rec	2UUY_lig	swarm_74	61.0	1.0	
lightdock	luciferin_score	22.18686	2UUY_rec	2UUY_lig	swarm_75	0.0	9.0	
lightdock	luciferin_score	20.1353	2UUY_rec	2UUY_lig	swarm_75	1.0	5.0	
lightdock	luciferin_score	18.40136	2UUY_rec	2UUY_lig	swarm_75	2.0	4.0	
lightdock	luciferin_score	17.70127	2UUY_rec	2UUY_lig	swarm_75	3.0	2.0	
lightdock	luciferin_score	17.5532	2UUY_rec	2UUY_lig	swarm_75	4.0	13.0	
lightdock	luciferin_score	13.95429	2UUY_rec	2UUY_lig	swarm_75	5.0	2.0	
lightdock	luciferin_score	13.92987	2UUY_rec	2UUY_lig	swarm_75	6.0	4.0	
lightdock	luciferin_score	13.63283	2UUY_rec	2UUY_lig	swarm_75	7.0	7.0	
lightdock	luciferin_score	13.4021	2UUY_rec	2UUY_lig	swarm_75	8.0	4.0	
lightdock	luciferin_score	13.30408	2UUY_rec	2UUY_lig	swarm_75	9.0	5.0	
lightdock	luciferin_score	13.21725	2UUY_rec	2UUY_lig	swarm_75	10.0	4.0	
lightdock	luciferin_score	12.29662	2UUY_rec	2UUY_lig	swarm_75	11.0	4.0	
lightdock	luciferin_score	12.01711	2UUY_rec	2UUY_lig	swarm_75	12.0	1.0	
lightdock	luciferin_score	11.92649	2UUY_rec	2UUY_lig	swarm_75	13.0	2.0	
lightdock	luciferin_score	11.38246	2UUY_rec	2UUY_lig	swarm_75	14.0	3.0	
lightdock	luciferin_score	11.15732	2UUY_rec	2UUY_lig	swarm_75	15.0	20.0	
lightdock	luciferin_score	11.06621	2UUY_rec	2UUY_lig	swarm_75	16.0	3.0	
lightdock	luciferin_score	10.98755	2UUY_rec	2UUY_lig	swarm_75	17.0	2.0	
lightdock	luciferin_score	10.80795	2UUY_rec	2UUY_lig	swarm_75	18.0	8.0	
lightdock	luciferin_score	10.70035	2UUY_rec	2UUY_lig	swarm_75	19.0	6.0	
lightdock	luciferin_score	10.36205	2UUY_rec	2UUY_lig	swarm_75	20.0	3.0	
lightdock	luciferin_score	10.25684	2UUY_rec	2UUY_lig	swarm_75	21.0	2.0	
lightdock	luciferin_score	9.80017	2UUY_rec	2UUY_lig	swarm_75	22.0	1.0	
lightdock	luciferin_score	9.70716	2UUY_rec	2UUY_lig	swarm_75	23.0	2.0	
lightdock	luciferin_score	9.61893	2UUY_rec	2UUY_lig	swarm_75	24.0	2.0	
lightdock	luciferin_score	9.44126	2UUY_rec	2UUY_lig	swarm_75	25.0	1.0	
lightdock	luciferin_score	9.07475	2UUY_rec	2UUY_lig	swarm_75	26.0	2.0	
lightdock	luciferin_score	8.80841	2UUY_rec	2UUY_lig	swarm_75	27.0	5.0	
lightdock	luciferin_score	8.20804	2UUY_rec	2UUY_lig	swarm_75	28.0	1.0	
lightdock	luciferin_score	7.84773	2UUY_rec	2UUY_lig	swarm_75	29.0	1.0	
lightdock	luciferin_score	7.77438	2UUY_rec	2UUY_lig	swarm_75	30.0	2.0	
lightdock	luciferin_score	7.61448	2UUY_rec	2UUY_lig	swarm_75	31.0	1.0	
lightdock	luciferin_score	6.87313	2UUY_rec	2UUY_lig	swarm_75	32.0	1.0	
lightdock	luciferin_score	6.39769	2UUY_rec	2UUY_lig	swarm_75	33.0	2.0	
lightdock	luciferin_score	5.95055	2UUY_rec	2UUY_lig	swarm_75	34.0	1.0	
lightdock	luciferin_score	4.73651	2UUY_rec	2UUY_lig	swarm_75	35.0	5.0	
lightdock	luciferin_score	4.5334	2UUY_rec	2UUY_lig	swarm_75	36.0	4.0	
lightdock	luciferin_score	-5.72496	2UUY_rec	2UUY_lig	swarm_75	37.0	3.0	
lightdock	luciferin_score	-7.74888	2UUY_rec	2UUY_lig	swarm_75	38.0	2.0	
lightdock	luciferin_score	-9.24989	2UUY_rec	2UUY_lig	swarm_75	39.0	2.0	
lightdock	luciferin_score	-10.8497	2UUY_rec	2UUY_lig	swarm_75	40.0	2.0	
lightdock	luciferin_score	-10.85794	2UUY_rec	2UUY_lig	swarm_75	41.0	3.0	
lightdock	luciferin_score	-18.00186	2UUY_rec	2UUY_lig	swarm_75	42.0	1.0	
lightdock	luciferin_score	-21.2737	2UUY_rec	2UUY_lig	swarm_75	43.0	4.0	
lightdock	luciferin_score	-23.0934	2UUY_rec	2UUY_lig	swarm_75	44.0	2.0	
lightdock	luciferin_score	-23.4972	2UUY_rec	2UUY_lig	swarm_75	45.0	4.0	
lightdock	luciferin_score	-25.49455	2UUY_rec	2UUY_lig	swarm_75	46.0	3.0	
lightdock	luciferin_score	-28.57821	2UUY_rec	2UUY_lig	swarm_75	47.0	2.0	
lightdock	luciferin_score	-29.21781	2UUY_rec	2UUY_lig	swarm_75	48.0	1.0	
lightdock	luciferin_score	-29.84051	2UUY_rec	2UUY_lig	swarm_75	49.0	4.0	
lightdock	luciferin_score	-30.87333	2UUY_rec	2UUY_lig	swarm_75	50.0	3.0	
lightdock	luciferin_score	-31.20526	2UUY_rec	2UUY_lig	swarm_75	51.0	2.0	
lightdock	luciferin_score	-33.03264	2UUY_rec	2UUY_lig	swarm_75	52.0	1.0	
lightdock	luciferin_score	-37.77394	2UUY_rec	2UUY_lig	swarm_75	53.0	1.0	
lightdock	luciferin_score	-40.01788	2UUY_rec	2UUY_lig	swarm_75	54.0	3.0	
lightdock	luciferin_score	-41.56161	2UUY_rec	2UUY_lig	swarm_75	55.0	1.0	
lightdock	luciferin_score	-41.84876	2UUY_rec	2UUY_lig	swarm_75	56.0	6.0	
lightdock	luciferin_score	-59.00791	2UUY_rec	2UUY_lig	swarm_75	57.0	1.0	
lightdock	luciferin_score	-68.84358	2UUY_rec	2UUY_lig	swarm_75	58.0	1.0	
lightdock	luciferin_score	-71.93415	2UUY_rec	2UUY_lig	swarm_75	59.0	2.0	
lightdock	luciferin_score	-73.80366	2UUY_rec	2UUY_lig	swarm_75	60.0	1.0	
lightdock	luciferin_score	-85.93397	2UUY_rec	2UUY_lig	swarm_75	61.0	1.0	
lightdock	luciferin_score	21.06119	2UUY_rec	2UUY_lig	swarm_76	0.0	3.0	
lightdock	luciferin_score	17.96995	2UUY_rec	2UUY_lig	swarm_76	1.0	6.0	
lightdock	luciferin_score	17.28565	2UUY_rec	2UUY_lig	swarm_76	2.0	1.0	
lightdock	luciferin_score	17.23608	2UUY_rec	2UUY_lig	swarm_76	3.0	11.0	
lightdock	luciferin_score	16.51904	2UUY_rec	2UUY_lig	swarm_76	4.0	7.0	
lightdock	luciferin_score	15.62544	2UUY_rec	2UUY_lig	swarm_76	5.0	10.0	
lightdock	luciferin_score	15.59029	2UUY_rec	2UUY_lig	swarm_76	6.0	1.0	
lightdock	luciferin_score	13.97416	2UUY_rec	2UUY_lig	swarm_76	7.0	2.0	
lightdock	luciferin_score	13.51043	2UUY_rec	2UUY_lig	swarm_76	8.0	4.0	
lightdock	luciferin_score	13.09352	2UUY_rec	2UUY_lig	swarm_76	9.0	5.0	
lightdock	luciferin_score	12.92214	2UUY_rec	2UUY_lig	swarm_76	10.0	1.0	
lightdock	luciferin_score	12.85116	2UUY_rec	2UUY_lig	swarm_76	11.0	2.0	
lightdock	luciferin_score	12.7262	2UUY_rec	2UUY_lig	swarm_76	12.0	6.0	
lightdock	luciferin_score	12.43542	2UUY_rec	2UUY_lig	swarm_76	13.0	3.0	
lightdock	luciferin_score	12.27608	2UUY_rec	2UUY_lig	swarm_76	14.0	3.0	
lightdock	luciferin_score	12.1732	2UUY_rec	2UUY_lig	swarm_76	15.0	3.0	
lightdock	luciferin_score	12.03876	2UUY_rec	2UUY_lig	swarm_76	16.0	4.0	
lightdock	luciferin_score	11.88065	2UUY_rec	2UUY_lig	swarm_76	17.0	1.0	
lightdock	luciferin_score	11.65035	2UUY_rec	2UUY_lig	swarm_76	18.0	1.0	
lightdock	luciferin_score	11.4143	2UUY_rec	2UUY_lig	swarm_76	19.0	3.0	
lightdock	luciferin_score	10.98385	2UUY_rec	2UUY_lig	swarm_76	20.0	1.0	
lightdock	luciferin_score	10.97067	2UUY_rec	2UUY_lig	swarm_76	21.0	15.0	
lightdock	luciferin_score	9.83785	2UUY_rec	2UUY_lig	swarm_76	22.0	1.0	
lightdock	luciferin_score	9.24169	2UUY_rec	2UUY_lig	swarm_76	23.0	1.0	
lightdock	luciferin_score	8.6998	2UUY_rec	2UUY_lig	swarm_76	24.0	2.0	
lightdock	luciferin_score	8.44675	2UUY_rec	2UUY_lig	swarm_76	25.0	3.0	
lightdock	luciferin_score	8.26979	2UUY_rec	2UUY_lig	swarm_76	26.0	2.0	
lightdock	luciferin_score	7.17519	2UUY_rec	2UUY_lig	swarm_76	27.0	3.0	
lightdock	luciferin_score	6.97522	2UUY_rec	2UUY_lig	swarm_76	28.0	6.0	
lightdock	luciferin_score	6.48666	2UUY_rec	2UUY_lig	swarm_76	29.0	3.0	
lightdock	luciferin_score	5.24668	2UUY_rec	2UUY_lig	swarm_76	30.0	2.0	
lightdock	luciferin_score	4.0471	2UUY_rec	2UUY_lig	swarm_76	31.0	10.0	
lightdock	luciferin_score	2.97199	2UUY_rec	2UUY_lig	swarm_76	32.0	3.0	
lightdock	luciferin_score	1.50922	2UUY_rec	2UUY_lig	swarm_76	33.0	1.0	
lightdock	luciferin_score	0.47022	2UUY_rec	2UUY_lig	swarm_76	34.0	1.0	
lightdock	luciferin_score	0.16764	2UUY_rec	2UUY_lig	swarm_76	35.0	1.0	
lightdock	luciferin_score	-1.06421	2UUY_rec	2UUY_lig	swarm_76	36.0	1.0	
lightdock	luciferin_score	-3.16292	2UUY_rec	2UUY_lig	swarm_76	37.0	1.0	
lightdock	luciferin_score	-4.52334	2UUY_rec	2UUY_lig	swarm_76	38.0	7.0	
lightdock	luciferin_score	-7.37524	2UUY_rec	2UUY_lig	swarm_76	39.0	2.0	
lightdock	luciferin_score	-10.238	2UUY_rec	2UUY_lig	swarm_76	40.0	9.0	
lightdock	luciferin_score	-11.5965	2UUY_rec	2UUY_lig	swarm_76	41.0	1.0	
lightdock	luciferin_score	-15.37542	2UUY_rec	2UUY_lig	swarm_76	42.0	1.0	
lightdock	luciferin_score	-15.55644	2UUY_rec	2UUY_lig	swarm_76	43.0	2.0	
lightdock	luciferin_score	-17.72642	2UUY_rec	2UUY_lig	swarm_76	44.0	2.0	
lightdock	luciferin_score	-18.28662	2UUY_rec	2UUY_lig	swarm_76	45.0	1.0	
lightdock	luciferin_score	-18.9346	2UUY_rec	2UUY_lig	swarm_76	46.0	4.0	
lightdock	luciferin_score	-21.30498	2UUY_rec	2UUY_lig	swarm_76	47.0	6.0	
lightdock	luciferin_score	-23.42014	2UUY_rec	2UUY_lig	swarm_76	48.0	2.0	
lightdock	luciferin_score	-23.67703	2UUY_rec	2UUY_lig	swarm_76	49.0	1.0	
lightdock	luciferin_score	-24.16307	2UUY_rec	2UUY_lig	swarm_76	50.0	2.0	
lightdock	luciferin_score	-27.55266	2UUY_rec	2UUY_lig	swarm_76	51.0	2.0	
lightdock	luciferin_score	-27.74664	2UUY_rec	2UUY_lig	swarm_76	52.0	1.0	
lightdock	luciferin_score	-32.07235	2UUY_rec	2UUY_lig	swarm_76	53.0	2.0	
lightdock	luciferin_score	-36.42442	2UUY_rec	2UUY_lig	swarm_76	54.0	1.0	
lightdock	luciferin_score	-37.43549	2UUY_rec	2UUY_lig	swarm_76	55.0	2.0	
lightdock	luciferin_score	-56.48267	2UUY_rec	2UUY_lig	swarm_76	56.0	1.0	
lightdock	luciferin_score	-57.87534	2UUY_rec	2UUY_lig	swarm_76	57.0	1.0	
lightdock	luciferin_score	-58.79877	2UUY_rec	2UUY_lig	swarm_76	58.0	1.0	
lightdock	luciferin_score	-67.26801	2UUY_rec	2UUY_lig	swarm_76	59.0	8.0	
lightdock	luciferin_score	-68.1821	2UUY_rec	2UUY_lig	swarm_76	60.0	2.0	
lightdock	luciferin_score	-78.47332	2UUY_rec	2UUY_lig	swarm_76	61.0	2.0	
lightdock	luciferin_score	-83.98862	2UUY_rec	2UUY_lig	swarm_76	62.0	2.0	
lightdock	luciferin_score	-91.54781	2UUY_rec	2UUY_lig	swarm_76	63.0	1.0	
lightdock	luciferin_score	15.7816	2UUY_rec	2UUY_lig	swarm_77	0.0	3.0	
lightdock	luciferin_score	14.35917	2UUY_rec	2UUY_lig	swarm_77	1.0	2.0	
lightdock	luciferin_score	13.55873	2UUY_rec	2UUY_lig	swarm_77	2.0	2.0	
lightdock	luciferin_score	12.91149	2UUY_rec	2UUY_lig	swarm_77	3.0	3.0	
lightdock	luciferin_score	12.42392	2UUY_rec	2UUY_lig	swarm_77	4.0	15.0	
lightdock	luciferin_score	12.0544	2UUY_rec	2UUY_lig	swarm_77	5.0	9.0	
lightdock	luciferin_score	11.81812	2UUY_rec	2UUY_lig	swarm_77	6.0	15.0	
lightdock	luciferin_score	11.74265	2UUY_rec	2UUY_lig	swarm_77	7.0	1.0	
lightdock	luciferin_score	11.62402	2UUY_rec	2UUY_lig	swarm_77	8.0	3.0	
lightdock	luciferin_score	11.05039	2UUY_rec	2UUY_lig	swarm_77	9.0	5.0	
lightdock	luciferin_score	10.84404	2UUY_rec	2UUY_lig	swarm_77	10.0	10.0	
lightdock	luciferin_score	10.59078	2UUY_rec	2UUY_lig	swarm_77	11.0	6.0	
lightdock	luciferin_score	10.51728	2UUY_rec	2UUY_lig	swarm_77	12.0	3.0	
lightdock	luciferin_score	10.27506	2UUY_rec	2UUY_lig	swarm_77	13.0	6.0	
lightdock	luciferin_score	10.22729	2UUY_rec	2UUY_lig	swarm_77	14.0	7.0	
lightdock	luciferin_score	10.11885	2UUY_rec	2UUY_lig	swarm_77	15.0	1.0	
lightdock	luciferin_score	10.10597	2UUY_rec	2UUY_lig	swarm_77	16.0	4.0	
lightdock	luciferin_score	9.77805	2UUY_rec	2UUY_lig	swarm_77	17.0	5.0	
lightdock	luciferin_score	9.47946	2UUY_rec	2UUY_lig	swarm_77	18.0	3.0	
lightdock	luciferin_score	9.04668	2UUY_rec	2UUY_lig	swarm_77	19.0	5.0	
lightdock	luciferin_score	8.91593	2UUY_rec	2UUY_lig	swarm_77	20.0	1.0	
lightdock	luciferin_score	8.82813	2UUY_rec	2UUY_lig	swarm_77	21.0	5.0	
lightdock	luciferin_score	8.73594	2UUY_rec	2UUY_lig	swarm_77	22.0	6.0	
lightdock	luciferin_score	8.09267	2UUY_rec	2UUY_lig	swarm_77	23.0	2.0	
lightdock	luciferin_score	7.99864	2UUY_rec	2UUY_lig	swarm_77	24.0	2.0	
lightdock	luciferin_score	7.67975	2UUY_rec	2UUY_lig	swarm_77	25.0	1.0	
lightdock	luciferin_score	7.64059	2UUY_rec	2UUY_lig	swarm_77	26.0	3.0	
lightdock	luciferin_score	7.6214	2UUY_rec	2UUY_lig	swarm_77	27.0	2.0	
lightdock	luciferin_score	7.60833	2UUY_rec	2UUY_lig	swarm_77	28.0	5.0	
lightdock	luciferin_score	7.41231	2UUY_rec	2UUY_lig	swarm_77	29.0	3.0	
lightdock	luciferin_score	7.15644	2UUY_rec	2UUY_lig	swarm_77	30.0	1.0	
lightdock	luciferin_score	6.94568	2UUY_rec	2UUY_lig	swarm_77	31.0	7.0	
lightdock	luciferin_score	6.92905	2UUY_rec	2UUY_lig	swarm_77	32.0	5.0	
lightdock	luciferin_score	6.90385	2UUY_rec	2UUY_lig	swarm_77	33.0	3.0	
lightdock	luciferin_score	6.7289	2UUY_rec	2UUY_lig	swarm_77	34.0	2.0	
lightdock	luciferin_score	6.63685	2UUY_rec	2UUY_lig	swarm_77	35.0	3.0	
lightdock	luciferin_score	6.47424	2UUY_rec	2UUY_lig	swarm_77	36.0	1.0	
lightdock	luciferin_score	5.28124	2UUY_rec	2UUY_lig	swarm_77	37.0	1.0	
lightdock	luciferin_score	5.09634	2UUY_rec	2UUY_lig	swarm_77	38.0	1.0	
lightdock	luciferin_score	3.93486	2UUY_rec	2UUY_lig	swarm_77	39.0	1.0	
lightdock	luciferin_score	0.14422	2UUY_rec	2UUY_lig	swarm_77	40.0	4.0	
lightdock	luciferin_score	-2.85864	2UUY_rec	2UUY_lig	swarm_77	41.0	1.0	
lightdock	luciferin_score	-3.35873	2UUY_rec	2UUY_lig	swarm_77	42.0	1.0	
lightdock	luciferin_score	-3.93904	2UUY_rec	2UUY_lig	swarm_77	43.0	2.0	
lightdock	luciferin_score	-5.55713	2UUY_rec	2UUY_lig	swarm_77	44.0	1.0	
lightdock	luciferin_score	-5.97055	2UUY_rec	2UUY_lig	swarm_77	45.0	1.0	
lightdock	luciferin_score	-5.99166	2UUY_rec	2UUY_lig	swarm_77	46.0	2.0	
lightdock	luciferin_score	-9.72674	2UUY_rec	2UUY_lig	swarm_77	47.0	6.0	
lightdock	luciferin_score	-10.36407	2UUY_rec	2UUY_lig	swarm_77	48.0	1.0	
lightdock	luciferin_score	-13.66637	2UUY_rec	2UUY_lig	swarm_77	49.0	3.0	
lightdock	luciferin_score	-15.15133	2UUY_rec	2UUY_lig	swarm_77	50.0	2.0	
lightdock	luciferin_score	-18.79607	2UUY_rec	2UUY_lig	swarm_77	51.0	1.0	
lightdock	luciferin_score	-21.22181	2UUY_rec	2UUY_lig	swarm_77	52.0	6.0	
lightdock	luciferin_score	-32.3055	2UUY_rec	2UUY_lig	swarm_77	53.0	2.0	
lightdock	luciferin_score	-34.54772	2UUY_rec	2UUY_lig	swarm_77	54.0	2.0	
lightdock	luciferin_score	-35.31304	2UUY_rec	2UUY_lig	swarm_77	55.0	1.0	
lightdock	luciferin_score	-53.15771	2UUY_rec	2UUY_lig	swarm_77	56.0	1.0	
lightdock	luciferin_score	21.38681	2UUY_rec	2UUY_lig	swarm_78	0.0	8.0	
lightdock	luciferin_score	20.35144	2UUY_rec	2UUY_lig	swarm_78	1.0	5.0	
lightdock	luciferin_score	16.45124	2UUY_rec	2UUY_lig	swarm_78	2.0	3.0	
lightdock	luciferin_score	16.34635	2UUY_rec	2UUY_lig	swarm_78	3.0	11.0	
lightdock	luciferin_score	16.32672	2UUY_rec	2UUY_lig	swarm_78	4.0	1.0	
lightdock	luciferin_score	14.72325	2UUY_rec	2UUY_lig	swarm_78	5.0	9.0	
lightdock	luciferin_score	14.54924	2UUY_rec	2UUY_lig	swarm_78	6.0	3.0	
lightdock	luciferin_score	14.27788	2UUY_rec	2UUY_lig	swarm_78	7.0	12.0	
lightdock	luciferin_score	14.27114	2UUY_rec	2UUY_lig	swarm_78	8.0	3.0	
lightdock	luciferin_score	14.03946	2UUY_rec	2UUY_lig	swarm_78	9.0	9.0	
lightdock	luciferin_score	13.65962	2UUY_rec	2UUY_lig	swarm_78	10.0	4.0	
lightdock	luciferin_score	12.46756	2UUY_rec	2UUY_lig	swarm_78	11.0	8.0	
lightdock	luciferin_score	12.2402	2UUY_rec	2UUY_lig	swarm_78	12.0	7.0	
lightdock	luciferin_score	11.52294	2UUY_rec	2UUY_lig	swarm_78	13.0	5.0	
lightdock	luciferin_score	11.42688	2UUY_rec	2UUY_lig	swarm_78	14.0	1.0	
lightdock	luciferin_score	11.41654	2UUY_rec	2UUY_lig	swarm_78	15.0	4.0	
lightdock	luciferin_score	11.34279	2UUY_rec	2UUY_lig	swarm_78	16.0	7.0	
lightdock	luciferin_score	11.13368	2UUY_rec	2UUY_lig	swarm_78	17.0	1.0	
lightdock	luciferin_score	11.05125	2UUY_rec	2UUY_lig	swarm_78	18.0	3.0	
lightdock	luciferin_score	10.86918	2UUY_rec	2UUY_lig	swarm_78	19.0	5.0	
lightdock	luciferin_score	10.84756	2UUY_rec	2UUY_lig	swarm_78	20.0	3.0	
lightdock	luciferin_score	10.82735	2UUY_rec	2UUY_lig	swarm_78	21.0	2.0	
lightdock	luciferin_score	10.78322	2UUY_rec	2UUY_lig	swarm_78	22.0	2.0	
lightdock	luciferin_score	10.73841	2UUY_rec	2UUY_lig	swarm_78	23.0	9.0	
lightdock	luciferin_score	10.16004	2UUY_rec	2UUY_lig	swarm_78	24.0	1.0	
lightdock	luciferin_score	10.09115	2UUY_rec	2UUY_lig	swarm_78	25.0	3.0	
lightdock	luciferin_score	9.95302	2UUY_rec	2UUY_lig	swarm_78	26.0	1.0	
lightdock	luciferin_score	9.7927	2UUY_rec	2UUY_lig	swarm_78	27.0	4.0	
lightdock	luciferin_score	9.76927	2UUY_rec	2UUY_lig	swarm_78	28.0	6.0	
lightdock	luciferin_score	9.70218	2UUY_rec	2UUY_lig	swarm_78	29.0	2.0	
lightdock	luciferin_score	9.55677	2UUY_rec	2UUY_lig	swarm_78	30.0	9.0	
lightdock	luciferin_score	8.0057	2UUY_rec	2UUY_lig	swarm_78	31.0	1.0	
lightdock	luciferin_score	7.75764	2UUY_rec	2UUY_lig	swarm_78	32.0	2.0	
lightdock	luciferin_score	7.5946	2UUY_rec	2UUY_lig	swarm_78	33.0	3.0	
lightdock	luciferin_score	7.5171	2UUY_rec	2UUY_lig	swarm_78	34.0	3.0	
lightdock	luciferin_score	7.26018	2UUY_rec	2UUY_lig	swarm_78	35.0	5.0	
lightdock	luciferin_score	6.9226	2UUY_rec	2UUY_lig	swarm_78	36.0	1.0	
lightdock	luciferin_score	6.74321	2UUY_rec	2UUY_lig	swarm_78	37.0	1.0	
lightdock	luciferin_score	6.52367	2UUY_rec	2UUY_lig	swarm_78	38.0	1.0	
lightdock	luciferin_score	5.95482	2UUY_rec	2UUY_lig	swarm_78	39.0	1.0	
lightdock	luciferin_score	5.9315	2UUY_rec	2UUY_lig	swarm_78	40.0	2.0	
lightdock	luciferin_score	5.39954	2UUY_rec	2UUY_lig	swarm_78	41.0	1.0	
lightdock	luciferin_score	4.74142	2UUY_rec	2UUY_lig	swarm_78	42.0	4.0	
lightdock	luciferin_score	4.32205	2UUY_rec	2UUY_lig	swarm_78	43.0	3.0	
lightdock	luciferin_score	1.99729	2UUY_rec	2UUY_lig	swarm_78	44.0	4.0	
lightdock	luciferin_score	1.62345	2UUY_rec	2UUY_lig	swarm_78	45.0	1.0	
lightdock	luciferin_score	0.82206	2UUY_rec	2UUY_lig	swarm_78	46.0	1.0	
lightdock	luciferin_score	0.61151	2UUY_rec	2UUY_lig	swarm_78	47.0	1.0	
lightdock	luciferin_score	0.25338	2UUY_rec	2UUY_lig	swarm_78	48.0	1.0	
lightdock	luciferin_score	-2.69605	2UUY_rec	2UUY_lig	swarm_78	49.0	1.0	
lightdock	luciferin_score	-13.3124	2UUY_rec	2UUY_lig	swarm_78	50.0	1.0	
lightdock	luciferin_score	-13.71399	2UUY_rec	2UUY_lig	swarm_78	51.0	3.0	
lightdock	luciferin_score	-14.52471	2UUY_rec	2UUY_lig	swarm_78	52.0	1.0	
lightdock	luciferin_score	-15.08594	2UUY_rec	2UUY_lig	swarm_78	53.0	1.0	
lightdock	luciferin_score	-16.92419	2UUY_rec	2UUY_lig	swarm_78	54.0	1.0	
lightdock	luciferin_score	-21.40902	2UUY_rec	2UUY_lig	swarm_78	55.0	1.0	
lightdock	luciferin_score	-21.52733	2UUY_rec	2UUY_lig	swarm_78	56.0	1.0	
lightdock	luciferin_score	-21.68682	2UUY_rec	2UUY_lig	swarm_78	57.0	1.0	
lightdock	luciferin_score	-28.17892	2UUY_rec	2UUY_lig	swarm_78	58.0	1.0	
lightdock	luciferin_score	-38.35081	2UUY_rec	2UUY_lig	swarm_78	59.0	1.0	
lightdock	luciferin_score	17.26966	2UUY_rec	2UUY_lig	swarm_79	0.0	5.0	
lightdock	luciferin_score	13.98735	2UUY_rec	2UUY_lig	swarm_79	1.0	4.0	
lightdock	luciferin_score	13.71038	2UUY_rec	2UUY_lig	swarm_79	2.0	1.0	
lightdock	luciferin_score	13.14663	2UUY_rec	2UUY_lig	swarm_79	3.0	10.0	
lightdock	luciferin_score	12.47758	2UUY_rec	2UUY_lig	swarm_79	4.0	3.0	
lightdock	luciferin_score	12.36378	2UUY_rec	2UUY_lig	swarm_79	5.0	7.0	
lightdock	luciferin_score	12.28112	2UUY_rec	2UUY_lig	swarm_79	6.0	2.0	
lightdock	luciferin_score	12.12304	2UUY_rec	2UUY_lig	swarm_79	7.0	4.0	
lightdock	luciferin_score	11.7405	2UUY_rec	2UUY_lig	swarm_79	8.0	4.0	
lightdock	luciferin_score	11.4818	2UUY_rec	2UUY_lig	swarm_79	9.0	8.0	
lightdock	luciferin_score	11.16184	2UUY_rec	2UUY_lig	swarm_79	10.0	12.0	
lightdock	luciferin_score	10.99191	2UUY_rec	2UUY_lig	swarm_79	11.0	2.0	
lightdock	luciferin_score	10.79688	2UUY_rec	2UUY_lig	swarm_79	12.0	10.0	
lightdock	luciferin_score	10.77283	2UUY_rec	2UUY_lig	swarm_79	13.0	3.0	
lightdock	luciferin_score	10.46231	2UUY_rec	2UUY_lig	swarm_79	14.0	2.0	
lightdock	luciferin_score	10.13155	2UUY_rec	2UUY_lig	swarm_79	15.0	5.0	
lightdock	luciferin_score	9.99336	2UUY_rec	2UUY_lig	swarm_79	16.0	2.0	
lightdock	luciferin_score	9.96444	2UUY_rec	2UUY_lig	swarm_79	17.0	2.0	
lightdock	luciferin_score	9.7731	2UUY_rec	2UUY_lig	swarm_79	18.0	4.0	
lightdock	luciferin_score	9.61389	2UUY_rec	2UUY_lig	swarm_79	19.0	2.0	
lightdock	luciferin_score	9.21444	2UUY_rec	2UUY_lig	swarm_79	20.0	3.0	
lightdock	luciferin_score	8.96398	2UUY_rec	2UUY_lig	swarm_79	21.0	2.0	
lightdock	luciferin_score	8.95068	2UUY_rec	2UUY_lig	swarm_79	22.0	3.0	
lightdock	luciferin_score	8.72937	2UUY_rec	2UUY_lig	swarm_79	23.0	2.0	
lightdock	luciferin_score	8.26904	2UUY_rec	2UUY_lig	swarm_79	24.0	2.0	
lightdock	luciferin_score	8.21893	2UUY_rec	2UUY_lig	swarm_79	25.0	7.0	
lightdock	luciferin_score	8.16588	2UUY_rec	2UUY_lig	swarm_79	26.0	1.0	
lightdock	luciferin_score	8.03902	2UUY_rec	2UUY_lig	swarm_79	27.0	5.0	
lightdock	luciferin_score	7.86604	2UUY_rec	2UUY_lig	swarm_79	28.0	3.0	
lightdock	luciferin_score	7.71113	2UUY_rec	2UUY_lig	swarm_79	29.0	3.0	
lightdock	luciferin_score	7.47547	2UUY_rec	2UUY_lig	swarm_79	30.0	2.0	
lightdock	luciferin_score	7.22559	2UUY_rec	2UUY_lig	swarm_79	31.0	4.0	
lightdock	luciferin_score	6.97832	2UUY_rec	2UUY_lig	swarm_79	32.0	2.0	
lightdock	luciferin_score	6.95615	2UUY_rec	2UUY_lig	swarm_79	33.0	2.0	
lightdock	luciferin_score	6.85887	2UUY_rec	2UUY_lig	swarm_79	34.0	2.0	
lightdock	luciferin_score	6.7838	2UUY_rec	2UUY_lig	swarm_79	35.0	2.0	
lightdock	luciferin_score	6.60649	2UUY_rec	2UUY_lig	swarm_79	36.0	1.0	
lightdock	luciferin_score	6.16358	2UUY_rec	2UUY_lig	swarm_79	37.0	1.0	
lightdock	luciferin_score	5.55586	2UUY_rec	2UUY_lig	swarm_79	38.0	6.0	
lightdock	luciferin_score	4.32041	2UUY_rec	2UUY_lig	swarm_79	39.0	2.0	
lightdock	luciferin_score	2.88912	2UUY_rec	2UUY_lig	swarm_79	40.0	3.0	
lightdock	luciferin_score	2.16569	2UUY_rec	2UUY_lig	swarm_79	41.0	1.0	
lightdock	luciferin_score	1.71176	2UUY_rec	2UUY_lig	swarm_79	42.0	1.0	
lightdock	luciferin_score	-0.57498	2UUY_rec	2UUY_lig	swarm_79	43.0	1.0	
lightdock	luciferin_score	-0.71738	2UUY_rec	2UUY_lig	swarm_79	44.0	1.0	
lightdock	luciferin_score	-1.09096	2UUY_rec	2UUY_lig	swarm_79	45.0	4.0	
lightdock	luciferin_score	-2.16964	2UUY_rec	2UUY_lig	swarm_79	46.0	1.0	
lightdock	luciferin_score	-2.84982	2UUY_rec	2UUY_lig	swarm_79	47.0	7.0	
lightdock	luciferin_score	-5.63673	2UUY_rec	2UUY_lig	swarm_79	48.0	1.0	
lightdock	luciferin_score	-5.64902	2UUY_rec	2UUY_lig	swarm_79	49.0	2.0	
lightdock	luciferin_score	-7.37285	2UUY_rec	2UUY_lig	swarm_79	50.0	10.0	
lightdock	luciferin_score	-13.46733	2UUY_rec	2UUY_lig	swarm_79	51.0	2.0	
lightdock	luciferin_score	-16.63636	2UUY_rec	2UUY_lig	swarm_79	52.0	3.0	
lightdock	luciferin_score	-17.40484	2UUY_rec	2UUY_lig	swarm_79	53.0	1.0	
lightdock	luciferin_score	-21.06146	2UUY_rec	2UUY_lig	swarm_79	54.0	2.0	
lightdock	luciferin_score	-22.17603	2UUY_rec	2UUY_lig	swarm_79	55.0	2.0	
lightdock	luciferin_score	-23.18065	2UUY_rec	2UUY_lig	swarm_79	56.0	1.0	
lightdock	luciferin_score	-23.83046	2UUY_rec	2UUY_lig	swarm_79	57.0	4.0	
lightdock	luciferin_score	-23.89496	2UUY_rec	2UUY_lig	swarm_79	58.0	1.0	
lightdock	luciferin_score	-29.82745	2UUY_rec	2UUY_lig	swarm_79	59.0	2.0	
lightdock	luciferin_score	-35.94571	2UUY_rec	2UUY_lig	swarm_79	60.0	1.0	
lightdock	luciferin_score	-62.62082	2UUY_rec	2UUY_lig	swarm_79	61.0	1.0	
lightdock	luciferin_score	-75.21454	2UUY_rec	2UUY_lig	swarm_79	62.0	1.0	
lightdock	luciferin_score	15.52677	2UUY_rec	2UUY_lig	swarm_8	0.0	1.0	
lightdock	luciferin_score	14.04102	2UUY_rec	2UUY_lig	swarm_8	1.0	17.0	
lightdock	luciferin_score	13.75639	2UUY_rec	2UUY_lig	swarm_8	2.0	5.0	
lightdock	luciferin_score	13.15569	2UUY_rec	2UUY_lig	swarm_8	3.0	6.0	
lightdock	luciferin_score	13.02014	2UUY_rec	2UUY_lig	swarm_8	4.0	4.0	
lightdock	luciferin_score	12.93427	2UUY_rec	2UUY_lig	swarm_8	5.0	4.0	
lightdock	luciferin_score	12.8913	2UUY_rec	2UUY_lig	swarm_8	6.0	7.0	
lightdock	luciferin_score	12.37696	2UUY_rec	2UUY_lig	swarm_8	7.0	4.0	
lightdock	luciferin_score	12.24653	2UUY_rec	2UUY_lig	swarm_8	8.0	13.0	
lightdock	luciferin_score	12.09807	2UUY_rec	2UUY_lig	swarm_8	9.0	2.0	
lightdock	luciferin_score	12.07605	2UUY_rec	2UUY_lig	swarm_8	10.0	11.0	
lightdock	luciferin_score	11.9944	2UUY_rec	2UUY_lig	swarm_8	11.0	2.0	
lightdock	luciferin_score	11.98189	2UUY_rec	2UUY_lig	swarm_8	12.0	3.0	
lightdock	luciferin_score	11.8975	2UUY_rec	2UUY_lig	swarm_8	13.0	1.0	
lightdock	luciferin_score	11.83412	2UUY_rec	2UUY_lig	swarm_8	14.0	4.0	
lightdock	luciferin_score	11.69371	2UUY_rec	2UUY_lig	swarm_8	15.0	6.0	
lightdock	luciferin_score	11.55514	2UUY_rec	2UUY_lig	swarm_8	16.0	4.0	
lightdock	luciferin_score	11.00697	2UUY_rec	2UUY_lig	swarm_8	17.0	1.0	
lightdock	luciferin_score	10.77449	2UUY_rec	2UUY_lig	swarm_8	18.0	1.0	
lightdock	luciferin_score	10.68638	2UUY_rec	2UUY_lig	swarm_8	19.0	5.0	
lightdock	luciferin_score	10.59678	2UUY_rec	2UUY_lig	swarm_8	20.0	4.0	
lightdock	luciferin_score	9.97997	2UUY_rec	2UUY_lig	swarm_8	21.0	3.0	
lightdock	luciferin_score	9.96867	2UUY_rec	2UUY_lig	swarm_8	22.0	1.0	
lightdock	luciferin_score	9.90434	2UUY_rec	2UUY_lig	swarm_8	23.0	2.0	
lightdock	luciferin_score	9.68518	2UUY_rec	2UUY_lig	swarm_8	24.0	1.0	
lightdock	luciferin_score	9.66951	2UUY_rec	2UUY_lig	swarm_8	25.0	3.0	
lightdock	luciferin_score	9.62176	2UUY_rec	2UUY_lig	swarm_8	26.0	8.0	
lightdock	luciferin_score	9.53045	2UUY_rec	2UUY_lig	swarm_8	27.0	3.0	
lightdock	luciferin_score	9.38769	2UUY_rec	2UUY_lig	swarm_8	28.0	2.0	
lightdock	luciferin_score	9.18175	2UUY_rec	2UUY_lig	swarm_8	29.0	4.0	
lightdock	luciferin_score	8.63609	2UUY_rec	2UUY_lig	swarm_8	30.0	3.0	
lightdock	luciferin_score	8.56117	2UUY_rec	2UUY_lig	swarm_8	31.0	1.0	
lightdock	luciferin_score	8.55662	2UUY_rec	2UUY_lig	swarm_8	32.0	1.0	
lightdock	luciferin_score	8.27227	2UUY_rec	2UUY_lig	swarm_8	33.0	3.0	
lightdock	luciferin_score	8.08532	2UUY_rec	2UUY_lig	swarm_8	34.0	1.0	
lightdock	luciferin_score	8.05211	2UUY_rec	2UUY_lig	swarm_8	35.0	3.0	
lightdock	luciferin_score	7.52016	2UUY_rec	2UUY_lig	swarm_8	36.0	1.0	
lightdock	luciferin_score	7.37812	2UUY_rec	2UUY_lig	swarm_8	37.0	3.0	
lightdock	luciferin_score	6.92913	2UUY_rec	2UUY_lig	swarm_8	38.0	1.0	
lightdock	luciferin_score	5.50461	2UUY_rec	2UUY_lig	swarm_8	39.0	1.0	
lightdock	luciferin_score	4.84636	2UUY_rec	2UUY_lig	swarm_8	40.0	1.0	
lightdock	luciferin_score	4.624	2UUY_rec	2UUY_lig	swarm_8	41.0	1.0	
lightdock	luciferin_score	4.37123	2UUY_rec	2UUY_lig	swarm_8	42.0	1.0	
lightdock	luciferin_score	4.23661	2UUY_rec	2UUY_lig	swarm_8	43.0	1.0	
lightdock	luciferin_score	2.49514	2UUY_rec	2UUY_lig	swarm_8	44.0	1.0	
lightdock	luciferin_score	2.00533	2UUY_rec	2UUY_lig	swarm_8	45.0	2.0	
lightdock	luciferin_score	1.87667	2UUY_rec	2UUY_lig	swarm_8	46.0	2.0	
lightdock	luciferin_score	1.70299	2UUY_rec	2UUY_lig	swarm_8	47.0	1.0	
lightdock	luciferin_score	1.35619	2UUY_rec	2UUY_lig	swarm_8	48.0	4.0	
lightdock	luciferin_score	-2.82968	2UUY_rec	2UUY_lig	swarm_8	49.0	1.0	
lightdock	luciferin_score	-3.70667	2UUY_rec	2UUY_lig	swarm_8	50.0	2.0	
lightdock	luciferin_score	-6.46529	2UUY_rec	2UUY_lig	swarm_8	51.0	1.0	
lightdock	luciferin_score	-7.41916	2UUY_rec	2UUY_lig	swarm_8	52.0	2.0	
lightdock	luciferin_score	-8.45874	2UUY_rec	2UUY_lig	swarm_8	53.0	6.0	
lightdock	luciferin_score	-11.75684	2UUY_rec	2UUY_lig	swarm_8	54.0	5.0	
lightdock	luciferin_score	-12.89172	2UUY_rec	2UUY_lig	swarm_8	55.0	1.0	
lightdock	luciferin_score	-14.5685	2UUY_rec	2UUY_lig	swarm_8	56.0	1.0	
lightdock	luciferin_score	-21.31897	2UUY_rec	2UUY_lig	swarm_8	57.0	6.0	
lightdock	luciferin_score	-22.86167	2UUY_rec	2UUY_lig	swarm_8	58.0	1.0	
lightdock	luciferin_score	-26.65243	2UUY_rec	2UUY_lig	swarm_8	59.0	1.0	
lightdock	luciferin_score	-27.65549	2UUY_rec	2UUY_lig	swarm_8	60.0	1.0	
lightdock	luciferin_score	-29.02458	2UUY_rec	2UUY_lig	swarm_8	61.0	1.0	
lightdock	luciferin_score	-29.67125	2UUY_rec	2UUY_lig	swarm_8	62.0	1.0	
lightdock	luciferin_score	-30.98184	2UUY_rec	2UUY_lig	swarm_8	63.0	1.0	
lightdock	luciferin_score	-32.60219	2UUY_rec	2UUY_lig	swarm_8	64.0	1.0	
lightdock	luciferin_score	-39.65197	2UUY_rec	2UUY_lig	swarm_8	65.0	2.0	
lightdock	luciferin_score	-79.88996	2UUY_rec	2UUY_lig	swarm_8	66.0	1.0	
lightdock	luciferin_score	-88.12382	2UUY_rec	2UUY_lig	swarm_8	67.0	1.0	
lightdock	luciferin_score	17.61961	2UUY_rec	2UUY_lig	swarm_80	0.0	5.0	
lightdock	luciferin_score	16.55908	2UUY_rec	2UUY_lig	swarm_80	1.0	4.0	
lightdock	luciferin_score	15.46957	2UUY_rec	2UUY_lig	swarm_80	2.0	11.0	
lightdock	luciferin_score	14.72712	2UUY_rec	2UUY_lig	swarm_80	3.0	5.0	
lightdock	luciferin_score	14.48379	2UUY_rec	2UUY_lig	swarm_80	4.0	8.0	
lightdock	luciferin_score	14.19142	2UUY_rec	2UUY_lig	swarm_80	5.0	6.0	
lightdock	luciferin_score	12.99805	2UUY_rec	2UUY_lig	swarm_80	6.0	4.0	
lightdock	luciferin_score	12.70393	2UUY_rec	2UUY_lig	swarm_80	7.0	3.0	
lightdock	luciferin_score	12.50537	2UUY_rec	2UUY_lig	swarm_80	8.0	2.0	
lightdock	luciferin_score	12.12097	2UUY_rec	2UUY_lig	swarm_80	9.0	1.0	
lightdock	luciferin_score	11.56388	2UUY_rec	2UUY_lig	swarm_80	10.0	9.0	
lightdock	luciferin_score	11.50634	2UUY_rec	2UUY_lig	swarm_80	11.0	8.0	
lightdock	luciferin_score	11.26222	2UUY_rec	2UUY_lig	swarm_80	12.0	5.0	
lightdock	luciferin_score	11.2078	2UUY_rec	2UUY_lig	swarm_80	13.0	6.0	
lightdock	luciferin_score	10.59482	2UUY_rec	2UUY_lig	swarm_80	14.0	7.0	
lightdock	luciferin_score	10.4236	2UUY_rec	2UUY_lig	swarm_80	15.0	5.0	
lightdock	luciferin_score	10.23291	2UUY_rec	2UUY_lig	swarm_80	16.0	4.0	
lightdock	luciferin_score	10.1849	2UUY_rec	2UUY_lig	swarm_80	17.0	7.0	
lightdock	luciferin_score	9.98149	2UUY_rec	2UUY_lig	swarm_80	18.0	3.0	
lightdock	luciferin_score	9.85112	2UUY_rec	2UUY_lig	swarm_80	19.0	3.0	
lightdock	luciferin_score	9.61381	2UUY_rec	2UUY_lig	swarm_80	20.0	3.0	
lightdock	luciferin_score	9.5407	2UUY_rec	2UUY_lig	swarm_80	21.0	3.0	
lightdock	luciferin_score	9.42529	2UUY_rec	2UUY_lig	swarm_80	22.0	2.0	
lightdock	luciferin_score	9.39867	2UUY_rec	2UUY_lig	swarm_80	23.0	2.0	
lightdock	luciferin_score	9.20529	2UUY_rec	2UUY_lig	swarm_80	24.0	2.0	
lightdock	luciferin_score	9.10479	2UUY_rec	2UUY_lig	swarm_80	25.0	6.0	
lightdock	luciferin_score	9.09127	2UUY_rec	2UUY_lig	swarm_80	26.0	2.0	
lightdock	luciferin_score	8.97509	2UUY_rec	2UUY_lig	swarm_80	27.0	1.0	
lightdock	luciferin_score	8.89593	2UUY_rec	2UUY_lig	swarm_80	28.0	5.0	
lightdock	luciferin_score	8.46886	2UUY_rec	2UUY_lig	swarm_80	29.0	4.0	
lightdock	luciferin_score	8.38227	2UUY_rec	2UUY_lig	swarm_80	30.0	1.0	
lightdock	luciferin_score	7.91484	2UUY_rec	2UUY_lig	swarm_80	31.0	2.0	
lightdock	luciferin_score	7.85929	2UUY_rec	2UUY_lig	swarm_80	32.0	1.0	
lightdock	luciferin_score	7.80416	2UUY_rec	2UUY_lig	swarm_80	33.0	1.0	
lightdock	luciferin_score	7.75261	2UUY_rec	2UUY_lig	swarm_80	34.0	2.0	
lightdock	luciferin_score	7.75092	2UUY_rec	2UUY_lig	swarm_80	35.0	1.0	
lightdock	luciferin_score	7.74665	2UUY_rec	2UUY_lig	swarm_80	36.0	3.0	
lightdock	luciferin_score	7.71952	2UUY_rec	2UUY_lig	swarm_80	37.0	1.0	
lightdock	luciferin_score	7.68668	2UUY_rec	2UUY_lig	swarm_80	38.0	2.0	
lightdock	luciferin_score	7.05139	2UUY_rec	2UUY_lig	swarm_80	39.0	1.0	
lightdock	luciferin_score	6.62658	2UUY_rec	2UUY_lig	swarm_80	40.0	2.0	
lightdock	luciferin_score	6.42448	2UUY_rec	2UUY_lig	swarm_80	41.0	2.0	
lightdock	luciferin_score	6.41433	2UUY_rec	2UUY_lig	swarm_80	42.0	3.0	
lightdock	luciferin_score	6.30931	2UUY_rec	2UUY_lig	swarm_80	43.0	1.0	
lightdock	luciferin_score	6.02375	2UUY_rec	2UUY_lig	swarm_80	44.0	1.0	
lightdock	luciferin_score	5.93569	2UUY_rec	2UUY_lig	swarm_80	45.0	1.0	
lightdock	luciferin_score	5.67105	2UUY_rec	2UUY_lig	swarm_80	46.0	2.0	
lightdock	luciferin_score	5.64531	2UUY_rec	2UUY_lig	swarm_80	47.0	1.0	
lightdock	luciferin_score	5.41888	2UUY_rec	2UUY_lig	swarm_80	48.0	1.0	
lightdock	luciferin_score	5.06324	2UUY_rec	2UUY_lig	swarm_80	49.0	1.0	
lightdock	luciferin_score	4.52011	2UUY_rec	2UUY_lig	swarm_80	50.0	5.0	
lightdock	luciferin_score	4.26807	2UUY_rec	2UUY_lig	swarm_80	51.0	1.0	
lightdock	luciferin_score	3.43727	2UUY_rec	2UUY_lig	swarm_80	52.0	1.0	
lightdock	luciferin_score	-1.96306	2UUY_rec	2UUY_lig	swarm_80	53.0	1.0	
lightdock	luciferin_score	-1.96809	2UUY_rec	2UUY_lig	swarm_80	54.0	1.0	
lightdock	luciferin_score	-2.60391	2UUY_rec	2UUY_lig	swarm_80	55.0	4.0	
lightdock	luciferin_score	-5.63593	2UUY_rec	2UUY_lig	swarm_80	56.0	1.0	
lightdock	luciferin_score	-7.9608	2UUY_rec	2UUY_lig	swarm_80	57.0	1.0	
lightdock	luciferin_score	-13.62106	2UUY_rec	2UUY_lig	swarm_80	58.0	4.0	
lightdock	luciferin_score	-21.78762	2UUY_rec	2UUY_lig	swarm_80	59.0	1.0	
lightdock	luciferin_score	-28.4197	2UUY_rec	2UUY_lig	swarm_80	60.0	1.0	
lightdock	luciferin_score	-29.15353	2UUY_rec	2UUY_lig	swarm_80	61.0	1.0	
lightdock	luciferin_score	-29.18833	2UUY_rec	2UUY_lig	swarm_80	62.0	1.0	
lightdock	luciferin_score	-30.93139	2UUY_rec	2UUY_lig	swarm_80	63.0	5.0	
lightdock	luciferin_score	-31.02212	2UUY_rec	2UUY_lig	swarm_80	64.0	1.0	
lightdock	luciferin_score	-42.28575	2UUY_rec	2UUY_lig	swarm_80	65.0	1.0	
lightdock	luciferin_score	-43.01819	2UUY_rec	2UUY_lig	swarm_80	66.0	3.0	
lightdock	luciferin_score	-46.30943	2UUY_rec	2UUY_lig	swarm_80	67.0	1.0	
lightdock	luciferin_score	20.5271	2UUY_rec	2UUY_lig	swarm_81	0.0	8.0	
lightdock	luciferin_score	20.34575	2UUY_rec	2UUY_lig	swarm_81	1.0	17.0	
lightdock	luciferin_score	14.9688	2UUY_rec	2UUY_lig	swarm_81	2.0	2.0	
lightdock	luciferin_score	14.95476	2UUY_rec	2UUY_lig	swarm_81	3.0	9.0	
lightdock	luciferin_score	14.85297	2UUY_rec	2UUY_lig	swarm_81	4.0	3.0	
lightdock	luciferin_score	14.66871	2UUY_rec	2UUY_lig	swarm_81	5.0	4.0	
lightdock	luciferin_score	14.4421	2UUY_rec	2UUY_lig	swarm_81	6.0	6.0	
lightdock	luciferin_score	14.36108	2UUY_rec	2UUY_lig	swarm_81	7.0	1.0	
lightdock	luciferin_score	14.31492	2UUY_rec	2UUY_lig	swarm_81	8.0	1.0	
lightdock	luciferin_score	13.70891	2UUY_rec	2UUY_lig	swarm_81	9.0	6.0	
lightdock	luciferin_score	13.5415	2UUY_rec	2UUY_lig	swarm_81	10.0	1.0	
lightdock	luciferin_score	12.25938	2UUY_rec	2UUY_lig	swarm_81	11.0	3.0	
lightdock	luciferin_score	12.20589	2UUY_rec	2UUY_lig	swarm_81	12.0	10.0	
lightdock	luciferin_score	12.07803	2UUY_rec	2UUY_lig	swarm_81	13.0	4.0	
lightdock	luciferin_score	12.03534	2UUY_rec	2UUY_lig	swarm_81	14.0	7.0	
lightdock	luciferin_score	11.95795	2UUY_rec	2UUY_lig	swarm_81	15.0	7.0	
lightdock	luciferin_score	11.91033	2UUY_rec	2UUY_lig	swarm_81	16.0	5.0	
lightdock	luciferin_score	11.70044	2UUY_rec	2UUY_lig	swarm_81	17.0	7.0	
lightdock	luciferin_score	11.57244	2UUY_rec	2UUY_lig	swarm_81	18.0	3.0	
lightdock	luciferin_score	10.49621	2UUY_rec	2UUY_lig	swarm_81	19.0	3.0	
lightdock	luciferin_score	10.28262	2UUY_rec	2UUY_lig	swarm_81	20.0	4.0	
lightdock	luciferin_score	10.25989	2UUY_rec	2UUY_lig	swarm_81	21.0	1.0	
lightdock	luciferin_score	10.24896	2UUY_rec	2UUY_lig	swarm_81	22.0	3.0	
lightdock	luciferin_score	9.87821	2UUY_rec	2UUY_lig	swarm_81	23.0	2.0	
lightdock	luciferin_score	9.6396	2UUY_rec	2UUY_lig	swarm_81	24.0	2.0	
lightdock	luciferin_score	9.54926	2UUY_rec	2UUY_lig	swarm_81	25.0	2.0	
lightdock	luciferin_score	8.0622	2UUY_rec	2UUY_lig	swarm_81	26.0	6.0	
lightdock	luciferin_score	7.79325	2UUY_rec	2UUY_lig	swarm_81	27.0	7.0	
lightdock	luciferin_score	7.53977	2UUY_rec	2UUY_lig	swarm_81	28.0	3.0	
lightdock	luciferin_score	7.42857	2UUY_rec	2UUY_lig	swarm_81	29.0	2.0	
lightdock	luciferin_score	5.12492	2UUY_rec	2UUY_lig	swarm_81	30.0	1.0	
lightdock	luciferin_score	4.97971	2UUY_rec	2UUY_lig	swarm_81	31.0	1.0	
lightdock	luciferin_score	4.75204	2UUY_rec	2UUY_lig	swarm_81	32.0	1.0	
lightdock	luciferin_score	4.19859	2UUY_rec	2UUY_lig	swarm_81	33.0	1.0	
lightdock	luciferin_score	1.62246	2UUY_rec	2UUY_lig	swarm_81	34.0	2.0	
lightdock	luciferin_score	-0.66848	2UUY_rec	2UUY_lig	swarm_81	35.0	1.0	
lightdock	luciferin_score	-1.33243	2UUY_rec	2UUY_lig	swarm_81	36.0	3.0	
lightdock	luciferin_score	-1.36722	2UUY_rec	2UUY_lig	swarm_81	37.0	1.0	
lightdock	luciferin_score	-4.40274	2UUY_rec	2UUY_lig	swarm_81	38.0	1.0	
lightdock	luciferin_score	-5.35548	2UUY_rec	2UUY_lig	swarm_81	39.0	1.0	
lightdock	luciferin_score	-5.70649	2UUY_rec	2UUY_lig	swarm_81	40.0	2.0	
lightdock	luciferin_score	-7.52773	2UUY_rec	2UUY_lig	swarm_81	41.0	1.0	
lightdock	luciferin_score	-10.01952	2UUY_rec	2UUY_lig	swarm_81	42.0	1.0	
lightdock	luciferin_score	-10.79846	2UUY_rec	2UUY_lig	swarm_81	43.0	4.0	
lightdock	luciferin_score	-12.59601	2UUY_rec	2UUY_lig	swarm_81	44.0	15.0	
lightdock	luciferin_score	-14.69889	2UUY_rec	2UUY_lig	swarm_81	45.0	2.0	
lightdock	luciferin_score	-16.233	2UUY_rec	2UUY_lig	swarm_81	46.0	1.0	
lightdock	luciferin_score	-17.69265	2UUY_rec	2UUY_lig	swarm_81	47.0	3.0	
lightdock	luciferin_score	-19.99791	2UUY_rec	2UUY_lig	swarm_81	48.0	2.0	
lightdock	luciferin_score	-23.94722	2UUY_rec	2UUY_lig	swarm_81	49.0	1.0	
lightdock	luciferin_score	-24.29774	2UUY_rec	2UUY_lig	swarm_81	50.0	3.0	
lightdock	luciferin_score	-27.65433	2UUY_rec	2UUY_lig	swarm_81	51.0	1.0	
lightdock	luciferin_score	-27.92764	2UUY_rec	2UUY_lig	swarm_81	52.0	2.0	
lightdock	luciferin_score	-28.04046	2UUY_rec	2UUY_lig	swarm_81	53.0	2.0	
lightdock	luciferin_score	-31.20637	2UUY_rec	2UUY_lig	swarm_81	54.0	1.0	
lightdock	luciferin_score	-41.16933	2UUY_rec	2UUY_lig	swarm_81	55.0	1.0	
lightdock	luciferin_score	-43.61072	2UUY_rec	2UUY_lig	swarm_81	56.0	1.0	
lightdock	luciferin_score	-50.62709	2UUY_rec	2UUY_lig	swarm_81	57.0	1.0	
lightdock	luciferin_score	-55.94457	2UUY_rec	2UUY_lig	swarm_81	58.0	1.0	
lightdock	luciferin_score	-65.99213	2UUY_rec	2UUY_lig	swarm_81	59.0	2.0	
lightdock	luciferin_score	-102.36602	2UUY_rec	2UUY_lig	swarm_81	60.0	1.0	
lightdock	luciferin_score	21.1477	2UUY_rec	2UUY_lig	swarm_82	0.0	17.0	
lightdock	luciferin_score	19.23445	2UUY_rec	2UUY_lig	swarm_82	1.0	4.0	
lightdock	luciferin_score	18.07237	2UUY_rec	2UUY_lig	swarm_82	2.0	2.0	
lightdock	luciferin_score	17.95613	2UUY_rec	2UUY_lig	swarm_82	3.0	3.0	
lightdock	luciferin_score	16.29121	2UUY_rec	2UUY_lig	swarm_82	4.0	10.0	
lightdock	luciferin_score	16.27789	2UUY_rec	2UUY_lig	swarm_82	5.0	4.0	
lightdock	luciferin_score	16.1639	2UUY_rec	2UUY_lig	swarm_82	6.0	6.0	
lightdock	luciferin_score	14.98706	2UUY_rec	2UUY_lig	swarm_82	7.0	3.0	
lightdock	luciferin_score	14.50699	2UUY_rec	2UUY_lig	swarm_82	8.0	7.0	
lightdock	luciferin_score	13.92798	2UUY_rec	2UUY_lig	swarm_82	9.0	4.0	
lightdock	luciferin_score	13.59834	2UUY_rec	2UUY_lig	swarm_82	10.0	5.0	
lightdock	luciferin_score	12.45192	2UUY_rec	2UUY_lig	swarm_82	11.0	5.0	
lightdock	luciferin_score	12.32892	2UUY_rec	2UUY_lig	swarm_82	12.0	4.0	
lightdock	luciferin_score	12.31827	2UUY_rec	2UUY_lig	swarm_82	13.0	10.0	
lightdock	luciferin_score	11.76166	2UUY_rec	2UUY_lig	swarm_82	14.0	8.0	
lightdock	luciferin_score	11.67382	2UUY_rec	2UUY_lig	swarm_82	15.0	6.0	
lightdock	luciferin_score	11.56203	2UUY_rec	2UUY_lig	swarm_82	16.0	1.0	
lightdock	luciferin_score	11.41385	2UUY_rec	2UUY_lig	swarm_82	17.0	3.0	
lightdock	luciferin_score	11.09854	2UUY_rec	2UUY_lig	swarm_82	18.0	3.0	
lightdock	luciferin_score	11.04422	2UUY_rec	2UUY_lig	swarm_82	19.0	7.0	
lightdock	luciferin_score	10.68847	2UUY_rec	2UUY_lig	swarm_82	20.0	3.0	
lightdock	luciferin_score	10.39076	2UUY_rec	2UUY_lig	swarm_82	21.0	3.0	
lightdock	luciferin_score	10.27936	2UUY_rec	2UUY_lig	swarm_82	22.0	1.0	
lightdock	luciferin_score	10.23466	2UUY_rec	2UUY_lig	swarm_82	23.0	7.0	
lightdock	luciferin_score	10.01618	2UUY_rec	2UUY_lig	swarm_82	24.0	1.0	
lightdock	luciferin_score	9.62825	2UUY_rec	2UUY_lig	swarm_82	25.0	7.0	
lightdock	luciferin_score	9.15771	2UUY_rec	2UUY_lig	swarm_82	26.0	4.0	
lightdock	luciferin_score	8.32958	2UUY_rec	2UUY_lig	swarm_82	27.0	1.0	
lightdock	luciferin_score	7.94286	2UUY_rec	2UUY_lig	swarm_82	28.0	1.0	
lightdock	luciferin_score	7.27934	2UUY_rec	2UUY_lig	swarm_82	29.0	4.0	
lightdock	luciferin_score	7.22535	2UUY_rec	2UUY_lig	swarm_82	30.0	4.0	
lightdock	luciferin_score	6.55824	2UUY_rec	2UUY_lig	swarm_82	31.0	1.0	
lightdock	luciferin_score	6.55583	2UUY_rec	2UUY_lig	swarm_82	32.0	1.0	
lightdock	luciferin_score	6.42381	2UUY_rec	2UUY_lig	swarm_82	33.0	2.0	
lightdock	luciferin_score	6.19104	2UUY_rec	2UUY_lig	swarm_82	34.0	2.0	
lightdock	luciferin_score	5.7685	2UUY_rec	2UUY_lig	swarm_82	35.0	2.0	
lightdock	luciferin_score	4.8555	2UUY_rec	2UUY_lig	swarm_82	36.0	7.0	
lightdock	luciferin_score	4.15243	2UUY_rec	2UUY_lig	swarm_82	37.0	1.0	
lightdock	luciferin_score	4.11433	2UUY_rec	2UUY_lig	swarm_82	38.0	3.0	
lightdock	luciferin_score	4.03117	2UUY_rec	2UUY_lig	swarm_82	39.0	2.0	
lightdock	luciferin_score	4.03033	2UUY_rec	2UUY_lig	swarm_82	40.0	1.0	
lightdock	luciferin_score	3.56757	2UUY_rec	2UUY_lig	swarm_82	41.0	2.0	
lightdock	luciferin_score	1.95392	2UUY_rec	2UUY_lig	swarm_82	42.0	3.0	
lightdock	luciferin_score	0.35152	2UUY_rec	2UUY_lig	swarm_82	43.0	4.0	
lightdock	luciferin_score	0.09703	2UUY_rec	2UUY_lig	swarm_82	44.0	1.0	
lightdock	luciferin_score	-1.55597	2UUY_rec	2UUY_lig	swarm_82	45.0	1.0	
lightdock	luciferin_score	-4.03768	2UUY_rec	2UUY_lig	swarm_82	46.0	1.0	
lightdock	luciferin_score	-4.99743	2UUY_rec	2UUY_lig	swarm_82	47.0	4.0	
lightdock	luciferin_score	-5.19878	2UUY_rec	2UUY_lig	swarm_82	48.0	2.0	
lightdock	luciferin_score	-5.84663	2UUY_rec	2UUY_lig	swarm_82	49.0	1.0	
lightdock	luciferin_score	-17.09192	2UUY_rec	2UUY_lig	swarm_82	50.0	1.0	
lightdock	luciferin_score	-33.80826	2UUY_rec	2UUY_lig	swarm_82	51.0	1.0	
lightdock	luciferin_score	-34.53534	2UUY_rec	2UUY_lig	swarm_82	52.0	2.0	
lightdock	luciferin_score	-47.61666	2UUY_rec	2UUY_lig	swarm_82	53.0	1.0	
lightdock	luciferin_score	-57.93356	2UUY_rec	2UUY_lig	swarm_82	54.0	2.0	
lightdock	luciferin_score	-60.43269	2UUY_rec	2UUY_lig	swarm_82	55.0	1.0	
lightdock	luciferin_score	-73.25217	2UUY_rec	2UUY_lig	swarm_82	56.0	2.0	
lightdock	luciferin_score	-90.054	2UUY_rec	2UUY_lig	swarm_82	57.0	1.0	
lightdock	luciferin_score	13.78427	2UUY_rec	2UUY_lig	swarm_83	0.0	7.0	
lightdock	luciferin_score	12.72279	2UUY_rec	2UUY_lig	swarm_83	1.0	3.0	
lightdock	luciferin_score	11.56829	2UUY_rec	2UUY_lig	swarm_83	2.0	1.0	
lightdock	luciferin_score	9.82455	2UUY_rec	2UUY_lig	swarm_83	3.0	13.0	
lightdock	luciferin_score	9.82285	2UUY_rec	2UUY_lig	swarm_83	4.0	4.0	
lightdock	luciferin_score	9.80234	2UUY_rec	2UUY_lig	swarm_83	5.0	3.0	
lightdock	luciferin_score	8.98332	2UUY_rec	2UUY_lig	swarm_83	6.0	4.0	
lightdock	luciferin_score	8.96057	2UUY_rec	2UUY_lig	swarm_83	7.0	7.0	
lightdock	luciferin_score	8.85431	2UUY_rec	2UUY_lig	swarm_83	8.0	6.0	
lightdock	luciferin_score	8.74386	2UUY_rec	2UUY_lig	swarm_83	9.0	5.0	
lightdock	luciferin_score	8.70897	2UUY_rec	2UUY_lig	swarm_83	10.0	2.0	
lightdock	luciferin_score	8.65893	2UUY_rec	2UUY_lig	swarm_83	11.0	1.0	
lightdock	luciferin_score	8.54639	2UUY_rec	2UUY_lig	swarm_83	12.0	1.0	
lightdock	luciferin_score	8.53678	2UUY_rec	2UUY_lig	swarm_83	13.0	4.0	
lightdock	luciferin_score	8.28456	2UUY_rec	2UUY_lig	swarm_83	14.0	3.0	
lightdock	luciferin_score	8.22505	2UUY_rec	2UUY_lig	swarm_83	15.0	2.0	
lightdock	luciferin_score	8.10521	2UUY_rec	2UUY_lig	swarm_83	16.0	1.0	
lightdock	luciferin_score	8.07217	2UUY_rec	2UUY_lig	swarm_83	17.0	1.0	
lightdock	luciferin_score	7.88152	2UUY_rec	2UUY_lig	swarm_83	18.0	1.0	
lightdock	luciferin_score	7.86951	2UUY_rec	2UUY_lig	swarm_83	19.0	1.0	
lightdock	luciferin_score	7.8276	2UUY_rec	2UUY_lig	swarm_83	20.0	3.0	
lightdock	luciferin_score	7.8056	2UUY_rec	2UUY_lig	swarm_83	21.0	1.0	
lightdock	luciferin_score	7.69799	2UUY_rec	2UUY_lig	swarm_83	22.0	5.0	
lightdock	luciferin_score	7.64382	2UUY_rec	2UUY_lig	swarm_83	23.0	4.0	
lightdock	luciferin_score	7.60708	2UUY_rec	2UUY_lig	swarm_83	24.0	3.0	
lightdock	luciferin_score	7.55154	2UUY_rec	2UUY_lig	swarm_83	25.0	9.0	
lightdock	luciferin_score	7.51663	2UUY_rec	2UUY_lig	swarm_83	26.0	3.0	
lightdock	luciferin_score	7.36053	2UUY_rec	2UUY_lig	swarm_83	27.0	5.0	
lightdock	luciferin_score	7.02367	2UUY_rec	2UUY_lig	swarm_83	28.0	7.0	
lightdock	luciferin_score	7.01955	2UUY_rec	2UUY_lig	swarm_83	29.0	1.0	
lightdock	luciferin_score	6.95517	2UUY_rec	2UUY_lig	swarm_83	30.0	2.0	
lightdock	luciferin_score	6.84617	2UUY_rec	2UUY_lig	swarm_83	31.0	7.0	
lightdock	luciferin_score	6.79437	2UUY_rec	2UUY_lig	swarm_83	32.0	2.0	
lightdock	luciferin_score	6.7651	2UUY_rec	2UUY_lig	swarm_83	33.0	5.0	
lightdock	luciferin_score	6.60012	2UUY_rec	2UUY_lig	swarm_83	34.0	2.0	
lightdock	luciferin_score	6.463	2UUY_rec	2UUY_lig	swarm_83	35.0	2.0	
lightdock	luciferin_score	6.37113	2UUY_rec	2UUY_lig	swarm_83	36.0	1.0	
lightdock	luciferin_score	6.36232	2UUY_rec	2UUY_lig	swarm_83	37.0	4.0	
lightdock	luciferin_score	6.35752	2UUY_rec	2UUY_lig	swarm_83	38.0	1.0	
lightdock	luciferin_score	6.25232	2UUY_rec	2UUY_lig	swarm_83	39.0	2.0	
lightdock	luciferin_score	6.15335	2UUY_rec	2UUY_lig	swarm_83	40.0	6.0	
lightdock	luciferin_score	6.14928	2UUY_rec	2UUY_lig	swarm_83	41.0	6.0	
lightdock	luciferin_score	6.13367	2UUY_rec	2UUY_lig	swarm_83	42.0	1.0	
lightdock	luciferin_score	6.09412	2UUY_rec	2UUY_lig	swarm_83	43.0	2.0	
lightdock	luciferin_score	5.7554	2UUY_rec	2UUY_lig	swarm_83	44.0	1.0	
lightdock	luciferin_score	5.70521	2UUY_rec	2UUY_lig	swarm_83	45.0	1.0	
lightdock	luciferin_score	5.58354	2UUY_rec	2UUY_lig	swarm_83	46.0	1.0	
lightdock	luciferin_score	5.56666	2UUY_rec	2UUY_lig	swarm_83	47.0	1.0	
lightdock	luciferin_score	5.5633	2UUY_rec	2UUY_lig	swarm_83	48.0	2.0	
lightdock	luciferin_score	5.47874	2UUY_rec	2UUY_lig	swarm_83	49.0	1.0	
lightdock	luciferin_score	5.39953	2UUY_rec	2UUY_lig	swarm_83	50.0	1.0	
lightdock	luciferin_score	5.3314	2UUY_rec	2UUY_lig	swarm_83	51.0	2.0	
lightdock	luciferin_score	5.23974	2UUY_rec	2UUY_lig	swarm_83	52.0	1.0	
lightdock	luciferin_score	5.11852	2UUY_rec	2UUY_lig	swarm_83	53.0	1.0	
lightdock	luciferin_score	4.9064	2UUY_rec	2UUY_lig	swarm_83	54.0	2.0	
lightdock	luciferin_score	3.80579	2UUY_rec	2UUY_lig	swarm_83	55.0	3.0	
lightdock	luciferin_score	3.75664	2UUY_rec	2UUY_lig	swarm_83	56.0	1.0	
lightdock	luciferin_score	3.08382	2UUY_rec	2UUY_lig	swarm_83	57.0	1.0	
lightdock	luciferin_score	2.56314	2UUY_rec	2UUY_lig	swarm_83	58.0	1.0	
lightdock	luciferin_score	2.50053	2UUY_rec	2UUY_lig	swarm_83	59.0	1.0	
lightdock	luciferin_score	1.65175	2UUY_rec	2UUY_lig	swarm_83	60.0	1.0	
lightdock	luciferin_score	0.87513	2UUY_rec	2UUY_lig	swarm_83	61.0	2.0	
lightdock	luciferin_score	0.81661	2UUY_rec	2UUY_lig	swarm_83	62.0	1.0	
lightdock	luciferin_score	-0.86866	2UUY_rec	2UUY_lig	swarm_83	63.0	1.0	
lightdock	luciferin_score	-1.77314	2UUY_rec	2UUY_lig	swarm_83	64.0	1.0	
lightdock	luciferin_score	-1.8918	2UUY_rec	2UUY_lig	swarm_83	65.0	1.0	
lightdock	luciferin_score	-3.69202	2UUY_rec	2UUY_lig	swarm_83	66.0	1.0	
lightdock	luciferin_score	-5.91725	2UUY_rec	2UUY_lig	swarm_83	67.0	4.0	
lightdock	luciferin_score	-5.94436	2UUY_rec	2UUY_lig	swarm_83	68.0	3.0	
lightdock	luciferin_score	-8.61364	2UUY_rec	2UUY_lig	swarm_83	69.0	2.0	
lightdock	luciferin_score	-10.00262	2UUY_rec	2UUY_lig	swarm_83	70.0	1.0	
lightdock	luciferin_score	-10.79855	2UUY_rec	2UUY_lig	swarm_83	71.0	1.0	
lightdock	luciferin_score	-13.46678	2UUY_rec	2UUY_lig	swarm_83	72.0	2.0	
lightdock	luciferin_score	-16.26674	2UUY_rec	2UUY_lig	swarm_83	73.0	1.0	
lightdock	luciferin_score	-17.40768	2UUY_rec	2UUY_lig	swarm_83	74.0	1.0	
lightdock	luciferin_score	-24.2565	2UUY_rec	2UUY_lig	swarm_83	75.0	1.0	
lightdock	luciferin_score	-28.14346	2UUY_rec	2UUY_lig	swarm_83	76.0	1.0	
lightdock	luciferin_score	13.98206	2UUY_rec	2UUY_lig	swarm_84	0.0	4.0	
lightdock	luciferin_score	13.03335	2UUY_rec	2UUY_lig	swarm_84	1.0	6.0	
lightdock	luciferin_score	12.43495	2UUY_rec	2UUY_lig	swarm_84	2.0	8.0	
lightdock	luciferin_score	11.36673	2UUY_rec	2UUY_lig	swarm_84	3.0	2.0	
lightdock	luciferin_score	11.27834	2UUY_rec	2UUY_lig	swarm_84	4.0	2.0	
lightdock	luciferin_score	11.00589	2UUY_rec	2UUY_lig	swarm_84	5.0	4.0	
lightdock	luciferin_score	10.90469	2UUY_rec	2UUY_lig	swarm_84	6.0	4.0	
lightdock	luciferin_score	10.03983	2UUY_rec	2UUY_lig	swarm_84	7.0	3.0	
lightdock	luciferin_score	10.03512	2UUY_rec	2UUY_lig	swarm_84	8.0	3.0	
lightdock	luciferin_score	9.63162	2UUY_rec	2UUY_lig	swarm_84	9.0	9.0	
lightdock	luciferin_score	9.52522	2UUY_rec	2UUY_lig	swarm_84	10.0	4.0	
lightdock	luciferin_score	9.52327	2UUY_rec	2UUY_lig	swarm_84	11.0	4.0	
lightdock	luciferin_score	9.48408	2UUY_rec	2UUY_lig	swarm_84	12.0	2.0	
lightdock	luciferin_score	9.28591	2UUY_rec	2UUY_lig	swarm_84	13.0	4.0	
lightdock	luciferin_score	9.23447	2UUY_rec	2UUY_lig	swarm_84	14.0	3.0	
lightdock	luciferin_score	8.63523	2UUY_rec	2UUY_lig	swarm_84	15.0	5.0	
lightdock	luciferin_score	8.62497	2UUY_rec	2UUY_lig	swarm_84	16.0	4.0	
lightdock	luciferin_score	8.55636	2UUY_rec	2UUY_lig	swarm_84	17.0	4.0	
lightdock	luciferin_score	8.30278	2UUY_rec	2UUY_lig	swarm_84	18.0	3.0	
lightdock	luciferin_score	8.09963	2UUY_rec	2UUY_lig	swarm_84	19.0	4.0	
lightdock	luciferin_score	7.97165	2UUY_rec	2UUY_lig	swarm_84	20.0	1.0	
lightdock	luciferin_score	7.826	2UUY_rec	2UUY_lig	swarm_84	21.0	1.0	
lightdock	luciferin_score	7.78247	2UUY_rec	2UUY_lig	swarm_84	22.0	3.0	
lightdock	luciferin_score	7.76749	2UUY_rec	2UUY_lig	swarm_84	23.0	1.0	
lightdock	luciferin_score	7.69163	2UUY_rec	2UUY_lig	swarm_84	24.0	10.0	
lightdock	luciferin_score	7.59321	2UUY_rec	2UUY_lig	swarm_84	25.0	12.0	
lightdock	luciferin_score	7.57519	2UUY_rec	2UUY_lig	swarm_84	26.0	3.0	
lightdock	luciferin_score	7.45706	2UUY_rec	2UUY_lig	swarm_84	27.0	2.0	
lightdock	luciferin_score	7.32703	2UUY_rec	2UUY_lig	swarm_84	28.0	2.0	
lightdock	luciferin_score	7.27405	2UUY_rec	2UUY_lig	swarm_84	29.0	1.0	
lightdock	luciferin_score	7.23378	2UUY_rec	2UUY_lig	swarm_84	30.0	2.0	
lightdock	luciferin_score	7.11553	2UUY_rec	2UUY_lig	swarm_84	31.0	4.0	
lightdock	luciferin_score	7.01203	2UUY_rec	2UUY_lig	swarm_84	32.0	2.0	
lightdock	luciferin_score	6.86297	2UUY_rec	2UUY_lig	swarm_84	33.0	1.0	
lightdock	luciferin_score	6.71286	2UUY_rec	2UUY_lig	swarm_84	34.0	2.0	
lightdock	luciferin_score	6.70071	2UUY_rec	2UUY_lig	swarm_84	35.0	1.0	
lightdock	luciferin_score	6.39931	2UUY_rec	2UUY_lig	swarm_84	36.0	2.0	
lightdock	luciferin_score	6.32571	2UUY_rec	2UUY_lig	swarm_84	37.0	4.0	
lightdock	luciferin_score	6.12067	2UUY_rec	2UUY_lig	swarm_84	38.0	2.0	
lightdock	luciferin_score	5.91837	2UUY_rec	2UUY_lig	swarm_84	39.0	1.0	
lightdock	luciferin_score	5.84501	2UUY_rec	2UUY_lig	swarm_84	40.0	1.0	
lightdock	luciferin_score	5.70897	2UUY_rec	2UUY_lig	swarm_84	41.0	3.0	
lightdock	luciferin_score	5.67336	2UUY_rec	2UUY_lig	swarm_84	42.0	2.0	
lightdock	luciferin_score	5.6725	2UUY_rec	2UUY_lig	swarm_84	43.0	4.0	
lightdock	luciferin_score	5.44782	2UUY_rec	2UUY_lig	swarm_84	44.0	4.0	
lightdock	luciferin_score	5.43865	2UUY_rec	2UUY_lig	swarm_84	45.0	2.0	
lightdock	luciferin_score	5.41086	2UUY_rec	2UUY_lig	swarm_84	46.0	2.0	
lightdock	luciferin_score	5.14935	2UUY_rec	2UUY_lig	swarm_84	47.0	2.0	
lightdock	luciferin_score	4.96759	2UUY_rec	2UUY_lig	swarm_84	48.0	3.0	
lightdock	luciferin_score	4.93074	2UUY_rec	2UUY_lig	swarm_84	49.0	1.0	
lightdock	luciferin_score	4.8004	2UUY_rec	2UUY_lig	swarm_84	50.0	1.0	
lightdock	luciferin_score	4.52142	2UUY_rec	2UUY_lig	swarm_84	51.0	1.0	
lightdock	luciferin_score	4.28155	2UUY_rec	2UUY_lig	swarm_84	52.0	2.0	
lightdock	luciferin_score	4.23914	2UUY_rec	2UUY_lig	swarm_84	53.0	2.0	
lightdock	luciferin_score	4.14686	2UUY_rec	2UUY_lig	swarm_84	54.0	9.0	
lightdock	luciferin_score	3.52133	2UUY_rec	2UUY_lig	swarm_84	55.0	1.0	
lightdock	luciferin_score	3.08262	2UUY_rec	2UUY_lig	swarm_84	56.0	3.0	
lightdock	luciferin_score	2.06527	2UUY_rec	2UUY_lig	swarm_84	57.0	2.0	
lightdock	luciferin_score	-0.22128	2UUY_rec	2UUY_lig	swarm_84	58.0	5.0	
lightdock	luciferin_score	-3.15509	2UUY_rec	2UUY_lig	swarm_84	59.0	1.0	
lightdock	luciferin_score	-3.83297	2UUY_rec	2UUY_lig	swarm_84	60.0	1.0	
lightdock	luciferin_score	-7.17095	2UUY_rec	2UUY_lig	swarm_84	61.0	1.0	
lightdock	luciferin_score	-8.63293	2UUY_rec	2UUY_lig	swarm_84	62.0	2.0	
lightdock	luciferin_score	-8.68306	2UUY_rec	2UUY_lig	swarm_84	63.0	1.0	
lightdock	luciferin_score	-12.01895	2UUY_rec	2UUY_lig	swarm_84	64.0	1.0	
lightdock	luciferin_score	-22.9376	2UUY_rec	2UUY_lig	swarm_84	65.0	1.0	
lightdock	luciferin_score	-25.9319	2UUY_rec	2UUY_lig	swarm_84	66.0	1.0	
lightdock	luciferin_score	-27.17973	2UUY_rec	2UUY_lig	swarm_84	67.0	1.0	
lightdock	luciferin_score	-28.25406	2UUY_rec	2UUY_lig	swarm_84	68.0	1.0	
lightdock	luciferin_score	22.45314	2UUY_rec	2UUY_lig	swarm_85	0.0	6.0	
lightdock	luciferin_score	21.02749	2UUY_rec	2UUY_lig	swarm_85	1.0	9.0	
lightdock	luciferin_score	19.16591	2UUY_rec	2UUY_lig	swarm_85	2.0	3.0	
lightdock	luciferin_score	16.51132	2UUY_rec	2UUY_lig	swarm_85	3.0	3.0	
lightdock	luciferin_score	16.27884	2UUY_rec	2UUY_lig	swarm_85	4.0	7.0	
lightdock	luciferin_score	16.0862	2UUY_rec	2UUY_lig	swarm_85	5.0	6.0	
lightdock	luciferin_score	15.94262	2UUY_rec	2UUY_lig	swarm_85	6.0	2.0	
lightdock	luciferin_score	15.21677	2UUY_rec	2UUY_lig	swarm_85	7.0	3.0	
lightdock	luciferin_score	15.01892	2UUY_rec	2UUY_lig	swarm_85	8.0	8.0	
lightdock	luciferin_score	14.90327	2UUY_rec	2UUY_lig	swarm_85	9.0	4.0	
lightdock	luciferin_score	14.80084	2UUY_rec	2UUY_lig	swarm_85	10.0	3.0	
lightdock	luciferin_score	14.49435	2UUY_rec	2UUY_lig	swarm_85	11.0	4.0	
lightdock	luciferin_score	13.92565	2UUY_rec	2UUY_lig	swarm_85	12.0	5.0	
lightdock	luciferin_score	13.32359	2UUY_rec	2UUY_lig	swarm_85	13.0	1.0	
lightdock	luciferin_score	13.28648	2UUY_rec	2UUY_lig	swarm_85	14.0	1.0	
lightdock	luciferin_score	13.17645	2UUY_rec	2UUY_lig	swarm_85	15.0	2.0	
lightdock	luciferin_score	13.14371	2UUY_rec	2UUY_lig	swarm_85	16.0	3.0	
lightdock	luciferin_score	12.94201	2UUY_rec	2UUY_lig	swarm_85	17.0	3.0	
lightdock	luciferin_score	12.52161	2UUY_rec	2UUY_lig	swarm_85	18.0	1.0	
lightdock	luciferin_score	12.37718	2UUY_rec	2UUY_lig	swarm_85	19.0	3.0	
lightdock	luciferin_score	12.14806	2UUY_rec	2UUY_lig	swarm_85	20.0	2.0	
lightdock	luciferin_score	11.95134	2UUY_rec	2UUY_lig	swarm_85	21.0	8.0	
lightdock	luciferin_score	11.47325	2UUY_rec	2UUY_lig	swarm_85	22.0	2.0	
lightdock	luciferin_score	11.29374	2UUY_rec	2UUY_lig	swarm_85	23.0	5.0	
lightdock	luciferin_score	11.11577	2UUY_rec	2UUY_lig	swarm_85	24.0	2.0	
lightdock	luciferin_score	10.56899	2UUY_rec	2UUY_lig	swarm_85	25.0	1.0	
lightdock	luciferin_score	10.08622	2UUY_rec	2UUY_lig	swarm_85	26.0	6.0	
lightdock	luciferin_score	9.68276	2UUY_rec	2UUY_lig	swarm_85	27.0	1.0	
lightdock	luciferin_score	9.26922	2UUY_rec	2UUY_lig	swarm_85	28.0	1.0	
lightdock	luciferin_score	9.01144	2UUY_rec	2UUY_lig	swarm_85	29.0	3.0	
lightdock	luciferin_score	8.85355	2UUY_rec	2UUY_lig	swarm_85	30.0	3.0	
lightdock	luciferin_score	8.47619	2UUY_rec	2UUY_lig	swarm_85	31.0	5.0	
lightdock	luciferin_score	8.2344	2UUY_rec	2UUY_lig	swarm_85	32.0	10.0	
lightdock	luciferin_score	8.21878	2UUY_rec	2UUY_lig	swarm_85	33.0	5.0	
lightdock	luciferin_score	7.99224	2UUY_rec	2UUY_lig	swarm_85	34.0	1.0	
lightdock	luciferin_score	7.49175	2UUY_rec	2UUY_lig	swarm_85	35.0	4.0	
lightdock	luciferin_score	7.26155	2UUY_rec	2UUY_lig	swarm_85	36.0	7.0	
lightdock	luciferin_score	7.02781	2UUY_rec	2UUY_lig	swarm_85	37.0	2.0	
lightdock	luciferin_score	6.82917	2UUY_rec	2UUY_lig	swarm_85	38.0	1.0	
lightdock	luciferin_score	6.63547	2UUY_rec	2UUY_lig	swarm_85	39.0	2.0	
lightdock	luciferin_score	6.58791	2UUY_rec	2UUY_lig	swarm_85	40.0	2.0	
lightdock	luciferin_score	6.26983	2UUY_rec	2UUY_lig	swarm_85	41.0	3.0	
lightdock	luciferin_score	5.58406	2UUY_rec	2UUY_lig	swarm_85	42.0	1.0	
lightdock	luciferin_score	4.94062	2UUY_rec	2UUY_lig	swarm_85	43.0	3.0	
lightdock	luciferin_score	2.18132	2UUY_rec	2UUY_lig	swarm_85	44.0	1.0	
lightdock	luciferin_score	0.66901	2UUY_rec	2UUY_lig	swarm_85	45.0	1.0	
lightdock	luciferin_score	0.32019	2UUY_rec	2UUY_lig	swarm_85	46.0	2.0	
lightdock	luciferin_score	-0.49646	2UUY_rec	2UUY_lig	swarm_85	47.0	1.0	
lightdock	luciferin_score	-1.45874	2UUY_rec	2UUY_lig	swarm_85	48.0	1.0	
lightdock	luciferin_score	-2.00918	2UUY_rec	2UUY_lig	swarm_85	49.0	2.0	
lightdock	luciferin_score	-2.89589	2UUY_rec	2UUY_lig	swarm_85	50.0	1.0	
lightdock	luciferin_score	-3.1064	2UUY_rec	2UUY_lig	swarm_85	51.0	1.0	
lightdock	luciferin_score	-4.37137	2UUY_rec	2UUY_lig	swarm_85	52.0	1.0	
lightdock	luciferin_score	-4.99213	2UUY_rec	2UUY_lig	swarm_85	53.0	6.0	
lightdock	luciferin_score	-9.47989	2UUY_rec	2UUY_lig	swarm_85	54.0	5.0	
lightdock	luciferin_score	-9.57828	2UUY_rec	2UUY_lig	swarm_85	55.0	1.0	
lightdock	luciferin_score	-10.45242	2UUY_rec	2UUY_lig	swarm_85	56.0	1.0	
lightdock	luciferin_score	-11.15622	2UUY_rec	2UUY_lig	swarm_85	57.0	3.0	
lightdock	luciferin_score	-11.75654	2UUY_rec	2UUY_lig	swarm_85	58.0	2.0	
lightdock	luciferin_score	-15.01071	2UUY_rec	2UUY_lig	swarm_85	59.0	3.0	
lightdock	luciferin_score	-16.17945	2UUY_rec	2UUY_lig	swarm_85	60.0	1.0	
lightdock	luciferin_score	-17.8838	2UUY_rec	2UUY_lig	swarm_85	61.0	3.0	
lightdock	luciferin_score	-20.68697	2UUY_rec	2UUY_lig	swarm_85	62.0	1.0	
lightdock	luciferin_score	-20.82602	2UUY_rec	2UUY_lig	swarm_85	63.0	1.0	
lightdock	luciferin_score	-22.55529	2UUY_rec	2UUY_lig	swarm_85	64.0	2.0	
lightdock	luciferin_score	-29.41199	2UUY_rec	2UUY_lig	swarm_85	65.0	1.0	
lightdock	luciferin_score	-37.99768	2UUY_rec	2UUY_lig	swarm_85	66.0	1.0	
lightdock	luciferin_score	-81.74128	2UUY_rec	2UUY_lig	swarm_85	67.0	1.0	
lightdock	luciferin_score	16.11162	2UUY_rec	2UUY_lig	swarm_86	0.0	2.0	
lightdock	luciferin_score	15.33326	2UUY_rec	2UUY_lig	swarm_86	1.0	7.0	
lightdock	luciferin_score	14.54857	2UUY_rec	2UUY_lig	swarm_86	2.0	1.0	
lightdock	luciferin_score	14.25196	2UUY_rec	2UUY_lig	swarm_86	3.0	8.0	
lightdock	luciferin_score	13.72822	2UUY_rec	2UUY_lig	swarm_86	4.0	1.0	
lightdock	luciferin_score	13.43849	2UUY_rec	2UUY_lig	swarm_86	5.0	5.0	
lightdock	luciferin_score	13.24487	2UUY_rec	2UUY_lig	swarm_86	6.0	4.0	
lightdock	luciferin_score	12.90766	2UUY_rec	2UUY_lig	swarm_86	7.0	4.0	
lightdock	luciferin_score	12.72423	2UUY_rec	2UUY_lig	swarm_86	8.0	3.0	
lightdock	luciferin_score	12.24657	2UUY_rec	2UUY_lig	swarm_86	9.0	13.0	
lightdock	luciferin_score	12.0267	2UUY_rec	2UUY_lig	swarm_86	10.0	4.0	
lightdock	luciferin_score	11.84564	2UUY_rec	2UUY_lig	swarm_86	11.0	4.0	
lightdock	luciferin_score	11.77435	2UUY_rec	2UUY_lig	swarm_86	12.0	1.0	
lightdock	luciferin_score	10.92092	2UUY_rec	2UUY_lig	swarm_86	13.0	3.0	
lightdock	luciferin_score	10.63503	2UUY_rec	2UUY_lig	swarm_86	14.0	2.0	
lightdock	luciferin_score	10.42465	2UUY_rec	2UUY_lig	swarm_86	15.0	2.0	
lightdock	luciferin_score	9.82292	2UUY_rec	2UUY_lig	swarm_86	16.0	2.0	
lightdock	luciferin_score	9.77649	2UUY_rec	2UUY_lig	swarm_86	17.0	4.0	
lightdock	luciferin_score	9.41566	2UUY_rec	2UUY_lig	swarm_86	18.0	1.0	
lightdock	luciferin_score	9.21253	2UUY_rec	2UUY_lig	swarm_86	19.0	1.0	
lightdock	luciferin_score	8.66339	2UUY_rec	2UUY_lig	swarm_86	20.0	1.0	
lightdock	luciferin_score	8.48549	2UUY_rec	2UUY_lig	swarm_86	21.0	4.0	
lightdock	luciferin_score	7.92828	2UUY_rec	2UUY_lig	swarm_86	22.0	2.0	
lightdock	luciferin_score	7.91093	2UUY_rec	2UUY_lig	swarm_86	23.0	1.0	
lightdock	luciferin_score	7.09226	2UUY_rec	2UUY_lig	swarm_86	24.0	6.0	
lightdock	luciferin_score	6.96662	2UUY_rec	2UUY_lig	swarm_86	25.0	2.0	
lightdock	luciferin_score	6.77127	2UUY_rec	2UUY_lig	swarm_86	26.0	5.0	
lightdock	luciferin_score	6.30296	2UUY_rec	2UUY_lig	swarm_86	27.0	1.0	
lightdock	luciferin_score	5.8254	2UUY_rec	2UUY_lig	swarm_86	28.0	4.0	
lightdock	luciferin_score	4.06995	2UUY_rec	2UUY_lig	swarm_86	29.0	2.0	
lightdock	luciferin_score	3.8646	2UUY_rec	2UUY_lig	swarm_86	30.0	11.0	
lightdock	luciferin_score	3.53629	2UUY_rec	2UUY_lig	swarm_86	31.0	2.0	
lightdock	luciferin_score	3.07561	2UUY_rec	2UUY_lig	swarm_86	32.0	3.0	
lightdock	luciferin_score	2.96911	2UUY_rec	2UUY_lig	swarm_86	33.0	3.0	
lightdock	luciferin_score	2.96105	2UUY_rec	2UUY_lig	swarm_86	34.0	1.0	
lightdock	luciferin_score	2.46619	2UUY_rec	2UUY_lig	swarm_86	35.0	1.0	
lightdock	luciferin_score	2.34587	2UUY_rec	2UUY_lig	swarm_86	36.0	1.0	
lightdock	luciferin_score	1.67152	2UUY_rec	2UUY_lig	swarm_86	37.0	2.0	
lightdock	luciferin_score	-0.35774	2UUY_rec	2UUY_lig	swarm_86	38.0	1.0	
lightdock	luciferin_score	-1.51228	2UUY_rec	2UUY_lig	swarm_86	39.0	1.0	
lightdock	luciferin_score	-1.99425	2UUY_rec	2UUY_lig	swarm_86	40.0	2.0	
lightdock	luciferin_score	-2.70313	2UUY_rec	2UUY_lig	swarm_86	41.0	2.0	
lightdock	luciferin_score	-2.74537	2UUY_rec	2UUY_lig	swarm_86	42.0	3.0	
lightdock	luciferin_score	-3.40675	2UUY_rec	2UUY_lig	swarm_86	43.0	1.0	
lightdock	luciferin_score	-3.853	2UUY_rec	2UUY_lig	swarm_86	44.0	2.0	
lightdock	luciferin_score	-4.003	2UUY_rec	2UUY_lig	swarm_86	45.0	1.0	
lightdock	luciferin_score	-5.58266	2UUY_rec	2UUY_lig	swarm_86	46.0	1.0	
lightdock	luciferin_score	-5.58447	2UUY_rec	2UUY_lig	swarm_86	47.0	2.0	
lightdock	luciferin_score	-6.73906	2UUY_rec	2UUY_lig	swarm_86	48.0	18.0	
lightdock	luciferin_score	-12.53642	2UUY_rec	2UUY_lig	swarm_86	49.0	1.0	
lightdock	luciferin_score	-13.10532	2UUY_rec	2UUY_lig	swarm_86	50.0	1.0	
lightdock	luciferin_score	-13.24933	2UUY_rec	2UUY_lig	swarm_86	51.0	1.0	
lightdock	luciferin_score	-13.30381	2UUY_rec	2UUY_lig	swarm_86	52.0	1.0	
lightdock	luciferin_score	-16.75562	2UUY_rec	2UUY_lig	swarm_86	53.0	1.0	
lightdock	luciferin_score	-17.87927	2UUY_rec	2UUY_lig	swarm_86	54.0	2.0	
lightdock	luciferin_score	-23.21909	2UUY_rec	2UUY_lig	swarm_86	55.0	2.0	
lightdock	luciferin_score	-24.34184	2UUY_rec	2UUY_lig	swarm_86	56.0	9.0	
lightdock	luciferin_score	-25.00626	2UUY_rec	2UUY_lig	swarm_86	57.0	2.0	
lightdock	luciferin_score	-26.35415	2UUY_rec	2UUY_lig	swarm_86	58.0	2.0	
lightdock	luciferin_score	-30.70918	2UUY_rec	2UUY_lig	swarm_86	59.0	5.0	
lightdock	luciferin_score	-32.87952	2UUY_rec	2UUY_lig	swarm_86	60.0	2.0	
lightdock	luciferin_score	-38.22496	2UUY_rec	2UUY_lig	swarm_86	61.0	2.0	
lightdock	luciferin_score	-40.19573	2UUY_rec	2UUY_lig	swarm_86	62.0	1.0	
lightdock	luciferin_score	-44.14055	2UUY_rec	2UUY_lig	swarm_86	63.0	2.0	
lightdock	luciferin_score	-46.00276	2UUY_rec	2UUY_lig	swarm_86	64.0	2.0	
lightdock	luciferin_score	-48.46741	2UUY_rec	2UUY_lig	swarm_86	65.0	1.0	
lightdock	luciferin_score	-63.78198	2UUY_rec	2UUY_lig	swarm_86	66.0	1.0	
lightdock	luciferin_score	-70.39759	2UUY_rec	2UUY_lig	swarm_86	67.0	1.0	
lightdock	luciferin_score	-70.89014	2UUY_rec	2UUY_lig	swarm_86	68.0	1.0	
lightdock	luciferin_score	-72.89737	2UUY_rec	2UUY_lig	swarm_86	69.0	1.0	
lightdock	luciferin_score	-77.00348	2UUY_rec	2UUY_lig	swarm_86	70.0	1.0	
lightdock	luciferin_score	17.67184	2UUY_rec	2UUY_lig	swarm_87	0.0	8.0	
lightdock	luciferin_score	17.19922	2UUY_rec	2UUY_lig	swarm_87	1.0	10.0	
lightdock	luciferin_score	16.9814	2UUY_rec	2UUY_lig	swarm_87	2.0	5.0	
lightdock	luciferin_score	16.57917	2UUY_rec	2UUY_lig	swarm_87	3.0	9.0	
lightdock	luciferin_score	16.42039	2UUY_rec	2UUY_lig	swarm_87	4.0	1.0	
lightdock	luciferin_score	16.04938	2UUY_rec	2UUY_lig	swarm_87	5.0	4.0	
lightdock	luciferin_score	15.63167	2UUY_rec	2UUY_lig	swarm_87	6.0	13.0	
lightdock	luciferin_score	15.41126	2UUY_rec	2UUY_lig	swarm_87	7.0	11.0	
lightdock	luciferin_score	15.05688	2UUY_rec	2UUY_lig	swarm_87	8.0	2.0	
lightdock	luciferin_score	14.71321	2UUY_rec	2UUY_lig	swarm_87	9.0	2.0	
lightdock	luciferin_score	13.7374	2UUY_rec	2UUY_lig	swarm_87	10.0	4.0	
lightdock	luciferin_score	12.15153	2UUY_rec	2UUY_lig	swarm_87	11.0	3.0	
lightdock	luciferin_score	12.10629	2UUY_rec	2UUY_lig	swarm_87	12.0	5.0	
lightdock	luciferin_score	11.90095	2UUY_rec	2UUY_lig	swarm_87	13.0	6.0	
lightdock	luciferin_score	11.82376	2UUY_rec	2UUY_lig	swarm_87	14.0	7.0	
lightdock	luciferin_score	11.71857	2UUY_rec	2UUY_lig	swarm_87	15.0	3.0	
lightdock	luciferin_score	11.6549	2UUY_rec	2UUY_lig	swarm_87	16.0	2.0	
lightdock	luciferin_score	11.21758	2UUY_rec	2UUY_lig	swarm_87	17.0	2.0	
lightdock	luciferin_score	11.16098	2UUY_rec	2UUY_lig	swarm_87	18.0	3.0	
lightdock	luciferin_score	10.64652	2UUY_rec	2UUY_lig	swarm_87	19.0	4.0	
lightdock	luciferin_score	10.30457	2UUY_rec	2UUY_lig	swarm_87	20.0	1.0	
lightdock	luciferin_score	10.18358	2UUY_rec	2UUY_lig	swarm_87	21.0	2.0	
lightdock	luciferin_score	10.01983	2UUY_rec	2UUY_lig	swarm_87	22.0	2.0	
lightdock	luciferin_score	9.96003	2UUY_rec	2UUY_lig	swarm_87	23.0	3.0	
lightdock	luciferin_score	9.74911	2UUY_rec	2UUY_lig	swarm_87	24.0	5.0	
lightdock	luciferin_score	9.59348	2UUY_rec	2UUY_lig	swarm_87	25.0	3.0	
lightdock	luciferin_score	9.57209	2UUY_rec	2UUY_lig	swarm_87	26.0	7.0	
lightdock	luciferin_score	9.27444	2UUY_rec	2UUY_lig	swarm_87	27.0	1.0	
lightdock	luciferin_score	9.06397	2UUY_rec	2UUY_lig	swarm_87	28.0	1.0	
lightdock	luciferin_score	8.94272	2UUY_rec	2UUY_lig	swarm_87	29.0	2.0	
lightdock	luciferin_score	8.90709	2UUY_rec	2UUY_lig	swarm_87	30.0	2.0	
lightdock	luciferin_score	8.87025	2UUY_rec	2UUY_lig	swarm_87	31.0	3.0	
lightdock	luciferin_score	8.81148	2UUY_rec	2UUY_lig	swarm_87	32.0	6.0	
lightdock	luciferin_score	8.71971	2UUY_rec	2UUY_lig	swarm_87	33.0	2.0	
lightdock	luciferin_score	8.66017	2UUY_rec	2UUY_lig	swarm_87	34.0	2.0	
lightdock	luciferin_score	8.64752	2UUY_rec	2UUY_lig	swarm_87	35.0	1.0	
lightdock	luciferin_score	8.23908	2UUY_rec	2UUY_lig	swarm_87	36.0	2.0	
lightdock	luciferin_score	7.79993	2UUY_rec	2UUY_lig	swarm_87	37.0	4.0	
lightdock	luciferin_score	7.64515	2UUY_rec	2UUY_lig	swarm_87	38.0	1.0	
lightdock	luciferin_score	7.21144	2UUY_rec	2UUY_lig	swarm_87	39.0	1.0	
lightdock	luciferin_score	6.41059	2UUY_rec	2UUY_lig	swarm_87	40.0	1.0	
lightdock	luciferin_score	6.37078	2UUY_rec	2UUY_lig	swarm_87	41.0	1.0	
lightdock	luciferin_score	6.00356	2UUY_rec	2UUY_lig	swarm_87	42.0	1.0	
lightdock	luciferin_score	5.98607	2UUY_rec	2UUY_lig	swarm_87	43.0	2.0	
lightdock	luciferin_score	5.24588	2UUY_rec	2UUY_lig	swarm_87	44.0	3.0	
lightdock	luciferin_score	4.50308	2UUY_rec	2UUY_lig	swarm_87	45.0	1.0	
lightdock	luciferin_score	3.28326	2UUY_rec	2UUY_lig	swarm_87	46.0	2.0	
lightdock	luciferin_score	2.51952	2UUY_rec	2UUY_lig	swarm_87	47.0	3.0	
lightdock	luciferin_score	2.10652	2UUY_rec	2UUY_lig	swarm_87	48.0	1.0	
lightdock	luciferin_score	0.53067	2UUY_rec	2UUY_lig	swarm_87	49.0	1.0	
lightdock	luciferin_score	0.2127	2UUY_rec	2UUY_lig	swarm_87	50.0	1.0	
lightdock	luciferin_score	-2.89989	2UUY_rec	2UUY_lig	swarm_87	51.0	2.0	
lightdock	luciferin_score	-3.15749	2UUY_rec	2UUY_lig	swarm_87	52.0	1.0	
lightdock	luciferin_score	-5.03011	2UUY_rec	2UUY_lig	swarm_87	53.0	1.0	
lightdock	luciferin_score	-6.6411	2UUY_rec	2UUY_lig	swarm_87	54.0	1.0	
lightdock	luciferin_score	-9.96379	2UUY_rec	2UUY_lig	swarm_87	55.0	4.0	
lightdock	luciferin_score	-10.08493	2UUY_rec	2UUY_lig	swarm_87	56.0	5.0	
lightdock	luciferin_score	-10.24213	2UUY_rec	2UUY_lig	swarm_87	57.0	1.0	
lightdock	luciferin_score	-11.96052	2UUY_rec	2UUY_lig	swarm_87	58.0	2.0	
lightdock	luciferin_score	-12.20638	2UUY_rec	2UUY_lig	swarm_87	59.0	1.0	
lightdock	luciferin_score	-14.56232	2UUY_rec	2UUY_lig	swarm_87	60.0	2.0	
lightdock	luciferin_score	-32.42675	2UUY_rec	2UUY_lig	swarm_87	61.0	3.0	
lightdock	luciferin_score	-33.6375	2UUY_rec	2UUY_lig	swarm_87	62.0	1.0	
lightdock	luciferin_score	-38.95624	2UUY_rec	2UUY_lig	swarm_87	63.0	1.0	
lightdock	luciferin_score	-43.7768	2UUY_rec	2UUY_lig	swarm_87	64.0	1.0	
lightdock	luciferin_score	-44.37932	2UUY_rec	2UUY_lig	swarm_87	65.0	1.0	
lightdock	luciferin_score	-47.23467	2UUY_rec	2UUY_lig	swarm_87	66.0	1.0	
lightdock	luciferin_score	11.36046	2UUY_rec	2UUY_lig	swarm_88	0.0	8.0	
lightdock	luciferin_score	10.65724	2UUY_rec	2UUY_lig	swarm_88	1.0	5.0	
lightdock	luciferin_score	10.38959	2UUY_rec	2UUY_lig	swarm_88	2.0	9.0	
lightdock	luciferin_score	9.99335	2UUY_rec	2UUY_lig	swarm_88	3.0	10.0	
lightdock	luciferin_score	9.79935	2UUY_rec	2UUY_lig	swarm_88	4.0	1.0	
lightdock	luciferin_score	9.70441	2UUY_rec	2UUY_lig	swarm_88	5.0	3.0	
lightdock	luciferin_score	9.18282	2UUY_rec	2UUY_lig	swarm_88	6.0	13.0	
lightdock	luciferin_score	9.06101	2UUY_rec	2UUY_lig	swarm_88	7.0	5.0	
lightdock	luciferin_score	9.05972	2UUY_rec	2UUY_lig	swarm_88	8.0	6.0	
lightdock	luciferin_score	8.94259	2UUY_rec	2UUY_lig	swarm_88	9.0	4.0	
lightdock	luciferin_score	8.76116	2UUY_rec	2UUY_lig	swarm_88	10.0	8.0	
lightdock	luciferin_score	8.71923	2UUY_rec	2UUY_lig	swarm_88	11.0	7.0	
lightdock	luciferin_score	8.60325	2UUY_rec	2UUY_lig	swarm_88	12.0	9.0	
lightdock	luciferin_score	8.36712	2UUY_rec	2UUY_lig	swarm_88	13.0	6.0	
lightdock	luciferin_score	8.0274	2UUY_rec	2UUY_lig	swarm_88	14.0	3.0	
lightdock	luciferin_score	8.02525	2UUY_rec	2UUY_lig	swarm_88	15.0	5.0	
lightdock	luciferin_score	7.82428	2UUY_rec	2UUY_lig	swarm_88	16.0	9.0	
lightdock	luciferin_score	7.59472	2UUY_rec	2UUY_lig	swarm_88	17.0	3.0	
lightdock	luciferin_score	7.57689	2UUY_rec	2UUY_lig	swarm_88	18.0	4.0	
lightdock	luciferin_score	7.44305	2UUY_rec	2UUY_lig	swarm_88	19.0	1.0	
lightdock	luciferin_score	7.39237	2UUY_rec	2UUY_lig	swarm_88	20.0	4.0	
lightdock	luciferin_score	7.34326	2UUY_rec	2UUY_lig	swarm_88	21.0	2.0	
lightdock	luciferin_score	7.339	2UUY_rec	2UUY_lig	swarm_88	22.0	3.0	
lightdock	luciferin_score	7.2791	2UUY_rec	2UUY_lig	swarm_88	23.0	1.0	
lightdock	luciferin_score	6.95292	2UUY_rec	2UUY_lig	swarm_88	24.0	4.0	
lightdock	luciferin_score	6.84319	2UUY_rec	2UUY_lig	swarm_88	25.0	2.0	
lightdock	luciferin_score	6.38571	2UUY_rec	2UUY_lig	swarm_88	26.0	2.0	
lightdock	luciferin_score	6.37371	2UUY_rec	2UUY_lig	swarm_88	27.0	4.0	
lightdock	luciferin_score	6.18262	2UUY_rec	2UUY_lig	swarm_88	28.0	2.0	
lightdock	luciferin_score	6.16967	2UUY_rec	2UUY_lig	swarm_88	29.0	1.0	
lightdock	luciferin_score	6.01774	2UUY_rec	2UUY_lig	swarm_88	30.0	1.0	
lightdock	luciferin_score	5.97547	2UUY_rec	2UUY_lig	swarm_88	31.0	1.0	
lightdock	luciferin_score	5.97303	2UUY_rec	2UUY_lig	swarm_88	32.0	1.0	
lightdock	luciferin_score	5.80886	2UUY_rec	2UUY_lig	swarm_88	33.0	3.0	
lightdock	luciferin_score	5.76736	2UUY_rec	2UUY_lig	swarm_88	34.0	3.0	
lightdock	luciferin_score	5.66354	2UUY_rec	2UUY_lig	swarm_88	35.0	1.0	
lightdock	luciferin_score	5.58836	2UUY_rec	2UUY_lig	swarm_88	36.0	1.0	
lightdock	luciferin_score	5.22889	2UUY_rec	2UUY_lig	swarm_88	37.0	3.0	
lightdock	luciferin_score	4.70707	2UUY_rec	2UUY_lig	swarm_88	38.0	1.0	
lightdock	luciferin_score	3.28986	2UUY_rec	2UUY_lig	swarm_88	39.0	6.0	
lightdock	luciferin_score	1.35823	2UUY_rec	2UUY_lig	swarm_88	40.0	2.0	
lightdock	luciferin_score	0.12212	2UUY_rec	2UUY_lig	swarm_88	41.0	1.0	
lightdock	luciferin_score	-0.17194	2UUY_rec	2UUY_lig	swarm_88	42.0	1.0	
lightdock	luciferin_score	-0.62448	2UUY_rec	2UUY_lig	swarm_88	43.0	5.0	
lightdock	luciferin_score	-0.71289	2UUY_rec	2UUY_lig	swarm_88	44.0	1.0	
lightdock	luciferin_score	-1.09347	2UUY_rec	2UUY_lig	swarm_88	45.0	1.0	
lightdock	luciferin_score	-2.01875	2UUY_rec	2UUY_lig	swarm_88	46.0	3.0	
lightdock	luciferin_score	-3.21635	2UUY_rec	2UUY_lig	swarm_88	47.0	1.0	
lightdock	luciferin_score	-4.00269	2UUY_rec	2UUY_lig	swarm_88	48.0	2.0	
lightdock	luciferin_score	-10.6398	2UUY_rec	2UUY_lig	swarm_88	49.0	2.0	
lightdock	luciferin_score	-10.81288	2UUY_rec	2UUY_lig	swarm_88	50.0	1.0	
lightdock	luciferin_score	-12.23594	2UUY_rec	2UUY_lig	swarm_88	51.0	2.0	
lightdock	luciferin_score	-13.85007	2UUY_rec	2UUY_lig	swarm_88	52.0	1.0	
lightdock	luciferin_score	-16.11605	2UUY_rec	2UUY_lig	swarm_88	53.0	4.0	
lightdock	luciferin_score	-16.28809	2UUY_rec	2UUY_lig	swarm_88	54.0	1.0	
lightdock	luciferin_score	-25.22644	2UUY_rec	2UUY_lig	swarm_88	55.0	1.0	
lightdock	luciferin_score	-29.30753	2UUY_rec	2UUY_lig	swarm_88	56.0	2.0	
lightdock	luciferin_score	-29.74175	2UUY_rec	2UUY_lig	swarm_88	57.0	1.0	
lightdock	luciferin_score	-35.84209	2UUY_rec	2UUY_lig	swarm_88	58.0	1.0	
lightdock	luciferin_score	-36.91351	2UUY_rec	2UUY_lig	swarm_88	59.0	1.0	
lightdock	luciferin_score	-38.70457	2UUY_rec	2UUY_lig	swarm_88	60.0	1.0	
lightdock	luciferin_score	16.63908	2UUY_rec	2UUY_lig	swarm_89	0.0	10.0	
lightdock	luciferin_score	15.84483	2UUY_rec	2UUY_lig	swarm_89	1.0	5.0	
lightdock	luciferin_score	14.16461	2UUY_rec	2UUY_lig	swarm_89	2.0	7.0	
lightdock	luciferin_score	13.86043	2UUY_rec	2UUY_lig	swarm_89	3.0	1.0	
lightdock	luciferin_score	13.61337	2UUY_rec	2UUY_lig	swarm_89	4.0	1.0	
lightdock	luciferin_score	13.38172	2UUY_rec	2UUY_lig	swarm_89	5.0	3.0	
lightdock	luciferin_score	12.09685	2UUY_rec	2UUY_lig	swarm_89	6.0	9.0	
lightdock	luciferin_score	11.72695	2UUY_rec	2UUY_lig	swarm_89	7.0	3.0	
lightdock	luciferin_score	11.37394	2UUY_rec	2UUY_lig	swarm_89	8.0	4.0	
lightdock	luciferin_score	11.30962	2UUY_rec	2UUY_lig	swarm_89	9.0	2.0	
lightdock	luciferin_score	11.28942	2UUY_rec	2UUY_lig	swarm_89	10.0	2.0	
lightdock	luciferin_score	10.90502	2UUY_rec	2UUY_lig	swarm_89	11.0	3.0	
lightdock	luciferin_score	10.66558	2UUY_rec	2UUY_lig	swarm_89	12.0	5.0	
lightdock	luciferin_score	10.56665	2UUY_rec	2UUY_lig	swarm_89	13.0	6.0	
lightdock	luciferin_score	10.50372	2UUY_rec	2UUY_lig	swarm_89	14.0	4.0	
lightdock	luciferin_score	9.97347	2UUY_rec	2UUY_lig	swarm_89	15.0	5.0	
lightdock	luciferin_score	9.95956	2UUY_rec	2UUY_lig	swarm_89	16.0	1.0	
lightdock	luciferin_score	9.76908	2UUY_rec	2UUY_lig	swarm_89	17.0	7.0	
lightdock	luciferin_score	9.72725	2UUY_rec	2UUY_lig	swarm_89	18.0	2.0	
lightdock	luciferin_score	9.69462	2UUY_rec	2UUY_lig	swarm_89	19.0	3.0	
lightdock	luciferin_score	9.53979	2UUY_rec	2UUY_lig	swarm_89	20.0	2.0	
lightdock	luciferin_score	9.47529	2UUY_rec	2UUY_lig	swarm_89	21.0	5.0	
lightdock	luciferin_score	9.19304	2UUY_rec	2UUY_lig	swarm_89	22.0	2.0	
lightdock	luciferin_score	9.13116	2UUY_rec	2UUY_lig	swarm_89	23.0	4.0	
lightdock	luciferin_score	9.00268	2UUY_rec	2UUY_lig	swarm_89	24.0	3.0	
lightdock	luciferin_score	8.38971	2UUY_rec	2UUY_lig	swarm_89	25.0	3.0	
lightdock	luciferin_score	8.33712	2UUY_rec	2UUY_lig	swarm_89	26.0	1.0	
lightdock	luciferin_score	8.33516	2UUY_rec	2UUY_lig	swarm_89	27.0	2.0	
lightdock	luciferin_score	7.87655	2UUY_rec	2UUY_lig	swarm_89	28.0	3.0	
lightdock	luciferin_score	7.73173	2UUY_rec	2UUY_lig	swarm_89	29.0	1.0	
lightdock	luciferin_score	7.67451	2UUY_rec	2UUY_lig	swarm_89	30.0	1.0	
lightdock	luciferin_score	7.67366	2UUY_rec	2UUY_lig	swarm_89	31.0	2.0	
lightdock	luciferin_score	7.45749	2UUY_rec	2UUY_lig	swarm_89	32.0	5.0	
lightdock	luciferin_score	7.27987	2UUY_rec	2UUY_lig	swarm_89	33.0	2.0	
lightdock	luciferin_score	7.1249	2UUY_rec	2UUY_lig	swarm_89	34.0	2.0	
lightdock	luciferin_score	6.95114	2UUY_rec	2UUY_lig	swarm_89	35.0	2.0	
lightdock	luciferin_score	6.65135	2UUY_rec	2UUY_lig	swarm_89	36.0	1.0	
lightdock	luciferin_score	6.58005	2UUY_rec	2UUY_lig	swarm_89	37.0	6.0	
lightdock	luciferin_score	6.43455	2UUY_rec	2UUY_lig	swarm_89	38.0	1.0	
lightdock	luciferin_score	6.3469	2UUY_rec	2UUY_lig	swarm_89	39.0	4.0	
lightdock	luciferin_score	6.15456	2UUY_rec	2UUY_lig	swarm_89	40.0	1.0	
lightdock	luciferin_score	5.5845	2UUY_rec	2UUY_lig	swarm_89	41.0	2.0	
lightdock	luciferin_score	5.54808	2UUY_rec	2UUY_lig	swarm_89	42.0	1.0	
lightdock	luciferin_score	5.4305	2UUY_rec	2UUY_lig	swarm_89	43.0	1.0	
lightdock	luciferin_score	5.37309	2UUY_rec	2UUY_lig	swarm_89	44.0	1.0	
lightdock	luciferin_score	2.86691	2UUY_rec	2UUY_lig	swarm_89	45.0	1.0	
lightdock	luciferin_score	-0.35205	2UUY_rec	2UUY_lig	swarm_89	46.0	1.0	
lightdock	luciferin_score	-3.11751	2UUY_rec	2UUY_lig	swarm_89	47.0	6.0	
lightdock	luciferin_score	-3.40168	2UUY_rec	2UUY_lig	swarm_89	48.0	4.0	
lightdock	luciferin_score	-3.58428	2UUY_rec	2UUY_lig	swarm_89	49.0	1.0	
lightdock	luciferin_score	-5.31986	2UUY_rec	2UUY_lig	swarm_89	50.0	1.0	
lightdock	luciferin_score	-6.07379	2UUY_rec	2UUY_lig	swarm_89	51.0	2.0	
lightdock	luciferin_score	-6.28049	2UUY_rec	2UUY_lig	swarm_89	52.0	3.0	
lightdock	luciferin_score	-7.215	2UUY_rec	2UUY_lig	swarm_89	53.0	2.0	
lightdock	luciferin_score	-8.35494	2UUY_rec	2UUY_lig	swarm_89	54.0	1.0	
lightdock	luciferin_score	-10.03643	2UUY_rec	2UUY_lig	swarm_89	55.0	1.0	
lightdock	luciferin_score	-11.72996	2UUY_rec	2UUY_lig	swarm_89	56.0	3.0	
lightdock	luciferin_score	-12.52313	2UUY_rec	2UUY_lig	swarm_89	57.0	1.0	
lightdock	luciferin_score	-13.8006	2UUY_rec	2UUY_lig	swarm_89	58.0	9.0	
lightdock	luciferin_score	-14.89156	2UUY_rec	2UUY_lig	swarm_89	59.0	1.0	
lightdock	luciferin_score	-16.14662	2UUY_rec	2UUY_lig	swarm_89	60.0	1.0	
lightdock	luciferin_score	-18.92805	2UUY_rec	2UUY_lig	swarm_89	61.0	2.0	
lightdock	luciferin_score	-19.04333	2UUY_rec	2UUY_lig	swarm_89	62.0	3.0	
lightdock	luciferin_score	-24.31547	2UUY_rec	2UUY_lig	swarm_89	63.0	1.0	
lightdock	luciferin_score	-28.17083	2UUY_rec	2UUY_lig	swarm_89	64.0	2.0	
lightdock	luciferin_score	-28.98526	2UUY_rec	2UUY_lig	swarm_89	65.0	1.0	
lightdock	luciferin_score	-29.35484	2UUY_rec	2UUY_lig	swarm_89	66.0	2.0	
lightdock	luciferin_score	-33.50197	2UUY_rec	2UUY_lig	swarm_89	67.0	2.0	
lightdock	luciferin_score	-39.57972	2UUY_rec	2UUY_lig	swarm_89	68.0	1.0	
lightdock	luciferin_score	-44.17896	2UUY_rec	2UUY_lig	swarm_89	69.0	1.0	
lightdock	luciferin_score	-53.82351	2UUY_rec	2UUY_lig	swarm_89	70.0	1.0	
lightdock	luciferin_score	-56.80403	2UUY_rec	2UUY_lig	swarm_89	71.0	2.0	
lightdock	luciferin_score	-60.75467	2UUY_rec	2UUY_lig	swarm_89	72.0	1.0	
lightdock	luciferin_score	-62.7662	2UUY_rec	2UUY_lig	swarm_89	73.0	1.0	
lightdock	luciferin_score	-81.78102	2UUY_rec	2UUY_lig	swarm_89	74.0	1.0	
lightdock	luciferin_score	15.59641	2UUY_rec	2UUY_lig	swarm_9	0.0	10.0	
lightdock	luciferin_score	15.42733	2UUY_rec	2UUY_lig	swarm_9	1.0	3.0	
lightdock	luciferin_score	12.02799	2UUY_rec	2UUY_lig	swarm_9	2.0	6.0	
lightdock	luciferin_score	11.89079	2UUY_rec	2UUY_lig	swarm_9	3.0	5.0	
lightdock	luciferin_score	11.72177	2UUY_rec	2UUY_lig	swarm_9	4.0	6.0	
lightdock	luciferin_score	11.42626	2UUY_rec	2UUY_lig	swarm_9	5.0	3.0	
lightdock	luciferin_score	11.39083	2UUY_rec	2UUY_lig	swarm_9	6.0	4.0	
lightdock	luciferin_score	11.27113	2UUY_rec	2UUY_lig	swarm_9	7.0	10.0	
lightdock	luciferin_score	11.23887	2UUY_rec	2UUY_lig	swarm_9	8.0	12.0	
lightdock	luciferin_score	11.16652	2UUY_rec	2UUY_lig	swarm_9	9.0	1.0	
lightdock	luciferin_score	11.15532	2UUY_rec	2UUY_lig	swarm_9	10.0	6.0	
lightdock	luciferin_score	11.02301	2UUY_rec	2UUY_lig	swarm_9	11.0	4.0	
lightdock	luciferin_score	10.60239	2UUY_rec	2UUY_lig	swarm_9	12.0	4.0	
lightdock	luciferin_score	10.41308	2UUY_rec	2UUY_lig	swarm_9	13.0	3.0	
lightdock	luciferin_score	10.11752	2UUY_rec	2UUY_lig	swarm_9	14.0	1.0	
lightdock	luciferin_score	9.78718	2UUY_rec	2UUY_lig	swarm_9	15.0	2.0	
lightdock	luciferin_score	9.75799	2UUY_rec	2UUY_lig	swarm_9	16.0	9.0	
lightdock	luciferin_score	9.74373	2UUY_rec	2UUY_lig	swarm_9	17.0	2.0	
lightdock	luciferin_score	9.58765	2UUY_rec	2UUY_lig	swarm_9	18.0	1.0	
lightdock	luciferin_score	9.52383	2UUY_rec	2UUY_lig	swarm_9	19.0	7.0	
lightdock	luciferin_score	9.44753	2UUY_rec	2UUY_lig	swarm_9	20.0	1.0	
lightdock	luciferin_score	9.31041	2UUY_rec	2UUY_lig	swarm_9	21.0	1.0	
lightdock	luciferin_score	8.97303	2UUY_rec	2UUY_lig	swarm_9	22.0	1.0	
lightdock	luciferin_score	8.93913	2UUY_rec	2UUY_lig	swarm_9	23.0	4.0	
lightdock	luciferin_score	8.87404	2UUY_rec	2UUY_lig	swarm_9	24.0	2.0	
lightdock	luciferin_score	8.76079	2UUY_rec	2UUY_lig	swarm_9	25.0	3.0	
lightdock	luciferin_score	8.75614	2UUY_rec	2UUY_lig	swarm_9	26.0	1.0	
lightdock	luciferin_score	8.74187	2UUY_rec	2UUY_lig	swarm_9	27.0	3.0	
lightdock	luciferin_score	8.68129	2UUY_rec	2UUY_lig	swarm_9	28.0	6.0	
lightdock	luciferin_score	8.45227	2UUY_rec	2UUY_lig	swarm_9	29.0	1.0	
lightdock	luciferin_score	8.2905	2UUY_rec	2UUY_lig	swarm_9	30.0	2.0	
lightdock	luciferin_score	7.83174	2UUY_rec	2UUY_lig	swarm_9	31.0	3.0	
lightdock	luciferin_score	7.72969	2UUY_rec	2UUY_lig	swarm_9	32.0	2.0	
lightdock	luciferin_score	7.55219	2UUY_rec	2UUY_lig	swarm_9	33.0	1.0	
lightdock	luciferin_score	7.54686	2UUY_rec	2UUY_lig	swarm_9	34.0	3.0	
lightdock	luciferin_score	7.43368	2UUY_rec	2UUY_lig	swarm_9	35.0	2.0	
lightdock	luciferin_score	7.11947	2UUY_rec	2UUY_lig	swarm_9	36.0	2.0	
lightdock	luciferin_score	6.95647	2UUY_rec	2UUY_lig	swarm_9	37.0	1.0	
lightdock	luciferin_score	6.15498	2UUY_rec	2UUY_lig	swarm_9	38.0	2.0	
lightdock	luciferin_score	5.60876	2UUY_rec	2UUY_lig	swarm_9	39.0	1.0	
lightdock	luciferin_score	4.52952	2UUY_rec	2UUY_lig	swarm_9	40.0	2.0	
lightdock	luciferin_score	4.10903	2UUY_rec	2UUY_lig	swarm_9	41.0	1.0	
lightdock	luciferin_score	3.91261	2UUY_rec	2UUY_lig	swarm_9	42.0	1.0	
lightdock	luciferin_score	3.65193	2UUY_rec	2UUY_lig	swarm_9	43.0	13.0	
lightdock	luciferin_score	1.84445	2UUY_rec	2UUY_lig	swarm_9	44.0	3.0	
lightdock	luciferin_score	0.88491	2UUY_rec	2UUY_lig	swarm_9	45.0	3.0	
lightdock	luciferin_score	0.32421	2UUY_rec	2UUY_lig	swarm_9	46.0	1.0	
lightdock	luciferin_score	-0.3711	2UUY_rec	2UUY_lig	swarm_9	47.0	1.0	
lightdock	luciferin_score	-0.95103	2UUY_rec	2UUY_lig	swarm_9	48.0	3.0	
lightdock	luciferin_score	-2.98216	2UUY_rec	2UUY_lig	swarm_9	49.0	3.0	
lightdock	luciferin_score	-3.01171	2UUY_rec	2UUY_lig	swarm_9	50.0	1.0	
lightdock	luciferin_score	-3.6049	2UUY_rec	2UUY_lig	swarm_9	51.0	2.0	
lightdock	luciferin_score	-3.83476	2UUY_rec	2UUY_lig	swarm_9	52.0	5.0	
lightdock	luciferin_score	-7.78254	2UUY_rec	2UUY_lig	swarm_9	53.0	5.0	
lightdock	luciferin_score	-11.42729	2UUY_rec	2UUY_lig	swarm_9	54.0	1.0	
lightdock	luciferin_score	-17.7395	2UUY_rec	2UUY_lig	swarm_9	55.0	1.0	
lightdock	luciferin_score	-21.6556	2UUY_rec	2UUY_lig	swarm_9	56.0	1.0	
lightdock	luciferin_score	-21.80585	2UUY_rec	2UUY_lig	swarm_9	57.0	2.0	
lightdock	luciferin_score	-29.2349	2UUY_rec	2UUY_lig	swarm_9	58.0	4.0	
lightdock	luciferin_score	-30.64632	2UUY_rec	2UUY_lig	swarm_9	59.0	1.0	
lightdock	luciferin_score	-31.86389	2UUY_rec	2UUY_lig	swarm_9	60.0	3.0	
lightdock	luciferin_score	-32.73127	2UUY_rec	2UUY_lig	swarm_9	61.0	1.0	
lightdock	luciferin_score	-42.54182	2UUY_rec	2UUY_lig	swarm_9	62.0	1.0	
lightdock	luciferin_score	20.53705	2UUY_rec	2UUY_lig	swarm_90	0.0	6.0	
lightdock	luciferin_score	16.0909	2UUY_rec	2UUY_lig	swarm_90	1.0	4.0	
lightdock	luciferin_score	15.75509	2UUY_rec	2UUY_lig	swarm_90	2.0	6.0	
lightdock	luciferin_score	15.1888	2UUY_rec	2UUY_lig	swarm_90	3.0	10.0	
lightdock	luciferin_score	14.98402	2UUY_rec	2UUY_lig	swarm_90	4.0	3.0	
lightdock	luciferin_score	14.77476	2UUY_rec	2UUY_lig	swarm_90	5.0	3.0	
lightdock	luciferin_score	14.77401	2UUY_rec	2UUY_lig	swarm_90	6.0	3.0	
lightdock	luciferin_score	14.69194	2UUY_rec	2UUY_lig	swarm_90	7.0	4.0	
lightdock	luciferin_score	14.3839	2UUY_rec	2UUY_lig	swarm_90	8.0	8.0	
lightdock	luciferin_score	14.32993	2UUY_rec	2UUY_lig	swarm_90	9.0	2.0	
lightdock	luciferin_score	14.12449	2UUY_rec	2UUY_lig	swarm_90	10.0	5.0	
lightdock	luciferin_score	14.0914	2UUY_rec	2UUY_lig	swarm_90	11.0	5.0	
lightdock	luciferin_score	12.40574	2UUY_rec	2UUY_lig	swarm_90	12.0	1.0	
lightdock	luciferin_score	12.29214	2UUY_rec	2UUY_lig	swarm_90	13.0	2.0	
lightdock	luciferin_score	11.3681	2UUY_rec	2UUY_lig	swarm_90	14.0	3.0	
lightdock	luciferin_score	10.93777	2UUY_rec	2UUY_lig	swarm_90	15.0	7.0	
lightdock	luciferin_score	10.89583	2UUY_rec	2UUY_lig	swarm_90	16.0	3.0	
lightdock	luciferin_score	10.87369	2UUY_rec	2UUY_lig	swarm_90	17.0	2.0	
lightdock	luciferin_score	10.83984	2UUY_rec	2UUY_lig	swarm_90	18.0	1.0	
lightdock	luciferin_score	10.72886	2UUY_rec	2UUY_lig	swarm_90	19.0	4.0	
lightdock	luciferin_score	10.6415	2UUY_rec	2UUY_lig	swarm_90	20.0	1.0	
lightdock	luciferin_score	10.55751	2UUY_rec	2UUY_lig	swarm_90	21.0	1.0	
lightdock	luciferin_score	9.72781	2UUY_rec	2UUY_lig	swarm_90	22.0	4.0	
lightdock	luciferin_score	9.46646	2UUY_rec	2UUY_lig	swarm_90	23.0	1.0	
lightdock	luciferin_score	9.40661	2UUY_rec	2UUY_lig	swarm_90	24.0	8.0	
lightdock	luciferin_score	9.25739	2UUY_rec	2UUY_lig	swarm_90	25.0	6.0	
lightdock	luciferin_score	9.02361	2UUY_rec	2UUY_lig	swarm_90	26.0	1.0	
lightdock	luciferin_score	8.69509	2UUY_rec	2UUY_lig	swarm_90	27.0	1.0	
lightdock	luciferin_score	8.62826	2UUY_rec	2UUY_lig	swarm_90	28.0	9.0	
lightdock	luciferin_score	8.32755	2UUY_rec	2UUY_lig	swarm_90	29.0	1.0	
lightdock	luciferin_score	7.20357	2UUY_rec	2UUY_lig	swarm_90	30.0	3.0	
lightdock	luciferin_score	7.1395	2UUY_rec	2UUY_lig	swarm_90	31.0	2.0	
lightdock	luciferin_score	7.02121	2UUY_rec	2UUY_lig	swarm_90	32.0	7.0	
lightdock	luciferin_score	6.64502	2UUY_rec	2UUY_lig	swarm_90	33.0	2.0	
lightdock	luciferin_score	5.85723	2UUY_rec	2UUY_lig	swarm_90	34.0	1.0	
lightdock	luciferin_score	5.69926	2UUY_rec	2UUY_lig	swarm_90	35.0	2.0	
lightdock	luciferin_score	5.49404	2UUY_rec	2UUY_lig	swarm_90	36.0	1.0	
lightdock	luciferin_score	5.36003	2UUY_rec	2UUY_lig	swarm_90	37.0	4.0	
lightdock	luciferin_score	4.94863	2UUY_rec	2UUY_lig	swarm_90	38.0	9.0	
lightdock	luciferin_score	4.92625	2UUY_rec	2UUY_lig	swarm_90	39.0	1.0	
lightdock	luciferin_score	4.63113	2UUY_rec	2UUY_lig	swarm_90	40.0	2.0	
lightdock	luciferin_score	4.29314	2UUY_rec	2UUY_lig	swarm_90	41.0	1.0	
lightdock	luciferin_score	3.14683	2UUY_rec	2UUY_lig	swarm_90	42.0	1.0	
lightdock	luciferin_score	1.62037	2UUY_rec	2UUY_lig	swarm_90	43.0	1.0	
lightdock	luciferin_score	-0.41319	2UUY_rec	2UUY_lig	swarm_90	44.0	6.0	
lightdock	luciferin_score	-0.87368	2UUY_rec	2UUY_lig	swarm_90	45.0	3.0	
lightdock	luciferin_score	-1.64603	2UUY_rec	2UUY_lig	swarm_90	46.0	9.0	
lightdock	luciferin_score	-2.48082	2UUY_rec	2UUY_lig	swarm_90	47.0	1.0	
lightdock	luciferin_score	-5.07823	2UUY_rec	2UUY_lig	swarm_90	48.0	1.0	
lightdock	luciferin_score	-6.69155	2UUY_rec	2UUY_lig	swarm_90	49.0	3.0	
lightdock	luciferin_score	-7.90042	2UUY_rec	2UUY_lig	swarm_90	50.0	1.0	
lightdock	luciferin_score	-10.67462	2UUY_rec	2UUY_lig	swarm_90	51.0	3.0	
lightdock	luciferin_score	-12.25633	2UUY_rec	2UUY_lig	swarm_90	52.0	2.0	
lightdock	luciferin_score	-18.18871	2UUY_rec	2UUY_lig	swarm_90	53.0	3.0	
lightdock	luciferin_score	-19.81955	2UUY_rec	2UUY_lig	swarm_90	54.0	2.0	
lightdock	luciferin_score	-24.22496	2UUY_rec	2UUY_lig	swarm_90	55.0	1.0	
lightdock	luciferin_score	-25.62166	2UUY_rec	2UUY_lig	swarm_90	56.0	2.0	
lightdock	luciferin_score	-25.79474	2UUY_rec	2UUY_lig	swarm_90	57.0	3.0	
lightdock	luciferin_score	-29.70146	2UUY_rec	2UUY_lig	swarm_90	58.0	2.0	
lightdock	luciferin_score	-35.6135	2UUY_rec	2UUY_lig	swarm_90	59.0	1.0	
lightdock	luciferin_score	-36.89808	2UUY_rec	2UUY_lig	swarm_90	60.0	1.0	
lightdock	luciferin_score	-37.24751	2UUY_rec	2UUY_lig	swarm_90	61.0	1.0	
lightdock	luciferin_score	-48.1992	2UUY_rec	2UUY_lig	swarm_90	62.0	1.0	
lightdock	luciferin_score	-50.08223	2UUY_rec	2UUY_lig	swarm_90	63.0	1.0	
lightdock	luciferin_score	-50.75915	2UUY_rec	2UUY_lig	swarm_90	64.0	1.0	
lightdock	luciferin_score	16.2818	2UUY_rec	2UUY_lig	swarm_91	0.0	3.0	
lightdock	luciferin_score	13.92661	2UUY_rec	2UUY_lig	swarm_91	1.0	3.0	
lightdock	luciferin_score	13.87097	2UUY_rec	2UUY_lig	swarm_91	2.0	8.0	
lightdock	luciferin_score	13.61643	2UUY_rec	2UUY_lig	swarm_91	3.0	10.0	
lightdock	luciferin_score	13.4577	2UUY_rec	2UUY_lig	swarm_91	4.0	5.0	
lightdock	luciferin_score	12.52142	2UUY_rec	2UUY_lig	swarm_91	5.0	13.0	
lightdock	luciferin_score	11.70545	2UUY_rec	2UUY_lig	swarm_91	6.0	1.0	
lightdock	luciferin_score	11.65984	2UUY_rec	2UUY_lig	swarm_91	7.0	4.0	
lightdock	luciferin_score	11.07421	2UUY_rec	2UUY_lig	swarm_91	8.0	6.0	
lightdock	luciferin_score	10.673	2UUY_rec	2UUY_lig	swarm_91	9.0	7.0	
lightdock	luciferin_score	10.58178	2UUY_rec	2UUY_lig	swarm_91	10.0	5.0	
lightdock	luciferin_score	10.35753	2UUY_rec	2UUY_lig	swarm_91	11.0	8.0	
lightdock	luciferin_score	10.15263	2UUY_rec	2UUY_lig	swarm_91	12.0	4.0	
lightdock	luciferin_score	9.75811	2UUY_rec	2UUY_lig	swarm_91	13.0	2.0	
lightdock	luciferin_score	9.48239	2UUY_rec	2UUY_lig	swarm_91	14.0	1.0	
lightdock	luciferin_score	9.46334	2UUY_rec	2UUY_lig	swarm_91	15.0	3.0	
lightdock	luciferin_score	9.30009	2UUY_rec	2UUY_lig	swarm_91	16.0	6.0	
lightdock	luciferin_score	9.18658	2UUY_rec	2UUY_lig	swarm_91	17.0	5.0	
lightdock	luciferin_score	8.78221	2UUY_rec	2UUY_lig	swarm_91	18.0	1.0	
lightdock	luciferin_score	8.60951	2UUY_rec	2UUY_lig	swarm_91	19.0	3.0	
lightdock	luciferin_score	8.36522	2UUY_rec	2UUY_lig	swarm_91	20.0	2.0	
lightdock	luciferin_score	8.35946	2UUY_rec	2UUY_lig	swarm_91	21.0	1.0	
lightdock	luciferin_score	8.33516	2UUY_rec	2UUY_lig	swarm_91	22.0	6.0	
lightdock	luciferin_score	8.11416	2UUY_rec	2UUY_lig	swarm_91	23.0	2.0	
lightdock	luciferin_score	8.0636	2UUY_rec	2UUY_lig	swarm_91	24.0	4.0	
lightdock	luciferin_score	8.05119	2UUY_rec	2UUY_lig	swarm_91	25.0	2.0	
lightdock	luciferin_score	7.9369	2UUY_rec	2UUY_lig	swarm_91	26.0	2.0	
lightdock	luciferin_score	7.76977	2UUY_rec	2UUY_lig	swarm_91	27.0	2.0	
lightdock	luciferin_score	7.62074	2UUY_rec	2UUY_lig	swarm_91	28.0	4.0	
lightdock	luciferin_score	7.26102	2UUY_rec	2UUY_lig	swarm_91	29.0	3.0	
lightdock	luciferin_score	7.14811	2UUY_rec	2UUY_lig	swarm_91	30.0	3.0	
lightdock	luciferin_score	7.12729	2UUY_rec	2UUY_lig	swarm_91	31.0	2.0	
lightdock	luciferin_score	7.12699	2UUY_rec	2UUY_lig	swarm_91	32.0	1.0	
lightdock	luciferin_score	7.08372	2UUY_rec	2UUY_lig	swarm_91	33.0	5.0	
lightdock	luciferin_score	6.95135	2UUY_rec	2UUY_lig	swarm_91	34.0	4.0	
lightdock	luciferin_score	6.43905	2UUY_rec	2UUY_lig	swarm_91	35.0	3.0	
lightdock	luciferin_score	6.25495	2UUY_rec	2UUY_lig	swarm_91	36.0	1.0	
lightdock	luciferin_score	6.10305	2UUY_rec	2UUY_lig	swarm_91	37.0	2.0	
lightdock	luciferin_score	5.90699	2UUY_rec	2UUY_lig	swarm_91	38.0	2.0	
lightdock	luciferin_score	5.5825	2UUY_rec	2UUY_lig	swarm_91	39.0	1.0	
lightdock	luciferin_score	4.91834	2UUY_rec	2UUY_lig	swarm_91	40.0	1.0	
lightdock	luciferin_score	4.75894	2UUY_rec	2UUY_lig	swarm_91	41.0	3.0	
lightdock	luciferin_score	4.42355	2UUY_rec	2UUY_lig	swarm_91	42.0	2.0	
lightdock	luciferin_score	3.88426	2UUY_rec	2UUY_lig	swarm_91	43.0	1.0	
lightdock	luciferin_score	3.14408	2UUY_rec	2UUY_lig	swarm_91	44.0	1.0	
lightdock	luciferin_score	2.96595	2UUY_rec	2UUY_lig	swarm_91	45.0	1.0	
lightdock	luciferin_score	2.92272	2UUY_rec	2UUY_lig	swarm_91	46.0	2.0	
lightdock	luciferin_score	1.56346	2UUY_rec	2UUY_lig	swarm_91	47.0	1.0	
lightdock	luciferin_score	1.47797	2UUY_rec	2UUY_lig	swarm_91	48.0	10.0	
lightdock	luciferin_score	-0.60005	2UUY_rec	2UUY_lig	swarm_91	49.0	1.0	
lightdock	luciferin_score	-4.67904	2UUY_rec	2UUY_lig	swarm_91	50.0	2.0	
lightdock	luciferin_score	-5.93976	2UUY_rec	2UUY_lig	swarm_91	51.0	1.0	
lightdock	luciferin_score	-6.02413	2UUY_rec	2UUY_lig	swarm_91	52.0	2.0	
lightdock	luciferin_score	-6.31297	2UUY_rec	2UUY_lig	swarm_91	53.0	1.0	
lightdock	luciferin_score	-6.76033	2UUY_rec	2UUY_lig	swarm_91	54.0	2.0	
lightdock	luciferin_score	-8.03367	2UUY_rec	2UUY_lig	swarm_91	55.0	1.0	
lightdock	luciferin_score	-10.69568	2UUY_rec	2UUY_lig	swarm_91	56.0	3.0	
lightdock	luciferin_score	-11.03415	2UUY_rec	2UUY_lig	swarm_91	57.0	1.0	
lightdock	luciferin_score	-11.36385	2UUY_rec	2UUY_lig	swarm_91	58.0	1.0	
lightdock	luciferin_score	-18.74411	2UUY_rec	2UUY_lig	swarm_91	59.0	1.0	
lightdock	luciferin_score	-25.50845	2UUY_rec	2UUY_lig	swarm_91	60.0	1.0	
lightdock	luciferin_score	-26.18208	2UUY_rec	2UUY_lig	swarm_91	61.0	5.0	
lightdock	luciferin_score	-29.27311	2UUY_rec	2UUY_lig	swarm_91	62.0	1.0	
lightdock	luciferin_score	-36.97792	2UUY_rec	2UUY_lig	swarm_91	63.0	2.0	
lightdock	luciferin_score	-43.74739	2UUY_rec	2UUY_lig	swarm_91	64.0	1.0	
lightdock	luciferin_score	-50.55149	2UUY_rec	2UUY_lig	swarm_91	65.0	1.0	
lightdock	luciferin_score	-61.49503	2UUY_rec	2UUY_lig	swarm_91	66.0	1.0	
lightdock	luciferin_score	16.44065	2UUY_rec	2UUY_lig	swarm_92	0.0	10.0	
lightdock	luciferin_score	16.42211	2UUY_rec	2UUY_lig	swarm_92	1.0	6.0	
lightdock	luciferin_score	16.32546	2UUY_rec	2UUY_lig	swarm_92	2.0	13.0	
lightdock	luciferin_score	15.95246	2UUY_rec	2UUY_lig	swarm_92	3.0	7.0	
lightdock	luciferin_score	15.91533	2UUY_rec	2UUY_lig	swarm_92	4.0	4.0	
lightdock	luciferin_score	15.48783	2UUY_rec	2UUY_lig	swarm_92	5.0	4.0	
lightdock	luciferin_score	14.03142	2UUY_rec	2UUY_lig	swarm_92	6.0	13.0	
lightdock	luciferin_score	13.01754	2UUY_rec	2UUY_lig	swarm_92	7.0	4.0	
lightdock	luciferin_score	12.47284	2UUY_rec	2UUY_lig	swarm_92	8.0	1.0	
lightdock	luciferin_score	12.23209	2UUY_rec	2UUY_lig	swarm_92	9.0	3.0	
lightdock	luciferin_score	11.57999	2UUY_rec	2UUY_lig	swarm_92	10.0	4.0	
lightdock	luciferin_score	11.32629	2UUY_rec	2UUY_lig	swarm_92	11.0	1.0	
lightdock	luciferin_score	11.16146	2UUY_rec	2UUY_lig	swarm_92	12.0	2.0	
lightdock	luciferin_score	10.96599	2UUY_rec	2UUY_lig	swarm_92	13.0	4.0	
lightdock	luciferin_score	10.65464	2UUY_rec	2UUY_lig	swarm_92	14.0	1.0	
lightdock	luciferin_score	10.62994	2UUY_rec	2UUY_lig	swarm_92	15.0	5.0	
lightdock	luciferin_score	10.4946	2UUY_rec	2UUY_lig	swarm_92	16.0	6.0	
lightdock	luciferin_score	10.39456	2UUY_rec	2UUY_lig	swarm_92	17.0	1.0	
lightdock	luciferin_score	10.22095	2UUY_rec	2UUY_lig	swarm_92	18.0	9.0	
lightdock	luciferin_score	10.21113	2UUY_rec	2UUY_lig	swarm_92	19.0	1.0	
lightdock	luciferin_score	10.17957	2UUY_rec	2UUY_lig	swarm_92	20.0	2.0	
lightdock	luciferin_score	9.46669	2UUY_rec	2UUY_lig	swarm_92	21.0	4.0	
lightdock	luciferin_score	9.38581	2UUY_rec	2UUY_lig	swarm_92	22.0	1.0	
lightdock	luciferin_score	9.38292	2UUY_rec	2UUY_lig	swarm_92	23.0	4.0	
lightdock	luciferin_score	9.34765	2UUY_rec	2UUY_lig	swarm_92	24.0	3.0	
lightdock	luciferin_score	9.17412	2UUY_rec	2UUY_lig	swarm_92	25.0	4.0	
lightdock	luciferin_score	9.11195	2UUY_rec	2UUY_lig	swarm_92	26.0	2.0	
lightdock	luciferin_score	8.97499	2UUY_rec	2UUY_lig	swarm_92	27.0	3.0	
lightdock	luciferin_score	8.94459	2UUY_rec	2UUY_lig	swarm_92	28.0	3.0	
lightdock	luciferin_score	8.72375	2UUY_rec	2UUY_lig	swarm_92	29.0	4.0	
lightdock	luciferin_score	8.55423	2UUY_rec	2UUY_lig	swarm_92	30.0	2.0	
lightdock	luciferin_score	8.44742	2UUY_rec	2UUY_lig	swarm_92	31.0	2.0	
lightdock	luciferin_score	8.3955	2UUY_rec	2UUY_lig	swarm_92	32.0	3.0	
lightdock	luciferin_score	8.32937	2UUY_rec	2UUY_lig	swarm_92	33.0	2.0	
lightdock	luciferin_score	8.28522	2UUY_rec	2UUY_lig	swarm_92	34.0	2.0	
lightdock	luciferin_score	7.81166	2UUY_rec	2UUY_lig	swarm_92	35.0	1.0	
lightdock	luciferin_score	7.78639	2UUY_rec	2UUY_lig	swarm_92	36.0	2.0	
lightdock	luciferin_score	7.58376	2UUY_rec	2UUY_lig	swarm_92	37.0	1.0	
lightdock	luciferin_score	7.53724	2UUY_rec	2UUY_lig	swarm_92	38.0	1.0	
lightdock	luciferin_score	7.37152	2UUY_rec	2UUY_lig	swarm_92	39.0	1.0	
lightdock	luciferin_score	7.23437	2UUY_rec	2UUY_lig	swarm_92	40.0	1.0	
lightdock	luciferin_score	7.16818	2UUY_rec	2UUY_lig	swarm_92	41.0	4.0	
lightdock	luciferin_score	7.16202	2UUY_rec	2UUY_lig	swarm_92	42.0	3.0	
lightdock	luciferin_score	7.13121	2UUY_rec	2UUY_lig	swarm_92	43.0	3.0	
lightdock	luciferin_score	6.7514	2UUY_rec	2UUY_lig	swarm_92	44.0	1.0	
lightdock	luciferin_score	6.53964	2UUY_rec	2UUY_lig	swarm_92	45.0	1.0	
lightdock	luciferin_score	6.41633	2UUY_rec	2UUY_lig	swarm_92	46.0	1.0	
lightdock	luciferin_score	6.31924	2UUY_rec	2UUY_lig	swarm_92	47.0	1.0	
lightdock	luciferin_score	6.28447	2UUY_rec	2UUY_lig	swarm_92	48.0	1.0	
lightdock	luciferin_score	6.20618	2UUY_rec	2UUY_lig	swarm_92	49.0	1.0	
lightdock	luciferin_score	6.07877	2UUY_rec	2UUY_lig	swarm_92	50.0	3.0	
lightdock	luciferin_score	5.78554	2UUY_rec	2UUY_lig	swarm_92	51.0	2.0	
lightdock	luciferin_score	5.61989	2UUY_rec	2UUY_lig	swarm_92	52.0	1.0	
lightdock	luciferin_score	5.34359	2UUY_rec	2UUY_lig	swarm_92	53.0	1.0	
lightdock	luciferin_score	5.15424	2UUY_rec	2UUY_lig	swarm_92	54.0	1.0	
lightdock	luciferin_score	1.38131	2UUY_rec	2UUY_lig	swarm_92	55.0	1.0	
lightdock	luciferin_score	1.20138	2UUY_rec	2UUY_lig	swarm_92	56.0	2.0	
lightdock	luciferin_score	0.178	2UUY_rec	2UUY_lig	swarm_92	57.0	1.0	
lightdock	luciferin_score	-0.30957	2UUY_rec	2UUY_lig	swarm_92	58.0	1.0	
lightdock	luciferin_score	-0.69043	2UUY_rec	2UUY_lig	swarm_92	59.0	2.0	
lightdock	luciferin_score	-0.75063	2UUY_rec	2UUY_lig	swarm_92	60.0	1.0	
lightdock	luciferin_score	-1.18119	2UUY_rec	2UUY_lig	swarm_92	61.0	1.0	
lightdock	luciferin_score	-1.50346	2UUY_rec	2UUY_lig	swarm_92	62.0	1.0	
lightdock	luciferin_score	-2.70153	2UUY_rec	2UUY_lig	swarm_92	63.0	1.0	
lightdock	luciferin_score	-3.22912	2UUY_rec	2UUY_lig	swarm_92	64.0	1.0	
lightdock	luciferin_score	-3.27844	2UUY_rec	2UUY_lig	swarm_92	65.0	8.0	
lightdock	luciferin_score	-5.76632	2UUY_rec	2UUY_lig	swarm_92	66.0	2.0	
lightdock	luciferin_score	-6.39918	2UUY_rec	2UUY_lig	swarm_92	67.0	1.0	
lightdock	luciferin_score	-13.42833	2UUY_rec	2UUY_lig	swarm_92	68.0	1.0	
lightdock	luciferin_score	-14.17575	2UUY_rec	2UUY_lig	swarm_92	69.0	1.0	
lightdock	luciferin_score	-14.38214	2UUY_rec	2UUY_lig	swarm_92	70.0	1.0	
lightdock	luciferin_score	-14.54035	2UUY_rec	2UUY_lig	swarm_92	71.0	2.0	
lightdock	luciferin_score	-16.67727	2UUY_rec	2UUY_lig	swarm_92	72.0	1.0	
lightdock	luciferin_score	14.38557	2UUY_rec	2UUY_lig	swarm_93	0.0	2.0	
lightdock	luciferin_score	13.41368	2UUY_rec	2UUY_lig	swarm_93	1.0	9.0	
lightdock	luciferin_score	13.26546	2UUY_rec	2UUY_lig	swarm_93	2.0	2.0	
lightdock	luciferin_score	12.52133	2UUY_rec	2UUY_lig	swarm_93	3.0	6.0	
lightdock	luciferin_score	12.2865	2UUY_rec	2UUY_lig	swarm_93	4.0	11.0	
lightdock	luciferin_score	12.18648	2UUY_rec	2UUY_lig	swarm_93	5.0	5.0	
lightdock	luciferin_score	11.9806	2UUY_rec	2UUY_lig	swarm_93	6.0	4.0	
lightdock	luciferin_score	10.91102	2UUY_rec	2UUY_lig	swarm_93	7.0	5.0	
lightdock	luciferin_score	10.90152	2UUY_rec	2UUY_lig	swarm_93	8.0	8.0	
lightdock	luciferin_score	10.74875	2UUY_rec	2UUY_lig	swarm_93	9.0	8.0	
lightdock	luciferin_score	10.55009	2UUY_rec	2UUY_lig	swarm_93	10.0	4.0	
lightdock	luciferin_score	10.50991	2UUY_rec	2UUY_lig	swarm_93	11.0	4.0	
lightdock	luciferin_score	10.39844	2UUY_rec	2UUY_lig	swarm_93	12.0	4.0	
lightdock	luciferin_score	10.39486	2UUY_rec	2UUY_lig	swarm_93	13.0	1.0	
lightdock	luciferin_score	10.33361	2UUY_rec	2UUY_lig	swarm_93	14.0	6.0	
lightdock	luciferin_score	10.05263	2UUY_rec	2UUY_lig	swarm_93	15.0	3.0	
lightdock	luciferin_score	10.02557	2UUY_rec	2UUY_lig	swarm_93	16.0	4.0	
lightdock	luciferin_score	9.90389	2UUY_rec	2UUY_lig	swarm_93	17.0	1.0	
lightdock	luciferin_score	9.84463	2UUY_rec	2UUY_lig	swarm_93	18.0	1.0	
lightdock	luciferin_score	9.59083	2UUY_rec	2UUY_lig	swarm_93	19.0	4.0	
lightdock	luciferin_score	9.26846	2UUY_rec	2UUY_lig	swarm_93	20.0	4.0	
lightdock	luciferin_score	9.03336	2UUY_rec	2UUY_lig	swarm_93	21.0	1.0	
lightdock	luciferin_score	8.88985	2UUY_rec	2UUY_lig	swarm_93	22.0	1.0	
lightdock	luciferin_score	8.84422	2UUY_rec	2UUY_lig	swarm_93	23.0	1.0	
lightdock	luciferin_score	8.62866	2UUY_rec	2UUY_lig	swarm_93	24.0	1.0	
lightdock	luciferin_score	8.30655	2UUY_rec	2UUY_lig	swarm_93	25.0	3.0	
lightdock	luciferin_score	8.27786	2UUY_rec	2UUY_lig	swarm_93	26.0	1.0	
lightdock	luciferin_score	8.24366	2UUY_rec	2UUY_lig	swarm_93	27.0	2.0	
lightdock	luciferin_score	8.23511	2UUY_rec	2UUY_lig	swarm_93	28.0	4.0	
lightdock	luciferin_score	8.18742	2UUY_rec	2UUY_lig	swarm_93	29.0	5.0	
lightdock	luciferin_score	7.85749	2UUY_rec	2UUY_lig	swarm_93	30.0	2.0	
lightdock	luciferin_score	7.79607	2UUY_rec	2UUY_lig	swarm_93	31.0	2.0	
lightdock	luciferin_score	7.50705	2UUY_rec	2UUY_lig	swarm_93	32.0	1.0	
lightdock	luciferin_score	6.84937	2UUY_rec	2UUY_lig	swarm_93	33.0	1.0	
lightdock	luciferin_score	6.74647	2UUY_rec	2UUY_lig	swarm_93	34.0	2.0	
lightdock	luciferin_score	6.54602	2UUY_rec	2UUY_lig	swarm_93	35.0	1.0	
lightdock	luciferin_score	6.31036	2UUY_rec	2UUY_lig	swarm_93	36.0	1.0	
lightdock	luciferin_score	6.15879	2UUY_rec	2UUY_lig	swarm_93	37.0	1.0	
lightdock	luciferin_score	5.30568	2UUY_rec	2UUY_lig	swarm_93	38.0	1.0	
lightdock	luciferin_score	5.20758	2UUY_rec	2UUY_lig	swarm_93	39.0	3.0	
lightdock	luciferin_score	4.58839	2UUY_rec	2UUY_lig	swarm_93	40.0	2.0	
lightdock	luciferin_score	4.43288	2UUY_rec	2UUY_lig	swarm_93	41.0	1.0	
lightdock	luciferin_score	4.06515	2UUY_rec	2UUY_lig	swarm_93	42.0	1.0	
lightdock	luciferin_score	3.84994	2UUY_rec	2UUY_lig	swarm_93	43.0	1.0	
lightdock	luciferin_score	3.76001	2UUY_rec	2UUY_lig	swarm_93	44.0	1.0	
lightdock	luciferin_score	2.86224	2UUY_rec	2UUY_lig	swarm_93	45.0	1.0	
lightdock	luciferin_score	2.38092	2UUY_rec	2UUY_lig	swarm_93	46.0	3.0	
lightdock	luciferin_score	2.25381	2UUY_rec	2UUY_lig	swarm_93	47.0	6.0	
lightdock	luciferin_score	0.9542	2UUY_rec	2UUY_lig	swarm_93	48.0	1.0	
lightdock	luciferin_score	-0.70698	2UUY_rec	2UUY_lig	swarm_93	49.0	1.0	
lightdock	luciferin_score	-0.90457	2UUY_rec	2UUY_lig	swarm_93	50.0	3.0	
lightdock	luciferin_score	-1.66215	2UUY_rec	2UUY_lig	swarm_93	51.0	1.0	
lightdock	luciferin_score	-2.37367	2UUY_rec	2UUY_lig	swarm_93	52.0	2.0	
lightdock	luciferin_score	-3.65797	2UUY_rec	2UUY_lig	swarm_93	53.0	4.0	
lightdock	luciferin_score	-4.23135	2UUY_rec	2UUY_lig	swarm_93	54.0	6.0	
lightdock	luciferin_score	-6.2447	2UUY_rec	2UUY_lig	swarm_93	55.0	2.0	
lightdock	luciferin_score	-8.77558	2UUY_rec	2UUY_lig	swarm_93	56.0	3.0	
lightdock	luciferin_score	-9.5948	2UUY_rec	2UUY_lig	swarm_93	57.0	1.0	
lightdock	luciferin_score	-11.31938	2UUY_rec	2UUY_lig	swarm_93	58.0	5.0	
lightdock	luciferin_score	-13.09151	2UUY_rec	2UUY_lig	swarm_93	59.0	1.0	
lightdock	luciferin_score	-13.5699	2UUY_rec	2UUY_lig	swarm_93	60.0	3.0	
lightdock	luciferin_score	-20.92688	2UUY_rec	2UUY_lig	swarm_93	61.0	4.0	
lightdock	luciferin_score	-24.01319	2UUY_rec	2UUY_lig	swarm_93	62.0	6.0	
lightdock	luciferin_score	-33.42083	2UUY_rec	2UUY_lig	swarm_93	63.0	1.0	
lightdock	luciferin_score	-34.4473	2UUY_rec	2UUY_lig	swarm_93	64.0	3.0	
lightdock	luciferin_score	-47.06471	2UUY_rec	2UUY_lig	swarm_93	65.0	1.0	
lightdock	luciferin_score	-49.59814	2UUY_rec	2UUY_lig	swarm_93	66.0	1.0	
lightdock	luciferin_score	-56.27385	2UUY_rec	2UUY_lig	swarm_93	67.0	1.0	
lightdock	luciferin_score	-59.9337	2UUY_rec	2UUY_lig	swarm_93	68.0	1.0	
lightdock	luciferin_score	-61.0288	2UUY_rec	2UUY_lig	swarm_93	69.0	1.0	
lightdock	luciferin_score	-65.72409	2UUY_rec	2UUY_lig	swarm_93	70.0	1.0	
lightdock	luciferin_score	-76.58958	2UUY_rec	2UUY_lig	swarm_93	71.0	1.0	
lightdock	luciferin_score	16.57488	2UUY_rec	2UUY_lig	swarm_94	0.0	3.0	
lightdock	luciferin_score	16.07694	2UUY_rec	2UUY_lig	swarm_94	1.0	5.0	
lightdock	luciferin_score	15.85868	2UUY_rec	2UUY_lig	swarm_94	2.0	5.0	
lightdock	luciferin_score	14.63587	2UUY_rec	2UUY_lig	swarm_94	3.0	5.0	
lightdock	luciferin_score	14.62231	2UUY_rec	2UUY_lig	swarm_94	4.0	2.0	
lightdock	luciferin_score	14.60591	2UUY_rec	2UUY_lig	swarm_94	5.0	4.0	
lightdock	luciferin_score	13.89938	2UUY_rec	2UUY_lig	swarm_94	6.0	5.0	
lightdock	luciferin_score	13.11784	2UUY_rec	2UUY_lig	swarm_94	7.0	7.0	
lightdock	luciferin_score	13.05074	2UUY_rec	2UUY_lig	swarm_94	8.0	3.0	
lightdock	luciferin_score	12.01189	2UUY_rec	2UUY_lig	swarm_94	9.0	6.0	
lightdock	luciferin_score	11.90368	2UUY_rec	2UUY_lig	swarm_94	10.0	5.0	
lightdock	luciferin_score	11.27517	2UUY_rec	2UUY_lig	swarm_94	11.0	7.0	
lightdock	luciferin_score	10.85427	2UUY_rec	2UUY_lig	swarm_94	12.0	1.0	
lightdock	luciferin_score	10.65845	2UUY_rec	2UUY_lig	swarm_94	13.0	2.0	
lightdock	luciferin_score	9.70102	2UUY_rec	2UUY_lig	swarm_94	14.0	5.0	
lightdock	luciferin_score	9.67104	2UUY_rec	2UUY_lig	swarm_94	15.0	2.0	
lightdock	luciferin_score	9.65745	2UUY_rec	2UUY_lig	swarm_94	16.0	2.0	
lightdock	luciferin_score	9.30165	2UUY_rec	2UUY_lig	swarm_94	17.0	4.0	
lightdock	luciferin_score	8.96509	2UUY_rec	2UUY_lig	swarm_94	18.0	3.0	
lightdock	luciferin_score	8.63573	2UUY_rec	2UUY_lig	swarm_94	19.0	12.0	
lightdock	luciferin_score	8.5512	2UUY_rec	2UUY_lig	swarm_94	20.0	5.0	
lightdock	luciferin_score	8.09545	2UUY_rec	2UUY_lig	swarm_94	21.0	2.0	
lightdock	luciferin_score	8.01669	2UUY_rec	2UUY_lig	swarm_94	22.0	1.0	
lightdock	luciferin_score	7.19675	2UUY_rec	2UUY_lig	swarm_94	23.0	11.0	
lightdock	luciferin_score	7.15093	2UUY_rec	2UUY_lig	swarm_94	24.0	7.0	
lightdock	luciferin_score	6.81573	2UUY_rec	2UUY_lig	swarm_94	25.0	14.0	
lightdock	luciferin_score	6.52476	2UUY_rec	2UUY_lig	swarm_94	26.0	1.0	
lightdock	luciferin_score	6.29947	2UUY_rec	2UUY_lig	swarm_94	27.0	1.0	
lightdock	luciferin_score	6.1639	2UUY_rec	2UUY_lig	swarm_94	28.0	1.0	
lightdock	luciferin_score	6.12117	2UUY_rec	2UUY_lig	swarm_94	29.0	4.0	
lightdock	luciferin_score	3.9473	2UUY_rec	2UUY_lig	swarm_94	30.0	10.0	
lightdock	luciferin_score	3.58183	2UUY_rec	2UUY_lig	swarm_94	31.0	1.0	
lightdock	luciferin_score	3.49894	2UUY_rec	2UUY_lig	swarm_94	32.0	4.0	
lightdock	luciferin_score	3.28297	2UUY_rec	2UUY_lig	swarm_94	33.0	2.0	
lightdock	luciferin_score	2.63772	2UUY_rec	2UUY_lig	swarm_94	34.0	2.0	
lightdock	luciferin_score	1.69812	2UUY_rec	2UUY_lig	swarm_94	35.0	1.0	
lightdock	luciferin_score	1.58678	2UUY_rec	2UUY_lig	swarm_94	36.0	1.0	
lightdock	luciferin_score	1.01542	2UUY_rec	2UUY_lig	swarm_94	37.0	2.0	
lightdock	luciferin_score	0.51388	2UUY_rec	2UUY_lig	swarm_94	38.0	1.0	
lightdock	luciferin_score	0.16816	2UUY_rec	2UUY_lig	swarm_94	39.0	1.0	
lightdock	luciferin_score	0.15391	2UUY_rec	2UUY_lig	swarm_94	40.0	4.0	
lightdock	luciferin_score	-0.48151	2UUY_rec	2UUY_lig	swarm_94	41.0	2.0	
lightdock	luciferin_score	-1.25414	2UUY_rec	2UUY_lig	swarm_94	42.0	1.0	
lightdock	luciferin_score	-1.72458	2UUY_rec	2UUY_lig	swarm_94	43.0	2.0	
lightdock	luciferin_score	-2.23677	2UUY_rec	2UUY_lig	swarm_94	44.0	3.0	
lightdock	luciferin_score	-8.71975	2UUY_rec	2UUY_lig	swarm_94	45.0	3.0	
lightdock	luciferin_score	-10.73778	2UUY_rec	2UUY_lig	swarm_94	46.0	1.0	
lightdock	luciferin_score	-11.49165	2UUY_rec	2UUY_lig	swarm_94	47.0	1.0	
lightdock	luciferin_score	-13.98138	2UUY_rec	2UUY_lig	swarm_94	48.0	1.0	
lightdock	luciferin_score	-21.10348	2UUY_rec	2UUY_lig	swarm_94	49.0	4.0	
lightdock	luciferin_score	-21.72538	2UUY_rec	2UUY_lig	swarm_94	50.0	1.0	
lightdock	luciferin_score	-22.42957	2UUY_rec	2UUY_lig	swarm_94	51.0	1.0	
lightdock	luciferin_score	-27.2833	2UUY_rec	2UUY_lig	swarm_94	52.0	1.0	
lightdock	luciferin_score	-33.14636	2UUY_rec	2UUY_lig	swarm_94	53.0	1.0	
lightdock	luciferin_score	-35.62874	2UUY_rec	2UUY_lig	swarm_94	54.0	1.0	
lightdock	luciferin_score	-37.07394	2UUY_rec	2UUY_lig	swarm_94	55.0	1.0	
lightdock	luciferin_score	-41.83074	2UUY_rec	2UUY_lig	swarm_94	56.0	1.0	
lightdock	luciferin_score	-47.06893	2UUY_rec	2UUY_lig	swarm_94	57.0	1.0	
lightdock	luciferin_score	-51.69686	2UUY_rec	2UUY_lig	swarm_94	58.0	3.0	
lightdock	luciferin_score	-52.2323	2UUY_rec	2UUY_lig	swarm_94	59.0	1.0	
lightdock	luciferin_score	-53.37047	2UUY_rec	2UUY_lig	swarm_94	60.0	1.0	
lightdock	luciferin_score	-62.2364	2UUY_rec	2UUY_lig	swarm_94	61.0	1.0	
lightdock	luciferin_score	-62.60571	2UUY_rec	2UUY_lig	swarm_94	62.0	1.0	
lightdock	luciferin_score	-72.58492	2UUY_rec	2UUY_lig	swarm_94	63.0	2.0	
lightdock	luciferin_score	-81.29191	2UUY_rec	2UUY_lig	swarm_94	64.0	1.0	
lightdock	luciferin_score	14.56623	2UUY_rec	2UUY_lig	swarm_95	0.0	5.0	
lightdock	luciferin_score	12.71501	2UUY_rec	2UUY_lig	swarm_95	1.0	2.0	
lightdock	luciferin_score	12.52909	2UUY_rec	2UUY_lig	swarm_95	2.0	5.0	
lightdock	luciferin_score	11.65128	2UUY_rec	2UUY_lig	swarm_95	3.0	1.0	
lightdock	luciferin_score	11.56354	2UUY_rec	2UUY_lig	swarm_95	4.0	4.0	
lightdock	luciferin_score	11.48908	2UUY_rec	2UUY_lig	swarm_95	5.0	5.0	
lightdock	luciferin_score	11.43516	2UUY_rec	2UUY_lig	swarm_95	6.0	4.0	
lightdock	luciferin_score	11.22589	2UUY_rec	2UUY_lig	swarm_95	7.0	4.0	
lightdock	luciferin_score	11.16764	2UUY_rec	2UUY_lig	swarm_95	8.0	8.0	
lightdock	luciferin_score	11.0002	2UUY_rec	2UUY_lig	swarm_95	9.0	7.0	
lightdock	luciferin_score	10.99738	2UUY_rec	2UUY_lig	swarm_95	10.0	8.0	
lightdock	luciferin_score	10.95425	2UUY_rec	2UUY_lig	swarm_95	11.0	1.0	
lightdock	luciferin_score	10.60472	2UUY_rec	2UUY_lig	swarm_95	12.0	6.0	
lightdock	luciferin_score	10.4772	2UUY_rec	2UUY_lig	swarm_95	13.0	2.0	
lightdock	luciferin_score	10.4228	2UUY_rec	2UUY_lig	swarm_95	14.0	9.0	
lightdock	luciferin_score	9.82883	2UUY_rec	2UUY_lig	swarm_95	15.0	3.0	
lightdock	luciferin_score	9.12955	2UUY_rec	2UUY_lig	swarm_95	16.0	6.0	
lightdock	luciferin_score	8.89455	2UUY_rec	2UUY_lig	swarm_95	17.0	6.0	
lightdock	luciferin_score	8.74051	2UUY_rec	2UUY_lig	swarm_95	18.0	1.0	
lightdock	luciferin_score	8.70783	2UUY_rec	2UUY_lig	swarm_95	19.0	2.0	
lightdock	luciferin_score	8.66151	2UUY_rec	2UUY_lig	swarm_95	20.0	2.0	
lightdock	luciferin_score	8.55915	2UUY_rec	2UUY_lig	swarm_95	21.0	1.0	
lightdock	luciferin_score	8.41142	2UUY_rec	2UUY_lig	swarm_95	22.0	5.0	
lightdock	luciferin_score	8.36653	2UUY_rec	2UUY_lig	swarm_95	23.0	2.0	
lightdock	luciferin_score	8.35972	2UUY_rec	2UUY_lig	swarm_95	24.0	2.0	
lightdock	luciferin_score	8.32399	2UUY_rec	2UUY_lig	swarm_95	25.0	4.0	
lightdock	luciferin_score	8.22368	2UUY_rec	2UUY_lig	swarm_95	26.0	2.0	
lightdock	luciferin_score	8.22275	2UUY_rec	2UUY_lig	swarm_95	27.0	5.0	
lightdock	luciferin_score	8.09838	2UUY_rec	2UUY_lig	swarm_95	28.0	5.0	
lightdock	luciferin_score	7.9852	2UUY_rec	2UUY_lig	swarm_95	29.0	6.0	
lightdock	luciferin_score	7.95379	2UUY_rec	2UUY_lig	swarm_95	30.0	2.0	
lightdock	luciferin_score	7.80795	2UUY_rec	2UUY_lig	swarm_95	31.0	1.0	
lightdock	luciferin_score	7.33947	2UUY_rec	2UUY_lig	swarm_95	32.0	3.0	
lightdock	luciferin_score	7.31432	2UUY_rec	2UUY_lig	swarm_95	33.0	1.0	
lightdock	luciferin_score	7.22735	2UUY_rec	2UUY_lig	swarm_95	34.0	2.0	
lightdock	luciferin_score	7.08925	2UUY_rec	2UUY_lig	swarm_95	35.0	1.0	
lightdock	luciferin_score	7.05177	2UUY_rec	2UUY_lig	swarm_95	36.0	1.0	
lightdock	luciferin_score	6.86385	2UUY_rec	2UUY_lig	swarm_95	37.0	1.0	
lightdock	luciferin_score	6.75684	2UUY_rec	2UUY_lig	swarm_95	38.0	1.0	
lightdock	luciferin_score	6.57886	2UUY_rec	2UUY_lig	swarm_95	39.0	2.0	
lightdock	luciferin_score	6.57781	2UUY_rec	2UUY_lig	swarm_95	40.0	1.0	
lightdock	luciferin_score	6.36195	2UUY_rec	2UUY_lig	swarm_95	41.0	2.0	
lightdock	luciferin_score	6.17067	2UUY_rec	2UUY_lig	swarm_95	42.0	3.0	
lightdock	luciferin_score	5.86079	2UUY_rec	2UUY_lig	swarm_95	43.0	1.0	
lightdock	luciferin_score	5.82284	2UUY_rec	2UUY_lig	swarm_95	44.0	1.0	
lightdock	luciferin_score	5.76495	2UUY_rec	2UUY_lig	swarm_95	45.0	11.0	
lightdock	luciferin_score	4.9939	2UUY_rec	2UUY_lig	swarm_95	46.0	1.0	
lightdock	luciferin_score	2.51466	2UUY_rec	2UUY_lig	swarm_95	47.0	5.0	
lightdock	luciferin_score	2.31459	2UUY_rec	2UUY_lig	swarm_95	48.0	5.0	
lightdock	luciferin_score	2.16397	2UUY_rec	2UUY_lig	swarm_95	49.0	2.0	
lightdock	luciferin_score	1.47831	2UUY_rec	2UUY_lig	swarm_95	50.0	2.0	
lightdock	luciferin_score	1.28478	2UUY_rec	2UUY_lig	swarm_95	51.0	1.0	
lightdock	luciferin_score	0.83301	2UUY_rec	2UUY_lig	swarm_95	52.0	1.0	
lightdock	luciferin_score	0.82972	2UUY_rec	2UUY_lig	swarm_95	53.0	1.0	
lightdock	luciferin_score	0.71838	2UUY_rec	2UUY_lig	swarm_95	54.0	2.0	
lightdock	luciferin_score	0.26298	2UUY_rec	2UUY_lig	swarm_95	55.0	2.0	
lightdock	luciferin_score	-0.37748	2UUY_rec	2UUY_lig	swarm_95	56.0	3.0	
lightdock	luciferin_score	-0.68042	2UUY_rec	2UUY_lig	swarm_95	57.0	1.0	
lightdock	luciferin_score	-3.0757	2UUY_rec	2UUY_lig	swarm_95	58.0	1.0	
lightdock	luciferin_score	-3.09376	2UUY_rec	2UUY_lig	swarm_95	59.0	1.0	
lightdock	luciferin_score	-3.82238	2UUY_rec	2UUY_lig	swarm_95	60.0	1.0	
lightdock	luciferin_score	-4.95112	2UUY_rec	2UUY_lig	swarm_95	61.0	4.0	
lightdock	luciferin_score	-5.88917	2UUY_rec	2UUY_lig	swarm_95	62.0	2.0	
lightdock	luciferin_score	-18.05644	2UUY_rec	2UUY_lig	swarm_95	63.0	1.0	
lightdock	luciferin_score	-23.08739	2UUY_rec	2UUY_lig	swarm_95	64.0	1.0	
lightdock	luciferin_score	-24.52255	2UUY_rec	2UUY_lig	swarm_95	65.0	1.0	
lightdock	luciferin_score	-31.2472	2UUY_rec	2UUY_lig	swarm_95	66.0	2.0	
lightdock	luciferin_score	-39.32161	2UUY_rec	2UUY_lig	swarm_95	67.0	2.0	
lightdock	luciferin_score	-50.921	2UUY_rec	2UUY_lig	swarm_95	68.0	1.0	
lightdock	luciferin_score	24.42209	2UUY_rec	2UUY_lig	swarm_96	0.0	6.0	
lightdock	luciferin_score	17.62346	2UUY_rec	2UUY_lig	swarm_96	1.0	5.0	
lightdock	luciferin_score	15.84665	2UUY_rec	2UUY_lig	swarm_96	2.0	4.0	
lightdock	luciferin_score	15.2485	2UUY_rec	2UUY_lig	swarm_96	3.0	1.0	
lightdock	luciferin_score	13.74394	2UUY_rec	2UUY_lig	swarm_96	4.0	3.0	
lightdock	luciferin_score	12.94389	2UUY_rec	2UUY_lig	swarm_96	5.0	17.0	
lightdock	luciferin_score	12.62924	2UUY_rec	2UUY_lig	swarm_96	6.0	12.0	
lightdock	luciferin_score	12.15516	2UUY_rec	2UUY_lig	swarm_96	7.0	13.0	
lightdock	luciferin_score	11.83513	2UUY_rec	2UUY_lig	swarm_96	8.0	5.0	
lightdock	luciferin_score	11.53159	2UUY_rec	2UUY_lig	swarm_96	9.0	2.0	
lightdock	luciferin_score	11.48394	2UUY_rec	2UUY_lig	swarm_96	10.0	6.0	
lightdock	luciferin_score	11.48097	2UUY_rec	2UUY_lig	swarm_96	11.0	3.0	
lightdock	luciferin_score	11.06199	2UUY_rec	2UUY_lig	swarm_96	12.0	3.0	
lightdock	luciferin_score	10.87031	2UUY_rec	2UUY_lig	swarm_96	13.0	3.0	
lightdock	luciferin_score	10.84508	2UUY_rec	2UUY_lig	swarm_96	14.0	3.0	
lightdock	luciferin_score	10.78828	2UUY_rec	2UUY_lig	swarm_96	15.0	5.0	
lightdock	luciferin_score	10.62669	2UUY_rec	2UUY_lig	swarm_96	16.0	2.0	
lightdock	luciferin_score	10.51949	2UUY_rec	2UUY_lig	swarm_96	17.0	6.0	
lightdock	luciferin_score	10.29501	2UUY_rec	2UUY_lig	swarm_96	18.0	2.0	
lightdock	luciferin_score	10.24405	2UUY_rec	2UUY_lig	swarm_96	19.0	5.0	
lightdock	luciferin_score	9.93594	2UUY_rec	2UUY_lig	swarm_96	20.0	4.0	
lightdock	luciferin_score	9.75846	2UUY_rec	2UUY_lig	swarm_96	21.0	3.0	
lightdock	luciferin_score	9.52242	2UUY_rec	2UUY_lig	swarm_96	22.0	5.0	
lightdock	luciferin_score	9.41389	2UUY_rec	2UUY_lig	swarm_96	23.0	5.0	
lightdock	luciferin_score	9.18019	2UUY_rec	2UUY_lig	swarm_96	24.0	4.0	
lightdock	luciferin_score	8.99252	2UUY_rec	2UUY_lig	swarm_96	25.0	1.0	
lightdock	luciferin_score	8.64755	2UUY_rec	2UUY_lig	swarm_96	26.0	7.0	
lightdock	luciferin_score	8.3167	2UUY_rec	2UUY_lig	swarm_96	27.0	1.0	
lightdock	luciferin_score	7.65765	2UUY_rec	2UUY_lig	swarm_96	28.0	1.0	
lightdock	luciferin_score	7.49852	2UUY_rec	2UUY_lig	swarm_96	29.0	1.0	
lightdock	luciferin_score	7.37877	2UUY_rec	2UUY_lig	swarm_96	30.0	2.0	
lightdock	luciferin_score	7.2041	2UUY_rec	2UUY_lig	swarm_96	31.0	1.0	
lightdock	luciferin_score	7.13257	2UUY_rec	2UUY_lig	swarm_96	32.0	4.0	
lightdock	luciferin_score	6.45974	2UUY_rec	2UUY_lig	swarm_96	33.0	8.0	
lightdock	luciferin_score	6.01849	2UUY_rec	2UUY_lig	swarm_96	34.0	2.0	
lightdock	luciferin_score	5.73238	2UUY_rec	2UUY_lig	swarm_96	35.0	3.0	
lightdock	luciferin_score	5.68982	2UUY_rec	2UUY_lig	swarm_96	36.0	1.0	
lightdock	luciferin_score	5.45683	2UUY_rec	2UUY_lig	swarm_96	37.0	6.0	
lightdock	luciferin_score	5.09128	2UUY_rec	2UUY_lig	swarm_96	38.0	1.0	
lightdock	luciferin_score	4.87939	2UUY_rec	2UUY_lig	swarm_96	39.0	2.0	
lightdock	luciferin_score	4.83269	2UUY_rec	2UUY_lig	swarm_96	40.0	1.0	
lightdock	luciferin_score	4.76492	2UUY_rec	2UUY_lig	swarm_96	41.0	1.0	
lightdock	luciferin_score	4.63003	2UUY_rec	2UUY_lig	swarm_96	42.0	1.0	
lightdock	luciferin_score	4.42867	2UUY_rec	2UUY_lig	swarm_96	43.0	1.0	
lightdock	luciferin_score	2.19704	2UUY_rec	2UUY_lig	swarm_96	44.0	1.0	
lightdock	luciferin_score	1.5755	2UUY_rec	2UUY_lig	swarm_96	45.0	1.0	
lightdock	luciferin_score	0.50178	2UUY_rec	2UUY_lig	swarm_96	46.0	1.0	
lightdock	luciferin_score	0.07043	2UUY_rec	2UUY_lig	swarm_96	47.0	1.0	
lightdock	luciferin_score	-0.01626	2UUY_rec	2UUY_lig	swarm_96	48.0	2.0	
lightdock	luciferin_score	-0.68426	2UUY_rec	2UUY_lig	swarm_96	49.0	2.0	
lightdock	luciferin_score	-2.60818	2UUY_rec	2UUY_lig	swarm_96	50.0	2.0	
lightdock	luciferin_score	-2.89313	2UUY_rec	2UUY_lig	swarm_96	51.0	2.0	
lightdock	luciferin_score	-4.69345	2UUY_rec	2UUY_lig	swarm_96	52.0	2.0	
lightdock	luciferin_score	-6.05295	2UUY_rec	2UUY_lig	swarm_96	53.0	4.0	
lightdock	luciferin_score	-7.36352	2UUY_rec	2UUY_lig	swarm_96	54.0	1.0	
lightdock	luciferin_score	-13.66556	2UUY_rec	2UUY_lig	swarm_96	55.0	1.0	
lightdock	luciferin_score	-24.6337	2UUY_rec	2UUY_lig	swarm_96	56.0	2.0	
lightdock	luciferin_score	-28.0962	2UUY_rec	2UUY_lig	swarm_96	57.0	3.0	
lightdock	luciferin_score	-30.74726	2UUY_rec	2UUY_lig	swarm_96	58.0	1.0	
lightdock	luciferin_score	-42.44574	2UUY_rec	2UUY_lig	swarm_96	59.0	1.0	
lightdock	luciferin_score	-56.24023	2UUY_rec	2UUY_lig	swarm_96	60.0	1.0	
lightdock	luciferin_score	16.98395	2UUY_rec	2UUY_lig	swarm_97	0.0	12.0	
lightdock	luciferin_score	16.80457	2UUY_rec	2UUY_lig	swarm_97	1.0	11.0	
lightdock	luciferin_score	15.41391	2UUY_rec	2UUY_lig	swarm_97	2.0	7.0	
lightdock	luciferin_score	14.5069	2UUY_rec	2UUY_lig	swarm_97	3.0	12.0	
lightdock	luciferin_score	14.32847	2UUY_rec	2UUY_lig	swarm_97	4.0	2.0	
lightdock	luciferin_score	14.04467	2UUY_rec	2UUY_lig	swarm_97	5.0	2.0	
lightdock	luciferin_score	13.75626	2UUY_rec	2UUY_lig	swarm_97	6.0	5.0	
lightdock	luciferin_score	12.85798	2UUY_rec	2UUY_lig	swarm_97	7.0	2.0	
lightdock	luciferin_score	11.93013	2UUY_rec	2UUY_lig	swarm_97	8.0	4.0	
lightdock	luciferin_score	11.69176	2UUY_rec	2UUY_lig	swarm_97	9.0	4.0	
lightdock	luciferin_score	11.549	2UUY_rec	2UUY_lig	swarm_97	10.0	1.0	
lightdock	luciferin_score	11.31844	2UUY_rec	2UUY_lig	swarm_97	11.0	3.0	
lightdock	luciferin_score	11.12844	2UUY_rec	2UUY_lig	swarm_97	12.0	11.0	
lightdock	luciferin_score	11.03064	2UUY_rec	2UUY_lig	swarm_97	13.0	8.0	
lightdock	luciferin_score	10.71593	2UUY_rec	2UUY_lig	swarm_97	14.0	15.0	
lightdock	luciferin_score	10.49392	2UUY_rec	2UUY_lig	swarm_97	15.0	7.0	
lightdock	luciferin_score	10.42632	2UUY_rec	2UUY_lig	swarm_97	16.0	2.0	
lightdock	luciferin_score	10.10245	2UUY_rec	2UUY_lig	swarm_97	17.0	6.0	
lightdock	luciferin_score	9.9296	2UUY_rec	2UUY_lig	swarm_97	18.0	1.0	
lightdock	luciferin_score	9.65237	2UUY_rec	2UUY_lig	swarm_97	19.0	5.0	
lightdock	luciferin_score	9.63471	2UUY_rec	2UUY_lig	swarm_97	20.0	1.0	
lightdock	luciferin_score	9.52131	2UUY_rec	2UUY_lig	swarm_97	21.0	1.0	
lightdock	luciferin_score	9.4921	2UUY_rec	2UUY_lig	swarm_97	22.0	2.0	
lightdock	luciferin_score	9.41999	2UUY_rec	2UUY_lig	swarm_97	23.0	4.0	
lightdock	luciferin_score	9.13323	2UUY_rec	2UUY_lig	swarm_97	24.0	2.0	
lightdock	luciferin_score	8.95852	2UUY_rec	2UUY_lig	swarm_97	25.0	3.0	
lightdock	luciferin_score	8.78427	2UUY_rec	2UUY_lig	swarm_97	26.0	3.0	
lightdock	luciferin_score	8.65741	2UUY_rec	2UUY_lig	swarm_97	27.0	1.0	
lightdock	luciferin_score	8.61798	2UUY_rec	2UUY_lig	swarm_97	28.0	3.0	
lightdock	luciferin_score	8.1409	2UUY_rec	2UUY_lig	swarm_97	29.0	2.0	
lightdock	luciferin_score	7.49447	2UUY_rec	2UUY_lig	swarm_97	30.0	4.0	
lightdock	luciferin_score	7.46869	2UUY_rec	2UUY_lig	swarm_97	31.0	3.0	
lightdock	luciferin_score	7.33124	2UUY_rec	2UUY_lig	swarm_97	32.0	1.0	
lightdock	luciferin_score	7.32661	2UUY_rec	2UUY_lig	swarm_97	33.0	1.0	
lightdock	luciferin_score	7.30367	2UUY_rec	2UUY_lig	swarm_97	34.0	4.0	
lightdock	luciferin_score	7.27563	2UUY_rec	2UUY_lig	swarm_97	35.0	1.0	
lightdock	luciferin_score	6.88488	2UUY_rec	2UUY_lig	swarm_97	36.0	4.0	
lightdock	luciferin_score	6.82318	2UUY_rec	2UUY_lig	swarm_97	37.0	2.0	
lightdock	luciferin_score	6.60505	2UUY_rec	2UUY_lig	swarm_97	38.0	2.0	
lightdock	luciferin_score	6.32817	2UUY_rec	2UUY_lig	swarm_97	39.0	2.0	
lightdock	luciferin_score	5.97686	2UUY_rec	2UUY_lig	swarm_97	40.0	1.0	
lightdock	luciferin_score	5.57843	2UUY_rec	2UUY_lig	swarm_97	41.0	1.0	
lightdock	luciferin_score	5.46033	2UUY_rec	2UUY_lig	swarm_97	42.0	2.0	
lightdock	luciferin_score	4.92474	2UUY_rec	2UUY_lig	swarm_97	43.0	2.0	
lightdock	luciferin_score	4.01394	2UUY_rec	2UUY_lig	swarm_97	44.0	1.0	
lightdock	luciferin_score	3.68372	2UUY_rec	2UUY_lig	swarm_97	45.0	2.0	
lightdock	luciferin_score	3.47794	2UUY_rec	2UUY_lig	swarm_97	46.0	4.0	
lightdock	luciferin_score	2.19541	2UUY_rec	2UUY_lig	swarm_97	47.0	1.0	
lightdock	luciferin_score	2.0657	2UUY_rec	2UUY_lig	swarm_97	48.0	5.0	
lightdock	luciferin_score	0.1637	2UUY_rec	2UUY_lig	swarm_97	49.0	1.0	
lightdock	luciferin_score	-2.78737	2UUY_rec	2UUY_lig	swarm_97	50.0	2.0	
lightdock	luciferin_score	-8.51261	2UUY_rec	2UUY_lig	swarm_97	51.0	1.0	
lightdock	luciferin_score	-11.05839	2UUY_rec	2UUY_lig	swarm_97	52.0	1.0	
lightdock	luciferin_score	-20.5812	2UUY_rec	2UUY_lig	swarm_97	53.0	3.0	
lightdock	luciferin_score	-28.24838	2UUY_rec	2UUY_lig	swarm_97	54.0	1.0	
lightdock	luciferin_score	-29.66683	2UUY_rec	2UUY_lig	swarm_97	55.0	1.0	
lightdock	luciferin_score	-30.21441	2UUY_rec	2UUY_lig	swarm_97	56.0	1.0	
lightdock	luciferin_score	-36.60972	2UUY_rec	2UUY_lig	swarm_97	57.0	1.0	
lightdock	luciferin_score	-38.63935	2UUY_rec	2UUY_lig	swarm_97	58.0	1.0	
lightdock	luciferin_score	-39.688	2UUY_rec	2UUY_lig	swarm_97	59.0	2.0	
lightdock	luciferin_score	14.04901	2UUY_rec	2UUY_lig	swarm_98	0.0	3.0	
lightdock	luciferin_score	13.68922	2UUY_rec	2UUY_lig	swarm_98	1.0	2.0	
lightdock	luciferin_score	13.07777	2UUY_rec	2UUY_lig	swarm_98	2.0	9.0	
lightdock	luciferin_score	12.95339	2UUY_rec	2UUY_lig	swarm_98	3.0	2.0	
lightdock	luciferin_score	12.61704	2UUY_rec	2UUY_lig	swarm_98	4.0	5.0	
lightdock	luciferin_score	12.18049	2UUY_rec	2UUY_lig	swarm_98	5.0	10.0	
lightdock	luciferin_score	11.47451	2UUY_rec	2UUY_lig	swarm_98	6.0	6.0	
lightdock	luciferin_score	11.28232	2UUY_rec	2UUY_lig	swarm_98	7.0	6.0	
lightdock	luciferin_score	10.72573	2UUY_rec	2UUY_lig	swarm_98	8.0	3.0	
lightdock	luciferin_score	10.31988	2UUY_rec	2UUY_lig	swarm_98	9.0	2.0	
lightdock	luciferin_score	9.90403	2UUY_rec	2UUY_lig	swarm_98	10.0	5.0	
lightdock	luciferin_score	9.87602	2UUY_rec	2UUY_lig	swarm_98	11.0	1.0	
lightdock	luciferin_score	9.8333	2UUY_rec	2UUY_lig	swarm_98	12.0	4.0	
lightdock	luciferin_score	9.72082	2UUY_rec	2UUY_lig	swarm_98	13.0	5.0	
lightdock	luciferin_score	9.64104	2UUY_rec	2UUY_lig	swarm_98	14.0	6.0	
lightdock	luciferin_score	9.47121	2UUY_rec	2UUY_lig	swarm_98	15.0	5.0	
lightdock	luciferin_score	9.26068	2UUY_rec	2UUY_lig	swarm_98	16.0	2.0	
lightdock	luciferin_score	9.13131	2UUY_rec	2UUY_lig	swarm_98	17.0	2.0	
lightdock	luciferin_score	8.96531	2UUY_rec	2UUY_lig	swarm_98	18.0	5.0	
lightdock	luciferin_score	8.69594	2UUY_rec	2UUY_lig	swarm_98	19.0	2.0	
lightdock	luciferin_score	8.56175	2UUY_rec	2UUY_lig	swarm_98	20.0	2.0	
lightdock	luciferin_score	8.54462	2UUY_rec	2UUY_lig	swarm_98	21.0	2.0	
lightdock	luciferin_score	8.45555	2UUY_rec	2UUY_lig	swarm_98	22.0	2.0	
lightdock	luciferin_score	8.29682	2UUY_rec	2UUY_lig	swarm_98	23.0	3.0	
lightdock	luciferin_score	8.21659	2UUY_rec	2UUY_lig	swarm_98	24.0	6.0	
lightdock	luciferin_score	8.15114	2UUY_rec	2UUY_lig	swarm_98	25.0	6.0	
lightdock	luciferin_score	8.09185	2UUY_rec	2UUY_lig	swarm_98	26.0	1.0	
lightdock	luciferin_score	8.05848	2UUY_rec	2UUY_lig	swarm_98	27.0	2.0	
lightdock	luciferin_score	7.99441	2UUY_rec	2UUY_lig	swarm_98	28.0	4.0	
lightdock	luciferin_score	7.92648	2UUY_rec	2UUY_lig	swarm_98	29.0	5.0	
lightdock	luciferin_score	7.9143	2UUY_rec	2UUY_lig	swarm_98	30.0	5.0	
lightdock	luciferin_score	7.8468	2UUY_rec	2UUY_lig	swarm_98	31.0	2.0	
lightdock	luciferin_score	7.79448	2UUY_rec	2UUY_lig	swarm_98	32.0	6.0	
lightdock	luciferin_score	7.76112	2UUY_rec	2UUY_lig	swarm_98	33.0	1.0	
lightdock	luciferin_score	7.5466	2UUY_rec	2UUY_lig	swarm_98	34.0	5.0	
lightdock	luciferin_score	7.5013	2UUY_rec	2UUY_lig	swarm_98	35.0	4.0	
lightdock	luciferin_score	7.42841	2UUY_rec	2UUY_lig	swarm_98	36.0	2.0	
lightdock	luciferin_score	7.23349	2UUY_rec	2UUY_lig	swarm_98	37.0	4.0	
lightdock	luciferin_score	7.09478	2UUY_rec	2UUY_lig	swarm_98	38.0	4.0	
lightdock	luciferin_score	6.83989	2UUY_rec	2UUY_lig	swarm_98	39.0	1.0	
lightdock	luciferin_score	6.73113	2UUY_rec	2UUY_lig	swarm_98	40.0	1.0	
lightdock	luciferin_score	6.67901	2UUY_rec	2UUY_lig	swarm_98	41.0	1.0	
lightdock	luciferin_score	6.42315	2UUY_rec	2UUY_lig	swarm_98	42.0	3.0	
lightdock	luciferin_score	6.24279	2UUY_rec	2UUY_lig	swarm_98	43.0	2.0	
lightdock	luciferin_score	6.17968	2UUY_rec	2UUY_lig	swarm_98	44.0	1.0	
lightdock	luciferin_score	6.14077	2UUY_rec	2UUY_lig	swarm_98	45.0	2.0	
lightdock	luciferin_score	6.10718	2UUY_rec	2UUY_lig	swarm_98	46.0	1.0	
lightdock	luciferin_score	6.09679	2UUY_rec	2UUY_lig	swarm_98	47.0	1.0	
lightdock	luciferin_score	6.03568	2UUY_rec	2UUY_lig	swarm_98	48.0	6.0	
lightdock	luciferin_score	5.92174	2UUY_rec	2UUY_lig	swarm_98	49.0	1.0	
lightdock	luciferin_score	5.81372	2UUY_rec	2UUY_lig	swarm_98	50.0	1.0	
lightdock	luciferin_score	5.75856	2UUY_rec	2UUY_lig	swarm_98	51.0	3.0	
lightdock	luciferin_score	5.7207	2UUY_rec	2UUY_lig	swarm_98	52.0	1.0	
lightdock	luciferin_score	5.71215	2UUY_rec	2UUY_lig	swarm_98	53.0	1.0	
lightdock	luciferin_score	5.56226	2UUY_rec	2UUY_lig	swarm_98	54.0	2.0	
lightdock	luciferin_score	5.48311	2UUY_rec	2UUY_lig	swarm_98	55.0	1.0	
lightdock	luciferin_score	5.40222	2UUY_rec	2UUY_lig	swarm_98	56.0	1.0	
lightdock	luciferin_score	5.16595	2UUY_rec	2UUY_lig	swarm_98	57.0	1.0	
lightdock	luciferin_score	4.95484	2UUY_rec	2UUY_lig	swarm_98	58.0	3.0	
lightdock	luciferin_score	3.68278	2UUY_rec	2UUY_lig	swarm_98	59.0	1.0	
lightdock	luciferin_score	3.1285	2UUY_rec	2UUY_lig	swarm_98	60.0	1.0	
lightdock	luciferin_score	1.35975	2UUY_rec	2UUY_lig	swarm_98	61.0	1.0	
lightdock	luciferin_score	-1.69465	2UUY_rec	2UUY_lig	swarm_98	62.0	3.0	
lightdock	luciferin_score	-3.54466	2UUY_rec	2UUY_lig	swarm_98	63.0	1.0	
lightdock	luciferin_score	-10.39664	2UUY_rec	2UUY_lig	swarm_98	64.0	1.0	
lightdock	luciferin_score	-19.11918	2UUY_rec	2UUY_lig	swarm_98	65.0	2.0	
lightdock	luciferin_score	-22.83978	2UUY_rec	2UUY_lig	swarm_98	66.0	2.0	
lightdock	luciferin_score	-27.79582	2UUY_rec	2UUY_lig	swarm_98	67.0	1.0	
lightdock	luciferin_score	-34.34291	2UUY_rec	2UUY_lig	swarm_98	68.0	1.0	
lightdock	luciferin_score	-52.37553	2UUY_rec	2UUY_lig	swarm_98	69.0	1.0	
lightdock	luciferin_score	16.1158	2UUY_rec	2UUY_lig	swarm_99	0.0	3.0	
lightdock	luciferin_score	15.88818	2UUY_rec	2UUY_lig	swarm_99	1.0	6.0	
lightdock	luciferin_score	12.97113	2UUY_rec	2UUY_lig	swarm_99	2.0	10.0	
lightdock	luciferin_score	12.54503	2UUY_rec	2UUY_lig	swarm_99	3.0	1.0	
lightdock	luciferin_score	12.45296	2UUY_rec	2UUY_lig	swarm_99	4.0	8.0	
lightdock	luciferin_score	11.00818	2UUY_rec	2UUY_lig	swarm_99	5.0	7.0	
lightdock	luciferin_score	10.99303	2UUY_rec	2UUY_lig	swarm_99	6.0	5.0	
lightdock	luciferin_score	10.96223	2UUY_rec	2UUY_lig	swarm_99	7.0	3.0	
lightdock	luciferin_score	10.80248	2UUY_rec	2UUY_lig	swarm_99	8.0	3.0	
lightdock	luciferin_score	10.64543	2UUY_rec	2UUY_lig	swarm_99	9.0	7.0	
lightdock	luciferin_score	10.577	2UUY_rec	2UUY_lig	swarm_99	10.0	12.0	
lightdock	luciferin_score	10.40063	2UUY_rec	2UUY_lig	swarm_99	11.0	9.0	
lightdock	luciferin_score	9.64774	2UUY_rec	2UUY_lig	swarm_99	12.0	1.0	
lightdock	luciferin_score	9.61921	2UUY_rec	2UUY_lig	swarm_99	13.0	8.0	
lightdock	luciferin_score	9.4602	2UUY_rec	2UUY_lig	swarm_99	14.0	7.0	
lightdock	luciferin_score	9.37484	2UUY_rec	2UUY_lig	swarm_99	15.0	4.0	
lightdock	luciferin_score	9.03732	2UUY_rec	2UUY_lig	swarm_99	16.0	7.0	
lightdock	luciferin_score	9.02504	2UUY_rec	2UUY_lig	swarm_99	17.0	2.0	
lightdock	luciferin_score	8.98031	2UUY_rec	2UUY_lig	swarm_99	18.0	2.0	
lightdock	luciferin_score	8.87907	2UUY_rec	2UUY_lig	swarm_99	19.0	3.0	
lightdock	luciferin_score	8.52963	2UUY_rec	2UUY_lig	swarm_99	20.0	2.0	
lightdock	luciferin_score	8.38155	2UUY_rec	2UUY_lig	swarm_99	21.0	6.0	
lightdock	luciferin_score	8.19196	2UUY_rec	2UUY_lig	swarm_99	22.0	10.0	
lightdock	luciferin_score	8.06487	2UUY_rec	2UUY_lig	swarm_99	23.0	1.0	
lightdock	luciferin_score	7.97129	2UUY_rec	2UUY_lig	swarm_99	24.0	2.0	
lightdock	luciferin_score	7.9484	2UUY_rec	2UUY_lig	swarm_99	25.0	1.0	
lightdock	luciferin_score	7.77818	2UUY_rec	2UUY_lig	swarm_99	26.0	2.0	
lightdock	luciferin_score	7.55319	2UUY_rec	2UUY_lig	swarm_99	27.0	1.0	
lightdock	luciferin_score	7.40022	2UUY_rec	2UUY_lig	swarm_99	28.0	3.0	
lightdock	luciferin_score	7.38554	2UUY_rec	2UUY_lig	swarm_99	29.0	2.0	
lightdock	luciferin_score	7.36985	2UUY_rec	2UUY_lig	swarm_99	30.0	1.0	
lightdock	luciferin_score	7.33677	2UUY_rec	2UUY_lig	swarm_99	31.0	3.0	
lightdock	luciferin_score	6.85834	2UUY_rec	2UUY_lig	swarm_99	32.0	1.0	
lightdock	luciferin_score	6.80404	2UUY_rec	2UUY_lig	swarm_99	33.0	1.0	
lightdock	luciferin_score	6.75659	2UUY_rec	2UUY_lig	swarm_99	34.0	2.0	
lightdock	luciferin_score	6.61267	2UUY_rec	2UUY_lig	swarm_99	35.0	2.0	
lightdock	luciferin_score	6.23173	2UUY_rec	2UUY_lig	swarm_99	36.0	2.0	
lightdock	luciferin_score	6.11067	2UUY_rec	2UUY_lig	swarm_99	37.0	2.0	
lightdock	luciferin_score	6.07222	2UUY_rec	2UUY_lig	swarm_99	38.0	1.0	
lightdock	luciferin_score	5.9896	2UUY_rec	2UUY_lig	swarm_99	39.0	2.0	
lightdock	luciferin_score	5.80526	2UUY_rec	2UUY_lig	swarm_99	40.0	1.0	
lightdock	luciferin_score	5.70478	2UUY_rec	2UUY_lig	swarm_99	41.0	2.0	
lightdock	luciferin_score	5.66631	2UUY_rec	2UUY_lig	swarm_99	42.0	1.0	
lightdock	luciferin_score	5.34658	2UUY_rec	2UUY_lig	swarm_99	43.0	2.0	
lightdock	luciferin_score	5.15024	2UUY_rec	2UUY_lig	swarm_99	44.0	1.0	
lightdock	luciferin_score	4.98686	2UUY_rec	2UUY_lig	swarm_99	45.0	1.0	
lightdock	luciferin_score	4.18424	2UUY_rec	2UUY_lig	swarm_99	46.0	1.0	
lightdock	luciferin_score	3.98087	2UUY_rec	2UUY_lig	swarm_99	47.0	1.0	
lightdock	luciferin_score	3.62233	2UUY_rec	2UUY_lig	swarm_99	48.0	3.0	
lightdock	luciferin_score	1.62999	2UUY_rec	2UUY_lig	swarm_99	49.0	1.0	
lightdock	luciferin_score	1.26845	2UUY_rec	2UUY_lig	swarm_99	50.0	1.0	
lightdock	luciferin_score	0.14516	2UUY_rec	2UUY_lig	swarm_99	51.0	4.0	
lightdock	luciferin_score	-0.11974	2UUY_rec	2UUY_lig	swarm_99	52.0	8.0	
lightdock	luciferin_score	-0.43723	2UUY_rec	2UUY_lig	swarm_99	53.0	3.0	
lightdock	luciferin_score	-1.17022	2UUY_rec	2UUY_lig	swarm_99	54.0	1.0	
lightdock	luciferin_score	-2.75048	2UUY_rec	2UUY_lig	swarm_99	55.0	1.0	
lightdock	luciferin_score	-4.58926	2UUY_rec	2UUY_lig	swarm_99	56.0	1.0	
lightdock	luciferin_score	-5.29913	2UUY_rec	2UUY_lig	swarm_99	57.0	3.0	
lightdock	luciferin_score	-6.57928	2UUY_rec	2UUY_lig	swarm_99	58.0	1.0	
lightdock	luciferin_score	-6.87526	2UUY_rec	2UUY_lig	swarm_99	59.0	2.0	
lightdock	luciferin_score	-9.86423	2UUY_rec	2UUY_lig	swarm_99	60.0	1.0	
lightdock	luciferin_score	-11.88335	2UUY_rec	2UUY_lig	swarm_99	61.0	1.0	
lightdock	luciferin_score	-16.16758	2UUY_rec	2UUY_lig	swarm_99	62.0	2.0	
lightdock	luciferin_score	-24.7577	2UUY_rec	2UUY_lig	swarm_99	63.0	1.0	
lightdock	luciferin_score	-47.26282	2UUY_rec	2UUY_lig	swarm_99	64.0	1.0	
haddock	score	-111.962	2UUY_rec	2UUY_lig				cluster
haddock	dockq	0.543	2UUY_rec	2UUY_lig				cluster
haddock	irmsd	1.982	2UUY_rec	2UUY_lig				cluster
haddock	fnat	0.528	2UUY_rec	2UUY_lig				cluster
haddock	lrmsd	5.08	2UUY_rec	2UUY_lig				cluster
haddock	score	-104.823	2UUY_rec	2UUY_lig				cluster
haddock	dockq	0.818	2UUY_rec	2UUY_lig				cluster
haddock	irmsd	1.026	2UUY_rec	2UUY_lig				cluster
haddock	fnat	0.833	2UUY_rec	2UUY_lig				cluster
haddock	lrmsd	2.161	2UUY_rec	2UUY_lig				cluster
haddock	score	-101.345	2UUY_rec	2UUY_lig				cluster
haddock	dockq	0.11	2UUY_rec	2UUY_lig				cluster
haddock	irmsd	10.889	2UUY_rec	2UUY_lig				cluster
haddock	fnat	0.139	2UUY_rec	2UUY_lig				cluster
haddock	lrmsd	18.666	2UUY_rec	2UUY_lig				cluster
haddock	score	-92.673	2UUY_rec	2UUY_lig				cluster
haddock	dockq	0.13	2UUY_rec	2UUY_lig				cluster
haddock	irmsd	8.255	2UUY_rec	2UUY_lig				cluster
haddock	fnat	0.139	2UUY_rec	2UUY_lig				cluster
haddock	lrmsd	16.028	2UUY_rec	2UUY_lig				cluster
haddock	score	-84.35	2UUY_rec	2UUY_lig				cluster
haddock	dockq	0.542	2UUY_rec	2UUY_lig				cluster
haddock	irmsd	2.007	2UUY_rec	2UUY_lig				cluster
haddock	fnat	0.472	2UUY_rec	2UUY_lig				cluster
haddock	lrmsd	4.316	2UUY_rec	2UUY_lig				cluster
