model	score_type	score_value	proteinA	proteinB	run_id	pose_id	output_path	label
HADDOCK	dockq	0.8743773663803545	2UUY_rec	2UUY_lig	haddock_2UUY_rec_2UUY_lig_demo	haddock_2UUY_rec_2UUY_lig_pose_001	/demo/haddock/2UUY_rec_vs_2UUY_lig/haddock_2UUY_rec_2UUY_lig_pose_001.pdb	
HADDOCK	dockq	0.7668012715007604	2UUY_rec	2UUY_lig	haddock_2UUY_rec_2UUY_lig_demo	haddock_2UUY_rec_2UUY_lig_pose_002	/demo/haddock/2UUY_rec_vs_2UUY_lig/haddock_2UUY_rec_2UUY_lig_pose_002.pdb	
HADDOCK	dockq	0.9100360956645166	2UUY_rec	2UUY_lig	haddock_2UUY_rec_2UUY_lig_demo	haddock_2UUY_rec_2UUY_lig_pose_003	/demo/haddock/2UUY_rec_vs_2UUY_lig/haddock_2UUY_rec_2UUY_lig_pose_003.pdb	
HADDOCK	dockq	0.9252451773112971	2UUY_rec	2UUY_lig	haddock_2UUY_rec_2UUY_lig_demo	haddock_2UUY_rec_2UUY_lig_pose_004	/demo/haddock/2UUY_rec_vs_2UUY_lig/haddock_2UUY_rec_2UUY_lig_pose_004.pdb	
HADDOCK	dockq	0.693917184907693	2UUY_rec	2UUY_lig	haddock_2UUY_rec_2UUY_lig_demo	haddock_2UUY_rec_2UUY_lig_pose_005	/demo/haddock/2UUY_rec_vs_2UUY_lig/haddock_2UUY_rec_2UUY_lig_pose_005.pdb	
HADDOCK	dockq	0.7458256394510145	2UUY_rec	2UUY_lig	haddock_2UUY_rec_2UUY_lig_demo	haddock_2UUY_rec_2UUY_lig_pose_006	/demo/haddock/2UUY_rec_vs_2UUY_lig/haddock_2UUY_rec_2UUY_lig_pose_006.pdb	
HADDOCK	dockq	0.8602272322533828	2UUY_rec	2UUY_lig	haddock_2UUY_rec_2UUY_lig_demo	haddock_2UUY_rec_2UUY_lig_pose_007	/demo/haddock/2UUY_rec_vs_2UUY_lig/haddock_2UUY_rec_2UUY_lig_pose_007.pdb	
HADDOCK	dockq	0.8247005926125134	2UUY_rec	2UUY_lig	haddock_2UUY_rec_2UUY_lig_demo	haddock_2UUY_rec_2UUY_lig_pose_008	/demo/haddock/2UUY_rec_vs_2UUY_lig/haddock_2UUY_rec_2UUY_lig_pose_008.pdb	
HADDOCK	dockq	0.8486559073996569	2UUY_rec	2UUY_lig	haddock_2UUY_rec_2UUY_lig_demo	haddock_2UUY_rec_2UUY_lig_pose_009	/demo/haddock/2UUY_rec_vs_2UUY_lig/haddock_2UUY_rec_2UUY_lig_pose_009.pdb	
HADDOCK	dockq	0.7817564857941136	2UUY_rec	2UUY_lig	haddock_2UUY_rec_2UUY_lig_demo	haddock_2UUY_rec_2UUY_lig_pose_010	/demo/haddock/2UUY_rec_vs_2UUY_lig/haddock_2UUY_rec_2UUY_lig_pose_010.pdb	
HADDOCK	dockq	0.9203518379890263	2UUY_rec	2UUY_lig	haddock_2UUY_rec_2UUY_lig_demo	haddock_2UUY_rec_2UUY_lig_pose_011	/demo/haddock/2UUY_rec_vs_2UUY_lig/haddock_2UUY_rec_2UUY_lig_pose_011.pdb	
HADDOCK	dockq	0.9122233548343158	2UUY_rec	2UUY_lig	haddock_2UUY_rec_2UUY_lig_demo	haddock_2UUY_rec_2UUY_lig_pose_012	/demo/haddock/2UUY_rec_vs_2UUY_lig/haddock_2UUY_rec_2UUY_lig_pose_012.pdb	
HADDOCK	dockq	0.8552824558048973	2UUY_rec	2UUY_lig	haddock_2UUY_rec_2UUY_lig_demo	haddock_2UUY_rec_2UUY_lig_pose_013	/demo/haddock/2UUY_rec_vs_2UUY_lig/haddock_2UUY_rec_2UUY_lig_pose_013.pdb	
HADDOCK	dockq	0.9401792965574426	2UUY_rec	2UUY_lig	haddock_2UUY_rec_2UUY_lig_demo	haddock_2UUY_rec_2UUY_lig_pose_014	/demo/haddock/2UUY_rec_vs_2UUY_lig/haddock_2UUY_rec_2UUY_lig_pose_014.pdb	
HADDOCK	dockq	0.8874007473801636	2UUY_rec	2UUY_lig	haddock_2UUY_rec_2UUY_lig_demo	haddock_2UUY_rec_2UUY_lig_pose_015	/demo/haddock/2UUY_rec_vs_2UUY_lig/haddock_2UUY_rec_2UUY_lig_pose_015.pdb	
HADDOCK	dockq	0.781256602969341	2UUY_rec	2UUY_lig	haddock_2UUY_rec_2UUY_lig_demo	haddock_2UUY_rec_2UUY_lig_pose_016	/demo/haddock/2UUY_rec_vs_2UUY_lig/haddock_2UUY_rec_2UUY_lig_pose_016.pdb	
HADDOCK	dockq	0.8795000627265999	2UUY_rec	2UUY_lig	haddock_2UUY_rec_2UUY_lig_demo	haddock_2UUY_rec_2UUY_lig_pose_017	/demo/haddock/2UUY_rec_vs_2UUY_lig/haddock_2UUY_rec_2UUY_lig_pose_017.pdb	
HADDOCK	dockq	0.7732893919336801	2UUY_rec	2UUY_lig	haddock_2UUY_rec_2UUY_lig_demo	haddock_2UUY_rec_2UUY_lig_pose_018	/demo/haddock/2UUY_rec_vs_2UUY_lig/haddock_2UUY_rec_2UUY_lig_pose_018.pdb	
HADDOCK	dockq	0.9202760241045818	2UUY_rec	2UUY_lig	haddock_2UUY_rec_2UUY_lig_demo	haddock_2UUY_rec_2UUY_lig_pose_019	/demo/haddock/2UUY_rec_vs_2UUY_lig/haddock_2UUY_rec_2UUY_lig_pose_019.pdb	
HADDOCK	dockq	0.8460059271210998	2UUY_rec	2UUY_lig	haddock_2UUY_rec_2UUY_lig_demo	haddock_2UUY_rec_2UUY_lig_pose_020	/demo/haddock/2UUY_rec_vs_2UUY_lig/haddock_2UUY_rec_2UUY_lig_pose_020.pdb	
HADDOCK	dockq	0.8352110109163792	2UUY_rec	2UUY_lig	haddock_2UUY_rec_2UUY_lig_demo	haddock_2UUY_rec_2UUY_lig_pose_021	/demo/haddock/2UUY_rec_vs_2UUY_lig/haddock_2UUY_rec_2UUY_lig_pose_021.pdb	
HADDOCK	dockq	0.7955256364476847	2UUY_rec	2UUY_lig	haddock_2UUY_rec_2UUY_lig_demo	haddock_2UUY_rec_2UUY_lig_pose_022	/demo/haddock/2UUY_rec_vs_2UUY_lig/haddock_2UUY_rec_2UUY_lig_pose_022.pdb	
HADDOCK	dockq	0.9478033070939224	2UUY_rec	2UUY_lig	haddock_2UUY_rec_2UUY_lig_demo	haddock_2UUY_rec_2UUY_lig_pose_023	/demo/haddock/2UUY_rec_vs_2UUY_lig/haddock_2UUY_rec_2UUY_lig_pose_023.pdb	
HADDOCK	dockq	0.8376376414344958	2UUY_rec	2UUY_lig	haddock_2UUY_rec_2UUY_lig_demo	haddock_2UUY_rec_2UUY_lig_pose_024	/demo/haddock/2UUY_rec_vs_2UUY_lig/haddock_2UUY_rec_2UUY_lig_pose_024.pdb	
HADDOCK	dockq	0.8157337742269514	2UUY_rec	2UUY_lig	haddock_2UUY_rec_2UUY_lig_demo	haddock_2UUY_rec_2UUY_lig_pose_025	/demo/haddock/2UUY_rec_vs_2UUY_lig/haddock_2UUY_rec_2UUY_lig_pose_025.pdb	
HADDOCK	dockq	0.8218293159609416	2UUY_rec	2UUY_lig	haddock_2UUY_rec_2UUY_lig_demo	haddock_2UUY_rec_2UUY_lig_pose_026	/demo/haddock/2UUY_rec_vs_2UUY_lig/haddock_2UUY_rec_2UUY_lig_pose_026.pdb	
HADDOCK	dockq	0.8925847348442679	2UUY_rec	2UUY_lig	haddock_2UUY_rec_2UUY_lig_demo	haddock_2UUY_rec_2UUY_lig_pose_027	/demo/haddock/2UUY_rec_vs_2UUY_lig/haddock_2UUY_rec_2UUY_lig_pose_027.pdb	
HADDOCK	dockq	0.8792355251491263	2UUY_rec	2UUY_lig	haddock_2UUY_rec_2UUY_lig_demo	haddock_2UUY_rec_2UUY_lig_pose_028	/demo/haddock/2UUY_rec_vs_2UUY_lig/haddock_2UUY_rec_2UUY_lig_pose_028.pdb	
HADDOCK	dockq	0.883018608927679	2UUY_rec	2UUY_lig	haddock_2UUY_rec_2UUY_lig_demo	haddock_2UUY_rec_2UUY_lig_pose_029	/demo/haddock/2UUY_rec_vs_2UUY_lig/haddock_2UUY_rec_2UUY_lig_pose_029.pdb	
HADDOCK	dockq	0.8844656802406305	2UUY_rec	2UUY_lig	haddock_2UUY_rec_2UUY_lig_demo	haddock_2UUY_rec_2UUY_lig_pose_030	/demo/haddock/2UUY_rec_vs_2UUY_lig/haddock_2UUY_rec_2UUY_lig_pose_030.pdb	
HADDOCK	dockq	1.0	2UUY_rec	2UUY_lig	haddock_2UUY_rec_2UUY_lig_demo	haddock_2UUY_rec_2UUY_lig_pose_031	/demo/haddock/2UUY_rec_vs_2UUY_lig/haddock_2UUY_rec_2UUY_lig_pose_031.pdb	
HADDOCK	dockq	0.8174867986892307	2UUY_rec	2UUY_lig	haddock_2UUY_rec_2UUY_lig_demo	haddock_2UUY_rec_2UUY_lig_pose_032	/demo/haddock/2UUY_rec_vs_2UUY_lig/haddock_2UUY_rec_2UUY_lig_pose_032.pdb	
HADDOCK	dockq	0.809020581674277	2UUY_rec	2UUY_lig	haddock_2UUY_rec_2UUY_lig_demo	haddock_2UUY_rec_2UUY_lig_pose_033	/demo/haddock/2UUY_rec_vs_2UUY_lig/haddock_2UUY_rec_2UUY_lig_pose_033.pdb	
HADDOCK	dockq	0.7848981817401698	2UUY_rec	2UUY_lig	haddock_2UUY_rec_2UUY_lig_demo	haddock_2UUY_rec_2UUY_lig_pose_034	/demo/haddock/2UUY_rec_vs_2UUY_lig/haddock_2UUY_rec_2UUY_lig_pose_034.pdb	
HADDOCK	dockq	0.8992783538060396	2UUY_rec	2UUY_lig	haddock_2UUY_rec_2UUY_lig_demo	haddock_2UUY_rec_2UUY_lig_pose_035	/demo/haddock/2UUY_rec_vs_2UUY_lig/haddock_2UUY_rec_2UUY_lig_pose_035.pdb	
HADDOCK	dockq	0.9403177834176712	2UUY_rec	2UUY_lig	haddock_2UUY_rec_2UUY_lig_demo	haddock_2UUY_rec_2UUY_lig_pose_036	/demo/haddock/2UUY_rec_vs_2UUY_lig/haddock_2UUY_rec_2UUY_lig_pose_036.pdb	
HADDOCK	dockq	0.8408842033876099	2UUY_rec	2UUY_lig	haddock_2UUY_rec_2UUY_lig_demo	haddock_2UUY_rec_2UUY_lig_pose_037	/demo/haddock/2UUY_rec_vs_2UUY_lig/haddock_2UUY_rec_2UUY_lig_pose_037.pdb	
HADDOCK	dockq	0.7827874818429977	2UUY_rec	2UUY_lig	haddock_2UUY_rec_2UUY_lig_demo	haddock_2UUY_rec_2UUY_lig_pose_038	/demo/haddock/2UUY_rec_vs_2UUY_lig/haddock_2UUY_rec_2UUY_lig_pose_038.pdb	
HADDOCK	dockq	0.7840415027447009	2UUY_rec	2UUY_lig	haddock_2UUY_rec_2UUY_lig_demo	haddock_2UUY_rec_2UUY_lig_pose_039	/demo/haddock/2UUY_rec_vs_2UUY_lig/haddock_2UUY_rec_2UUY_lig_pose_039.pdb	
HADDOCK	dockq	0.9020474230259761	2UUY_rec	2UUY_lig	haddock_2UUY_rec_2UUY_lig_demo	haddock_2UUY_rec_2UUY_lig_pose_040	/demo/haddock/2UUY_rec_vs_2UUY_lig/haddock_2UUY_rec_2UUY_lig_pose_040.pdb	
HADDOCK	dockq	0.9094603336962753	2UUY_rec	2UUY_lig	haddock_2UUY_rec_2UUY_lig_demo	haddock_2UUY_rec_2UUY_lig_pose_041	/demo/haddock/2UUY_rec_vs_2UUY_lig/haddock_2UUY_rec_2UUY_lig_pose_041.pdb	
HADDOCK	dockq	0.8934523414644155	2UUY_rec	2UUY_lig	haddock_2UUY_rec_2UUY_lig_demo	haddock_2UUY_rec_2UUY_lig_pose_042	/demo/haddock/2UUY_rec_vs_2UUY_lig/haddock_2UUY_rec_2UUY_lig_pose_042.pdb	
HADDOCK	dockq	0.7967592234169044	2UUY_rec	2UUY_lig	haddock_2UUY_rec_2UUY_lig_demo	haddock_2UUY_rec_2UUY_lig_pose_043	/demo/haddock/2UUY_rec_vs_2UUY_lig/haddock_2UUY_rec_2UUY_lig_pose_043.pdb	
HADDOCK	dockq	0.8685729058453375	2UUY_rec	2UUY_lig	haddock_2UUY_rec_2UUY_lig_demo	haddock_2UUY_rec_2UUY_lig_pose_044	/demo/haddock/2UUY_rec_vs_2UUY_lig/haddock_2UUY_rec_2UUY_lig_pose_044.pdb	
HADDOCK	dockq	0.8593348647312582	2UUY_rec	2UUY_lig	haddock_2UUY_rec_2UUY_lig_demo	haddock_2UUY_rec_2UUY_lig_pose_045	/demo/haddock/2UUY_rec_vs_2UUY_lig/haddock_2UUY_rec_2UUY_lig_pose_045.pdb	
HADDOCK	dockq	0.867495087738321	2UUY_rec	2UUY_lig	haddock_2UUY_rec_2UUY_lig_demo	haddock_2UUY_rec_2UUY_lig_pose_046	/demo/haddock/2UUY_rec_vs_2UUY_lig/haddock_2UUY_rec_2UUY_lig_pose_046.pdb	
HADDOCK	dockq	0.9197143022358552	2UUY_rec	2UUY_lig	haddock_2UUY_rec_2UUY_lig_demo	haddock_2UUY_rec_2UUY_lig_pose_047	/demo/haddock/2UUY_rec_vs_2UUY_lig/haddock_2UUY_rec_2UUY_lig_pose_047.pdb	
HADDOCK	dockq	0.8678876439019746	2UUY_rec	2UUY_lig	haddock_2UUY_rec_2UUY_lig_demo	haddock_2UUY_rec_2UUY_lig_pose_048	/demo/haddock/2UUY_rec_vs_2UUY_lig/haddock_2UUY_rec_2UUY_lig_pose_048.pdb	
HADDOCK	dockq	0.9043130850457516	2UUY_rec	2UUY_lig	haddock_2UUY_rec_2UUY_lig_demo	haddock_2UUY_rec_2UUY_lig_pose_049	/demo/haddock/2UUY_rec_vs_2UUY_lig/haddock_2UUY_rec_2UUY_lig_pose_049.pdb	
HADDOCK	dockq	0.8554063255591113	2UUY_rec	2UUY_lig	haddock_2UUY_rec_2UUY_lig_demo	haddock_2UUY_rec_2UUY_lig_pose_050	/demo/haddock/2UUY_rec_vs_2UUY_lig/haddock_2UUY_rec_2UUY_lig_pose_050.pdb	
HADDOCK	fnat	0.8289119398689985	2UUY_rec	2UUY_lig	haddock_2UUY_rec_2UUY_lig_demo	haddock_2UUY_rec_2UUY_lig_pose_001	/demo/haddock/2UUY_rec_vs_2UUY_lig/haddock_2UUY_rec_2UUY_lig_pose_001.pdb	
HADDOCK	fnat	0.863128822583854	2UUY_rec	2UUY_lig	haddock_2UUY_rec_2UUY_lig_demo	haddock_2UUY_rec_2UUY_lig_pose_002	/demo/haddock/2UUY_rec_vs_2UUY_lig/haddock_2UUY_rec_2UUY_lig_pose_002.pdb	
HADDOCK	fnat	0.6542844180144334	2UUY_rec	2UUY_lig	haddock_2UUY_rec_2UUY_lig_demo	haddock_2UUY_rec_2UUY_lig_pose_003	/demo/haddock/2UUY_rec_vs_2UUY_lig/haddock_2UUY_rec_2UUY_lig_pose_003.pdb	
HADDOCK	fnat	0.7680328783642699	2UUY_rec	2UUY_lig	haddock_2UUY_rec_2UUY_lig_demo	haddock_2UUY_rec_2UUY_lig_pose_004	/demo/haddock/2UUY_rec_vs_2UUY_lig/haddock_2UUY_rec_2UUY_lig_pose_004.pdb	
HADDOCK	fnat	0.7529627345707205	2UUY_rec	2UUY_lig	haddock_2UUY_rec_2UUY_lig_demo	haddock_2UUY_rec_2UUY_lig_pose_005	/demo/haddock/2UUY_rec_vs_2UUY_lig/haddock_2UUY_rec_2UUY_lig_pose_005.pdb	
HADDOCK	fnat	0.7361122151756658	2UUY_rec	2UUY_lig	haddock_2UUY_rec_2UUY_lig_demo	haddock_2UUY_rec_2UUY_lig_pose_006	/demo/haddock/2UUY_rec_vs_2UUY_lig/haddock_2UUY_rec_2UUY_lig_pose_006.pdb	
HADDOCK	fnat	0.7724857748773317	2UUY_rec	2UUY_lig	haddock_2UUY_rec_2UUY_lig_demo	haddock_2UUY_rec_2UUY_lig_pose_007	/demo/haddock/2UUY_rec_vs_2UUY_lig/haddock_2UUY_rec_2UUY_lig_pose_007.pdb	
HADDOCK	fnat	0.9494941311234396	2UUY_rec	2UUY_lig	haddock_2UUY_rec_2UUY_lig_demo	haddock_2UUY_rec_2UUY_lig_pose_008	/demo/haddock/2UUY_rec_vs_2UUY_lig/haddock_2UUY_rec_2UUY_lig_pose_008.pdb	
HADDOCK	fnat	0.7134168884306757	2UUY_rec	2UUY_lig	haddock_2UUY_rec_2UUY_lig_demo	haddock_2UUY_rec_2UUY_lig_pose_009	/demo/haddock/2UUY_rec_vs_2UUY_lig/haddock_2UUY_rec_2UUY_lig_pose_009.pdb	
HADDOCK	fnat	0.8968278354591481	2UUY_rec	2UUY_lig	haddock_2UUY_rec_2UUY_lig_demo	haddock_2UUY_rec_2UUY_lig_pose_010	/demo/haddock/2UUY_rec_vs_2UUY_lig/haddock_2UUY_rec_2UUY_lig_pose_010.pdb	
HADDOCK	fnat	0.6317130228384196	2UUY_rec	2UUY_lig	haddock_2UUY_rec_2UUY_lig_demo	haddock_2UUY_rec_2UUY_lig_pose_011	/demo/haddock/2UUY_rec_vs_2UUY_lig/haddock_2UUY_rec_2UUY_lig_pose_011.pdb	
HADDOCK	fnat	0.7665114970014225	2UUY_rec	2UUY_lig	haddock_2UUY_rec_2UUY_lig_demo	haddock_2UUY_rec_2UUY_lig_pose_012	/demo/haddock/2UUY_rec_vs_2UUY_lig/haddock_2UUY_rec_2UUY_lig_pose_012.pdb	
HADDOCK	fnat	0.8162753065105006	2UUY_rec	2UUY_lig	haddock_2UUY_rec_2UUY_lig_demo	haddock_2UUY_rec_2UUY_lig_pose_013	/demo/haddock/2UUY_rec_vs_2UUY_lig/haddock_2UUY_rec_2UUY_lig_pose_013.pdb	
HADDOCK	fnat	0.8586222331359279	2UUY_rec	2UUY_lig	haddock_2UUY_rec_2UUY_lig_demo	haddock_2UUY_rec_2UUY_lig_pose_014	/demo/haddock/2UUY_rec_vs_2UUY_lig/haddock_2UUY_rec_2UUY_lig_pose_014.pdb	
HADDOCK	fnat	0.8711226579792856	2UUY_rec	2UUY_lig	haddock_2UUY_rec_2UUY_lig_demo	haddock_2UUY_rec_2UUY_lig_pose_015	/demo/haddock/2UUY_rec_vs_2UUY_lig/haddock_2UUY_rec_2UUY_lig_pose_015.pdb	
HADDOCK	fnat	0.8793347235199925	2UUY_rec	2UUY_lig	haddock_2UUY_rec_2UUY_lig_demo	haddock_2UUY_rec_2UUY_lig_pose_016	/demo/haddock/2UUY_rec_vs_2UUY_lig/haddock_2UUY_rec_2UUY_lig_pose_016.pdb	
HADDOCK	fnat	0.7651274927751562	2UUY_rec	2UUY_lig	haddock_2UUY_rec_2UUY_lig_demo	haddock_2UUY_rec_2UUY_lig_pose_017	/demo/haddock/2UUY_rec_vs_2UUY_lig/haddock_2UUY_rec_2UUY_lig_pose_017.pdb	
HADDOCK	fnat	0.7537648207335433	2UUY_rec	2UUY_lig	haddock_2UUY_rec_2UUY_lig_demo	haddock_2UUY_rec_2UUY_lig_pose_018	/demo/haddock/2UUY_rec_vs_2UUY_lig/haddock_2UUY_rec_2UUY_lig_pose_018.pdb	
HADDOCK	fnat	0.8857975881257154	2UUY_rec	2UUY_lig	haddock_2UUY_rec_2UUY_lig_demo	haddock_2UUY_rec_2UUY_lig_pose_019	/demo/haddock/2UUY_rec_vs_2UUY_lig/haddock_2UUY_rec_2UUY_lig_pose_019.pdb	
HADDOCK	fnat	0.7808695675118386	2UUY_rec	2UUY_lig	haddock_2UUY_rec_2UUY_lig_demo	haddock_2UUY_rec_2UUY_lig_pose_020	/demo/haddock/2UUY_rec_vs_2UUY_lig/haddock_2UUY_rec_2UUY_lig_pose_020.pdb	
HADDOCK	fnat	0.6724313676662078	2UUY_rec	2UUY_lig	haddock_2UUY_rec_2UUY_lig_demo	haddock_2UUY_rec_2UUY_lig_pose_021	/demo/haddock/2UUY_rec_vs_2UUY_lig/haddock_2UUY_rec_2UUY_lig_pose_021.pdb	
HADDOCK	fnat	0.6866712785996519	2UUY_rec	2UUY_lig	haddock_2UUY_rec_2UUY_lig_demo	haddock_2UUY_rec_2UUY_lig_pose_022	/demo/haddock/2UUY_rec_vs_2UUY_lig/haddock_2UUY_rec_2UUY_lig_pose_022.pdb	
HADDOCK	fnat	0.7080547713998389	2UUY_rec	2UUY_lig	haddock_2UUY_rec_2UUY_lig_demo	haddock_2UUY_rec_2UUY_lig_pose_023	/demo/haddock/2UUY_rec_vs_2UUY_lig/haddock_2UUY_rec_2UUY_lig_pose_023.pdb	
HADDOCK	fnat	0.8497160744053764	2UUY_rec	2UUY_lig	haddock_2UUY_rec_2UUY_lig_demo	haddock_2UUY_rec_2UUY_lig_pose_024	/demo/haddock/2UUY_rec_vs_2UUY_lig/haddock_2UUY_rec_2UUY_lig_pose_024.pdb	
HADDOCK	fnat	0.8142425736070565	2UUY_rec	2UUY_lig	haddock_2UUY_rec_2UUY_lig_demo	haddock_2UUY_rec_2UUY_lig_pose_025	/demo/haddock/2UUY_rec_vs_2UUY_lig/haddock_2UUY_rec_2UUY_lig_pose_025.pdb	
HADDOCK	fnat	0.8690485354067768	2UUY_rec	2UUY_lig	haddock_2UUY_rec_2UUY_lig_demo	haddock_2UUY_rec_2UUY_lig_pose_026	/demo/haddock/2UUY_rec_vs_2UUY_lig/haddock_2UUY_rec_2UUY_lig_pose_026.pdb	
HADDOCK	fnat	0.7572747353663466	2UUY_rec	2UUY_lig	haddock_2UUY_rec_2UUY_lig_demo	haddock_2UUY_rec_2UUY_lig_pose_027	/demo/haddock/2UUY_rec_vs_2UUY_lig/haddock_2UUY_rec_2UUY_lig_pose_027.pdb	
HADDOCK	fnat	0.8158539691076715	2UUY_rec	2UUY_lig	haddock_2UUY_rec_2UUY_lig_demo	haddock_2UUY_rec_2UUY_lig_pose_028	/demo/haddock/2UUY_rec_vs_2UUY_lig/haddock_2UUY_rec_2UUY_lig_pose_028.pdb	
HADDOCK	fnat	0.8625590393967337	2UUY_rec	2UUY_lig	haddock_2UUY_rec_2UUY_lig_demo	haddock_2UUY_rec_2UUY_lig_pose_029	/demo/haddock/2UUY_rec_vs_2UUY_lig/haddock_2UUY_rec_2UUY_lig_pose_029.pdb	
HADDOCK	fnat	0.7690653460279762	2UUY_rec	2UUY_lig	haddock_2UUY_rec_2UUY_lig_demo	haddock_2UUY_rec_2UUY_lig_pose_030	/demo/haddock/2UUY_rec_vs_2UUY_lig/haddock_2UUY_rec_2UUY_lig_pose_030.pdb	
HADDOCK	fnat	0.8456775237557412	2UUY_rec	2UUY_lig	haddock_2UUY_rec_2UUY_lig_demo	haddock_2UUY_rec_2UUY_lig_pose_031	/demo/haddock/2UUY_rec_vs_2UUY_lig/haddock_2UUY_rec_2UUY_lig_pose_031.pdb	
HADDOCK	fnat	0.7338074058933349	2UUY_rec	2UUY_lig	haddock_2UUY_rec_2UUY_lig_demo	haddock_2UUY_rec_2UUY_lig_pose_032	/demo/haddock/2UUY_rec_vs_2UUY_lig/haddock_2UUY_rec_2UUY_lig_pose_032.pdb	
HADDOCK	fnat	0.7636946153434929	2UUY_rec	2UUY_lig	haddock_2UUY_rec_2UUY_lig_demo	haddock_2UUY_rec_2UUY_lig_pose_033	/demo/haddock/2UUY_rec_vs_2UUY_lig/haddock_2UUY_rec_2UUY_lig_pose_033.pdb	
HADDOCK	fnat	0.7618262106001671	2UUY_rec	2UUY_lig	haddock_2UUY_rec_2UUY_lig_demo	haddock_2UUY_rec_2UUY_lig_pose_034	/demo/haddock/2UUY_rec_vs_2UUY_lig/haddock_2UUY_rec_2UUY_lig_pose_034.pdb	
HADDOCK	fnat	0.6804160354410961	2UUY_rec	2UUY_lig	haddock_2UUY_rec_2UUY_lig_demo	haddock_2UUY_rec_2UUY_lig_pose_035	/demo/haddock/2UUY_rec_vs_2UUY_lig/haddock_2UUY_rec_2UUY_lig_pose_035.pdb	
HADDOCK	fnat	0.8486972480785582	2UUY_rec	2UUY_lig	haddock_2UUY_rec_2UUY_lig_demo	haddock_2UUY_rec_2UUY_lig_pose_036	/demo/haddock/2UUY_rec_vs_2UUY_lig/haddock_2UUY_rec_2UUY_lig_pose_036.pdb	
HADDOCK	fnat	0.7530597659797277	2UUY_rec	2UUY_lig	haddock_2UUY_rec_2UUY_lig_demo	haddock_2UUY_rec_2UUY_lig_pose_037	/demo/haddock/2UUY_rec_vs_2UUY_lig/haddock_2UUY_rec_2UUY_lig_pose_037.pdb	
HADDOCK	fnat	0.8012494118727688	2UUY_rec	2UUY_lig	haddock_2UUY_rec_2UUY_lig_demo	haddock_2UUY_rec_2UUY_lig_pose_038	/demo/haddock/2UUY_rec_vs_2UUY_lig/haddock_2UUY_rec_2UUY_lig_pose_038.pdb	
HADDOCK	fnat	0.8480746658905909	2UUY_rec	2UUY_lig	haddock_2UUY_rec_2UUY_lig_demo	haddock_2UUY_rec_2UUY_lig_pose_039	/demo/haddock/2UUY_rec_vs_2UUY_lig/haddock_2UUY_rec_2UUY_lig_pose_039.pdb	
HADDOCK	fnat	0.8446531176029944	2UUY_rec	2UUY_lig	haddock_2UUY_rec_2UUY_lig_demo	haddock_2UUY_rec_2UUY_lig_pose_040	/demo/haddock/2UUY_rec_vs_2UUY_lig/haddock_2UUY_rec_2UUY_lig_pose_040.pdb	
HADDOCK	fnat	0.8665385108972786	2UUY_rec	2UUY_lig	haddock_2UUY_rec_2UUY_lig_demo	haddock_2UUY_rec_2UUY_lig_pose_041	/demo/haddock/2UUY_rec_vs_2UUY_lig/haddock_2UUY_rec_2UUY_lig_pose_041.pdb	
HADDOCK	fnat	0.7901514515490576	2UUY_rec	2UUY_lig	haddock_2UUY_rec_2UUY_lig_demo	haddock_2UUY_rec_2UUY_lig_pose_042	/demo/haddock/2UUY_rec_vs_2UUY_lig/haddock_2UUY_rec_2UUY_lig_pose_042.pdb	
HADDOCK	fnat	0.7576701687955847	2UUY_rec	2UUY_lig	haddock_2UUY_rec_2UUY_lig_demo	haddock_2UUY_rec_2UUY_lig_pose_043	/demo/haddock/2UUY_rec_vs_2UUY_lig/haddock_2UUY_rec_2UUY_lig_pose_043.pdb	
HADDOCK	fnat	0.7920281789093602	2UUY_rec	2UUY_lig	haddock_2UUY_rec_2UUY_lig_demo	haddock_2UUY_rec_2UUY_lig_pose_044	/demo/haddock/2UUY_rec_vs_2UUY_lig/haddock_2UUY_rec_2UUY_lig_pose_044.pdb	
HADDOCK	fnat	0.6312665566041971	2UUY_rec	2UUY_lig	haddock_2UUY_rec_2UUY_lig_demo	haddock_2UUY_rec_2UUY_lig_pose_045	/demo/haddock/2UUY_rec_vs_2UUY_lig/haddock_2UUY_rec_2UUY_lig_pose_045.pdb	
HADDOCK	fnat	0.6552887527576913	2UUY_rec	2UUY_lig	haddock_2UUY_rec_2UUY_lig_demo	haddock_2UUY_rec_2UUY_lig_pose_046	/demo/haddock/2UUY_rec_vs_2UUY_lig/haddock_2UUY_rec_2UUY_lig_pose_046.pdb	
HADDOCK	fnat	0.6677300387645598	2UUY_rec	2UUY_lig	haddock_2UUY_rec_2UUY_lig_demo	haddock_2UUY_rec_2UUY_lig_pose_047	/demo/haddock/2UUY_rec_vs_2UUY_lig/haddock_2UUY_rec_2UUY_lig_pose_047.pdb	
HADDOCK	fnat	0.7002753172398519	2UUY_rec	2UUY_lig	haddock_2UUY_rec_2UUY_lig_demo	haddock_2UUY_rec_2UUY_lig_pose_048	/demo/haddock/2UUY_rec_vs_2UUY_lig/haddock_2UUY_rec_2UUY_lig_pose_048.pdb	
HADDOCK	fnat	0.8399774226723438	2UUY_rec	2UUY_lig	haddock_2UUY_rec_2UUY_lig_demo	haddock_2UUY_rec_2UUY_lig_pose_049	/demo/haddock/2UUY_rec_vs_2UUY_lig/haddock_2UUY_rec_2UUY_lig_pose_049.pdb	
HADDOCK	fnat	0.7094520944639939	2UUY_rec	2UUY_lig	haddock_2UUY_rec_2UUY_lig_demo	haddock_2UUY_rec_2UUY_lig_pose_050	/demo/haddock/2UUY_rec_vs_2UUY_lig/haddock_2UUY_rec_2UUY_lig_pose_050.pdb	
HADDOCK	irmsd	1.0109187229803052	2UUY_rec	2UUY_lig	haddock_2UUY_rec_2UUY_lig_demo	haddock_2UUY_rec_2UUY_lig_pose_001	/demo/haddock/2UUY_rec_vs_2UUY_lig/haddock_2UUY_rec_2UUY_lig_pose_001.pdb	
HADDOCK	irmsd	1.8496141488930327	2UUY_rec	2UUY_lig	haddock_2UUY_rec_2UUY_lig_demo	haddock_2UUY_rec_2UUY_lig_pose_002	/demo/haddock/2UUY_rec_vs_2UUY_lig/haddock_2UUY_rec_2UUY_lig_pose_002.pdb	
HADDOCK	irmsd	1.021868014469287	2UUY_rec	2UUY_lig	haddock_2UUY_rec_2UUY_lig_demo	haddock_2UUY_rec_2UUY_lig_pose_003	/demo/haddock/2UUY_rec_vs_2UUY_lig/haddock_2UUY_rec_2UUY_lig_pose_003.pdb	
HADDOCK	irmsd	1.5687577842335432	2UUY_rec	2UUY_lig	haddock_2UUY_rec_2UUY_lig_demo	haddock_2UUY_rec_2UUY_lig_pose_004	/demo/haddock/2UUY_rec_vs_2UUY_lig/haddock_2UUY_rec_2UUY_lig_pose_004.pdb	
HADDOCK	irmsd	0.7331911599950615	2UUY_rec	2UUY_lig	haddock_2UUY_rec_2UUY_lig_demo	haddock_2UUY_rec_2UUY_lig_pose_005	/demo/haddock/2UUY_rec_vs_2UUY_lig/haddock_2UUY_rec_2UUY_lig_pose_005.pdb	
HADDOCK	irmsd	1.0972812210661849	2UUY_rec	2UUY_lig	haddock_2UUY_rec_2UUY_lig_demo	haddock_2UUY_rec_2UUY_lig_pose_006	/demo/haddock/2UUY_rec_vs_2UUY_lig/haddock_2UUY_rec_2UUY_lig_pose_006.pdb	
HADDOCK	irmsd	0.7249889725447094	2UUY_rec	2UUY_lig	haddock_2UUY_rec_2UUY_lig_demo	haddock_2UUY_rec_2UUY_lig_pose_007	/demo/haddock/2UUY_rec_vs_2UUY_lig/haddock_2UUY_rec_2UUY_lig_pose_007.pdb	
HADDOCK	irmsd	1.0304834620497187	2UUY_rec	2UUY_lig	haddock_2UUY_rec_2UUY_lig_demo	haddock_2UUY_rec_2UUY_lig_pose_008	/demo/haddock/2UUY_rec_vs_2UUY_lig/haddock_2UUY_rec_2UUY_lig_pose_008.pdb	
HADDOCK	irmsd	1.6201540687286977	2UUY_rec	2UUY_lig	haddock_2UUY_rec_2UUY_lig_demo	haddock_2UUY_rec_2UUY_lig_pose_009	/demo/haddock/2UUY_rec_vs_2UUY_lig/haddock_2UUY_rec_2UUY_lig_pose_009.pdb	
HADDOCK	irmsd	0.3363397884038256	2UUY_rec	2UUY_lig	haddock_2UUY_rec_2UUY_lig_demo	haddock_2UUY_rec_2UUY_lig_pose_010	/demo/haddock/2UUY_rec_vs_2UUY_lig/haddock_2UUY_rec_2UUY_lig_pose_010.pdb	
HADDOCK	irmsd	1.4172118217729286	2UUY_rec	2UUY_lig	haddock_2UUY_rec_2UUY_lig_demo	haddock_2UUY_rec_2UUY_lig_pose_011	/demo/haddock/2UUY_rec_vs_2UUY_lig/haddock_2UUY_rec_2UUY_lig_pose_011.pdb	
HADDOCK	irmsd	1.318867801166139	2UUY_rec	2UUY_lig	haddock_2UUY_rec_2UUY_lig_demo	haddock_2UUY_rec_2UUY_lig_pose_012	/demo/haddock/2UUY_rec_vs_2UUY_lig/haddock_2UUY_rec_2UUY_lig_pose_012.pdb	
HADDOCK	irmsd	0.9029250221516028	2UUY_rec	2UUY_lig	haddock_2UUY_rec_2UUY_lig_demo	haddock_2UUY_rec_2UUY_lig_pose_013	/demo/haddock/2UUY_rec_vs_2UUY_lig/haddock_2UUY_rec_2UUY_lig_pose_013.pdb	
HADDOCK	irmsd	0.47697107280577267	2UUY_rec	2UUY_lig	haddock_2UUY_rec_2UUY_lig_demo	haddock_2UUY_rec_2UUY_lig_pose_014	/demo/haddock/2UUY_rec_vs_2UUY_lig/haddock_2UUY_rec_2UUY_lig_pose_014.pdb	
HADDOCK	irmsd	1.2360647538569347	2UUY_rec	2UUY_lig	haddock_2UUY_rec_2UUY_lig_demo	haddock_2UUY_rec_2UUY_lig_pose_015	/demo/haddock/2UUY_rec_vs_2UUY_lig/haddock_2UUY_rec_2UUY_lig_pose_015.pdb	
HADDOCK	irmsd	0.9352536454680987	2UUY_rec	2UUY_lig	haddock_2UUY_rec_2UUY_lig_demo	haddock_2UUY_rec_2UUY_lig_pose_016	/demo/haddock/2UUY_rec_vs_2UUY_lig/haddock_2UUY_rec_2UUY_lig_pose_016.pdb	
HADDOCK	irmsd	1.316338105677352	2UUY_rec	2UUY_lig	haddock_2UUY_rec_2UUY_lig_demo	haddock_2UUY_rec_2UUY_lig_pose_017	/demo/haddock/2UUY_rec_vs_2UUY_lig/haddock_2UUY_rec_2UUY_lig_pose_017.pdb	
HADDOCK	irmsd	1.2109260727617215	2UUY_rec	2UUY_lig	haddock_2UUY_rec_2UUY_lig_demo	haddock_2UUY_rec_2UUY_lig_pose_018	/demo/haddock/2UUY_rec_vs_2UUY_lig/haddock_2UUY_rec_2UUY_lig_pose_018.pdb	
HADDOCK	irmsd	2.000889445660458	2UUY_rec	2UUY_lig	haddock_2UUY_rec_2UUY_lig_demo	haddock_2UUY_rec_2UUY_lig_pose_019	/demo/haddock/2UUY_rec_vs_2UUY_lig/haddock_2UUY_rec_2UUY_lig_pose_019.pdb	
HADDOCK	irmsd	1.0803221862634877	2UUY_rec	2UUY_lig	haddock_2UUY_rec_2UUY_lig_demo	haddock_2UUY_rec_2UUY_lig_pose_020	/demo/haddock/2UUY_rec_vs_2UUY_lig/haddock_2UUY_rec_2UUY_lig_pose_020.pdb	
HADDOCK	irmsd	0.6882512536890675	2UUY_rec	2UUY_lig	haddock_2UUY_rec_2UUY_lig_demo	haddock_2UUY_rec_2UUY_lig_pose_021	/demo/haddock/2UUY_rec_vs_2UUY_lig/haddock_2UUY_rec_2UUY_lig_pose_021.pdb	
HADDOCK	irmsd	1.289637817478158	2UUY_rec	2UUY_lig	haddock_2UUY_rec_2UUY_lig_demo	haddock_2UUY_rec_2UUY_lig_pose_022	/demo/haddock/2UUY_rec_vs_2UUY_lig/haddock_2UUY_rec_2UUY_lig_pose_022.pdb	
HADDOCK	irmsd	1.3099983419858825	2UUY_rec	2UUY_lig	haddock_2UUY_rec_2UUY_lig_demo	haddock_2UUY_rec_2UUY_lig_pose_023	/demo/haddock/2UUY_rec_vs_2UUY_lig/haddock_2UUY_rec_2UUY_lig_pose_023.pdb	
HADDOCK	irmsd	1.8795937876202182	2UUY_rec	2UUY_lig	haddock_2UUY_rec_2UUY_lig_demo	haddock_2UUY_rec_2UUY_lig_pose_024	/demo/haddock/2UUY_rec_vs_2UUY_lig/haddock_2UUY_rec_2UUY_lig_pose_024.pdb	
HADDOCK	irmsd	1.6175556229572892	2UUY_rec	2UUY_lig	haddock_2UUY_rec_2UUY_lig_demo	haddock_2UUY_rec_2UUY_lig_pose_025	/demo/haddock/2UUY_rec_vs_2UUY_lig/haddock_2UUY_rec_2UUY_lig_pose_025.pdb	
HADDOCK	irmsd	1.3784355295747546	2UUY_rec	2UUY_lig	haddock_2UUY_rec_2UUY_lig_demo	haddock_2UUY_rec_2UUY_lig_pose_026	/demo/haddock/2UUY_rec_vs_2UUY_lig/haddock_2UUY_rec_2UUY_lig_pose_026.pdb	
HADDOCK	irmsd	1.9316514456097809	2UUY_rec	2UUY_lig	haddock_2UUY_rec_2UUY_lig_demo	haddock_2UUY_rec_2UUY_lig_pose_027	/demo/haddock/2UUY_rec_vs_2UUY_lig/haddock_2UUY_rec_2UUY_lig_pose_027.pdb	
HADDOCK	irmsd	0.6056184728385745	2UUY_rec	2UUY_lig	haddock_2UUY_rec_2UUY_lig_demo	haddock_2UUY_rec_2UUY_lig_pose_028	/demo/haddock/2UUY_rec_vs_2UUY_lig/haddock_2UUY_rec_2UUY_lig_pose_028.pdb	
HADDOCK	irmsd	0.880124233625126	2UUY_rec	2UUY_lig	haddock_2UUY_rec_2UUY_lig_demo	haddock_2UUY_rec_2UUY_lig_pose_029	/demo/haddock/2UUY_rec_vs_2UUY_lig/haddock_2UUY_rec_2UUY_lig_pose_029.pdb	
HADDOCK	irmsd	0.7367120292972376	2UUY_rec	2UUY_lig	haddock_2UUY_rec_2UUY_lig_demo	haddock_2UUY_rec_2UUY_lig_pose_030	/demo/haddock/2UUY_rec_vs_2UUY_lig/haddock_2UUY_rec_2UUY_lig_pose_030.pdb	
HADDOCK	irmsd	1.005095098422116	2UUY_rec	2UUY_lig	haddock_2UUY_rec_2UUY_lig_demo	haddock_2UUY_rec_2UUY_lig_pose_031	/demo/haddock/2UUY_rec_vs_2UUY_lig/haddock_2UUY_rec_2UUY_lig_pose_031.pdb	
HADDOCK	irmsd	0.5116569262218456	2UUY_rec	2UUY_lig	haddock_2UUY_rec_2UUY_lig_demo	haddock_2UUY_rec_2UUY_lig_pose_032	/demo/haddock/2UUY_rec_vs_2UUY_lig/haddock_2UUY_rec_2UUY_lig_pose_032.pdb	
HADDOCK	irmsd	1.5175754734072022	2UUY_rec	2UUY_lig	haddock_2UUY_rec_2UUY_lig_demo	haddock_2UUY_rec_2UUY_lig_pose_033	/demo/haddock/2UUY_rec_vs_2UUY_lig/haddock_2UUY_rec_2UUY_lig_pose_033.pdb	
HADDOCK	irmsd	1.0888886514506133	2UUY_rec	2UUY_lig	haddock_2UUY_rec_2UUY_lig_demo	haddock_2UUY_rec_2UUY_lig_pose_034	/demo/haddock/2UUY_rec_vs_2UUY_lig/haddock_2UUY_rec_2UUY_lig_pose_034.pdb	
HADDOCK	irmsd	0.464596852748671	2UUY_rec	2UUY_lig	haddock_2UUY_rec_2UUY_lig_demo	haddock_2UUY_rec_2UUY_lig_pose_035	/demo/haddock/2UUY_rec_vs_2UUY_lig/haddock_2UUY_rec_2UUY_lig_pose_035.pdb	
HADDOCK	irmsd	0.6922104593962292	2UUY_rec	2UUY_lig	haddock_2UUY_rec_2UUY_lig_demo	haddock_2UUY_rec_2UUY_lig_pose_036	/demo/haddock/2UUY_rec_vs_2UUY_lig/haddock_2UUY_rec_2UUY_lig_pose_036.pdb	
HADDOCK	irmsd	1.3567569237250976	2UUY_rec	2UUY_lig	haddock_2UUY_rec_2UUY_lig_demo	haddock_2UUY_rec_2UUY_lig_pose_037	/demo/haddock/2UUY_rec_vs_2UUY_lig/haddock_2UUY_rec_2UUY_lig_pose_037.pdb	
HADDOCK	irmsd	1.6190632839471906	2UUY_rec	2UUY_lig	haddock_2UUY_rec_2UUY_lig_demo	haddock_2UUY_rec_2UUY_lig_pose_038	/demo/haddock/2UUY_rec_vs_2UUY_lig/haddock_2UUY_rec_2UUY_lig_pose_038.pdb	
HADDOCK	irmsd	2.1983654458458934	2UUY_rec	2UUY_lig	haddock_2UUY_rec_2UUY_lig_demo	haddock_2UUY_rec_2UUY_lig_pose_039	/demo/haddock/2UUY_rec_vs_2UUY_lig/haddock_2UUY_rec_2UUY_lig_pose_039.pdb	
HADDOCK	irmsd	2.6569312330036645	2UUY_rec	2UUY_lig	haddock_2UUY_rec_2UUY_lig_demo	haddock_2UUY_rec_2UUY_lig_pose_040	/demo/haddock/2UUY_rec_vs_2UUY_lig/haddock_2UUY_rec_2UUY_lig_pose_040.pdb	
HADDOCK	irmsd	1.4072047166379982	2UUY_rec	2UUY_lig	haddock_2UUY_rec_2UUY_lig_demo	haddock_2UUY_rec_2UUY_lig_pose_041	/demo/haddock/2UUY_rec_vs_2UUY_lig/haddock_2UUY_rec_2UUY_lig_pose_041.pdb	
HADDOCK	irmsd	0.7052309399840679	2UUY_rec	2UUY_lig	haddock_2UUY_rec_2UUY_lig_demo	haddock_2UUY_rec_2UUY_lig_pose_042	/demo/haddock/2UUY_rec_vs_2UUY_lig/haddock_2UUY_rec_2UUY_lig_pose_042.pdb	
HADDOCK	irmsd	0.13397685963434536	2UUY_rec	2UUY_lig	haddock_2UUY_rec_2UUY_lig_demo	haddock_2UUY_rec_2UUY_lig_pose_043	/demo/haddock/2UUY_rec_vs_2UUY_lig/haddock_2UUY_rec_2UUY_lig_pose_043.pdb	
HADDOCK	irmsd	1.333855731171918	2UUY_rec	2UUY_lig	haddock_2UUY_rec_2UUY_lig_demo	haddock_2UUY_rec_2UUY_lig_pose_044	/demo/haddock/2UUY_rec_vs_2UUY_lig/haddock_2UUY_rec_2UUY_lig_pose_044.pdb	
HADDOCK	irmsd	0.793529452344837	2UUY_rec	2UUY_lig	haddock_2UUY_rec_2UUY_lig_demo	haddock_2UUY_rec_2UUY_lig_pose_045	/demo/haddock/2UUY_rec_vs_2UUY_lig/haddock_2UUY_rec_2UUY_lig_pose_045.pdb	
HADDOCK	irmsd	0.9923213699101573	2UUY_rec	2UUY_lig	haddock_2UUY_rec_2UUY_lig_demo	haddock_2UUY_rec_2UUY_lig_pose_046	/demo/haddock/2UUY_rec_vs_2UUY_lig/haddock_2UUY_rec_2UUY_lig_pose_046.pdb	
HADDOCK	irmsd	0.8939516004700959	2UUY_rec	2UUY_lig	haddock_2UUY_rec_2UUY_lig_demo	haddock_2UUY_rec_2UUY_lig_pose_047	/demo/haddock/2UUY_rec_vs_2UUY_lig/haddock_2UUY_rec_2UUY_lig_pose_047.pdb	
HADDOCK	irmsd	1.1296045567918074	2UUY_rec	2UUY_lig	haddock_2UUY_rec_2UUY_lig_demo	haddock_2UUY_rec_2UUY_lig_pose_048	/demo/haddock/2UUY_rec_vs_2UUY_lig/haddock_2UUY_rec_2UUY_lig_pose_048.pdb	
HADDOCK	irmsd	1.7329901153938216	2UUY_rec	2UUY_lig	haddock_2UUY_rec_2UUY_lig_demo	haddock_2UUY_rec_2UUY_lig_pose_049	/demo/haddock/2UUY_rec_vs_2UUY_lig/haddock_2UUY_rec_2UUY_lig_pose_049.pdb	
HADDOCK	irmsd	1.2785242837226722	2UUY_rec	2UUY_lig	haddock_2UUY_rec_2UUY_lig_demo	haddock_2UUY_rec_2UUY_lig_pose_050	/demo/haddock/2UUY_rec_vs_2UUY_lig/haddock_2UUY_rec_2UUY_lig_pose_050.pdb	
HADDOCK	lrmsd	2.3413651629613117	2UUY_rec	2UUY_lig	haddock_2UUY_rec_2UUY_lig_demo	haddock_2UUY_rec_2UUY_lig_pose_001	/demo/haddock/2UUY_rec_vs_2UUY_lig/haddock_2UUY_rec_2UUY_lig_pose_001.pdb	
HADDOCK	lrmsd	1.4643462471741884	2UUY_rec	2UUY_lig	haddock_2UUY_rec_2UUY_lig_demo	haddock_2UUY_rec_2UUY_lig_pose_002	/demo/haddock/2UUY_rec_vs_2UUY_lig/haddock_2UUY_rec_2UUY_lig_pose_002.pdb	
HADDOCK	lrmsd	0.825317055295643	2UUY_rec	2UUY_lig	haddock_2UUY_rec_2UUY_lig_demo	haddock_2UUY_rec_2UUY_lig_pose_003	/demo/haddock/2UUY_rec_vs_2UUY_lig/haddock_2UUY_rec_2UUY_lig_pose_003.pdb	
HADDOCK	lrmsd	2.013692090926669	2UUY_rec	2UUY_lig	haddock_2UUY_rec_2UUY_lig_demo	haddock_2UUY_rec_2UUY_lig_pose_004	/demo/haddock/2UUY_rec_vs_2UUY_lig/haddock_2UUY_rec_2UUY_lig_pose_004.pdb	
HADDOCK	lrmsd	2.4462174491816797	2UUY_rec	2UUY_lig	haddock_2UUY_rec_2UUY_lig_demo	haddock_2UUY_rec_2UUY_lig_pose_005	/demo/haddock/2UUY_rec_vs_2UUY_lig/haddock_2UUY_rec_2UUY_lig_pose_005.pdb	
HADDOCK	lrmsd	4.2679299135798825	2UUY_rec	2UUY_lig	haddock_2UUY_rec_2UUY_lig_demo	haddock_2UUY_rec_2UUY_lig_pose_006	/demo/haddock/2UUY_rec_vs_2UUY_lig/haddock_2UUY_rec_2UUY_lig_pose_006.pdb	
HADDOCK	lrmsd	2.6302745214728858	2UUY_rec	2UUY_lig	haddock_2UUY_rec_2UUY_lig_demo	haddock_2UUY_rec_2UUY_lig_pose_007	/demo/haddock/2UUY_rec_vs_2UUY_lig/haddock_2UUY_rec_2UUY_lig_pose_007.pdb	
HADDOCK	lrmsd	3.4827395110230577	2UUY_rec	2UUY_lig	haddock_2UUY_rec_2UUY_lig_demo	haddock_2UUY_rec_2UUY_lig_pose_008	/demo/haddock/2UUY_rec_vs_2UUY_lig/haddock_2UUY_rec_2UUY_lig_pose_008.pdb	
HADDOCK	lrmsd	2.000704401460848	2UUY_rec	2UUY_lig	haddock_2UUY_rec_2UUY_lig_demo	haddock_2UUY_rec_2UUY_lig_pose_009	/demo/haddock/2UUY_rec_vs_2UUY_lig/haddock_2UUY_rec_2UUY_lig_pose_009.pdb	
HADDOCK	lrmsd	1.3150562335829754	2UUY_rec	2UUY_lig	haddock_2UUY_rec_2UUY_lig_demo	haddock_2UUY_rec_2UUY_lig_pose_010	/demo/haddock/2UUY_rec_vs_2UUY_lig/haddock_2UUY_rec_2UUY_lig_pose_010.pdb	
HADDOCK	lrmsd	1.534883237767628	2UUY_rec	2UUY_lig	haddock_2UUY_rec_2UUY_lig_demo	haddock_2UUY_rec_2UUY_lig_pose_011	/demo/haddock/2UUY_rec_vs_2UUY_lig/haddock_2UUY_rec_2UUY_lig_pose_011.pdb	
HADDOCK	lrmsd	1.7747739354642467	2UUY_rec	2UUY_lig	haddock_2UUY_rec_2UUY_lig_demo	haddock_2UUY_rec_2UUY_lig_pose_012	/demo/haddock/2UUY_rec_vs_2UUY_lig/haddock_2UUY_rec_2UUY_lig_pose_012.pdb	
HADDOCK	lrmsd	4.628469732435164	2UUY_rec	2UUY_lig	haddock_2UUY_rec_2UUY_lig_demo	haddock_2UUY_rec_2UUY_lig_pose_013	/demo/haddock/2UUY_rec_vs_2UUY_lig/haddock_2UUY_rec_2UUY_lig_pose_013.pdb	
HADDOCK	lrmsd	1.678613320775614	2UUY_rec	2UUY_lig	haddock_2UUY_rec_2UUY_lig_demo	haddock_2UUY_rec_2UUY_lig_pose_014	/demo/haddock/2UUY_rec_vs_2UUY_lig/haddock_2UUY_rec_2UUY_lig_pose_014.pdb	
HADDOCK	lrmsd	3.338489203736345	2UUY_rec	2UUY_lig	haddock_2UUY_rec_2UUY_lig_demo	haddock_2UUY_rec_2UUY_lig_pose_015	/demo/haddock/2UUY_rec_vs_2UUY_lig/haddock_2UUY_rec_2UUY_lig_pose_015.pdb	
HADDOCK	lrmsd	1.5970728219129735	2UUY_rec	2UUY_lig	haddock_2UUY_rec_2UUY_lig_demo	haddock_2UUY_rec_2UUY_lig_pose_016	/demo/haddock/2UUY_rec_vs_2UUY_lig/haddock_2UUY_rec_2UUY_lig_pose_016.pdb	
HADDOCK	lrmsd	3.431573012874244	2UUY_rec	2UUY_lig	haddock_2UUY_rec_2UUY_lig_demo	haddock_2UUY_rec_2UUY_lig_pose_017	/demo/haddock/2UUY_rec_vs_2UUY_lig/haddock_2UUY_rec_2UUY_lig_pose_017.pdb	
HADDOCK	lrmsd	2.884950966105863	2UUY_rec	2UUY_lig	haddock_2UUY_rec_2UUY_lig_demo	haddock_2UUY_rec_2UUY_lig_pose_018	/demo/haddock/2UUY_rec_vs_2UUY_lig/haddock_2UUY_rec_2UUY_lig_pose_018.pdb	
HADDOCK	lrmsd	2.3433621023419096	2UUY_rec	2UUY_lig	haddock_2UUY_rec_2UUY_lig_demo	haddock_2UUY_rec_2UUY_lig_pose_019	/demo/haddock/2UUY_rec_vs_2UUY_lig/haddock_2UUY_rec_2UUY_lig_pose_019.pdb	
HADDOCK	lrmsd	2.459237473864566	2UUY_rec	2UUY_lig	haddock_2UUY_rec_2UUY_lig_demo	haddock_2UUY_rec_2UUY_lig_pose_020	/demo/haddock/2UUY_rec_vs_2UUY_lig/haddock_2UUY_rec_2UUY_lig_pose_020.pdb	
HADDOCK	lrmsd	1.8452123045706097	2UUY_rec	2UUY_lig	haddock_2UUY_rec_2UUY_lig_demo	haddock_2UUY_rec_2UUY_lig_pose_021	/demo/haddock/2UUY_rec_vs_2UUY_lig/haddock_2UUY_rec_2UUY_lig_pose_021.pdb	
HADDOCK	lrmsd	2.9460722014820804	2UUY_rec	2UUY_lig	haddock_2UUY_rec_2UUY_lig_demo	haddock_2UUY_rec_2UUY_lig_pose_022	/demo/haddock/2UUY_rec_vs_2UUY_lig/haddock_2UUY_rec_2UUY_lig_pose_022.pdb	
HADDOCK	lrmsd	2.04501651965922	2UUY_rec	2UUY_lig	haddock_2UUY_rec_2UUY_lig_demo	haddock_2UUY_rec_2UUY_lig_pose_023	/demo/haddock/2UUY_rec_vs_2UUY_lig/haddock_2UUY_rec_2UUY_lig_pose_023.pdb	
HADDOCK	lrmsd	1.2743942362327518	2UUY_rec	2UUY_lig	haddock_2UUY_rec_2UUY_lig_demo	haddock_2UUY_rec_2UUY_lig_pose_024	/demo/haddock/2UUY_rec_vs_2UUY_lig/haddock_2UUY_rec_2UUY_lig_pose_024.pdb	
HADDOCK	lrmsd	1.2220624256803807	2UUY_rec	2UUY_lig	haddock_2UUY_rec_2UUY_lig_demo	haddock_2UUY_rec_2UUY_lig_pose_025	/demo/haddock/2UUY_rec_vs_2UUY_lig/haddock_2UUY_rec_2UUY_lig_pose_025.pdb	
HADDOCK	lrmsd	2.6725879177221197	2UUY_rec	2UUY_lig	haddock_2UUY_rec_2UUY_lig_demo	haddock_2UUY_rec_2UUY_lig_pose_026	/demo/haddock/2UUY_rec_vs_2UUY_lig/haddock_2UUY_rec_2UUY_lig_pose_026.pdb	
HADDOCK	lrmsd	4.079091256410435	2UUY_rec	2UUY_lig	haddock_2UUY_rec_2UUY_lig_demo	haddock_2UUY_rec_2UUY_lig_pose_027	/demo/haddock/2UUY_rec_vs_2UUY_lig/haddock_2UUY_rec_2UUY_lig_pose_027.pdb	
HADDOCK	lrmsd	2.659991613573438	2UUY_rec	2UUY_lig	haddock_2UUY_rec_2UUY_lig_demo	haddock_2UUY_rec_2UUY_lig_pose_028	/demo/haddock/2UUY_rec_vs_2UUY_lig/haddock_2UUY_rec_2UUY_lig_pose_028.pdb	
HADDOCK	lrmsd	2.3813616738901175	2UUY_rec	2UUY_lig	haddock_2UUY_rec_2UUY_lig_demo	haddock_2UUY_rec_2UUY_lig_pose_029	/demo/haddock/2UUY_rec_vs_2UUY_lig/haddock_2UUY_rec_2UUY_lig_pose_029.pdb	
HADDOCK	lrmsd	2.785826139602543	2UUY_rec	2UUY_lig	haddock_2UUY_rec_2UUY_lig_demo	haddock_2UUY_rec_2UUY_lig_pose_030	/demo/haddock/2UUY_rec_vs_2UUY_lig/haddock_2UUY_rec_2UUY_lig_pose_030.pdb	
HADDOCK	lrmsd	3.806001741706825	2UUY_rec	2UUY_lig	haddock_2UUY_rec_2UUY_lig_demo	haddock_2UUY_rec_2UUY_lig_pose_031	/demo/haddock/2UUY_rec_vs_2UUY_lig/haddock_2UUY_rec_2UUY_lig_pose_031.pdb	
HADDOCK	lrmsd	2.719382501363856	2UUY_rec	2UUY_lig	haddock_2UUY_rec_2UUY_lig_demo	haddock_2UUY_rec_2UUY_lig_pose_032	/demo/haddock/2UUY_rec_vs_2UUY_lig/haddock_2UUY_rec_2UUY_lig_pose_032.pdb	
HADDOCK	lrmsd	2.089072769166263	2UUY_rec	2UUY_lig	haddock_2UUY_rec_2UUY_lig_demo	haddock_2UUY_rec_2UUY_lig_pose_033	/demo/haddock/2UUY_rec_vs_2UUY_lig/haddock_2UUY_rec_2UUY_lig_pose_033.pdb	
HADDOCK	lrmsd	3.606288710059889	2UUY_rec	2UUY_lig	haddock_2UUY_rec_2UUY_lig_demo	haddock_2UUY_rec_2UUY_lig_pose_034	/demo/haddock/2UUY_rec_vs_2UUY_lig/haddock_2UUY_rec_2UUY_lig_pose_034.pdb	
HADDOCK	lrmsd	2.9287564384616136	2UUY_rec	2UUY_lig	haddock_2UUY_rec_2UUY_lig_demo	haddock_2UUY_rec_2UUY_lig_pose_035	/demo/haddock/2UUY_rec_vs_2UUY_lig/haddock_2UUY_rec_2UUY_lig_pose_035.pdb	
HADDOCK	lrmsd	4.035755991995992	2UUY_rec	2UUY_lig	haddock_2UUY_rec_2UUY_lig_demo	haddock_2UUY_rec_2UUY_lig_pose_036	/demo/haddock/2UUY_rec_vs_2UUY_lig/haddock_2UUY_rec_2UUY_lig_pose_036.pdb	
HADDOCK	lrmsd	2.6832344372219064	2UUY_rec	2UUY_lig	haddock_2UUY_rec_2UUY_lig_demo	haddock_2UUY_rec_2UUY_lig_pose_037	/demo/haddock/2UUY_rec_vs_2UUY_lig/haddock_2UUY_rec_2UUY_lig_pose_037.pdb	
HADDOCK	lrmsd	1.2755309682794997	2UUY_rec	2UUY_lig	haddock_2UUY_rec_2UUY_lig_demo	haddock_2UUY_rec_2UUY_lig_pose_038	/demo/haddock/2UUY_rec_vs_2UUY_lig/haddock_2UUY_rec_2UUY_lig_pose_038.pdb	
HADDOCK	lrmsd	1.131840800754335	2UUY_rec	2UUY_lig	haddock_2UUY_rec_2UUY_lig_demo	haddock_2UUY_rec_2UUY_lig_pose_039	/demo/haddock/2UUY_rec_vs_2UUY_lig/haddock_2UUY_rec_2UUY_lig_pose_039.pdb	
HADDOCK	lrmsd	4.15092793223125	2UUY_rec	2UUY_lig	haddock_2UUY_rec_2UUY_lig_demo	haddock_2UUY_rec_2UUY_lig_pose_040	/demo/haddock/2UUY_rec_vs_2UUY_lig/haddock_2UUY_rec_2UUY_lig_pose_040.pdb	
HADDOCK	lrmsd	4.223665720783297	2UUY_rec	2UUY_lig	haddock_2UUY_rec_2UUY_lig_demo	haddock_2UUY_rec_2UUY_lig_pose_041	/demo/haddock/2UUY_rec_vs_2UUY_lig/haddock_2UUY_rec_2UUY_lig_pose_041.pdb	
HADDOCK	lrmsd	2.3204807867173995	2UUY_rec	2UUY_lig	haddock_2UUY_rec_2UUY_lig_demo	haddock_2UUY_rec_2UUY_lig_pose_042	/demo/haddock/2UUY_rec_vs_2UUY_lig/haddock_2UUY_rec_2UUY_lig_pose_042.pdb	
HADDOCK	lrmsd	2.1168126788640125	2UUY_rec	2UUY_lig	haddock_2UUY_rec_2UUY_lig_demo	haddock_2UUY_rec_2UUY_lig_pose_043	/demo/haddock/2UUY_rec_vs_2UUY_lig/haddock_2UUY_rec_2UUY_lig_pose_043.pdb	
HADDOCK	lrmsd	3.961444292242202	2UUY_rec	2UUY_lig	haddock_2UUY_rec_2UUY_lig_demo	haddock_2UUY_rec_2UUY_lig_pose_044	/demo/haddock/2UUY_rec_vs_2UUY_lig/haddock_2UUY_rec_2UUY_lig_pose_044.pdb	
HADDOCK	lrmsd	1.392954317956512	2UUY_rec	2UUY_lig	haddock_2UUY_rec_2UUY_lig_demo	haddock_2UUY_rec_2UUY_lig_pose_045	/demo/haddock/2UUY_rec_vs_2UUY_lig/haddock_2UUY_rec_2UUY_lig_pose_045.pdb	
HADDOCK	lrmsd	1.6052729810441737	2UUY_rec	2UUY_lig	haddock_2UUY_rec_2UUY_lig_demo	haddock_2UUY_rec_2UUY_lig_pose_046	/demo/haddock/2UUY_rec_vs_2UUY_lig/haddock_2UUY_rec_2UUY_lig_pose_046.pdb	
HADDOCK	lrmsd	3.1433267946890444	2UUY_rec	2UUY_lig	haddock_2UUY_rec_2UUY_lig_demo	haddock_2UUY_rec_2UUY_lig_pose_047	/demo/haddock/2UUY_rec_vs_2UUY_lig/haddock_2UUY_rec_2UUY_lig_pose_047.pdb	
HADDOCK	lrmsd	2.1053948771404105	2UUY_rec	2UUY_lig	haddock_2UUY_rec_2UUY_lig_demo	haddock_2UUY_rec_2UUY_lig_pose_048	/demo/haddock/2UUY_rec_vs_2UUY_lig/haddock_2UUY_rec_2UUY_lig_pose_048.pdb	
HADDOCK	lrmsd	2.494878133279929	2UUY_rec	2UUY_lig	haddock_2UUY_rec_2UUY_lig_demo	haddock_2UUY_rec_2UUY_lig_pose_049	/demo/haddock/2UUY_rec_vs_2UUY_lig/haddock_2UUY_rec_2UUY_lig_pose_049.pdb	
HADDOCK	lrmsd	2.3365571014754876	2UUY_rec	2UUY_lig	haddock_2UUY_rec_2UUY_lig_demo	haddock_2UUY_rec_2UUY_lig_pose_050	/demo/haddock/2UUY_rec_vs_2UUY_lig/haddock_2UUY_rec_2UUY_lig_pose_050.pdb	
LightDock	dockq	0.8537574548798933	2UUY_rec	2UUY_lig	lightdock_2UUY_rec_2UUY_lig_demo	lightdock_2UUY_rec_2UUY_lig_pose_001	/demo/lightdock/2UUY_rec_vs_2UUY_lig/lightdock_2UUY_rec_2UUY_lig_pose_001.pdb	
LightDock	dockq	0.9607481861313716	2UUY_rec	2UUY_lig	lightdock_2UUY_rec_2UUY_lig_demo	lightdock_2UUY_rec_2UUY_lig_pose_002	/demo/lightdock/2UUY_rec_vs_2UUY_lig/lightdock_2UUY_rec_2UUY_lig_pose_002.pdb	
LightDock	dockq	0.8290584906901745	2UUY_rec	2UUY_lig	lightdock_2UUY_rec_2UUY_lig_demo	lightdock_2UUY_rec_2UUY_lig_pose_003	/demo/lightdock/2UUY_rec_vs_2UUY_lig/lightdock_2UUY_rec_2UUY_lig_pose_003.pdb	
LightDock	dockq	0.8843938793276858	2UUY_rec	2UUY_lig	lightdock_2UUY_rec_2UUY_lig_demo	lightdock_2UUY_rec_2UUY_lig_pose_004	/demo/lightdock/2UUY_rec_vs_2UUY_lig/lightdock_2UUY_rec_2UUY_lig_pose_004.pdb	
LightDock	dockq	0.6149827898968977	2UUY_rec	2UUY_lig	lightdock_2UUY_rec_2UUY_lig_demo	lightdock_2UUY_rec_2UUY_lig_pose_005	/demo/lightdock/2UUY_rec_vs_2UUY_lig/lightdock_2UUY_rec_2UUY_lig_pose_005.pdb	
LightDock	dockq	0.8151281598069882	2UUY_rec	2UUY_lig	lightdock_2UUY_rec_2UUY_lig_demo	lightdock_2UUY_rec_2UUY_lig_pose_006	/demo/lightdock/2UUY_rec_vs_2UUY_lig/lightdock_2UUY_rec_2UUY_lig_pose_006.pdb	
LightDock	dockq	0.7356769729707129	2UUY_rec	2UUY_lig	lightdock_2UUY_rec_2UUY_lig_demo	lightdock_2UUY_rec_2UUY_lig_pose_007	/demo/lightdock/2UUY_rec_vs_2UUY_lig/lightdock_2UUY_rec_2UUY_lig_pose_007.pdb	
LightDock	dockq	0.6981186939576371	2UUY_rec	2UUY_lig	lightdock_2UUY_rec_2UUY_lig_demo	lightdock_2UUY_rec_2UUY_lig_pose_008	/demo/lightdock/2UUY_rec_vs_2UUY_lig/lightdock_2UUY_rec_2UUY_lig_pose_008.pdb	
LightDock	dockq	0.7321847633071249	2UUY_rec	2UUY_lig	lightdock_2UUY_rec_2UUY_lig_demo	lightdock_2UUY_rec_2UUY_lig_pose_009	/demo/lightdock/2UUY_rec_vs_2UUY_lig/lightdock_2UUY_rec_2UUY_lig_pose_009.pdb	
LightDock	dockq	0.7865876559299187	2UUY_rec	2UUY_lig	lightdock_2UUY_rec_2UUY_lig_demo	lightdock_2UUY_rec_2UUY_lig_pose_010	/demo/lightdock/2UUY_rec_vs_2UUY_lig/lightdock_2UUY_rec_2UUY_lig_pose_010.pdb	
LightDock	dockq	0.9115902542356012	2UUY_rec	2UUY_lig	lightdock_2UUY_rec_2UUY_lig_demo	lightdock_2UUY_rec_2UUY_lig_pose_011	/demo/lightdock/2UUY_rec_vs_2UUY_lig/lightdock_2UUY_rec_2UUY_lig_pose_011.pdb	
LightDock	dockq	0.6873607282260435	2UUY_rec	2UUY_lig	lightdock_2UUY_rec_2UUY_lig_demo	lightdock_2UUY_rec_2UUY_lig_pose_012	/demo/lightdock/2UUY_rec_vs_2UUY_lig/lightdock_2UUY_rec_2UUY_lig_pose_012.pdb	
LightDock	dockq	0.8230631492594417	2UUY_rec	2UUY_lig	lightdock_2UUY_rec_2UUY_lig_demo	lightdock_2UUY_rec_2UUY_lig_pose_013	/demo/lightdock/2UUY_rec_vs_2UUY_lig/lightdock_2UUY_rec_2UUY_lig_pose_013.pdb	
LightDock	dockq	0.7715830566666421	2UUY_rec	2UUY_lig	lightdock_2UUY_rec_2UUY_lig_demo	lightdock_2UUY_rec_2UUY_lig_pose_014	/demo/lightdock/2UUY_rec_vs_2UUY_lig/lightdock_2UUY_rec_2UUY_lig_pose_014.pdb	
LightDock	dockq	0.7872326905638038	2UUY_rec	2UUY_lig	lightdock_2UUY_rec_2UUY_lig_demo	lightdock_2UUY_rec_2UUY_lig_pose_015	/demo/lightdock/2UUY_rec_vs_2UUY_lig/lightdock_2UUY_rec_2UUY_lig_pose_015.pdb	
LightDock	dockq	0.9202757825304604	2UUY_rec	2UUY_lig	lightdock_2UUY_rec_2UUY_lig_demo	lightdock_2UUY_rec_2UUY_lig_pose_016	/demo/lightdock/2UUY_rec_vs_2UUY_lig/lightdock_2UUY_rec_2UUY_lig_pose_016.pdb	
LightDock	dockq	0.8738115437003926	2UUY_rec	2UUY_lig	lightdock_2UUY_rec_2UUY_lig_demo	lightdock_2UUY_rec_2UUY_lig_pose_017	/demo/lightdock/2UUY_rec_vs_2UUY_lig/lightdock_2UUY_rec_2UUY_lig_pose_017.pdb	
LightDock	dockq	0.9537398107442743	2UUY_rec	2UUY_lig	lightdock_2UUY_rec_2UUY_lig_demo	lightdock_2UUY_rec_2UUY_lig_pose_018	/demo/lightdock/2UUY_rec_vs_2UUY_lig/lightdock_2UUY_rec_2UUY_lig_pose_018.pdb	
LightDock	dockq	0.80454943207501	2UUY_rec	2UUY_lig	lightdock_2UUY_rec_2UUY_lig_demo	lightdock_2UUY_rec_2UUY_lig_pose_019	/demo/lightdock/2UUY_rec_vs_2UUY_lig/lightdock_2UUY_rec_2UUY_lig_pose_019.pdb	
LightDock	dockq	0.7504057388329296	2UUY_rec	2UUY_lig	lightdock_2UUY_rec_2UUY_lig_demo	lightdock_2UUY_rec_2UUY_lig_pose_020	/demo/lightdock/2UUY_rec_vs_2UUY_lig/lightdock_2UUY_rec_2UUY_lig_pose_020.pdb	
LightDock	dockq	0.79761411831195	2UUY_rec	2UUY_lig	lightdock_2UUY_rec_2UUY_lig_demo	lightdock_2UUY_rec_2UUY_lig_pose_021	/demo/lightdock/2UUY_rec_vs_2UUY_lig/lightdock_2UUY_rec_2UUY_lig_pose_021.pdb	
LightDock	dockq	0.8442496791271221	2UUY_rec	2UUY_lig	lightdock_2UUY_rec_2UUY_lig_demo	lightdock_2UUY_rec_2UUY_lig_pose_022	/demo/lightdock/2UUY_rec_vs_2UUY_lig/lightdock_2UUY_rec_2UUY_lig_pose_022.pdb	
LightDock	dockq	0.837657335845371	2UUY_rec	2UUY_lig	lightdock_2UUY_rec_2UUY_lig_demo	lightdock_2UUY_rec_2UUY_lig_pose_023	/demo/lightdock/2UUY_rec_vs_2UUY_lig/lightdock_2UUY_rec_2UUY_lig_pose_023.pdb	
LightDock	dockq	0.7115611927766633	2UUY_rec	2UUY_lig	lightdock_2UUY_rec_2UUY_lig_demo	lightdock_2UUY_rec_2UUY_lig_pose_024	/demo/lightdock/2UUY_rec_vs_2UUY_lig/lightdock_2UUY_rec_2UUY_lig_pose_024.pdb	
LightDock	dockq	0.8290489781627873	2UUY_rec	2UUY_lig	lightdock_2UUY_rec_2UUY_lig_demo	lightdock_2UUY_rec_2UUY_lig_pose_025	/demo/lightdock/2UUY_rec_vs_2UUY_lig/lightdock_2UUY_rec_2UUY_lig_pose_025.pdb	
LightDock	dockq	0.8428228330138905	2UUY_rec	2UUY_lig	lightdock_2UUY_rec_2UUY_lig_demo	lightdock_2UUY_rec_2UUY_lig_pose_026	/demo/lightdock/2UUY_rec_vs_2UUY_lig/lightdock_2UUY_rec_2UUY_lig_pose_026.pdb	
LightDock	dockq	1.0	2UUY_rec	2UUY_lig	lightdock_2UUY_rec_2UUY_lig_demo	lightdock_2UUY_rec_2UUY_lig_pose_027	/demo/lightdock/2UUY_rec_vs_2UUY_lig/lightdock_2UUY_rec_2UUY_lig_pose_027.pdb	
LightDock	dockq	1.0	2UUY_rec	2UUY_lig	lightdock_2UUY_rec_2UUY_lig_demo	lightdock_2UUY_rec_2UUY_lig_pose_028	/demo/lightdock/2UUY_rec_vs_2UUY_lig/lightdock_2UUY_rec_2UUY_lig_pose_028.pdb	
LightDock	dockq	0.734675664944118	2UUY_rec	2UUY_lig	lightdock_2UUY_rec_2UUY_lig_demo	lightdock_2UUY_rec_2UUY_lig_pose_029	/demo/lightdock/2UUY_rec_vs_2UUY_lig/lightdock_2UUY_rec_2UUY_lig_pose_029.pdb	
LightDock	dockq	0.7912616638450823	2UUY_rec	2UUY_lig	lightdock_2UUY_rec_2UUY_lig_demo	lightdock_2UUY_rec_2UUY_lig_pose_030	/demo/lightdock/2UUY_rec_vs_2UUY_lig/lightdock_2UUY_rec_2UUY_lig_pose_030.pdb	
LightDock	dockq	0.6736557998162996	2UUY_rec	2UUY_lig	lightdock_2UUY_rec_2UUY_lig_demo	lightdock_2UUY_rec_2UUY_lig_pose_031	/demo/lightdock/2UUY_rec_vs_2UUY_lig/lightdock_2UUY_rec_2UUY_lig_pose_031.pdb	
LightDock	dockq	0.7609292986036513	2UUY_rec	2UUY_lig	lightdock_2UUY_rec_2UUY_lig_demo	lightdock_2UUY_rec_2UUY_lig_pose_032	/demo/lightdock/2UUY_rec_vs_2UUY_lig/lightdock_2UUY_rec_2UUY_lig_pose_032.pdb	
LightDock	dockq	0.851560500359034	2UUY_rec	2UUY_lig	lightdock_2UUY_rec_2UUY_lig_demo	lightdock_2UUY_rec_2UUY_lig_pose_033	/demo/lightdock/2UUY_rec_vs_2UUY_lig/lightdock_2UUY_rec_2UUY_lig_pose_033.pdb	
LightDock	dockq	0.9405853620888234	2UUY_rec	2UUY_lig	lightdock_2UUY_rec_2UUY_lig_demo	lightdock_2UUY_rec_2UUY_lig_pose_034	/demo/lightdock/2UUY_rec_vs_2UUY_lig/lightdock_2UUY_rec_2UUY_lig_pose_034.pdb	
LightDock	dockq	0.7470916162256391	2UUY_rec	2UUY_lig	lightdock_2UUY_rec_2UUY_lig_demo	lightdock_2UUY_rec_2UUY_lig_pose_035	/demo/lightdock/2UUY_rec_vs_2UUY_lig/lightdock_2UUY_rec_2UUY_lig_pose_035.pdb	
LightDock	dockq	0.7545853559932203	2UUY_rec	2UUY_lig	lightdock_2UUY_rec_2UUY_lig_demo	lightdock_2UUY_rec_2UUY_lig_pose_036	/demo/lightdock/2UUY_rec_vs_2UUY_lig/lightdock_2UUY_rec_2UUY_lig_pose_036.pdb	
LightDock	dockq	0.6052710970261345	2UUY_rec	2UUY_lig	lightdock_2UUY_rec_2UUY_lig_demo	lightdock_2UUY_rec_2UUY_lig_pose_037	/demo/lightdock/2UUY_rec_vs_2UUY_lig/lightdock_2UUY_rec_2UUY_lig_pose_037.pdb	
LightDock	dockq	0.8037334079455092	2UUY_rec	2UUY_lig	lightdock_2UUY_rec_2UUY_lig_demo	lightdock_2UUY_rec_2UUY_lig_pose_038	/demo/lightdock/2UUY_rec_vs_2UUY_lig/lightdock_2UUY_rec_2UUY_lig_pose_038.pdb	
LightDock	dockq	0.7137585588140436	2UUY_rec	2UUY_lig	lightdock_2UUY_rec_2UUY_lig_demo	lightdock_2UUY_rec_2UUY_lig_pose_039	/demo/lightdock/2UUY_rec_vs_2UUY_lig/lightdock_2UUY_rec_2UUY_lig_pose_039.pdb	
LightDock	dockq	0.7670560572633925	2UUY_rec	2UUY_lig	lightdock_2UUY_rec_2UUY_lig_demo	lightdock_2UUY_rec_2UUY_lig_pose_040	/demo/lightdock/2UUY_rec_vs_2UUY_lig/lightdock_2UUY_rec_2UUY_lig_pose_040.pdb	
LightDock	dockq	0.7323139221832411	2UUY_rec	2UUY_lig	lightdock_2UUY_rec_2UUY_lig_demo	lightdock_2UUY_rec_2UUY_lig_pose_041	/demo/lightdock/2UUY_rec_vs_2UUY_lig/lightdock_2UUY_rec_2UUY_lig_pose_041.pdb	
LightDock	dockq	0.8105737445747443	2UUY_rec	2UUY_lig	lightdock_2UUY_rec_2UUY_lig_demo	lightdock_2UUY_rec_2UUY_lig_pose_042	/demo/lightdock/2UUY_rec_vs_2UUY_lig/lightdock_2UUY_rec_2UUY_lig_pose_042.pdb	
LightDock	dockq	0.6442271608643368	2UUY_rec	2UUY_lig	lightdock_2UUY_rec_2UUY_lig_demo	lightdock_2UUY_rec_2UUY_lig_pose_043	/demo/lightdock/2UUY_rec_vs_2UUY_lig/lightdock_2UUY_rec_2UUY_lig_pose_043.pdb	
LightDock	dockq	0.6732954754609008	2UUY_rec	2UUY_lig	lightdock_2UUY_rec_2UUY_lig_demo	lightdock_2UUY_rec_2UUY_lig_pose_044	/demo/lightdock/2UUY_rec_vs_2UUY_lig/lightdock_2UUY_rec_2UUY_lig_pose_044.pdb	
LightDock	dockq	1.0	2UUY_rec	2UUY_lig	lightdock_2UUY_rec_2UUY_lig_demo	lightdock_2UUY_rec_2UUY_lig_pose_045	/demo/lightdock/2UUY_rec_vs_2UUY_lig/lightdock_2UUY_rec_2UUY_lig_pose_045.pdb	
LightDock	dockq	0.6912577418725968	2UUY_rec	2UUY_lig	lightdock_2UUY_rec_2UUY_lig_demo	lightdock_2UUY_rec_2UUY_lig_pose_046	/demo/lightdock/2UUY_rec_vs_2UUY_lig/lightdock_2UUY_rec_2UUY_lig_pose_046.pdb	
LightDock	dockq	0.710321442154536	2UUY_rec	2UUY_lig	lightdock_2UUY_rec_2UUY_lig_demo	lightdock_2UUY_rec_2UUY_lig_pose_047	/demo/lightdock/2UUY_rec_vs_2UUY_lig/lightdock_2UUY_rec_2UUY_lig_pose_047.pdb	
LightDock	dockq	1.0	2UUY_rec	2UUY_lig	lightdock_2UUY_rec_2UUY_lig_demo	lightdock_2UUY_rec_2UUY_lig_pose_048	/demo/lightdock/2UUY_rec_vs_2UUY_lig/lightdock_2UUY_rec_2UUY_lig_pose_048.pdb	
LightDock	dockq	1.0	2UUY_rec	2UUY_lig	lightdock_2UUY_rec_2UUY_lig_demo	lightdock_2UUY_rec_2UUY_lig_pose_049	/demo/lightdock/2UUY_rec_vs_2UUY_lig/lightdock_2UUY_rec_2UUY_lig_pose_049.pdb	
LightDock	dockq	0.7028433371174658	2UUY_rec	2UUY_lig	lightdock_2UUY_rec_2UUY_lig_demo	lightdock_2UUY_rec_2UUY_lig_pose_050	/demo/lightdock/2UUY_rec_vs_2UUY_lig/lightdock_2UUY_rec_2UUY_lig_pose_050.pdb	
LightDock	fnat	0.6758101251854363	2UUY_rec	2UUY_lig	lightdock_2UUY_rec_2UUY_lig_demo	lightdock_2UUY_rec_2UUY_lig_pose_001	/demo/lightdock/2UUY_rec_vs_2UUY_lig/lightdock_2UUY_rec_2UUY_lig_pose_001.pdb	
LightDock	fnat	0.7609866661128611	2UUY_rec	2UUY_lig	lightdock_2UUY_rec_2UUY_lig_demo	lightdock_2UUY_rec_2UUY_lig_pose_002	/demo/lightdock/2UUY_rec_vs_2UUY_lig/lightdock_2UUY_rec_2UUY_lig_pose_002.pdb	
LightDock	fnat	0.927443717328671	2UUY_rec	2UUY_lig	lightdock_2UUY_rec_2UUY_lig_demo	lightdock_2UUY_rec_2UUY_lig_pose_003	/demo/lightdock/2UUY_rec_vs_2UUY_lig/lightdock_2UUY_rec_2UUY_lig_pose_003.pdb	
LightDock	fnat	0.6015771505886115	2UUY_rec	2UUY_lig	lightdock_2UUY_rec_2UUY_lig_demo	lightdock_2UUY_rec_2UUY_lig_pose_004	/demo/lightdock/2UUY_rec_vs_2UUY_lig/lightdock_2UUY_rec_2UUY_lig_pose_004.pdb	
LightDock	fnat	0.6905666584869468	2UUY_rec	2UUY_lig	lightdock_2UUY_rec_2UUY_lig_demo	lightdock_2UUY_rec_2UUY_lig_pose_005	/demo/lightdock/2UUY_rec_vs_2UUY_lig/lightdock_2UUY_rec_2UUY_lig_pose_005.pdb	
LightDock	fnat	0.8132805091274092	2UUY_rec	2UUY_lig	lightdock_2UUY_rec_2UUY_lig_demo	lightdock_2UUY_rec_2UUY_lig_pose_006	/demo/lightdock/2UUY_rec_vs_2UUY_lig/lightdock_2UUY_rec_2UUY_lig_pose_006.pdb	
LightDock	fnat	0.7721719289359942	2UUY_rec	2UUY_lig	lightdock_2UUY_rec_2UUY_lig_demo	lightdock_2UUY_rec_2UUY_lig_pose_007	/demo/lightdock/2UUY_rec_vs_2UUY_lig/lightdock_2UUY_rec_2UUY_lig_pose_007.pdb	
LightDock	fnat	0.6748612714523881	2UUY_rec	2UUY_lig	lightdock_2UUY_rec_2UUY_lig_demo	lightdock_2UUY_rec_2UUY_lig_pose_008	/demo/lightdock/2UUY_rec_vs_2UUY_lig/lightdock_2UUY_rec_2UUY_lig_pose_008.pdb	
LightDock	fnat	0.703941244258075	2UUY_rec	2UUY_lig	lightdock_2UUY_rec_2UUY_lig_demo	lightdock_2UUY_rec_2UUY_lig_pose_009	/demo/lightdock/2UUY_rec_vs_2UUY_lig/lightdock_2UUY_rec_2UUY_lig_pose_009.pdb	
LightDock	fnat	0.5550125029956021	2UUY_rec	2UUY_lig	lightdock_2UUY_rec_2UUY_lig_demo	lightdock_2UUY_rec_2UUY_lig_pose_010	/demo/lightdock/2UUY_rec_vs_2UUY_lig/lightdock_2UUY_rec_2UUY_lig_pose_010.pdb	
LightDock	fnat	0.6914191507230402	2UUY_rec	2UUY_lig	lightdock_2UUY_rec_2UUY_lig_demo	lightdock_2UUY_rec_2UUY_lig_pose_011	/demo/lightdock/2UUY_rec_vs_2UUY_lig/lightdock_2UUY_rec_2UUY_lig_pose_011.pdb	
LightDock	fnat	0.6880335011989254	2UUY_rec	2UUY_lig	lightdock_2UUY_rec_2UUY_lig_demo	lightdock_2UUY_rec_2UUY_lig_pose_012	/demo/lightdock/2UUY_rec_vs_2UUY_lig/lightdock_2UUY_rec_2UUY_lig_pose_012.pdb	
LightDock	fnat	0.7478603867551507	2UUY_rec	2UUY_lig	lightdock_2UUY_rec_2UUY_lig_demo	lightdock_2UUY_rec_2UUY_lig_pose_013	/demo/lightdock/2UUY_rec_vs_2UUY_lig/lightdock_2UUY_rec_2UUY_lig_pose_013.pdb	
LightDock	fnat	0.653360733741718	2UUY_rec	2UUY_lig	lightdock_2UUY_rec_2UUY_lig_demo	lightdock_2UUY_rec_2UUY_lig_pose_014	/demo/lightdock/2UUY_rec_vs_2UUY_lig/lightdock_2UUY_rec_2UUY_lig_pose_014.pdb	
LightDock	fnat	0.7765846227054166	2UUY_rec	2UUY_lig	lightdock_2UUY_rec_2UUY_lig_demo	lightdock_2UUY_rec_2UUY_lig_pose_015	/demo/lightdock/2UUY_rec_vs_2UUY_lig/lightdock_2UUY_rec_2UUY_lig_pose_015.pdb	
LightDock	fnat	0.8415258981383794	2UUY_rec	2UUY_lig	lightdock_2UUY_rec_2UUY_lig_demo	lightdock_2UUY_rec_2UUY_lig_pose_016	/demo/lightdock/2UUY_rec_vs_2UUY_lig/lightdock_2UUY_rec_2UUY_lig_pose_016.pdb	
LightDock	fnat	0.7386515193202159	2UUY_rec	2UUY_lig	lightdock_2UUY_rec_2UUY_lig_demo	lightdock_2UUY_rec_2UUY_lig_pose_017	/demo/lightdock/2UUY_rec_vs_2UUY_lig/lightdock_2UUY_rec_2UUY_lig_pose_017.pdb	
LightDock	fnat	0.7622107690079044	2UUY_rec	2UUY_lig	lightdock_2UUY_rec_2UUY_lig_demo	lightdock_2UUY_rec_2UUY_lig_pose_018	/demo/lightdock/2UUY_rec_vs_2UUY_lig/lightdock_2UUY_rec_2UUY_lig_pose_018.pdb	
LightDock	fnat	0.7263786417093441	2UUY_rec	2UUY_lig	lightdock_2UUY_rec_2UUY_lig_demo	lightdock_2UUY_rec_2UUY_lig_pose_019	/demo/lightdock/2UUY_rec_vs_2UUY_lig/lightdock_2UUY_rec_2UUY_lig_pose_019.pdb	
LightDock	fnat	0.7200101271709697	2UUY_rec	2UUY_lig	lightdock_2UUY_rec_2UUY_lig_demo	lightdock_2UUY_rec_2UUY_lig_pose_020	/demo/lightdock/2UUY_rec_vs_2UUY_lig/lightdock_2UUY_rec_2UUY_lig_pose_020.pdb	
LightDock	fnat	0.6334130359748583	2UUY_rec	2UUY_lig	lightdock_2UUY_rec_2UUY_lig_demo	lightdock_2UUY_rec_2UUY_lig_pose_021	/demo/lightdock/2UUY_rec_vs_2UUY_lig/lightdock_2UUY_rec_2UUY_lig_pose_021.pdb	
LightDock	fnat	0.7579793114007969	2UUY_rec	2UUY_lig	lightdock_2UUY_rec_2UUY_lig_demo	lightdock_2UUY_rec_2UUY_lig_pose_022	/demo/lightdock/2UUY_rec_vs_2UUY_lig/lightdock_2UUY_rec_2UUY_lig_pose_022.pdb	
LightDock	fnat	0.7083256081903813	2UUY_rec	2UUY_lig	lightdock_2UUY_rec_2UUY_lig_demo	lightdock_2UUY_rec_2UUY_lig_pose_023	/demo/lightdock/2UUY_rec_vs_2UUY_lig/lightdock_2UUY_rec_2UUY_lig_pose_023.pdb	
LightDock	fnat	0.9711801970716714	2UUY_rec	2UUY_lig	lightdock_2UUY_rec_2UUY_lig_demo	lightdock_2UUY_rec_2UUY_lig_pose_024	/demo/lightdock/2UUY_rec_vs_2UUY_lig/lightdock_2UUY_rec_2UUY_lig_pose_024.pdb	
LightDock	fnat	0.9088025882970291	2UUY_rec	2UUY_lig	lightdock_2UUY_rec_2UUY_lig_demo	lightdock_2UUY_rec_2UUY_lig_pose_025	/demo/lightdock/2UUY_rec_vs_2UUY_lig/lightdock_2UUY_rec_2UUY_lig_pose_025.pdb	
LightDock	fnat	0.76630158630678	2UUY_rec	2UUY_lig	lightdock_2UUY_rec_2UUY_lig_demo	lightdock_2UUY_rec_2UUY_lig_pose_026	/demo/lightdock/2UUY_rec_vs_2UUY_lig/lightdock_2UUY_rec_2UUY_lig_pose_026.pdb	
LightDock	fnat	0.6284331348366279	2UUY_rec	2UUY_lig	lightdock_2UUY_rec_2UUY_lig_demo	lightdock_2UUY_rec_2UUY_lig_pose_027	/demo/lightdock/2UUY_rec_vs_2UUY_lig/lightdock_2UUY_rec_2UUY_lig_pose_027.pdb	
LightDock	fnat	0.5865106233619899	2UUY_rec	2UUY_lig	lightdock_2UUY_rec_2UUY_lig_demo	lightdock_2UUY_rec_2UUY_lig_pose_028	/demo/lightdock/2UUY_rec_vs_2UUY_lig/lightdock_2UUY_rec_2UUY_lig_pose_028.pdb	
LightDock	fnat	0.8629371543706638	2UUY_rec	2UUY_lig	lightdock_2UUY_rec_2UUY_lig_demo	lightdock_2UUY_rec_2UUY_lig_pose_029	/demo/lightdock/2UUY_rec_vs_2UUY_lig/lightdock_2UUY_rec_2UUY_lig_pose_029.pdb	
LightDock	fnat	0.7515299070176567	2UUY_rec	2UUY_lig	lightdock_2UUY_rec_2UUY_lig_demo	lightdock_2UUY_rec_2UUY_lig_pose_030	/demo/lightdock/2UUY_rec_vs_2UUY_lig/lightdock_2UUY_rec_2UUY_lig_pose_030.pdb	
LightDock	fnat	0.7776172084069932	2UUY_rec	2UUY_lig	lightdock_2UUY_rec_2UUY_lig_demo	lightdock_2UUY_rec_2UUY_lig_pose_031	/demo/lightdock/2UUY_rec_vs_2UUY_lig/lightdock_2UUY_rec_2UUY_lig_pose_031.pdb	
LightDock	fnat	0.5106496815630969	2UUY_rec	2UUY_lig	lightdock_2UUY_rec_2UUY_lig_demo	lightdock_2UUY_rec_2UUY_lig_pose_032	/demo/lightdock/2UUY_rec_vs_2UUY_lig/lightdock_2UUY_rec_2UUY_lig_pose_032.pdb	
LightDock	fnat	0.8312926177869817	2UUY_rec	2UUY_lig	lightdock_2UUY_rec_2UUY_lig_demo	lightdock_2UUY_rec_2UUY_lig_pose_033	/demo/lightdock/2UUY_rec_vs_2UUY_lig/lightdock_2UUY_rec_2UUY_lig_pose_033.pdb	
LightDock	fnat	0.7745304405857235	2UUY_rec	2UUY_lig	lightdock_2UUY_rec_2UUY_lig_demo	lightdock_2UUY_rec_2UUY_lig_pose_034	/demo/lightdock/2UUY_rec_vs_2UUY_lig/lightdock_2UUY_rec_2UUY_lig_pose_034.pdb	
LightDock	fnat	0.5867483178702626	2UUY_rec	2UUY_lig	lightdock_2UUY_rec_2UUY_lig_demo	lightdock_2UUY_rec_2UUY_lig_pose_035	/demo/lightdock/2UUY_rec_vs_2UUY_lig/lightdock_2UUY_rec_2UUY_lig_pose_035.pdb	
LightDock	fnat	0.6634170231060061	2UUY_rec	2UUY_lig	lightdock_2UUY_rec_2UUY_lig_demo	lightdock_2UUY_rec_2UUY_lig_pose_036	/demo/lightdock/2UUY_rec_vs_2UUY_lig/lightdock_2UUY_rec_2UUY_lig_pose_036.pdb	
LightDock	fnat	0.7516460645227823	2UUY_rec	2UUY_lig	lightdock_2UUY_rec_2UUY_lig_demo	lightdock_2UUY_rec_2UUY_lig_pose_037	/demo/lightdock/2UUY_rec_vs_2UUY_lig/lightdock_2UUY_rec_2UUY_lig_pose_037.pdb	
LightDock	fnat	0.7262960158027492	2UUY_rec	2UUY_lig	lightdock_2UUY_rec_2UUY_lig_demo	lightdock_2UUY_rec_2UUY_lig_pose_038	/demo/lightdock/2UUY_rec_vs_2UUY_lig/lightdock_2UUY_rec_2UUY_lig_pose_038.pdb	
LightDock	fnat	0.6849394577035733	2UUY_rec	2UUY_lig	lightdock_2UUY_rec_2UUY_lig_demo	lightdock_2UUY_rec_2UUY_lig_pose_039	/demo/lightdock/2UUY_rec_vs_2UUY_lig/lightdock_2UUY_rec_2UUY_lig_pose_039.pdb	
LightDock	fnat	0.7075814078320847	2UUY_rec	2UUY_lig	lightdock_2UUY_rec_2UUY_lig_demo	lightdock_2UUY_rec_2UUY_lig_pose_040	/demo/lightdock/2UUY_rec_vs_2UUY_lig/lightdock_2UUY_rec_2UUY_lig_pose_040.pdb	
LightDock	fnat	0.6897627146151737	2UUY_rec	2UUY_lig	lightdock_2UUY_rec_2UUY_lig_demo	lightdock_2UUY_rec_2UUY_lig_pose_041	/demo/lightdock/2UUY_rec_vs_2UUY_lig/lightdock_2UUY_rec_2UUY_lig_pose_041.pdb	
LightDock	fnat	0.7383075014522962	2UUY_rec	2UUY_lig	lightdock_2UUY_rec_2UUY_lig_demo	lightdock_2UUY_rec_2UUY_lig_pose_042	/demo/lightdock/2UUY_rec_vs_2UUY_lig/lightdock_2UUY_rec_2UUY_lig_pose_042.pdb	
LightDock	fnat	0.8965790367591788	2UUY_rec	2UUY_lig	lightdock_2UUY_rec_2UUY_lig_demo	lightdock_2UUY_rec_2UUY_lig_pose_043	/demo/lightdock/2UUY_rec_vs_2UUY_lig/lightdock_2UUY_rec_2UUY_lig_pose_043.pdb	
LightDock	fnat	0.4120009870882443	2UUY_rec	2UUY_lig	lightdock_2UUY_rec_2UUY_lig_demo	lightdock_2UUY_rec_2UUY_lig_pose_044	/demo/lightdock/2UUY_rec_vs_2UUY_lig/lightdock_2UUY_rec_2UUY_lig_pose_044.pdb	
LightDock	fnat	0.6915779682588379	2UUY_rec	2UUY_lig	lightdock_2UUY_rec_2UUY_lig_demo	lightdock_2UUY_rec_2UUY_lig_pose_045	/demo/lightdock/2UUY_rec_vs_2UUY_lig/lightdock_2UUY_rec_2UUY_lig_pose_045.pdb	
LightDock	fnat	0.7411814905646936	2UUY_rec	2UUY_lig	lightdock_2UUY_rec_2UUY_lig_demo	lightdock_2UUY_rec_2UUY_lig_pose_046	/demo/lightdock/2UUY_rec_vs_2UUY_lig/lightdock_2UUY_rec_2UUY_lig_pose_046.pdb	
LightDock	fnat	0.755519278762452	2UUY_rec	2UUY_lig	lightdock_2UUY_rec_2UUY_lig_demo	lightdock_2UUY_rec_2UUY_lig_pose_047	/demo/lightdock/2UUY_rec_vs_2UUY_lig/lightdock_2UUY_rec_2UUY_lig_pose_047.pdb	
LightDock	fnat	0.6753702502414451	2UUY_rec	2UUY_lig	lightdock_2UUY_rec_2UUY_lig_demo	lightdock_2UUY_rec_2UUY_lig_pose_048	/demo/lightdock/2UUY_rec_vs_2UUY_lig/lightdock_2UUY_rec_2UUY_lig_pose_048.pdb	
LightDock	fnat	0.50919338610257	2UUY_rec	2UUY_lig	lightdock_2UUY_rec_2UUY_lig_demo	lightdock_2UUY_rec_2UUY_lig_pose_049	/demo/lightdock/2UUY_rec_vs_2UUY_lig/lightdock_2UUY_rec_2UUY_lig_pose_049.pdb	
LightDock	fnat	0.7593594580456932	2UUY_rec	2UUY_lig	lightdock_2UUY_rec_2UUY_lig_demo	lightdock_2UUY_rec_2UUY_lig_pose_050	/demo/lightdock/2UUY_rec_vs_2UUY_lig/lightdock_2UUY_rec_2UUY_lig_pose_050.pdb	
LightDock	irmsd	2.7091451499149297	2UUY_rec	2UUY_lig	lightdock_2UUY_rec_2UUY_lig_demo	lightdock_2UUY_rec_2UUY_lig_pose_001	/demo/lightdock/2UUY_rec_vs_2UUY_lig/lightdock_2UUY_rec_2UUY_lig_pose_001.pdb	
LightDock	irmsd	0.42629701655870367	2UUY_rec	2UUY_lig	lightdock_2UUY_rec_2UUY_lig_demo	lightdock_2UUY_rec_2UUY_lig_pose_002	/demo/lightdock/2UUY_rec_vs_2UUY_lig/lightdock_2UUY_rec_2UUY_lig_pose_002.pdb	
LightDock	irmsd	2.104679609588732	2UUY_rec	2UUY_lig	lightdock_2UUY_rec_2UUY_lig_demo	lightdock_2UUY_rec_2UUY_lig_pose_003	/demo/lightdock/2UUY_rec_vs_2UUY_lig/lightdock_2UUY_rec_2UUY_lig_pose_003.pdb	
LightDock	irmsd	1.2700323438139742	2UUY_rec	2UUY_lig	lightdock_2UUY_rec_2UUY_lig_demo	lightdock_2UUY_rec_2UUY_lig_pose_004	/demo/lightdock/2UUY_rec_vs_2UUY_lig/lightdock_2UUY_rec_2UUY_lig_pose_004.pdb	
LightDock	irmsd	1.457072957919807	2UUY_rec	2UUY_lig	lightdock_2UUY_rec_2UUY_lig_demo	lightdock_2UUY_rec_2UUY_lig_pose_005	/demo/lightdock/2UUY_rec_vs_2UUY_lig/lightdock_2UUY_rec_2UUY_lig_pose_005.pdb	
LightDock	irmsd	0.7629710425072357	2UUY_rec	2UUY_lig	lightdock_2UUY_rec_2UUY_lig_demo	lightdock_2UUY_rec_2UUY_lig_pose_006	/demo/lightdock/2UUY_rec_vs_2UUY_lig/lightdock_2UUY_rec_2UUY_lig_pose_006.pdb	
LightDock	irmsd	1.2658806793508863	2UUY_rec	2UUY_lig	lightdock_2UUY_rec_2UUY_lig_demo	lightdock_2UUY_rec_2UUY_lig_pose_007	/demo/lightdock/2UUY_rec_vs_2UUY_lig/lightdock_2UUY_rec_2UUY_lig_pose_007.pdb	
LightDock	irmsd	2.410031216289271	2UUY_rec	2UUY_lig	lightdock_2UUY_rec_2UUY_lig_demo	lightdock_2UUY_rec_2UUY_lig_pose_008	/demo/lightdock/2UUY_rec_vs_2UUY_lig/lightdock_2UUY_rec_2UUY_lig_pose_008.pdb	
LightDock	irmsd	1.9078586693913948	2UUY_rec	2UUY_lig	lightdock_2UUY_rec_2UUY_lig_demo	lightdock_2UUY_rec_2UUY_lig_pose_009	/demo/lightdock/2UUY_rec_vs_2UUY_lig/lightdock_2UUY_rec_2UUY_lig_pose_009.pdb	
LightDock	irmsd	2.712618123786961	2UUY_rec	2UUY_lig	lightdock_2UUY_rec_2UUY_lig_demo	lightdock_2UUY_rec_2UUY_lig_pose_010	/demo/lightdock/2UUY_rec_vs_2UUY_lig/lightdock_2UUY_rec_2UUY_lig_pose_010.pdb	
LightDock	irmsd	2.3241883222843853	2UUY_rec	2UUY_lig	lightdock_2UUY_rec_2UUY_lig_demo	lightdock_2UUY_rec_2UUY_lig_pose_011	/demo/lightdock/2UUY_rec_vs_2UUY_lig/lightdock_2UUY_rec_2UUY_lig_pose_011.pdb	
LightDock	irmsd	1.8073606752507034	2UUY_rec	2UUY_lig	lightdock_2UUY_rec_2UUY_lig_demo	lightdock_2UUY_rec_2UUY_lig_pose_012	/demo/lightdock/2UUY_rec_vs_2UUY_lig/lightdock_2UUY_rec_2UUY_lig_pose_012.pdb	
LightDock	irmsd	2.7207541683174545	2UUY_rec	2UUY_lig	lightdock_2UUY_rec_2UUY_lig_demo	lightdock_2UUY_rec_2UUY_lig_pose_013	/demo/lightdock/2UUY_rec_vs_2UUY_lig/lightdock_2UUY_rec_2UUY_lig_pose_013.pdb	
LightDock	irmsd	1.8072952111168092	2UUY_rec	2UUY_lig	lightdock_2UUY_rec_2UUY_lig_demo	lightdock_2UUY_rec_2UUY_lig_pose_014	/demo/lightdock/2UUY_rec_vs_2UUY_lig/lightdock_2UUY_rec_2UUY_lig_pose_014.pdb	
LightDock	irmsd	2.0795917237579413	2UUY_rec	2UUY_lig	lightdock_2UUY_rec_2UUY_lig_demo	lightdock_2UUY_rec_2UUY_lig_pose_015	/demo/lightdock/2UUY_rec_vs_2UUY_lig/lightdock_2UUY_rec_2UUY_lig_pose_015.pdb	
LightDock	irmsd	1.292400332525704	2UUY_rec	2UUY_lig	lightdock_2UUY_rec_2UUY_lig_demo	lightdock_2UUY_rec_2UUY_lig_pose_016	/demo/lightdock/2UUY_rec_vs_2UUY_lig/lightdock_2UUY_rec_2UUY_lig_pose_016.pdb	
LightDock	irmsd	1.5465820711014433	2UUY_rec	2UUY_lig	lightdock_2UUY_rec_2UUY_lig_demo	lightdock_2UUY_rec_2UUY_lig_pose_017	/demo/lightdock/2UUY_rec_vs_2UUY_lig/lightdock_2UUY_rec_2UUY_lig_pose_017.pdb	
LightDock	irmsd	1.0118033236898063	2UUY_rec	2UUY_lig	lightdock_2UUY_rec_2UUY_lig_demo	lightdock_2UUY_rec_2UUY_lig_pose_018	/demo/lightdock/2UUY_rec_vs_2UUY_lig/lightdock_2UUY_rec_2UUY_lig_pose_018.pdb	
LightDock	irmsd	2.192708754216397	2UUY_rec	2UUY_lig	lightdock_2UUY_rec_2UUY_lig_demo	lightdock_2UUY_rec_2UUY_lig_pose_019	/demo/lightdock/2UUY_rec_vs_2UUY_lig/lightdock_2UUY_rec_2UUY_lig_pose_019.pdb	
LightDock	irmsd	0.6751874638195942	2UUY_rec	2UUY_lig	lightdock_2UUY_rec_2UUY_lig_demo	lightdock_2UUY_rec_2UUY_lig_pose_020	/demo/lightdock/2UUY_rec_vs_2UUY_lig/lightdock_2UUY_rec_2UUY_lig_pose_020.pdb	
LightDock	irmsd	2.047645239692363	2UUY_rec	2UUY_lig	lightdock_2UUY_rec_2UUY_lig_demo	lightdock_2UUY_rec_2UUY_lig_pose_021	/demo/lightdock/2UUY_rec_vs_2UUY_lig/lightdock_2UUY_rec_2UUY_lig_pose_021.pdb	
LightDock	irmsd	1.3665442597463884	2UUY_rec	2UUY_lig	lightdock_2UUY_rec_2UUY_lig_demo	lightdock_2UUY_rec_2UUY_lig_pose_022	/demo/lightdock/2UUY_rec_vs_2UUY_lig/lightdock_2UUY_rec_2UUY_lig_pose_022.pdb	
LightDock	irmsd	2.3198729654271233	2UUY_rec	2UUY_lig	lightdock_2UUY_rec_2UUY_lig_demo	lightdock_2UUY_rec_2UUY_lig_pose_023	/demo/lightdock/2UUY_rec_vs_2UUY_lig/lightdock_2UUY_rec_2UUY_lig_pose_023.pdb	
LightDock	irmsd	2.025608292111882	2UUY_rec	2UUY_lig	lightdock_2UUY_rec_2UUY_lig_demo	lightdock_2UUY_rec_2UUY_lig_pose_024	/demo/lightdock/2UUY_rec_vs_2UUY_lig/lightdock_2UUY_rec_2UUY_lig_pose_024.pdb	
LightDock	irmsd	2.774452310352761	2UUY_rec	2UUY_lig	lightdock_2UUY_rec_2UUY_lig_demo	lightdock_2UUY_rec_2UUY_lig_pose_025	/demo/lightdock/2UUY_rec_vs_2UUY_lig/lightdock_2UUY_rec_2UUY_lig_pose_025.pdb	
LightDock	irmsd	2.011542283797051	2UUY_rec	2UUY_lig	lightdock_2UUY_rec_2UUY_lig_demo	lightdock_2UUY_rec_2UUY_lig_pose_026	/demo/lightdock/2UUY_rec_vs_2UUY_lig/lightdock_2UUY_rec_2UUY_lig_pose_026.pdb	
LightDock	irmsd	0.3995718210427317	2UUY_rec	2UUY_lig	lightdock_2UUY_rec_2UUY_lig_demo	lightdock_2UUY_rec_2UUY_lig_pose_027	/demo/lightdock/2UUY_rec_vs_2UUY_lig/lightdock_2UUY_rec_2UUY_lig_pose_027.pdb	
LightDock	irmsd	1.4531327789712594	2UUY_rec	2UUY_lig	lightdock_2UUY_rec_2UUY_lig_demo	lightdock_2UUY_rec_2UUY_lig_pose_028	/demo/lightdock/2UUY_rec_vs_2UUY_lig/lightdock_2UUY_rec_2UUY_lig_pose_028.pdb	
LightDock	irmsd	0.6795949651836289	2UUY_rec	2UUY_lig	lightdock_2UUY_rec_2UUY_lig_demo	lightdock_2UUY_rec_2UUY_lig_pose_029	/demo/lightdock/2UUY_rec_vs_2UUY_lig/lightdock_2UUY_rec_2UUY_lig_pose_029.pdb	
LightDock	irmsd	1.1372041103436077	2UUY_rec	2UUY_lig	lightdock_2UUY_rec_2UUY_lig_demo	lightdock_2UUY_rec_2UUY_lig_pose_030	/demo/lightdock/2UUY_rec_vs_2UUY_lig/lightdock_2UUY_rec_2UUY_lig_pose_030.pdb	
LightDock	irmsd	2.5578599032937053	2UUY_rec	2UUY_lig	lightdock_2UUY_rec_2UUY_lig_demo	lightdock_2UUY_rec_2UUY_lig_pose_031	/demo/lightdock/2UUY_rec_vs_2UUY_lig/lightdock_2UUY_rec_2UUY_lig_pose_031.pdb	
LightDock	irmsd	1.9462736676283872	2UUY_rec	2UUY_lig	lightdock_2UUY_rec_2UUY_lig_demo	lightdock_2UUY_rec_2UUY_lig_pose_032	/demo/lightdock/2UUY_rec_vs_2UUY_lig/lightdock_2UUY_rec_2UUY_lig_pose_032.pdb	
LightDock	irmsd	1.0107486999948776	2UUY_rec	2UUY_lig	lightdock_2UUY_rec_2UUY_lig_demo	lightdock_2UUY_rec_2UUY_lig_pose_033	/demo/lightdock/2UUY_rec_vs_2UUY_lig/lightdock_2UUY_rec_2UUY_lig_pose_033.pdb	
LightDock	irmsd	0.7903978434917208	2UUY_rec	2UUY_lig	lightdock_2UUY_rec_2UUY_lig_demo	lightdock_2UUY_rec_2UUY_lig_pose_034	/demo/lightdock/2UUY_rec_vs_2UUY_lig/lightdock_2UUY_rec_2UUY_lig_pose_034.pdb	
LightDock	irmsd	1.5229474650133825	2UUY_rec	2UUY_lig	lightdock_2UUY_rec_2UUY_lig_demo	lightdock_2UUY_rec_2UUY_lig_pose_035	/demo/lightdock/2UUY_rec_vs_2UUY_lig/lightdock_2UUY_rec_2UUY_lig_pose_035.pdb	
LightDock	irmsd	0.6484078954332106	2UUY_rec	2UUY_lig	lightdock_2UUY_rec_2UUY_lig_demo	lightdock_2UUY_rec_2UUY_lig_pose_036	/demo/lightdock/2UUY_rec_vs_2UUY_lig/lightdock_2UUY_rec_2UUY_lig_pose_036.pdb	
LightDock	irmsd	1.0302018058223932	2UUY_rec	2UUY_lig	lightdock_2UUY_rec_2UUY_lig_demo	lightdock_2UUY_rec_2UUY_lig_pose_037	/demo/lightdock/2UUY_rec_vs_2UUY_lig/lightdock_2UUY_rec_2UUY_lig_pose_037.pdb	
LightDock	irmsd	1.7184066300858707	2UUY_rec	2UUY_lig	lightdock_2UUY_rec_2UUY_lig_demo	lightdock_2UUY_rec_2UUY_lig_pose_038	/demo/lightdock/2UUY_rec_vs_2UUY_lig/lightdock_2UUY_rec_2UUY_lig_pose_038.pdb	
LightDock	irmsd	2.3087184252746873	2UUY_rec	2UUY_lig	lightdock_2UUY_rec_2UUY_lig_demo	lightdock_2UUY_rec_2UUY_lig_pose_039	/demo/lightdock/2UUY_rec_vs_2UUY_lig/lightdock_2UUY_rec_2UUY_lig_pose_039.pdb	
LightDock	irmsd	1.9261330305571078	2UUY_rec	2UUY_lig	lightdock_2UUY_rec_2UUY_lig_demo	lightdock_2UUY_rec_2UUY_lig_pose_040	/demo/lightdock/2UUY_rec_vs_2UUY_lig/lightdock_2UUY_rec_2UUY_lig_pose_040.pdb	
LightDock	irmsd	0.0	2UUY_rec	2UUY_lig	lightdock_2UUY_rec_2UUY_lig_demo	lightdock_2UUY_rec_2UUY_lig_pose_041	/demo/lightdock/2UUY_rec_vs_2UUY_lig/lightdock_2UUY_rec_2UUY_lig_pose_041.pdb	
LightDock	irmsd	1.7130567103211818	2UUY_rec	2UUY_lig	lightdock_2UUY_rec_2UUY_lig_demo	lightdock_2UUY_rec_2UUY_lig_pose_042	/demo/lightdock/2UUY_rec_vs_2UUY_lig/lightdock_2UUY_rec_2UUY_lig_pose_042.pdb	
LightDock	irmsd	1.5504235012628045	2UUY_rec	2UUY_lig	lightdock_2UUY_rec_2UUY_lig_demo	lightdock_2UUY_rec_2UUY_lig_pose_043	/demo/lightdock/2UUY_rec_vs_2UUY_lig/lightdock_2UUY_rec_2UUY_lig_pose_043.pdb	
LightDock	irmsd	1.7897231997608851	2UUY_rec	2UUY_lig	lightdock_2UUY_rec_2UUY_lig_demo	lightdock_2UUY_rec_2UUY_lig_pose_044	/demo/lightdock/2UUY_rec_vs_2UUY_lig/lightdock_2UUY_rec_2UUY_lig_pose_044.pdb	
LightDock	irmsd	2.631346777155845	2UUY_rec	2UUY_lig	lightdock_2UUY_rec_2UUY_lig_demo	lightdock_2UUY_rec_2UUY_lig_pose_045	/demo/lightdock/2UUY_rec_vs_2UUY_lig/lightdock_2UUY_rec_2UUY_lig_pose_045.pdb	
LightDock	irmsd	0.05573320623668021	2UUY_rec	2UUY_lig	lightdock_2UUY_rec_2UUY_lig_demo	lightdock_2UUY_rec_2UUY_lig_pose_046	/demo/lightdock/2UUY_rec_vs_2UUY_lig/lightdock_2UUY_rec_2UUY_lig_pose_046.pdb	
LightDock	irmsd	1.086227602366226	2UUY_rec	2UUY_lig	lightdock_2UUY_rec_2UUY_lig_demo	lightdock_2UUY_rec_2UUY_lig_pose_047	/demo/lightdock/2UUY_rec_vs_2UUY_lig/lightdock_2UUY_rec_2UUY_lig_pose_047.pdb	
LightDock	irmsd	1.9136344259553482	2UUY_rec	2UUY_lig	lightdock_2UUY_rec_2UUY_lig_demo	lightdock_2UUY_rec_2UUY_lig_pose_048	/demo/lightdock/2UUY_rec_vs_2UUY_lig/lightdock_2UUY_rec_2UUY_lig_pose_048.pdb	
LightDock	irmsd	0.3928839203822405	2UUY_rec	2UUY_lig	lightdock_2UUY_rec_2UUY_lig_demo	lightdock_2UUY_rec_2UUY_lig_pose_049	/demo/lightdock/2UUY_rec_vs_2UUY_lig/lightdock_2UUY_rec_2UUY_lig_pose_049.pdb	
LightDock	irmsd	2.533164333637456	2UUY_rec	2UUY_lig	lightdock_2UUY_rec_2UUY_lig_demo	lightdock_2UUY_rec_2UUY_lig_pose_050	/demo/lightdock/2UUY_rec_vs_2UUY_lig/lightdock_2UUY_rec_2UUY_lig_pose_050.pdb	
LightDock	lrmsd	3.552534919050988	2UUY_rec	2UUY_lig	lightdock_2UUY_rec_2UUY_lig_demo	lightdock_2UUY_rec_2UUY_lig_pose_001	/demo/lightdock/2UUY_rec_vs_2UUY_lig/lightdock_2UUY_rec_2UUY_lig_pose_001.pdb	
LightDock	lrmsd	4.269875978765106	2UUY_rec	2UUY_lig	lightdock_2UUY_rec_2UUY_lig_demo	lightdock_2UUY_rec_2UUY_lig_pose_002	/demo/lightdock/2UUY_rec_vs_2UUY_lig/lightdock_2UUY_rec_2UUY_lig_pose_002.pdb	
LightDock	lrmsd	2.143584507717308	2UUY_rec	2UUY_lig	lightdock_2UUY_rec_2UUY_lig_demo	lightdock_2UUY_rec_2UUY_lig_pose_003	/demo/lightdock/2UUY_rec_vs_2UUY_lig/lightdock_2UUY_rec_2UUY_lig_pose_003.pdb	
LightDock	lrmsd	4.220645534949316	2UUY_rec	2UUY_lig	lightdock_2UUY_rec_2UUY_lig_demo	lightdock_2UUY_rec_2UUY_lig_pose_004	/demo/lightdock/2UUY_rec_vs_2UUY_lig/lightdock_2UUY_rec_2UUY_lig_pose_004.pdb	
LightDock	lrmsd	4.602707333983558	2UUY_rec	2UUY_lig	lightdock_2UUY_rec_2UUY_lig_demo	lightdock_2UUY_rec_2UUY_lig_pose_005	/demo/lightdock/2UUY_rec_vs_2UUY_lig/lightdock_2UUY_rec_2UUY_lig_pose_005.pdb	
LightDock	lrmsd	3.3493170302057527	2UUY_rec	2UUY_lig	lightdock_2UUY_rec_2UUY_lig_demo	lightdock_2UUY_rec_2UUY_lig_pose_006	/demo/lightdock/2UUY_rec_vs_2UUY_lig/lightdock_2UUY_rec_2UUY_lig_pose_006.pdb	
LightDock	lrmsd	3.351601339048044	2UUY_rec	2UUY_lig	lightdock_2UUY_rec_2UUY_lig_demo	lightdock_2UUY_rec_2UUY_lig_pose_007	/demo/lightdock/2UUY_rec_vs_2UUY_lig/lightdock_2UUY_rec_2UUY_lig_pose_007.pdb	
LightDock	lrmsd	3.4055148589225888	2UUY_rec	2UUY_lig	lightdock_2UUY_rec_2UUY_lig_demo	lightdock_2UUY_rec_2UUY_lig_pose_008	/demo/lightdock/2UUY_rec_vs_2UUY_lig/lightdock_2UUY_rec_2UUY_lig_pose_008.pdb	
LightDock	lrmsd	1.7049821028909276	2UUY_rec	2UUY_lig	lightdock_2UUY_rec_2UUY_lig_demo	lightdock_2UUY_rec_2UUY_lig_pose_009	/demo/lightdock/2UUY_rec_vs_2UUY_lig/lightdock_2UUY_rec_2UUY_lig_pose_009.pdb	
LightDock	lrmsd	2.7787069796394706	2UUY_rec	2UUY_lig	lightdock_2UUY_rec_2UUY_lig_demo	lightdock_2UUY_rec_2UUY_lig_pose_010	/demo/lightdock/2UUY_rec_vs_2UUY_lig/lightdock_2UUY_rec_2UUY_lig_pose_010.pdb	
LightDock	lrmsd	2.7712162013214616	2UUY_rec	2UUY_lig	lightdock_2UUY_rec_2UUY_lig_demo	lightdock_2UUY_rec_2UUY_lig_pose_011	/demo/lightdock/2UUY_rec_vs_2UUY_lig/lightdock_2UUY_rec_2UUY_lig_pose_011.pdb	
LightDock	lrmsd	3.5750907965302425	2UUY_rec	2UUY_lig	lightdock_2UUY_rec_2UUY_lig_demo	lightdock_2UUY_rec_2UUY_lig_pose_012	/demo/lightdock/2UUY_rec_vs_2UUY_lig/lightdock_2UUY_rec_2UUY_lig_pose_012.pdb	
LightDock	lrmsd	4.499736370365442	2UUY_rec	2UUY_lig	lightdock_2UUY_rec_2UUY_lig_demo	lightdock_2UUY_rec_2UUY_lig_pose_013	/demo/lightdock/2UUY_rec_vs_2UUY_lig/lightdock_2UUY_rec_2UUY_lig_pose_013.pdb	
LightDock	lrmsd	1.412195877032386	2UUY_rec	2UUY_lig	lightdock_2UUY_rec_2UUY_lig_demo	lightdock_2UUY_rec_2UUY_lig_pose_014	/demo/lightdock/2UUY_rec_vs_2UUY_lig/lightdock_2UUY_rec_2UUY_lig_pose_014.pdb	
LightDock	lrmsd	2.8124864545206334	2UUY_rec	2UUY_lig	lightdock_2UUY_rec_2UUY_lig_demo	lightdock_2UUY_rec_2UUY_lig_pose_015	/demo/lightdock/2UUY_rec_vs_2UUY_lig/lightdock_2UUY_rec_2UUY_lig_pose_015.pdb	
LightDock	lrmsd	5.22218332148846	2UUY_rec	2UUY_lig	lightdock_2UUY_rec_2UUY_lig_demo	lightdock_2UUY_rec_2UUY_lig_pose_016	/demo/lightdock/2UUY_rec_vs_2UUY_lig/lightdock_2UUY_rec_2UUY_lig_pose_016.pdb	
LightDock	lrmsd	1.884617656781154	2UUY_rec	2UUY_lig	lightdock_2UUY_rec_2UUY_lig_demo	lightdock_2UUY_rec_2UUY_lig_pose_017	/demo/lightdock/2UUY_rec_vs_2UUY_lig/lightdock_2UUY_rec_2UUY_lig_pose_017.pdb	
LightDock	lrmsd	1.7666249740645195	2UUY_rec	2UUY_lig	lightdock_2UUY_rec_2UUY_lig_demo	lightdock_2UUY_rec_2UUY_lig_pose_018	/demo/lightdock/2UUY_rec_vs_2UUY_lig/lightdock_2UUY_rec_2UUY_lig_pose_018.pdb	
LightDock	lrmsd	3.3034592877467905	2UUY_rec	2UUY_lig	lightdock_2UUY_rec_2UUY_lig_demo	lightdock_2UUY_rec_2UUY_lig_pose_019	/demo/lightdock/2UUY_rec_vs_2UUY_lig/lightdock_2UUY_rec_2UUY_lig_pose_019.pdb	
LightDock	lrmsd	4.26657778572798	2UUY_rec	2UUY_lig	lightdock_2UUY_rec_2UUY_lig_demo	lightdock_2UUY_rec_2UUY_lig_pose_020	/demo/lightdock/2UUY_rec_vs_2UUY_lig/lightdock_2UUY_rec_2UUY_lig_pose_020.pdb	
LightDock	lrmsd	3.017139083340989	2UUY_rec	2UUY_lig	lightdock_2UUY_rec_2UUY_lig_demo	lightdock_2UUY_rec_2UUY_lig_pose_021	/demo/lightdock/2UUY_rec_vs_2UUY_lig/lightdock_2UUY_rec_2UUY_lig_pose_021.pdb	
LightDock	lrmsd	4.993440885655484	2UUY_rec	2UUY_lig	lightdock_2UUY_rec_2UUY_lig_demo	lightdock_2UUY_rec_2UUY_lig_pose_022	/demo/lightdock/2UUY_rec_vs_2UUY_lig/lightdock_2UUY_rec_2UUY_lig_pose_022.pdb	
LightDock	lrmsd	4.28519097384979	2UUY_rec	2UUY_lig	lightdock_2UUY_rec_2UUY_lig_demo	lightdock_2UUY_rec_2UUY_lig_pose_023	/demo/lightdock/2UUY_rec_vs_2UUY_lig/lightdock_2UUY_rec_2UUY_lig_pose_023.pdb	
LightDock	lrmsd	4.262730100335093	2UUY_rec	2UUY_lig	lightdock_2UUY_rec_2UUY_lig_demo	lightdock_2UUY_rec_2UUY_lig_pose_024	/demo/lightdock/2UUY_rec_vs_2UUY_lig/lightdock_2UUY_rec_2UUY_lig_pose_024.pdb	
LightDock	lrmsd	3.83117475198614	2UUY_rec	2UUY_lig	lightdock_2UUY_rec_2UUY_lig_demo	lightdock_2UUY_rec_2UUY_lig_pose_025	/demo/lightdock/2UUY_rec_vs_2UUY_lig/lightdock_2UUY_rec_2UUY_lig_pose_025.pdb	
LightDock	lrmsd	6.4914796505191275	2UUY_rec	2UUY_lig	lightdock_2UUY_rec_2UUY_lig_demo	lightdock_2UUY_rec_2UUY_lig_pose_026	/demo/lightdock/2UUY_rec_vs_2UUY_lig/lightdock_2UUY_rec_2UUY_lig_pose_026.pdb	
LightDock	lrmsd	2.6922574667009336	2UUY_rec	2UUY_lig	lightdock_2UUY_rec_2UUY_lig_demo	lightdock_2UUY_rec_2UUY_lig_pose_027	/demo/lightdock/2UUY_rec_vs_2UUY_lig/lightdock_2UUY_rec_2UUY_lig_pose_027.pdb	
LightDock	lrmsd	0.0	2UUY_rec	2UUY_lig	lightdock_2UUY_rec_2UUY_lig_demo	lightdock_2UUY_rec_2UUY_lig_pose_028	/demo/lightdock/2UUY_rec_vs_2UUY_lig/lightdock_2UUY_rec_2UUY_lig_pose_028.pdb	
LightDock	lrmsd	5.406381542275712	2UUY_rec	2UUY_lig	lightdock_2UUY_rec_2UUY_lig_demo	lightdock_2UUY_rec_2UUY_lig_pose_029	/demo/lightdock/2UUY_rec_vs_2UUY_lig/lightdock_2UUY_rec_2UUY_lig_pose_029.pdb	
LightDock	lrmsd	2.3134508535647615	2UUY_rec	2UUY_lig	lightdock_2UUY_rec_2UUY_lig_demo	lightdock_2UUY_rec_2UUY_lig_pose_030	/demo/lightdock/2UUY_rec_vs_2UUY_lig/lightdock_2UUY_rec_2UUY_lig_pose_030.pdb	
LightDock	lrmsd	3.1618206665145494	2UUY_rec	2UUY_lig	lightdock_2UUY_rec_2UUY_lig_demo	lightdock_2UUY_rec_2UUY_lig_pose_031	/demo/lightdock/2UUY_rec_vs_2UUY_lig/lightdock_2UUY_rec_2UUY_lig_pose_031.pdb	
LightDock	lrmsd	4.96432602729079	2UUY_rec	2UUY_lig	lightdock_2UUY_rec_2UUY_lig_demo	lightdock_2UUY_rec_2UUY_lig_pose_032	/demo/lightdock/2UUY_rec_vs_2UUY_lig/lightdock_2UUY_rec_2UUY_lig_pose_032.pdb	
LightDock	lrmsd	0.5966106884116122	2UUY_rec	2UUY_lig	lightdock_2UUY_rec_2UUY_lig_demo	lightdock_2UUY_rec_2UUY_lig_pose_033	/demo/lightdock/2UUY_rec_vs_2UUY_lig/lightdock_2UUY_rec_2UUY_lig_pose_033.pdb	
LightDock	lrmsd	1.1225291788407907	2UUY_rec	2UUY_lig	lightdock_2UUY_rec_2UUY_lig_demo	lightdock_2UUY_rec_2UUY_lig_pose_034	/demo/lightdock/2UUY_rec_vs_2UUY_lig/lightdock_2UUY_rec_2UUY_lig_pose_034.pdb	
LightDock	lrmsd	0.5980830943217192	2UUY_rec	2UUY_lig	lightdock_2UUY_rec_2UUY_lig_demo	lightdock_2UUY_rec_2UUY_lig_pose_035	/demo/lightdock/2UUY_rec_vs_2UUY_lig/lightdock_2UUY_rec_2UUY_lig_pose_035.pdb	
LightDock	lrmsd	1.8087955649618643	2UUY_rec	2UUY_lig	lightdock_2UUY_rec_2UUY_lig_demo	lightdock_2UUY_rec_2UUY_lig_pose_036	/demo/lightdock/2UUY_rec_vs_2UUY_lig/lightdock_2UUY_rec_2UUY_lig_pose_036.pdb	
LightDock	lrmsd	3.65945490902549	2UUY_rec	2UUY_lig	lightdock_2UUY_rec_2UUY_lig_demo	lightdock_2UUY_rec_2UUY_lig_pose_037	/demo/lightdock/2UUY_rec_vs_2UUY_lig/lightdock_2UUY_rec_2UUY_lig_pose_037.pdb	
LightDock	lrmsd	3.786281764219156	2UUY_rec	2UUY_lig	lightdock_2UUY_rec_2UUY_lig_demo	lightdock_2UUY_rec_2UUY_lig_pose_038	/demo/lightdock/2UUY_rec_vs_2UUY_lig/lightdock_2UUY_rec_2UUY_lig_pose_038.pdb	
LightDock	lrmsd	3.4144112689928305	2UUY_rec	2UUY_lig	lightdock_2UUY_rec_2UUY_lig_demo	lightdock_2UUY_rec_2UUY_lig_pose_039	/demo/lightdock/2UUY_rec_vs_2UUY_lig/lightdock_2UUY_rec_2UUY_lig_pose_039.pdb	
LightDock	lrmsd	0.8808511741614504	2UUY_rec	2UUY_lig	lightdock_2UUY_rec_2UUY_lig_demo	lightdock_2UUY_rec_2UUY_lig_pose_040	/demo/lightdock/2UUY_rec_vs_2UUY_lig/lightdock_2UUY_rec_2UUY_lig_pose_040.pdb	
LightDock	lrmsd	0.0	2UUY_rec	2UUY_lig	lightdock_2UUY_rec_2UUY_lig_demo	lightdock_2UUY_rec_2UUY_lig_pose_041	/demo/lightdock/2UUY_rec_vs_2UUY_lig/lightdock_2UUY_rec_2UUY_lig_pose_041.pdb	
LightDock	lrmsd	3.0815303780855734	2UUY_rec	2UUY_lig	lightdock_2UUY_rec_2UUY_lig_demo	lightdock_2UUY_rec_2UUY_lig_pose_042	/demo/lightdock/2UUY_rec_vs_2UUY_lig/lightdock_2UUY_rec_2UUY_lig_pose_042.pdb	
LightDock	lrmsd	2.2923359495424966	2UUY_rec	2UUY_lig	lightdock_2UUY_rec_2UUY_lig_demo	lightdock_2UUY_rec_2UUY_lig_pose_043	/demo/lightdock/2UUY_rec_vs_2UUY_lig/lightdock_2UUY_rec_2UUY_lig_pose_043.pdb	
LightDock	lrmsd	3.6890786575749175	2UUY_rec	2UUY_lig	lightdock_2UUY_rec_2UUY_lig_demo	lightdock_2UUY_rec_2UUY_lig_pose_044	/demo/lightdock/2UUY_rec_vs_2UUY_lig/lightdock_2UUY_rec_2UUY_lig_pose_044.pdb	
LightDock	lrmsd	4.052930439331905	2UUY_rec	2UUY_lig	lightdock_2UUY_rec_2UUY_lig_demo	lightdock_2UUY_rec_2UUY_lig_pose_045	/demo/lightdock/2UUY_rec_vs_2UUY_lig/lightdock_2UUY_rec_2UUY_lig_pose_045.pdb	
LightDock	lrmsd	3.207362148088023	2UUY_rec	2UUY_lig	lightdock_2UUY_rec_2UUY_lig_demo	lightdock_2UUY_rec_2UUY_lig_pose_046	/demo/lightdock/2UUY_rec_vs_2UUY_lig/lightdock_2UUY_rec_2UUY_lig_pose_046.pdb	
LightDock	lrmsd	4.1401996280637805	2UUY_rec	2UUY_lig	lightdock_2UUY_rec_2UUY_lig_demo	lightdock_2UUY_rec_2UUY_lig_pose_047	/demo/lightdock/2UUY_rec_vs_2UUY_lig/lightdock_2UUY_rec_2UUY_lig_pose_047.pdb	
LightDock	lrmsd	3.3438170611726026	2UUY_rec	2UUY_lig	lightdock_2UUY_rec_2UUY_lig_demo	lightdock_2UUY_rec_2UUY_lig_pose_048	/demo/lightdock/2UUY_rec_vs_2UUY_lig/lightdock_2UUY_rec_2UUY_lig_pose_048.pdb	
LightDock	lrmsd	3.7950970584022	2UUY_rec	2UUY_lig	lightdock_2UUY_rec_2UUY_lig_demo	lightdock_2UUY_rec_2UUY_lig_pose_049	/demo/lightdock/2UUY_rec_vs_2UUY_lig/lightdock_2UUY_rec_2UUY_lig_pose_049.pdb	
LightDock	lrmsd	1.9429901056951764	2UUY_rec	2UUY_lig	lightdock_2UUY_rec_2UUY_lig_demo	lightdock_2UUY_rec_2UUY_lig_pose_050	/demo/lightdock/2UUY_rec_vs_2UUY_lig/lightdock_2UUY_rec_2UUY_lig_pose_050.pdb	
Rosetta	dockq	0.8138349727551687	2UUY_rec	2UUY_lig	rosetta_2UUY_rec_2UUY_lig_demo	rosetta_2UUY_rec_2UUY_lig_pose_001	/demo/rosetta/2UUY_rec_vs_2UUY_lig/rosetta_2UUY_rec_2UUY_lig_pose_001.pdb	
Rosetta	dockq	0.8477098486991261	2UUY_rec	2UUY_lig	rosetta_2UUY_rec_2UUY_lig_demo	rosetta_2UUY_rec_2UUY_lig_pose_002	/demo/rosetta/2UUY_rec_vs_2UUY_lig/rosetta_2UUY_rec_2UUY_lig_pose_002.pdb	
Rosetta	dockq	0.9038475627875676	2UUY_rec	2UUY_lig	rosetta_2UUY_rec_2UUY_lig_demo	rosetta_2UUY_rec_2UUY_lig_pose_003	/demo/rosetta/2UUY_rec_vs_2UUY_lig/rosetta_2UUY_rec_2UUY_lig_pose_003.pdb	
Rosetta	dockq	0.7945632944997885	2UUY_rec	2UUY_lig	rosetta_2UUY_rec_2UUY_lig_demo	rosetta_2UUY_rec_2UUY_lig_pose_004	/demo/rosetta/2UUY_rec_vs_2UUY_lig/rosetta_2UUY_rec_2UUY_lig_pose_004.pdb	
Rosetta	dockq	0.8769050530158901	2UUY_rec	2UUY_lig	rosetta_2UUY_rec_2UUY_lig_demo	rosetta_2UUY_rec_2UUY_lig_pose_005	/demo/rosetta/2UUY_rec_vs_2UUY_lig/rosetta_2UUY_rec_2UUY_lig_pose_005.pdb	
Rosetta	dockq	0.8060745087276159	2UUY_rec	2UUY_lig	rosetta_2UUY_rec_2UUY_lig_demo	rosetta_2UUY_rec_2UUY_lig_pose_006	/demo/rosetta/2UUY_rec_vs_2UUY_lig/rosetta_2UUY_rec_2UUY_lig_pose_006.pdb	
Rosetta	dockq	0.8194212049404682	2UUY_rec	2UUY_lig	rosetta_2UUY_rec_2UUY_lig_demo	rosetta_2UUY_rec_2UUY_lig_pose_007	/demo/rosetta/2UUY_rec_vs_2UUY_lig/rosetta_2UUY_rec_2UUY_lig_pose_007.pdb	
Rosetta	dockq	0.9046567137821665	2UUY_rec	2UUY_lig	rosetta_2UUY_rec_2UUY_lig_demo	rosetta_2UUY_rec_2UUY_lig_pose_008	/demo/rosetta/2UUY_rec_vs_2UUY_lig/rosetta_2UUY_rec_2UUY_lig_pose_008.pdb	
Rosetta	dockq	0.6506245666051259	2UUY_rec	2UUY_lig	rosetta_2UUY_rec_2UUY_lig_demo	rosetta_2UUY_rec_2UUY_lig_pose_009	/demo/rosetta/2UUY_rec_vs_2UUY_lig/rosetta_2UUY_rec_2UUY_lig_pose_009.pdb	
Rosetta	dockq	0.7133174904732715	2UUY_rec	2UUY_lig	rosetta_2UUY_rec_2UUY_lig_demo	rosetta_2UUY_rec_2UUY_lig_pose_010	/demo/rosetta/2UUY_rec_vs_2UUY_lig/rosetta_2UUY_rec_2UUY_lig_pose_010.pdb	
Rosetta	dockq	0.6966033142301461	2UUY_rec	2UUY_lig	rosetta_2UUY_rec_2UUY_lig_demo	rosetta_2UUY_rec_2UUY_lig_pose_011	/demo/rosetta/2UUY_rec_vs_2UUY_lig/rosetta_2UUY_rec_2UUY_lig_pose_011.pdb	
Rosetta	dockq	0.6199745492136526	2UUY_rec	2UUY_lig	rosetta_2UUY_rec_2UUY_lig_demo	rosetta_2UUY_rec_2UUY_lig_pose_012	/demo/rosetta/2UUY_rec_vs_2UUY_lig/rosetta_2UUY_rec_2UUY_lig_pose_012.pdb	
Rosetta	dockq	0.7689562003860341	2UUY_rec	2UUY_lig	rosetta_2UUY_rec_2UUY_lig_demo	rosetta_2UUY_rec_2UUY_lig_pose_013	/demo/rosetta/2UUY_rec_vs_2UUY_lig/rosetta_2UUY_rec_2UUY_lig_pose_013.pdb	
Rosetta	dockq	0.8974490509754967	2UUY_rec	2UUY_lig	rosetta_2UUY_rec_2UUY_lig_demo	rosetta_2UUY_rec_2UUY_lig_pose_014	/demo/rosetta/2UUY_rec_vs_2UUY_lig/rosetta_2UUY_rec_2UUY_lig_pose_014.pdb	
Rosetta	dockq	0.8043604340255682	2UUY_rec	2UUY_lig	rosetta_2UUY_rec_2UUY_lig_demo	rosetta_2UUY_rec_2UUY_lig_pose_015	/demo/rosetta/2UUY_rec_vs_2UUY_lig/rosetta_2UUY_rec_2UUY_lig_pose_015.pdb	
Rosetta	dockq	0.8478011073747667	2UUY_rec	2UUY_lig	rosetta_2UUY_rec_2UUY_lig_demo	rosetta_2UUY_rec_2UUY_lig_pose_016	/demo/rosetta/2UUY_rec_vs_2UUY_lig/rosetta_2UUY_rec_2UUY_lig_pose_016.pdb	
Rosetta	dockq	0.9280295747039713	2UUY_rec	2UUY_lig	rosetta_2UUY_rec_2UUY_lig_demo	rosetta_2UUY_rec_2UUY_lig_pose_017	/demo/rosetta/2UUY_rec_vs_2UUY_lig/rosetta_2UUY_rec_2UUY_lig_pose_017.pdb	
Rosetta	dockq	0.9494917519040922	2UUY_rec	2UUY_lig	rosetta_2UUY_rec_2UUY_lig_demo	rosetta_2UUY_rec_2UUY_lig_pose_018	/demo/rosetta/2UUY_rec_vs_2UUY_lig/rosetta_2UUY_rec_2UUY_lig_pose_018.pdb	
Rosetta	dockq	0.8237775858746474	2UUY_rec	2UUY_lig	rosetta_2UUY_rec_2UUY_lig_demo	rosetta_2UUY_rec_2UUY_lig_pose_019	/demo/rosetta/2UUY_rec_vs_2UUY_lig/rosetta_2UUY_rec_2UUY_lig_pose_019.pdb	
Rosetta	dockq	0.9518227300612457	2UUY_rec	2UUY_lig	rosetta_2UUY_rec_2UUY_lig_demo	rosetta_2UUY_rec_2UUY_lig_pose_020	/demo/rosetta/2UUY_rec_vs_2UUY_lig/rosetta_2UUY_rec_2UUY_lig_pose_020.pdb	
Rosetta	dockq	0.8382913992590698	2UUY_rec	2UUY_lig	rosetta_2UUY_rec_2UUY_lig_demo	rosetta_2UUY_rec_2UUY_lig_pose_021	/demo/rosetta/2UUY_rec_vs_2UUY_lig/rosetta_2UUY_rec_2UUY_lig_pose_021.pdb	
Rosetta	dockq	0.7546341598555284	2UUY_rec	2UUY_lig	rosetta_2UUY_rec_2UUY_lig_demo	rosetta_2UUY_rec_2UUY_lig_pose_022	/demo/rosetta/2UUY_rec_vs_2UUY_lig/rosetta_2UUY_rec_2UUY_lig_pose_022.pdb	
Rosetta	dockq	0.7765039683021138	2UUY_rec	2UUY_lig	rosetta_2UUY_rec_2UUY_lig_demo	rosetta_2UUY_rec_2UUY_lig_pose_023	/demo/rosetta/2UUY_rec_vs_2UUY_lig/rosetta_2UUY_rec_2UUY_lig_pose_023.pdb	
Rosetta	dockq	0.6967517138691485	2UUY_rec	2UUY_lig	rosetta_2UUY_rec_2UUY_lig_demo	rosetta_2UUY_rec_2UUY_lig_pose_024	/demo/rosetta/2UUY_rec_vs_2UUY_lig/rosetta_2UUY_rec_2UUY_lig_pose_024.pdb	
Rosetta	dockq	0.7500679531639712	2UUY_rec	2UUY_lig	rosetta_2UUY_rec_2UUY_lig_demo	rosetta_2UUY_rec_2UUY_lig_pose_025	/demo/rosetta/2UUY_rec_vs_2UUY_lig/rosetta_2UUY_rec_2UUY_lig_pose_025.pdb	
Rosetta	dockq	0.7977784980733014	2UUY_rec	2UUY_lig	rosetta_2UUY_rec_2UUY_lig_demo	rosetta_2UUY_rec_2UUY_lig_pose_026	/demo/rosetta/2UUY_rec_vs_2UUY_lig/rosetta_2UUY_rec_2UUY_lig_pose_026.pdb	
Rosetta	dockq	0.9023226517440741	2UUY_rec	2UUY_lig	rosetta_2UUY_rec_2UUY_lig_demo	rosetta_2UUY_rec_2UUY_lig_pose_027	/demo/rosetta/2UUY_rec_vs_2UUY_lig/rosetta_2UUY_rec_2UUY_lig_pose_027.pdb	
Rosetta	dockq	0.9848692848049385	2UUY_rec	2UUY_lig	rosetta_2UUY_rec_2UUY_lig_demo	rosetta_2UUY_rec_2UUY_lig_pose_028	/demo/rosetta/2UUY_rec_vs_2UUY_lig/rosetta_2UUY_rec_2UUY_lig_pose_028.pdb	
Rosetta	dockq	0.7056036636160663	2UUY_rec	2UUY_lig	rosetta_2UUY_rec_2UUY_lig_demo	rosetta_2UUY_rec_2UUY_lig_pose_029	/demo/rosetta/2UUY_rec_vs_2UUY_lig/rosetta_2UUY_rec_2UUY_lig_pose_029.pdb	
Rosetta	dockq	0.8653544721433927	2UUY_rec	2UUY_lig	rosetta_2UUY_rec_2UUY_lig_demo	rosetta_2UUY_rec_2UUY_lig_pose_030	/demo/rosetta/2UUY_rec_vs_2UUY_lig/rosetta_2UUY_rec_2UUY_lig_pose_030.pdb	
Rosetta	dockq	0.7363510454758219	2UUY_rec	2UUY_lig	rosetta_2UUY_rec_2UUY_lig_demo	rosetta_2UUY_rec_2UUY_lig_pose_031	/demo/rosetta/2UUY_rec_vs_2UUY_lig/rosetta_2UUY_rec_2UUY_lig_pose_031.pdb	
Rosetta	dockq	0.8727227379616881	2UUY_rec	2UUY_lig	rosetta_2UUY_rec_2UUY_lig_demo	rosetta_2UUY_rec_2UUY_lig_pose_032	/demo/rosetta/2UUY_rec_vs_2UUY_lig/rosetta_2UUY_rec_2UUY_lig_pose_032.pdb	
Rosetta	dockq	0.8182022014381045	2UUY_rec	2UUY_lig	rosetta_2UUY_rec_2UUY_lig_demo	rosetta_2UUY_rec_2UUY_lig_pose_033	/demo/rosetta/2UUY_rec_vs_2UUY_lig/rosetta_2UUY_rec_2UUY_lig_pose_033.pdb	
Rosetta	dockq	0.6652184756737223	2UUY_rec	2UUY_lig	rosetta_2UUY_rec_2UUY_lig_demo	rosetta_2UUY_rec_2UUY_lig_pose_034	/demo/rosetta/2UUY_rec_vs_2UUY_lig/rosetta_2UUY_rec_2UUY_lig_pose_034.pdb	
Rosetta	dockq	0.9135467292411635	2UUY_rec	2UUY_lig	rosetta_2UUY_rec_2UUY_lig_demo	rosetta_2UUY_rec_2UUY_lig_pose_035	/demo/rosetta/2UUY_rec_vs_2UUY_lig/rosetta_2UUY_rec_2UUY_lig_pose_035.pdb	
Rosetta	dockq	0.7755499358472142	2UUY_rec	2UUY_lig	rosetta_2UUY_rec_2UUY_lig_demo	rosetta_2UUY_rec_2UUY_lig_pose_036	/demo/rosetta/2UUY_rec_vs_2UUY_lig/rosetta_2UUY_rec_2UUY_lig_pose_036.pdb	
Rosetta	dockq	0.78194897854638	2UUY_rec	2UUY_lig	rosetta_2UUY_rec_2UUY_lig_demo	rosetta_2UUY_rec_2UUY_lig_pose_037	/demo/rosetta/2UUY_rec_vs_2UUY_lig/rosetta_2UUY_rec_2UUY_lig_pose_037.pdb	
Rosetta	dockq	0.7337222829839278	2UUY_rec	2UUY_lig	rosetta_2UUY_rec_2UUY_lig_demo	rosetta_2UUY_rec_2UUY_lig_pose_038	/demo/rosetta/2UUY_rec_vs_2UUY_lig/rosetta_2UUY_rec_2UUY_lig_pose_038.pdb	
Rosetta	dockq	0.77111450509812	2UUY_rec	2UUY_lig	rosetta_2UUY_rec_2UUY_lig_demo	rosetta_2UUY_rec_2UUY_lig_pose_039	/demo/rosetta/2UUY_rec_vs_2UUY_lig/rosetta_2UUY_rec_2UUY_lig_pose_039.pdb	
Rosetta	dockq	0.8685101396625425	2UUY_rec	2UUY_lig	rosetta_2UUY_rec_2UUY_lig_demo	rosetta_2UUY_rec_2UUY_lig_pose_040	/demo/rosetta/2UUY_rec_vs_2UUY_lig/rosetta_2UUY_rec_2UUY_lig_pose_040.pdb	
Rosetta	dockq	0.8129680093157234	2UUY_rec	2UUY_lig	rosetta_2UUY_rec_2UUY_lig_demo	rosetta_2UUY_rec_2UUY_lig_pose_041	/demo/rosetta/2UUY_rec_vs_2UUY_lig/rosetta_2UUY_rec_2UUY_lig_pose_041.pdb	
Rosetta	dockq	0.8595795802054232	2UUY_rec	2UUY_lig	rosetta_2UUY_rec_2UUY_lig_demo	rosetta_2UUY_rec_2UUY_lig_pose_042	/demo/rosetta/2UUY_rec_vs_2UUY_lig/rosetta_2UUY_rec_2UUY_lig_pose_042.pdb	
Rosetta	dockq	0.8625729668535959	2UUY_rec	2UUY_lig	rosetta_2UUY_rec_2UUY_lig_demo	rosetta_2UUY_rec_2UUY_lig_pose_043	/demo/rosetta/2UUY_rec_vs_2UUY_lig/rosetta_2UUY_rec_2UUY_lig_pose_043.pdb	
Rosetta	dockq	0.948859548997535	2UUY_rec	2UUY_lig	rosetta_2UUY_rec_2UUY_lig_demo	rosetta_2UUY_rec_2UUY_lig_pose_044	/demo/rosetta/2UUY_rec_vs_2UUY_lig/rosetta_2UUY_rec_2UUY_lig_pose_044.pdb	
Rosetta	dockq	0.7991492464222059	2UUY_rec	2UUY_lig	rosetta_2UUY_rec_2UUY_lig_demo	rosetta_2UUY_rec_2UUY_lig_pose_045	/demo/rosetta/2UUY_rec_vs_2UUY_lig/rosetta_2UUY_rec_2UUY_lig_pose_045.pdb	
Rosetta	dockq	0.6970827964838842	2UUY_rec	2UUY_lig	rosetta_2UUY_rec_2UUY_lig_demo	rosetta_2UUY_rec_2UUY_lig_pose_046	/demo/rosetta/2UUY_rec_vs_2UUY_lig/rosetta_2UUY_rec_2UUY_lig_pose_046.pdb	
Rosetta	dockq	0.9260500174914784	2UUY_rec	2UUY_lig	rosetta_2UUY_rec_2UUY_lig_demo	rosetta_2UUY_rec_2UUY_lig_pose_047	/demo/rosetta/2UUY_rec_vs_2UUY_lig/rosetta_2UUY_rec_2UUY_lig_pose_047.pdb	
Rosetta	dockq	0.800166064511247	2UUY_rec	2UUY_lig	rosetta_2UUY_rec_2UUY_lig_demo	rosetta_2UUY_rec_2UUY_lig_pose_048	/demo/rosetta/2UUY_rec_vs_2UUY_lig/rosetta_2UUY_rec_2UUY_lig_pose_048.pdb	
Rosetta	dockq	0.9303133200119639	2UUY_rec	2UUY_lig	rosetta_2UUY_rec_2UUY_lig_demo	rosetta_2UUY_rec_2UUY_lig_pose_049	/demo/rosetta/2UUY_rec_vs_2UUY_lig/rosetta_2UUY_rec_2UUY_lig_pose_049.pdb	
Rosetta	dockq	0.8645039401864223	2UUY_rec	2UUY_lig	rosetta_2UUY_rec_2UUY_lig_demo	rosetta_2UUY_rec_2UUY_lig_pose_050	/demo/rosetta/2UUY_rec_vs_2UUY_lig/rosetta_2UUY_rec_2UUY_lig_pose_050.pdb	
Rosetta	fnat	0.7368862469796655	2UUY_rec	2UUY_lig	rosetta_2UUY_rec_2UUY_lig_demo	rosetta_2UUY_rec_2UUY_lig_pose_001	/demo/rosetta/2UUY_rec_vs_2UUY_lig/rosetta_2UUY_rec_2UUY_lig_pose_001.pdb	
Rosetta	fnat	0.7848775894046295	2UUY_rec	2UUY_lig	rosetta_2UUY_rec_2UUY_lig_demo	rosetta_2UUY_rec_2UUY_lig_pose_002	/demo/rosetta/2UUY_rec_vs_2UUY_lig/rosetta_2UUY_rec_2UUY_lig_pose_002.pdb	
Rosetta	fnat	0.94510125601263	2UUY_rec	2UUY_lig	rosetta_2UUY_rec_2UUY_lig_demo	rosetta_2UUY_rec_2UUY_lig_pose_003	/demo/rosetta/2UUY_rec_vs_2UUY_lig/rosetta_2UUY_rec_2UUY_lig_pose_003.pdb	
Rosetta	fnat	0.9576980529053754	2UUY_rec	2UUY_lig	rosetta_2UUY_rec_2UUY_lig_demo	rosetta_2UUY_rec_2UUY_lig_pose_004	/demo/rosetta/2UUY_rec_vs_2UUY_lig/rosetta_2UUY_rec_2UUY_lig_pose_004.pdb	
Rosetta	fnat	0.7569381135132779	2UUY_rec	2UUY_lig	rosetta_2UUY_rec_2UUY_lig_demo	rosetta_2UUY_rec_2UUY_lig_pose_005	/demo/rosetta/2UUY_rec_vs_2UUY_lig/rosetta_2UUY_rec_2UUY_lig_pose_005.pdb	
Rosetta	fnat	0.7660190593317076	2UUY_rec	2UUY_lig	rosetta_2UUY_rec_2UUY_lig_demo	rosetta_2UUY_rec_2UUY_lig_pose_006	/demo/rosetta/2UUY_rec_vs_2UUY_lig/rosetta_2UUY_rec_2UUY_lig_pose_006.pdb	
Rosetta	fnat	0.8576240157466386	2UUY_rec	2UUY_lig	rosetta_2UUY_rec_2UUY_lig_demo	rosetta_2UUY_rec_2UUY_lig_pose_007	/demo/rosetta/2UUY_rec_vs_2UUY_lig/rosetta_2UUY_rec_2UUY_lig_pose_007.pdb	
Rosetta	fnat	0.6654338967232653	2UUY_rec	2UUY_lig	rosetta_2UUY_rec_2UUY_lig_demo	rosetta_2UUY_rec_2UUY_lig_pose_008	/demo/rosetta/2UUY_rec_vs_2UUY_lig/rosetta_2UUY_rec_2UUY_lig_pose_008.pdb	
Rosetta	fnat	0.7833070372618255	2UUY_rec	2UUY_lig	rosetta_2UUY_rec_2UUY_lig_demo	rosetta_2UUY_rec_2UUY_lig_pose_009	/demo/rosetta/2UUY_rec_vs_2UUY_lig/rosetta_2UUY_rec_2UUY_lig_pose_009.pdb	
Rosetta	fnat	0.7474137152046143	2UUY_rec	2UUY_lig	rosetta_2UUY_rec_2UUY_lig_demo	rosetta_2UUY_rec_2UUY_lig_pose_010	/demo/rosetta/2UUY_rec_vs_2UUY_lig/rosetta_2UUY_rec_2UUY_lig_pose_010.pdb	
Rosetta	fnat	0.7813908211457553	2UUY_rec	2UUY_lig	rosetta_2UUY_rec_2UUY_lig_demo	rosetta_2UUY_rec_2UUY_lig_pose_011	/demo/rosetta/2UUY_rec_vs_2UUY_lig/rosetta_2UUY_rec_2UUY_lig_pose_011.pdb	
Rosetta	fnat	0.6666631194050594	2UUY_rec	2UUY_lig	rosetta_2UUY_rec_2UUY_lig_demo	rosetta_2UUY_rec_2UUY_lig_pose_012	/demo/rosetta/2UUY_rec_vs_2UUY_lig/rosetta_2UUY_rec_2UUY_lig_pose_012.pdb	
Rosetta	fnat	0.5910432506691031	2UUY_rec	2UUY_lig	rosetta_2UUY_rec_2UUY_lig_demo	rosetta_2UUY_rec_2UUY_lig_pose_013	/demo/rosetta/2UUY_rec_vs_2UUY_lig/rosetta_2UUY_rec_2UUY_lig_pose_013.pdb	
Rosetta	fnat	0.5427016564008709	2UUY_rec	2UUY_lig	rosetta_2UUY_rec_2UUY_lig_demo	rosetta_2UUY_rec_2UUY_lig_pose_014	/demo/rosetta/2UUY_rec_vs_2UUY_lig/rosetta_2UUY_rec_2UUY_lig_pose_014.pdb	
Rosetta	fnat	0.6382615887010392	2UUY_rec	2UUY_lig	rosetta_2UUY_rec_2UUY_lig_demo	rosetta_2UUY_rec_2UUY_lig_pose_015	/demo/rosetta/2UUY_rec_vs_2UUY_lig/rosetta_2UUY_rec_2UUY_lig_pose_015.pdb	
Rosetta	fnat	0.7041324715060667	2UUY_rec	2UUY_lig	rosetta_2UUY_rec_2UUY_lig_demo	rosetta_2UUY_rec_2UUY_lig_pose_016	/demo/rosetta/2UUY_rec_vs_2UUY_lig/rosetta_2UUY_rec_2UUY_lig_pose_016.pdb	
Rosetta	fnat	0.7206808413351238	2UUY_rec	2UUY_lig	rosetta_2UUY_rec_2UUY_lig_demo	rosetta_2UUY_rec_2UUY_lig_pose_017	/demo/rosetta/2UUY_rec_vs_2UUY_lig/rosetta_2UUY_rec_2UUY_lig_pose_017.pdb	
Rosetta	fnat	0.9437231162429517	2UUY_rec	2UUY_lig	rosetta_2UUY_rec_2UUY_lig_demo	rosetta_2UUY_rec_2UUY_lig_pose_018	/demo/rosetta/2UUY_rec_vs_2UUY_lig/rosetta_2UUY_rec_2UUY_lig_pose_018.pdb	
Rosetta	fnat	0.8605993369907299	2UUY_rec	2UUY_lig	rosetta_2UUY_rec_2UUY_lig_demo	rosetta_2UUY_rec_2UUY_lig_pose_019	/demo/rosetta/2UUY_rec_vs_2UUY_lig/rosetta_2UUY_rec_2UUY_lig_pose_019.pdb	
Rosetta	fnat	0.6537908883658372	2UUY_rec	2UUY_lig	rosetta_2UUY_rec_2UUY_lig_demo	rosetta_2UUY_rec_2UUY_lig_pose_020	/demo/rosetta/2UUY_rec_vs_2UUY_lig/rosetta_2UUY_rec_2UUY_lig_pose_020.pdb	
Rosetta	fnat	0.7847708452450957	2UUY_rec	2UUY_lig	rosetta_2UUY_rec_2UUY_lig_demo	rosetta_2UUY_rec_2UUY_lig_pose_021	/demo/rosetta/2UUY_rec_vs_2UUY_lig/rosetta_2UUY_rec_2UUY_lig_pose_021.pdb	
Rosetta	fnat	0.7092921763649674	2UUY_rec	2UUY_lig	rosetta_2UUY_rec_2UUY_lig_demo	rosetta_2UUY_rec_2UUY_lig_pose_022	/demo/rosetta/2UUY_rec_vs_2UUY_lig/rosetta_2UUY_rec_2UUY_lig_pose_022.pdb	
Rosetta	fnat	0.7215636161959905	2UUY_rec	2UUY_lig	rosetta_2UUY_rec_2UUY_lig_demo	rosetta_2UUY_rec_2UUY_lig_pose_023	/demo/rosetta/2UUY_rec_vs_2UUY_lig/rosetta_2UUY_rec_2UUY_lig_pose_023.pdb	
Rosetta	fnat	0.7685325649415382	2UUY_rec	2UUY_lig	rosetta_2UUY_rec_2UUY_lig_demo	rosetta_2UUY_rec_2UUY_lig_pose_024	/demo/rosetta/2UUY_rec_vs_2UUY_lig/rosetta_2UUY_rec_2UUY_lig_pose_024.pdb	
Rosetta	fnat	0.8119171116975393	2UUY_rec	2UUY_lig	rosetta_2UUY_rec_2UUY_lig_demo	rosetta_2UUY_rec_2UUY_lig_pose_025	/demo/rosetta/2UUY_rec_vs_2UUY_lig/rosetta_2UUY_rec_2UUY_lig_pose_025.pdb	
Rosetta	fnat	0.7160741516115985	2UUY_rec	2UUY_lig	rosetta_2UUY_rec_2UUY_lig_demo	rosetta_2UUY_rec_2UUY_lig_pose_026	/demo/rosetta/2UUY_rec_vs_2UUY_lig/rosetta_2UUY_rec_2UUY_lig_pose_026.pdb	
Rosetta	fnat	0.8563851532734359	2UUY_rec	2UUY_lig	rosetta_2UUY_rec_2UUY_lig_demo	rosetta_2UUY_rec_2UUY_lig_pose_027	/demo/rosetta/2UUY_rec_vs_2UUY_lig/rosetta_2UUY_rec_2UUY_lig_pose_027.pdb	
Rosetta	fnat	0.6358061773857596	2UUY_rec	2UUY_lig	rosetta_2UUY_rec_2UUY_lig_demo	rosetta_2UUY_rec_2UUY_lig_pose_028	/demo/rosetta/2UUY_rec_vs_2UUY_lig/rosetta_2UUY_rec_2UUY_lig_pose_028.pdb	
Rosetta	fnat	0.7506339062362268	2UUY_rec	2UUY_lig	rosetta_2UUY_rec_2UUY_lig_demo	rosetta_2UUY_rec_2UUY_lig_pose_029	/demo/rosetta/2UUY_rec_vs_2UUY_lig/rosetta_2UUY_rec_2UUY_lig_pose_029.pdb	
Rosetta	fnat	1.0	2UUY_rec	2UUY_lig	rosetta_2UUY_rec_2UUY_lig_demo	rosetta_2UUY_rec_2UUY_lig_pose_030	/demo/rosetta/2UUY_rec_vs_2UUY_lig/rosetta_2UUY_rec_2UUY_lig_pose_030.pdb	
Rosetta	fnat	0.7723079742625275	2UUY_rec	2UUY_lig	rosetta_2UUY_rec_2UUY_lig_demo	rosetta_2UUY_rec_2UUY_lig_pose_031	/demo/rosetta/2UUY_rec_vs_2UUY_lig/rosetta_2UUY_rec_2UUY_lig_pose_031.pdb	
Rosetta	fnat	0.8933214506606173	2UUY_rec	2UUY_lig	rosetta_2UUY_rec_2UUY_lig_demo	rosetta_2UUY_rec_2UUY_lig_pose_032	/demo/rosetta/2UUY_rec_vs_2UUY_lig/rosetta_2UUY_rec_2UUY_lig_pose_032.pdb	
Rosetta	fnat	0.7591520178173208	2UUY_rec	2UUY_lig	rosetta_2UUY_rec_2UUY_lig_demo	rosetta_2UUY_rec_2UUY_lig_pose_033	/demo/rosetta/2UUY_rec_vs_2UUY_lig/rosetta_2UUY_rec_2UUY_lig_pose_033.pdb	
Rosetta	fnat	0.8080777095329796	2UUY_rec	2UUY_lig	rosetta_2UUY_rec_2UUY_lig_demo	rosetta_2UUY_rec_2UUY_lig_pose_034	/demo/rosetta/2UUY_rec_vs_2UUY_lig/rosetta_2UUY_rec_2UUY_lig_pose_034.pdb	
Rosetta	fnat	0.7443216805607309	2UUY_rec	2UUY_lig	rosetta_2UUY_rec_2UUY_lig_demo	rosetta_2UUY_rec_2UUY_lig_pose_035	/demo/rosetta/2UUY_rec_vs_2UUY_lig/rosetta_2UUY_rec_2UUY_lig_pose_035.pdb	
Rosetta	fnat	0.7329592418835795	2UUY_rec	2UUY_lig	rosetta_2UUY_rec_2UUY_lig_demo	rosetta_2UUY_rec_2UUY_lig_pose_036	/demo/rosetta/2UUY_rec_vs_2UUY_lig/rosetta_2UUY_rec_2UUY_lig_pose_036.pdb	
Rosetta	fnat	0.6720517603274581	2UUY_rec	2UUY_lig	rosetta_2UUY_rec_2UUY_lig_demo	rosetta_2UUY_rec_2UUY_lig_pose_037	/demo/rosetta/2UUY_rec_vs_2UUY_lig/rosetta_2UUY_rec_2UUY_lig_pose_037.pdb	
Rosetta	fnat	0.7930301358957553	2UUY_rec	2UUY_lig	rosetta_2UUY_rec_2UUY_lig_demo	rosetta_2UUY_rec_2UUY_lig_pose_038	/demo/rosetta/2UUY_rec_vs_2UUY_lig/rosetta_2UUY_rec_2UUY_lig_pose_038.pdb	
Rosetta	fnat	0.6648462810814232	2UUY_rec	2UUY_lig	rosetta_2UUY_rec_2UUY_lig_demo	rosetta_2UUY_rec_2UUY_lig_pose_039	/demo/rosetta/2UUY_rec_vs_2UUY_lig/rosetta_2UUY_rec_2UUY_lig_pose_039.pdb	
Rosetta	fnat	0.816558523631343	2UUY_rec	2UUY_lig	rosetta_2UUY_rec_2UUY_lig_demo	rosetta_2UUY_rec_2UUY_lig_pose_040	/demo/rosetta/2UUY_rec_vs_2UUY_lig/rosetta_2UUY_rec_2UUY_lig_pose_040.pdb	
Rosetta	fnat	0.858528700444591	2UUY_rec	2UUY_lig	rosetta_2UUY_rec_2UUY_lig_demo	rosetta_2UUY_rec_2UUY_lig_pose_041	/demo/rosetta/2UUY_rec_vs_2UUY_lig/rosetta_2UUY_rec_2UUY_lig_pose_041.pdb	
Rosetta	fnat	0.7866531407237229	2UUY_rec	2UUY_lig	rosetta_2UUY_rec_2UUY_lig_demo	rosetta_2UUY_rec_2UUY_lig_pose_042	/demo/rosetta/2UUY_rec_vs_2UUY_lig/rosetta_2UUY_rec_2UUY_lig_pose_042.pdb	
Rosetta	fnat	0.7213751266444308	2UUY_rec	2UUY_lig	rosetta_2UUY_rec_2UUY_lig_demo	rosetta_2UUY_rec_2UUY_lig_pose_043	/demo/rosetta/2UUY_rec_vs_2UUY_lig/rosetta_2UUY_rec_2UUY_lig_pose_043.pdb	
Rosetta	fnat	0.7953965579308696	2UUY_rec	2UUY_lig	rosetta_2UUY_rec_2UUY_lig_demo	rosetta_2UUY_rec_2UUY_lig_pose_044	/demo/rosetta/2UUY_rec_vs_2UUY_lig/rosetta_2UUY_rec_2UUY_lig_pose_044.pdb	
Rosetta	fnat	0.7191326944453588	2UUY_rec	2UUY_lig	rosetta_2UUY_rec_2UUY_lig_demo	rosetta_2UUY_rec_2UUY_lig_pose_045	/demo/rosetta/2UUY_rec_vs_2UUY_lig/rosetta_2UUY_rec_2UUY_lig_pose_045.pdb	
Rosetta	fnat	0.8435547125465149	2UUY_rec	2UUY_lig	rosetta_2UUY_rec_2UUY_lig_demo	rosetta_2UUY_rec_2UUY_lig_pose_046	/demo/rosetta/2UUY_rec_vs_2UUY_lig/rosetta_2UUY_rec_2UUY_lig_pose_046.pdb	
Rosetta	fnat	0.5668593915784876	2UUY_rec	2UUY_lig	rosetta_2UUY_rec_2UUY_lig_demo	rosetta_2UUY_rec_2UUY_lig_pose_047	/demo/rosetta/2UUY_rec_vs_2UUY_lig/rosetta_2UUY_rec_2UUY_lig_pose_047.pdb	
Rosetta	fnat	0.7164392631881353	2UUY_rec	2UUY_lig	rosetta_2UUY_rec_2UUY_lig_demo	rosetta_2UUY_rec_2UUY_lig_pose_048	/demo/rosetta/2UUY_rec_vs_2UUY_lig/rosetta_2UUY_rec_2UUY_lig_pose_048.pdb	
Rosetta	fnat	0.5509188004876002	2UUY_rec	2UUY_lig	rosetta_2UUY_rec_2UUY_lig_demo	rosetta_2UUY_rec_2UUY_lig_pose_049	/demo/rosetta/2UUY_rec_vs_2UUY_lig/rosetta_2UUY_rec_2UUY_lig_pose_049.pdb	
Rosetta	fnat	0.6004939169772795	2UUY_rec	2UUY_lig	rosetta_2UUY_rec_2UUY_lig_demo	rosetta_2UUY_rec_2UUY_lig_pose_050	/demo/rosetta/2UUY_rec_vs_2UUY_lig/rosetta_2UUY_rec_2UUY_lig_pose_050.pdb	
Rosetta	irmsd	2.1183173378883455	2UUY_rec	2UUY_lig	rosetta_2UUY_rec_2UUY_lig_demo	rosetta_2UUY_rec_2UUY_lig_pose_001	/demo/rosetta/2UUY_rec_vs_2UUY_lig/rosetta_2UUY_rec_2UUY_lig_pose_001.pdb	
Rosetta	irmsd	1.8371109891830115	2UUY_rec	2UUY_lig	rosetta_2UUY_rec_2UUY_lig_demo	rosetta_2UUY_rec_2UUY_lig_pose_002	/demo/rosetta/2UUY_rec_vs_2UUY_lig/rosetta_2UUY_rec_2UUY_lig_pose_002.pdb	
Rosetta	irmsd	0.8683118600291257	2UUY_rec	2UUY_lig	rosetta_2UUY_rec_2UUY_lig_demo	rosetta_2UUY_rec_2UUY_lig_pose_003	/demo/rosetta/2UUY_rec_vs_2UUY_lig/rosetta_2UUY_rec_2UUY_lig_pose_003.pdb	
Rosetta	irmsd	0.3984979263754619	2UUY_rec	2UUY_lig	rosetta_2UUY_rec_2UUY_lig_demo	rosetta_2UUY_rec_2UUY_lig_pose_004	/demo/rosetta/2UUY_rec_vs_2UUY_lig/rosetta_2UUY_rec_2UUY_lig_pose_004.pdb	
Rosetta	irmsd	0.0	2UUY_rec	2UUY_lig	rosetta_2UUY_rec_2UUY_lig_demo	rosetta_2UUY_rec_2UUY_lig_pose_005	/demo/rosetta/2UUY_rec_vs_2UUY_lig/rosetta_2UUY_rec_2UUY_lig_pose_005.pdb	
Rosetta	irmsd	0.9739026952404193	2UUY_rec	2UUY_lig	rosetta_2UUY_rec_2UUY_lig_demo	rosetta_2UUY_rec_2UUY_lig_pose_006	/demo/rosetta/2UUY_rec_vs_2UUY_lig/rosetta_2UUY_rec_2UUY_lig_pose_006.pdb	
Rosetta	irmsd	2.7522490073484414	2UUY_rec	2UUY_lig	rosetta_2UUY_rec_2UUY_lig_demo	rosetta_2UUY_rec_2UUY_lig_pose_007	/demo/rosetta/2UUY_rec_vs_2UUY_lig/rosetta_2UUY_rec_2UUY_lig_pose_007.pdb	
Rosetta	irmsd	1.5609305628781884	2UUY_rec	2UUY_lig	rosetta_2UUY_rec_2UUY_lig_demo	rosetta_2UUY_rec_2UUY_lig_pose_008	/demo/rosetta/2UUY_rec_vs_2UUY_lig/rosetta_2UUY_rec_2UUY_lig_pose_008.pdb	
Rosetta	irmsd	0.9642566283703063	2UUY_rec	2UUY_lig	rosetta_2UUY_rec_2UUY_lig_demo	rosetta_2UUY_rec_2UUY_lig_pose_009	/demo/rosetta/2UUY_rec_vs_2UUY_lig/rosetta_2UUY_rec_2UUY_lig_pose_009.pdb	
Rosetta	irmsd	1.5790481257001838	2UUY_rec	2UUY_lig	rosetta_2UUY_rec_2UUY_lig_demo	rosetta_2UUY_rec_2UUY_lig_pose_010	/demo/rosetta/2UUY_rec_vs_2UUY_lig/rosetta_2UUY_rec_2UUY_lig_pose_010.pdb	
Rosetta	irmsd	0.36342498820333435	2UUY_rec	2UUY_lig	rosetta_2UUY_rec_2UUY_lig_demo	rosetta_2UUY_rec_2UUY_lig_pose_011	/demo/rosetta/2UUY_rec_vs_2UUY_lig/rosetta_2UUY_rec_2UUY_lig_pose_011.pdb	
Rosetta	irmsd	1.1216059823814188	2UUY_rec	2UUY_lig	rosetta_2UUY_rec_2UUY_lig_demo	rosetta_2UUY_rec_2UUY_lig_pose_012	/demo/rosetta/2UUY_rec_vs_2UUY_lig/rosetta_2UUY_rec_2UUY_lig_pose_012.pdb	
Rosetta	irmsd	1.3596864838094431	2UUY_rec	2UUY_lig	rosetta_2UUY_rec_2UUY_lig_demo	rosetta_2UUY_rec_2UUY_lig_pose_013	/demo/rosetta/2UUY_rec_vs_2UUY_lig/rosetta_2UUY_rec_2UUY_lig_pose_013.pdb	
Rosetta	irmsd	1.2483396089073708	2UUY_rec	2UUY_lig	rosetta_2UUY_rec_2UUY_lig_demo	rosetta_2UUY_rec_2UUY_lig_pose_014	/demo/rosetta/2UUY_rec_vs_2UUY_lig/rosetta_2UUY_rec_2UUY_lig_pose_014.pdb	
Rosetta	irmsd	1.7744836730140483	2UUY_rec	2UUY_lig	rosetta_2UUY_rec_2UUY_lig_demo	rosetta_2UUY_rec_2UUY_lig_pose_015	/demo/rosetta/2UUY_rec_vs_2UUY_lig/rosetta_2UUY_rec_2UUY_lig_pose_015.pdb	
Rosetta	irmsd	1.5067871357416314	2UUY_rec	2UUY_lig	rosetta_2UUY_rec_2UUY_lig_demo	rosetta_2UUY_rec_2UUY_lig_pose_016	/demo/rosetta/2UUY_rec_vs_2UUY_lig/rosetta_2UUY_rec_2UUY_lig_pose_016.pdb	
Rosetta	irmsd	1.7009956108647981	2UUY_rec	2UUY_lig	rosetta_2UUY_rec_2UUY_lig_demo	rosetta_2UUY_rec_2UUY_lig_pose_017	/demo/rosetta/2UUY_rec_vs_2UUY_lig/rosetta_2UUY_rec_2UUY_lig_pose_017.pdb	
Rosetta	irmsd	0.8869766306615444	2UUY_rec	2UUY_lig	rosetta_2UUY_rec_2UUY_lig_demo	rosetta_2UUY_rec_2UUY_lig_pose_018	/demo/rosetta/2UUY_rec_vs_2UUY_lig/rosetta_2UUY_rec_2UUY_lig_pose_018.pdb	
Rosetta	irmsd	1.838689245046329	2UUY_rec	2UUY_lig	rosetta_2UUY_rec_2UUY_lig_demo	rosetta_2UUY_rec_2UUY_lig_pose_019	/demo/rosetta/2UUY_rec_vs_2UUY_lig/rosetta_2UUY_rec_2UUY_lig_pose_019.pdb	
Rosetta	irmsd	2.277362168574395	2UUY_rec	2UUY_lig	rosetta_2UUY_rec_2UUY_lig_demo	rosetta_2UUY_rec_2UUY_lig_pose_020	/demo/rosetta/2UUY_rec_vs_2UUY_lig/rosetta_2UUY_rec_2UUY_lig_pose_020.pdb	
Rosetta	irmsd	0.7179102882091525	2UUY_rec	2UUY_lig	rosetta_2UUY_rec_2UUY_lig_demo	rosetta_2UUY_rec_2UUY_lig_pose_021	/demo/rosetta/2UUY_rec_vs_2UUY_lig/rosetta_2UUY_rec_2UUY_lig_pose_021.pdb	
Rosetta	irmsd	0.7673826065712642	2UUY_rec	2UUY_lig	rosetta_2UUY_rec_2UUY_lig_demo	rosetta_2UUY_rec_2UUY_lig_pose_022	/demo/rosetta/2UUY_rec_vs_2UUY_lig/rosetta_2UUY_rec_2UUY_lig_pose_022.pdb	
Rosetta	irmsd	2.1014706017921396	2UUY_rec	2UUY_lig	rosetta_2UUY_rec_2UUY_lig_demo	rosetta_2UUY_rec_2UUY_lig_pose_023	/demo/rosetta/2UUY_rec_vs_2UUY_lig/rosetta_2UUY_rec_2UUY_lig_pose_023.pdb	
Rosetta	irmsd	1.185193607982964	2UUY_rec	2UUY_lig	rosetta_2UUY_rec_2UUY_lig_demo	rosetta_2UUY_rec_2UUY_lig_pose_024	/demo/rosetta/2UUY_rec_vs_2UUY_lig/rosetta_2UUY_rec_2UUY_lig_pose_024.pdb	
Rosetta	irmsd	2.1422928352399344	2UUY_rec	2UUY_lig	rosetta_2UUY_rec_2UUY_lig_demo	rosetta_2UUY_rec_2UUY_lig_pose_025	/demo/rosetta/2UUY_rec_vs_2UUY_lig/rosetta_2UUY_rec_2UUY_lig_pose_025.pdb	
Rosetta	irmsd	1.0344785728646897	2UUY_rec	2UUY_lig	rosetta_2UUY_rec_2UUY_lig_demo	rosetta_2UUY_rec_2UUY_lig_pose_026	/demo/rosetta/2UUY_rec_vs_2UUY_lig/rosetta_2UUY_rec_2UUY_lig_pose_026.pdb	
Rosetta	irmsd	2.173027345762427	2UUY_rec	2UUY_lig	rosetta_2UUY_rec_2UUY_lig_demo	rosetta_2UUY_rec_2UUY_lig_pose_027	/demo/rosetta/2UUY_rec_vs_2UUY_lig/rosetta_2UUY_rec_2UUY_lig_pose_027.pdb	
Rosetta	irmsd	1.3788914900832714	2UUY_rec	2UUY_lig	rosetta_2UUY_rec_2UUY_lig_demo	rosetta_2UUY_rec_2UUY_lig_pose_028	/demo/rosetta/2UUY_rec_vs_2UUY_lig/rosetta_2UUY_rec_2UUY_lig_pose_028.pdb	
Rosetta	irmsd	1.4549372939936172	2UUY_rec	2UUY_lig	rosetta_2UUY_rec_2UUY_lig_demo	rosetta_2UUY_rec_2UUY_lig_pose_029	/demo/rosetta/2UUY_rec_vs_2UUY_lig/rosetta_2UUY_rec_2UUY_lig_pose_029.pdb	
Rosetta	irmsd	2.2388308130019428	2UUY_rec	2UUY_lig	rosetta_2UUY_rec_2UUY_lig_demo	rosetta_2UUY_rec_2UUY_lig_pose_030	/demo/rosetta/2UUY_rec_vs_2UUY_lig/rosetta_2UUY_rec_2UUY_lig_pose_030.pdb	
Rosetta	irmsd	1.0829377135334972	2UUY_rec	2UUY_lig	rosetta_2UUY_rec_2UUY_lig_demo	rosetta_2UUY_rec_2UUY_lig_pose_031	/demo/rosetta/2UUY_rec_vs_2UUY_lig/rosetta_2UUY_rec_2UUY_lig_pose_031.pdb	
Rosetta	irmsd	0.735326742445025	2UUY_rec	2UUY_lig	rosetta_2UUY_rec_2UUY_lig_demo	rosetta_2UUY_rec_2UUY_lig_pose_032	/demo/rosetta/2UUY_rec_vs_2UUY_lig/rosetta_2UUY_rec_2UUY_lig_pose_032.pdb	
Rosetta	irmsd	1.0308614751829874	2UUY_rec	2UUY_lig	rosetta_2UUY_rec_2UUY_lig_demo	rosetta_2UUY_rec_2UUY_lig_pose_033	/demo/rosetta/2UUY_rec_vs_2UUY_lig/rosetta_2UUY_rec_2UUY_lig_pose_033.pdb	
Rosetta	irmsd	1.5714003703858832	2UUY_rec	2UUY_lig	rosetta_2UUY_rec_2UUY_lig_demo	rosetta_2UUY_rec_2UUY_lig_pose_034	/demo/rosetta/2UUY_rec_vs_2UUY_lig/rosetta_2UUY_rec_2UUY_lig_pose_034.pdb	
Rosetta	irmsd	0.3605445566916915	2UUY_rec	2UUY_lig	rosetta_2UUY_rec_2UUY_lig_demo	rosetta_2UUY_rec_2UUY_lig_pose_035	/demo/rosetta/2UUY_rec_vs_2UUY_lig/rosetta_2UUY_rec_2UUY_lig_pose_035.pdb	
Rosetta	irmsd	1.682482541590673	2UUY_rec	2UUY_lig	rosetta_2UUY_rec_2UUY_lig_demo	rosetta_2UUY_rec_2UUY_lig_pose_036	/demo/rosetta/2UUY_rec_vs_2UUY_lig/rosetta_2UUY_rec_2UUY_lig_pose_036.pdb	
Rosetta	irmsd	0.976737209429354	2UUY_rec	2UUY_lig	rosetta_2UUY_rec_2UUY_lig_demo	rosetta_2UUY_rec_2UUY_lig_pose_037	/demo/rosetta/2UUY_rec_vs_2UUY_lig/rosetta_2UUY_rec_2UUY_lig_pose_037.pdb	
Rosetta	irmsd	1.9886875964401383	2UUY_rec	2UUY_lig	rosetta_2UUY_rec_2UUY_lig_demo	rosetta_2UUY_rec_2UUY_lig_pose_038	/demo/rosetta/2UUY_rec_vs_2UUY_lig/rosetta_2UUY_rec_2UUY_lig_pose_038.pdb	
Rosetta	irmsd	0.0	2UUY_rec	2UUY_lig	rosetta_2UUY_rec_2UUY_lig_demo	rosetta_2UUY_rec_2UUY_lig_pose_039	/demo/rosetta/2UUY_rec_vs_2UUY_lig/rosetta_2UUY_rec_2UUY_lig_pose_039.pdb	
Rosetta	irmsd	0.8280605349374989	2UUY_rec	2UUY_lig	rosetta_2UUY_rec_2UUY_lig_demo	rosetta_2UUY_rec_2UUY_lig_pose_040	/demo/rosetta/2UUY_rec_vs_2UUY_lig/rosetta_2UUY_rec_2UUY_lig_pose_040.pdb	
Rosetta	irmsd	0.288119109259539	2UUY_rec	2UUY_lig	rosetta_2UUY_rec_2UUY_lig_demo	rosetta_2UUY_rec_2UUY_lig_pose_041	/demo/rosetta/2UUY_rec_vs_2UUY_lig/rosetta_2UUY_rec_2UUY_lig_pose_041.pdb	
Rosetta	irmsd	0.8042623201816286	2UUY_rec	2UUY_lig	rosetta_2UUY_rec_2UUY_lig_demo	rosetta_2UUY_rec_2UUY_lig_pose_042	/demo/rosetta/2UUY_rec_vs_2UUY_lig/rosetta_2UUY_rec_2UUY_lig_pose_042.pdb	
Rosetta	irmsd	1.448599540665366	2UUY_rec	2UUY_lig	rosetta_2UUY_rec_2UUY_lig_demo	rosetta_2UUY_rec_2UUY_lig_pose_043	/demo/rosetta/2UUY_rec_vs_2UUY_lig/rosetta_2UUY_rec_2UUY_lig_pose_043.pdb	
Rosetta	irmsd	1.192464024730147	2UUY_rec	2UUY_lig	rosetta_2UUY_rec_2UUY_lig_demo	rosetta_2UUY_rec_2UUY_lig_pose_044	/demo/rosetta/2UUY_rec_vs_2UUY_lig/rosetta_2UUY_rec_2UUY_lig_pose_044.pdb	
Rosetta	irmsd	1.1479734586311912	2UUY_rec	2UUY_lig	rosetta_2UUY_rec_2UUY_lig_demo	rosetta_2UUY_rec_2UUY_lig_pose_045	/demo/rosetta/2UUY_rec_vs_2UUY_lig/rosetta_2UUY_rec_2UUY_lig_pose_045.pdb	
Rosetta	irmsd	1.2044890771719636	2UUY_rec	2UUY_lig	rosetta_2UUY_rec_2UUY_lig_demo	rosetta_2UUY_rec_2UUY_lig_pose_046	/demo/rosetta/2UUY_rec_vs_2UUY_lig/rosetta_2UUY_rec_2UUY_lig_pose_046.pdb	
Rosetta	irmsd	1.4220329443719661	2UUY_rec	2UUY_lig	rosetta_2UUY_rec_2UUY_lig_demo	rosetta_2UUY_rec_2UUY_lig_pose_047	/demo/rosetta/2UUY_rec_vs_2UUY_lig/rosetta_2UUY_rec_2UUY_lig_pose_047.pdb	
Rosetta	irmsd	0.6948783748341354	2UUY_rec	2UUY_lig	rosetta_2UUY_rec_2UUY_lig_demo	rosetta_2UUY_rec_2UUY_lig_pose_048	/demo/rosetta/2UUY_rec_vs_2UUY_lig/rosetta_2UUY_rec_2UUY_lig_pose_048.pdb	
Rosetta	irmsd	1.7241097845394304	2UUY_rec	2UUY_lig	rosetta_2UUY_rec_2UUY_lig_demo	rosetta_2UUY_rec_2UUY_lig_pose_049	/demo/rosetta/2UUY_rec_vs_2UUY_lig/rosetta_2UUY_rec_2UUY_lig_pose_049.pdb	
Rosetta	irmsd	1.6975995822312904	2UUY_rec	2UUY_lig	rosetta_2UUY_rec_2UUY_lig_demo	rosetta_2UUY_rec_2UUY_lig_pose_050	/demo/rosetta/2UUY_rec_vs_2UUY_lig/rosetta_2UUY_rec_2UUY_lig_pose_050.pdb	
Rosetta	lrmsd	3.262045525187321	2UUY_rec	2UUY_lig	rosetta_2UUY_rec_2UUY_lig_demo	rosetta_2UUY_rec_2UUY_lig_pose_001	/demo/rosetta/2UUY_rec_vs_2UUY_lig/rosetta_2UUY_rec_2UUY_lig_pose_001.pdb	
Rosetta	lrmsd	3.4678401313015157	2UUY_rec	2UUY_lig	rosetta_2UUY_rec_2UUY_lig_demo	rosetta_2UUY_rec_2UUY_lig_pose_002	/demo/rosetta/2UUY_rec_vs_2UUY_lig/rosetta_2UUY_rec_2UUY_lig_pose_002.pdb	
Rosetta	lrmsd	3.1557016009703913	2UUY_rec	2UUY_lig	rosetta_2UUY_rec_2UUY_lig_demo	rosetta_2UUY_rec_2UUY_lig_pose_003	/demo/rosetta/2UUY_rec_vs_2UUY_lig/rosetta_2UUY_rec_2UUY_lig_pose_003.pdb	
Rosetta	lrmsd	5.242087963277281	2UUY_rec	2UUY_lig	rosetta_2UUY_rec_2UUY_lig_demo	rosetta_2UUY_rec_2UUY_lig_pose_004	/demo/rosetta/2UUY_rec_vs_2UUY_lig/rosetta_2UUY_rec_2UUY_lig_pose_004.pdb	
Rosetta	lrmsd	2.695486994736988	2UUY_rec	2UUY_lig	rosetta_2UUY_rec_2UUY_lig_demo	rosetta_2UUY_rec_2UUY_lig_pose_005	/demo/rosetta/2UUY_rec_vs_2UUY_lig/rosetta_2UUY_rec_2UUY_lig_pose_005.pdb	
Rosetta	lrmsd	2.4315001379985075	2UUY_rec	2UUY_lig	rosetta_2UUY_rec_2UUY_lig_demo	rosetta_2UUY_rec_2UUY_lig_pose_006	/demo/rosetta/2UUY_rec_vs_2UUY_lig/rosetta_2UUY_rec_2UUY_lig_pose_006.pdb	
Rosetta	lrmsd	1.8957669035711464	2UUY_rec	2UUY_lig	rosetta_2UUY_rec_2UUY_lig_demo	rosetta_2UUY_rec_2UUY_lig_pose_007	/demo/rosetta/2UUY_rec_vs_2UUY_lig/rosetta_2UUY_rec_2UUY_lig_pose_007.pdb	
Rosetta	lrmsd	1.5612847953065956	2UUY_rec	2UUY_lig	rosetta_2UUY_rec_2UUY_lig_demo	rosetta_2UUY_rec_2UUY_lig_pose_008	/demo/rosetta/2UUY_rec_vs_2UUY_lig/rosetta_2UUY_rec_2UUY_lig_pose_008.pdb	
Rosetta	lrmsd	1.3066338548787095	2UUY_rec	2UUY_lig	rosetta_2UUY_rec_2UUY_lig_demo	rosetta_2UUY_rec_2UUY_lig_pose_009	/demo/rosetta/2UUY_rec_vs_2UUY_lig/rosetta_2UUY_rec_2UUY_lig_pose_009.pdb	
Rosetta	lrmsd	1.7334432241228976	2UUY_rec	2UUY_lig	rosetta_2UUY_rec_2UUY_lig_demo	rosetta_2UUY_rec_2UUY_lig_pose_010	/demo/rosetta/2UUY_rec_vs_2UUY_lig/rosetta_2UUY_rec_2UUY_lig_pose_010.pdb	
Rosetta	lrmsd	2.715183542017514	2UUY_rec	2UUY_lig	rosetta_2UUY_rec_2UUY_lig_demo	rosetta_2UUY_rec_2UUY_lig_pose_011	/demo/rosetta/2UUY_rec_vs_2UUY_lig/rosetta_2UUY_rec_2UUY_lig_pose_011.pdb	
Rosetta	lrmsd	3.201154154197257	2UUY_rec	2UUY_lig	rosetta_2UUY_rec_2UUY_lig_demo	rosetta_2UUY_rec_2UUY_lig_pose_012	/demo/rosetta/2UUY_rec_vs_2UUY_lig/rosetta_2UUY_rec_2UUY_lig_pose_012.pdb	
Rosetta	lrmsd	2.861370470262594	2UUY_rec	2UUY_lig	rosetta_2UUY_rec_2UUY_lig_demo	rosetta_2UUY_rec_2UUY_lig_pose_013	/demo/rosetta/2UUY_rec_vs_2UUY_lig/rosetta_2UUY_rec_2UUY_lig_pose_013.pdb	
Rosetta	lrmsd	1.8813576670843444	2UUY_rec	2UUY_lig	rosetta_2UUY_rec_2UUY_lig_demo	rosetta_2UUY_rec_2UUY_lig_pose_014	/demo/rosetta/2UUY_rec_vs_2UUY_lig/rosetta_2UUY_rec_2UUY_lig_pose_014.pdb	
Rosetta	lrmsd	3.880221476823956	2UUY_rec	2UUY_lig	rosetta_2UUY_rec_2UUY_lig_demo	rosetta_2UUY_rec_2UUY_lig_pose_015	/demo/rosetta/2UUY_rec_vs_2UUY_lig/rosetta_2UUY_rec_2UUY_lig_pose_015.pdb	
Rosetta	lrmsd	3.687295206761137	2UUY_rec	2UUY_lig	rosetta_2UUY_rec_2UUY_lig_demo	rosetta_2UUY_rec_2UUY_lig_pose_016	/demo/rosetta/2UUY_rec_vs_2UUY_lig/rosetta_2UUY_rec_2UUY_lig_pose_016.pdb	
Rosetta	lrmsd	2.6084220310935793	2UUY_rec	2UUY_lig	rosetta_2UUY_rec_2UUY_lig_demo	rosetta_2UUY_rec_2UUY_lig_pose_017	/demo/rosetta/2UUY_rec_vs_2UUY_lig/rosetta_2UUY_rec_2UUY_lig_pose_017.pdb	
Rosetta	lrmsd	2.0165006264023453	2UUY_rec	2UUY_lig	rosetta_2UUY_rec_2UUY_lig_demo	rosetta_2UUY_rec_2UUY_lig_pose_018	/demo/rosetta/2UUY_rec_vs_2UUY_lig/rosetta_2UUY_rec_2UUY_lig_pose_018.pdb	
Rosetta	lrmsd	3.458113504995759	2UUY_rec	2UUY_lig	rosetta_2UUY_rec_2UUY_lig_demo	rosetta_2UUY_rec_2UUY_lig_pose_019	/demo/rosetta/2UUY_rec_vs_2UUY_lig/rosetta_2UUY_rec_2UUY_lig_pose_019.pdb	
Rosetta	lrmsd	3.025568304983325	2UUY_rec	2UUY_lig	rosetta_2UUY_rec_2UUY_lig_demo	rosetta_2UUY_rec_2UUY_lig_pose_020	/demo/rosetta/2UUY_rec_vs_2UUY_lig/rosetta_2UUY_rec_2UUY_lig_pose_020.pdb	
Rosetta	lrmsd	1.0622472887019427	2UUY_rec	2UUY_lig	rosetta_2UUY_rec_2UUY_lig_demo	rosetta_2UUY_rec_2UUY_lig_pose_021	/demo/rosetta/2UUY_rec_vs_2UUY_lig/rosetta_2UUY_rec_2UUY_lig_pose_021.pdb	
Rosetta	lrmsd	2.718423692818714	2UUY_rec	2UUY_lig	rosetta_2UUY_rec_2UUY_lig_demo	rosetta_2UUY_rec_2UUY_lig_pose_022	/demo/rosetta/2UUY_rec_vs_2UUY_lig/rosetta_2UUY_rec_2UUY_lig_pose_022.pdb	
Rosetta	lrmsd	3.114442974489257	2UUY_rec	2UUY_lig	rosetta_2UUY_rec_2UUY_lig_demo	rosetta_2UUY_rec_2UUY_lig_pose_023	/demo/rosetta/2UUY_rec_vs_2UUY_lig/rosetta_2UUY_rec_2UUY_lig_pose_023.pdb	
Rosetta	lrmsd	1.7203662562146953	2UUY_rec	2UUY_lig	rosetta_2UUY_rec_2UUY_lig_demo	rosetta_2UUY_rec_2UUY_lig_pose_024	/demo/rosetta/2UUY_rec_vs_2UUY_lig/rosetta_2UUY_rec_2UUY_lig_pose_024.pdb	
Rosetta	lrmsd	3.0278120714049312	2UUY_rec	2UUY_lig	rosetta_2UUY_rec_2UUY_lig_demo	rosetta_2UUY_rec_2UUY_lig_pose_025	/demo/rosetta/2UUY_rec_vs_2UUY_lig/rosetta_2UUY_rec_2UUY_lig_pose_025.pdb	
Rosetta	lrmsd	1.054213017690653	2UUY_rec	2UUY_lig	rosetta_2UUY_rec_2UUY_lig_demo	rosetta_2UUY_rec_2UUY_lig_pose_026	/demo/rosetta/2UUY_rec_vs_2UUY_lig/rosetta_2UUY_rec_2UUY_lig_pose_026.pdb	
Rosetta	lrmsd	4.403423320014605	2UUY_rec	2UUY_lig	rosetta_2UUY_rec_2UUY_lig_demo	rosetta_2UUY_rec_2UUY_lig_pose_027	/demo/rosetta/2UUY_rec_vs_2UUY_lig/rosetta_2UUY_rec_2UUY_lig_pose_027.pdb	
Rosetta	lrmsd	4.297539982071318	2UUY_rec	2UUY_lig	rosetta_2UUY_rec_2UUY_lig_demo	rosetta_2UUY_rec_2UUY_lig_pose_028	/demo/rosetta/2UUY_rec_vs_2UUY_lig/rosetta_2UUY_rec_2UUY_lig_pose_028.pdb	
Rosetta	lrmsd	2.496979198836442	2UUY_rec	2UUY_lig	rosetta_2UUY_rec_2UUY_lig_demo	rosetta_2UUY_rec_2UUY_lig_pose_029	/demo/rosetta/2UUY_rec_vs_2UUY_lig/rosetta_2UUY_rec_2UUY_lig_pose_029.pdb	
Rosetta	lrmsd	3.2361452054068875	2UUY_rec	2UUY_lig	rosetta_2UUY_rec_2UUY_lig_demo	rosetta_2UUY_rec_2UUY_lig_pose_030	/demo/rosetta/2UUY_rec_vs_2UUY_lig/rosetta_2UUY_rec_2UUY_lig_pose_030.pdb	
Rosetta	lrmsd	0.0	2UUY_rec	2UUY_lig	rosetta_2UUY_rec_2UUY_lig_demo	rosetta_2UUY_rec_2UUY_lig_pose_031	/demo/rosetta/2UUY_rec_vs_2UUY_lig/rosetta_2UUY_rec_2UUY_lig_pose_031.pdb	
Rosetta	lrmsd	1.4123828076816005	2UUY_rec	2UUY_lig	rosetta_2UUY_rec_2UUY_lig_demo	rosetta_2UUY_rec_2UUY_lig_pose_032	/demo/rosetta/2UUY_rec_vs_2UUY_lig/rosetta_2UUY_rec_2UUY_lig_pose_032.pdb	
Rosetta	lrmsd	2.447465295817444	2UUY_rec	2UUY_lig	rosetta_2UUY_rec_2UUY_lig_demo	rosetta_2UUY_rec_2UUY_lig_pose_033	/demo/rosetta/2UUY_rec_vs_2UUY_lig/rosetta_2UUY_rec_2UUY_lig_pose_033.pdb	
Rosetta	lrmsd	1.513440374287769	2UUY_rec	2UUY_lig	rosetta_2UUY_rec_2UUY_lig_demo	rosetta_2UUY_rec_2UUY_lig_pose_034	/demo/rosetta/2UUY_rec_vs_2UUY_lig/rosetta_2UUY_rec_2UUY_lig_pose_034.pdb	
Rosetta	lrmsd	3.6572757791567905	2UUY_rec	2UUY_lig	rosetta_2UUY_rec_2UUY_lig_demo	rosetta_2UUY_rec_2UUY_lig_pose_035	/demo/rosetta/2UUY_rec_vs_2UUY_lig/rosetta_2UUY_rec_2UUY_lig_pose_035.pdb	
Rosetta	lrmsd	5.196755836897593	2UUY_rec	2UUY_lig	rosetta_2UUY_rec_2UUY_lig_demo	rosetta_2UUY_rec_2UUY_lig_pose_036	/demo/rosetta/2UUY_rec_vs_2UUY_lig/rosetta_2UUY_rec_2UUY_lig_pose_036.pdb	
Rosetta	lrmsd	1.3880623366848375	2UUY_rec	2UUY_lig	rosetta_2UUY_rec_2UUY_lig_demo	rosetta_2UUY_rec_2UUY_lig_pose_037	/demo/rosetta/2UUY_rec_vs_2UUY_lig/rosetta_2UUY_rec_2UUY_lig_pose_037.pdb	
Rosetta	lrmsd	1.7950439150977686	2UUY_rec	2UUY_lig	rosetta_2UUY_rec_2UUY_lig_demo	rosetta_2UUY_rec_2UUY_lig_pose_038	/demo/rosetta/2UUY_rec_vs_2UUY_lig/rosetta_2UUY_rec_2UUY_lig_pose_038.pdb	
Rosetta	lrmsd	3.082538041971916	2UUY_rec	2UUY_lig	rosetta_2UUY_rec_2UUY_lig_demo	rosetta_2UUY_rec_2UUY_lig_pose_039	/demo/rosetta/2UUY_rec_vs_2UUY_lig/rosetta_2UUY_rec_2UUY_lig_pose_039.pdb	
Rosetta	lrmsd	4.7333393781995445	2UUY_rec	2UUY_lig	rosetta_2UUY_rec_2UUY_lig_demo	rosetta_2UUY_rec_2UUY_lig_pose_040	/demo/rosetta/2UUY_rec_vs_2UUY_lig/rosetta_2UUY_rec_2UUY_lig_pose_040.pdb	
Rosetta	lrmsd	1.333150824952116	2UUY_rec	2UUY_lig	rosetta_2UUY_rec_2UUY_lig_demo	rosetta_2UUY_rec_2UUY_lig_pose_041	/demo/rosetta/2UUY_rec_vs_2UUY_lig/rosetta_2UUY_rec_2UUY_lig_pose_041.pdb	
Rosetta	lrmsd	3.09884334676833	2UUY_rec	2UUY_lig	rosetta_2UUY_rec_2UUY_lig_demo	rosetta_2UUY_rec_2UUY_lig_pose_042	/demo/rosetta/2UUY_rec_vs_2UUY_lig/rosetta_2UUY_rec_2UUY_lig_pose_042.pdb	
Rosetta	lrmsd	4.9855586209757305	2UUY_rec	2UUY_lig	rosetta_2UUY_rec_2UUY_lig_demo	rosetta_2UUY_rec_2UUY_lig_pose_043	/demo/rosetta/2UUY_rec_vs_2UUY_lig/rosetta_2UUY_rec_2UUY_lig_pose_043.pdb	
Rosetta	lrmsd	0.8178890221848791	2UUY_rec	2UUY_lig	rosetta_2UUY_rec_2UUY_lig_demo	rosetta_2UUY_rec_2UUY_lig_pose_044	/demo/rosetta/2UUY_rec_vs_2UUY_lig/rosetta_2UUY_rec_2UUY_lig_pose_044.pdb	
Rosetta	lrmsd	1.2627169517850014	2UUY_rec	2UUY_lig	rosetta_2UUY_rec_2UUY_lig_demo	rosetta_2UUY_rec_2UUY_lig_pose_045	/demo/rosetta/2UUY_rec_vs_2UUY_lig/rosetta_2UUY_rec_2UUY_lig_pose_045.pdb	
Rosetta	lrmsd	2.291672072246994	2UUY_rec	2UUY_lig	rosetta_2UUY_rec_2UUY_lig_demo	rosetta_2UUY_rec_2UUY_lig_pose_046	/demo/rosetta/2UUY_rec_vs_2UUY_lig/rosetta_2UUY_rec_2UUY_lig_pose_046.pdb	
Rosetta	lrmsd	2.1752939045735067	2UUY_rec	2UUY_lig	rosetta_2UUY_rec_2UUY_lig_demo	rosetta_2UUY_rec_2UUY_lig_pose_047	/demo/rosetta/2UUY_rec_vs_2UUY_lig/rosetta_2UUY_rec_2UUY_lig_pose_047.pdb	
Rosetta	lrmsd	3.775121545304373	2UUY_rec	2UUY_lig	rosetta_2UUY_rec_2UUY_lig_demo	rosetta_2UUY_rec_2UUY_lig_pose_048	/demo/rosetta/2UUY_rec_vs_2UUY_lig/rosetta_2UUY_rec_2UUY_lig_pose_048.pdb	
Rosetta	lrmsd	3.0899916637850056	2UUY_rec	2UUY_lig	rosetta_2UUY_rec_2UUY_lig_demo	rosetta_2UUY_rec_2UUY_lig_pose_049	/demo/rosetta/2UUY_rec_vs_2UUY_lig/rosetta_2UUY_rec_2UUY_lig_pose_049.pdb	
Rosetta	lrmsd	0.670045528429446	2UUY_rec	2UUY_lig	rosetta_2UUY_rec_2UUY_lig_demo	rosetta_2UUY_rec_2UUY_lig_pose_050	/demo/rosetta/2UUY_rec_vs_2UUY_lig/rosetta_2UUY_rec_2UUY_lig_pose_050.pdb	
HADDOCK	dockq	0.6015410402900812	3HFM_H	3HFM_Y	haddock_3HFM_H_3HFM_Y_demo	haddock_3HFM_H_3HFM_Y_pose_001	/demo/haddock/3HFM_H_vs_3HFM_Y/haddock_3HFM_H_3HFM_Y_pose_001.pdb	
HADDOCK	dockq	0.49224611126443496	3HFM_H	3HFM_Y	haddock_3HFM_H_3HFM_Y_demo	haddock_3HFM_H_3HFM_Y_pose_002	/demo/haddock/3HFM_H_vs_3HFM_Y/haddock_3HFM_H_3HFM_Y_pose_002.pdb	
HADDOCK	dockq	0.677444721694124	3HFM_H	3HFM_Y	haddock_3HFM_H_3HFM_Y_demo	haddock_3HFM_H_3HFM_Y_pose_003	/demo/haddock/3HFM_H_vs_3HFM_Y/haddock_3HFM_H_3HFM_Y_pose_003.pdb	
HADDOCK	dockq	0.48724124635630806	3HFM_H	3HFM_Y	haddock_3HFM_H_3HFM_Y_demo	haddock_3HFM_H_3HFM_Y_pose_004	/demo/haddock/3HFM_H_vs_3HFM_Y/haddock_3HFM_H_3HFM_Y_pose_004.pdb	
HADDOCK	dockq	0.48633847168977645	3HFM_H	3HFM_Y	haddock_3HFM_H_3HFM_Y_demo	haddock_3HFM_H_3HFM_Y_pose_005	/demo/haddock/3HFM_H_vs_3HFM_Y/haddock_3HFM_H_3HFM_Y_pose_005.pdb	
HADDOCK	dockq	0.6041131610804532	3HFM_H	3HFM_Y	haddock_3HFM_H_3HFM_Y_demo	haddock_3HFM_H_3HFM_Y_pose_006	/demo/haddock/3HFM_H_vs_3HFM_Y/haddock_3HFM_H_3HFM_Y_pose_006.pdb	
HADDOCK	dockq	0.6262926482336937	3HFM_H	3HFM_Y	haddock_3HFM_H_3HFM_Y_demo	haddock_3HFM_H_3HFM_Y_pose_007	/demo/haddock/3HFM_H_vs_3HFM_Y/haddock_3HFM_H_3HFM_Y_pose_007.pdb	
HADDOCK	dockq	0.5948099363936205	3HFM_H	3HFM_Y	haddock_3HFM_H_3HFM_Y_demo	haddock_3HFM_H_3HFM_Y_pose_008	/demo/haddock/3HFM_H_vs_3HFM_Y/haddock_3HFM_H_3HFM_Y_pose_008.pdb	
HADDOCK	dockq	0.3814402682615192	3HFM_H	3HFM_Y	haddock_3HFM_H_3HFM_Y_demo	haddock_3HFM_H_3HFM_Y_pose_009	/demo/haddock/3HFM_H_vs_3HFM_Y/haddock_3HFM_H_3HFM_Y_pose_009.pdb	
HADDOCK	dockq	0.6038034439928252	3HFM_H	3HFM_Y	haddock_3HFM_H_3HFM_Y_demo	haddock_3HFM_H_3HFM_Y_pose_010	/demo/haddock/3HFM_H_vs_3HFM_Y/haddock_3HFM_H_3HFM_Y_pose_010.pdb	
HADDOCK	dockq	0.44656919483256013	3HFM_H	3HFM_Y	haddock_3HFM_H_3HFM_Y_demo	haddock_3HFM_H_3HFM_Y_pose_011	/demo/haddock/3HFM_H_vs_3HFM_Y/haddock_3HFM_H_3HFM_Y_pose_011.pdb	
HADDOCK	dockq	0.5735276111588264	3HFM_H	3HFM_Y	haddock_3HFM_H_3HFM_Y_demo	haddock_3HFM_H_3HFM_Y_pose_012	/demo/haddock/3HFM_H_vs_3HFM_Y/haddock_3HFM_H_3HFM_Y_pose_012.pdb	
HADDOCK	dockq	0.40762655646009405	3HFM_H	3HFM_Y	haddock_3HFM_H_3HFM_Y_demo	haddock_3HFM_H_3HFM_Y_pose_013	/demo/haddock/3HFM_H_vs_3HFM_Y/haddock_3HFM_H_3HFM_Y_pose_013.pdb	
HADDOCK	dockq	0.5946322147543064	3HFM_H	3HFM_Y	haddock_3HFM_H_3HFM_Y_demo	haddock_3HFM_H_3HFM_Y_pose_014	/demo/haddock/3HFM_H_vs_3HFM_Y/haddock_3HFM_H_3HFM_Y_pose_014.pdb	
HADDOCK	dockq	0.46934010956926275	3HFM_H	3HFM_Y	haddock_3HFM_H_3HFM_Y_demo	haddock_3HFM_H_3HFM_Y_pose_015	/demo/haddock/3HFM_H_vs_3HFM_Y/haddock_3HFM_H_3HFM_Y_pose_015.pdb	
HADDOCK	dockq	0.42173653497394786	3HFM_H	3HFM_Y	haddock_3HFM_H_3HFM_Y_demo	haddock_3HFM_H_3HFM_Y_pose_016	/demo/haddock/3HFM_H_vs_3HFM_Y/haddock_3HFM_H_3HFM_Y_pose_016.pdb	
HADDOCK	dockq	0.62138201364824	3HFM_H	3HFM_Y	haddock_3HFM_H_3HFM_Y_demo	haddock_3HFM_H_3HFM_Y_pose_017	/demo/haddock/3HFM_H_vs_3HFM_Y/haddock_3HFM_H_3HFM_Y_pose_017.pdb	
HADDOCK	dockq	0.5741644521676752	3HFM_H	3HFM_Y	haddock_3HFM_H_3HFM_Y_demo	haddock_3HFM_H_3HFM_Y_pose_018	/demo/haddock/3HFM_H_vs_3HFM_Y/haddock_3HFM_H_3HFM_Y_pose_018.pdb	
HADDOCK	dockq	0.48860231986071034	3HFM_H	3HFM_Y	haddock_3HFM_H_3HFM_Y_demo	haddock_3HFM_H_3HFM_Y_pose_019	/demo/haddock/3HFM_H_vs_3HFM_Y/haddock_3HFM_H_3HFM_Y_pose_019.pdb	
HADDOCK	dockq	0.6951178849021065	3HFM_H	3HFM_Y	haddock_3HFM_H_3HFM_Y_demo	haddock_3HFM_H_3HFM_Y_pose_020	/demo/haddock/3HFM_H_vs_3HFM_Y/haddock_3HFM_H_3HFM_Y_pose_020.pdb	
HADDOCK	dockq	0.5059347578430258	3HFM_H	3HFM_Y	haddock_3HFM_H_3HFM_Y_demo	haddock_3HFM_H_3HFM_Y_pose_021	/demo/haddock/3HFM_H_vs_3HFM_Y/haddock_3HFM_H_3HFM_Y_pose_021.pdb	
HADDOCK	dockq	0.5532107673970935	3HFM_H	3HFM_Y	haddock_3HFM_H_3HFM_Y_demo	haddock_3HFM_H_3HFM_Y_pose_022	/demo/haddock/3HFM_H_vs_3HFM_Y/haddock_3HFM_H_3HFM_Y_pose_022.pdb	
HADDOCK	dockq	0.5768913447678601	3HFM_H	3HFM_Y	haddock_3HFM_H_3HFM_Y_demo	haddock_3HFM_H_3HFM_Y_pose_023	/demo/haddock/3HFM_H_vs_3HFM_Y/haddock_3HFM_H_3HFM_Y_pose_023.pdb	
HADDOCK	dockq	0.4880334065871387	3HFM_H	3HFM_Y	haddock_3HFM_H_3HFM_Y_demo	haddock_3HFM_H_3HFM_Y_pose_024	/demo/haddock/3HFM_H_vs_3HFM_Y/haddock_3HFM_H_3HFM_Y_pose_024.pdb	
HADDOCK	dockq	0.597113629339993	3HFM_H	3HFM_Y	haddock_3HFM_H_3HFM_Y_demo	haddock_3HFM_H_3HFM_Y_pose_025	/demo/haddock/3HFM_H_vs_3HFM_Y/haddock_3HFM_H_3HFM_Y_pose_025.pdb	
HADDOCK	dockq	0.4966547652835276	3HFM_H	3HFM_Y	haddock_3HFM_H_3HFM_Y_demo	haddock_3HFM_H_3HFM_Y_pose_026	/demo/haddock/3HFM_H_vs_3HFM_Y/haddock_3HFM_H_3HFM_Y_pose_026.pdb	
HADDOCK	dockq	0.5088361677783791	3HFM_H	3HFM_Y	haddock_3HFM_H_3HFM_Y_demo	haddock_3HFM_H_3HFM_Y_pose_027	/demo/haddock/3HFM_H_vs_3HFM_Y/haddock_3HFM_H_3HFM_Y_pose_027.pdb	
HADDOCK	dockq	0.6862642639803341	3HFM_H	3HFM_Y	haddock_3HFM_H_3HFM_Y_demo	haddock_3HFM_H_3HFM_Y_pose_028	/demo/haddock/3HFM_H_vs_3HFM_Y/haddock_3HFM_H_3HFM_Y_pose_028.pdb	
HADDOCK	dockq	0.4459413947487567	3HFM_H	3HFM_Y	haddock_3HFM_H_3HFM_Y_demo	haddock_3HFM_H_3HFM_Y_pose_029	/demo/haddock/3HFM_H_vs_3HFM_Y/haddock_3HFM_H_3HFM_Y_pose_029.pdb	
HADDOCK	dockq	0.308721966907051	3HFM_H	3HFM_Y	haddock_3HFM_H_3HFM_Y_demo	haddock_3HFM_H_3HFM_Y_pose_030	/demo/haddock/3HFM_H_vs_3HFM_Y/haddock_3HFM_H_3HFM_Y_pose_030.pdb	
HADDOCK	dockq	0.7110936995011895	3HFM_H	3HFM_Y	haddock_3HFM_H_3HFM_Y_demo	haddock_3HFM_H_3HFM_Y_pose_031	/demo/haddock/3HFM_H_vs_3HFM_Y/haddock_3HFM_H_3HFM_Y_pose_031.pdb	
HADDOCK	dockq	0.8049327952607004	3HFM_H	3HFM_Y	haddock_3HFM_H_3HFM_Y_demo	haddock_3HFM_H_3HFM_Y_pose_032	/demo/haddock/3HFM_H_vs_3HFM_Y/haddock_3HFM_H_3HFM_Y_pose_032.pdb	
HADDOCK	dockq	0.5094730734550669	3HFM_H	3HFM_Y	haddock_3HFM_H_3HFM_Y_demo	haddock_3HFM_H_3HFM_Y_pose_033	/demo/haddock/3HFM_H_vs_3HFM_Y/haddock_3HFM_H_3HFM_Y_pose_033.pdb	
HADDOCK	dockq	0.3563161959379815	3HFM_H	3HFM_Y	haddock_3HFM_H_3HFM_Y_demo	haddock_3HFM_H_3HFM_Y_pose_034	/demo/haddock/3HFM_H_vs_3HFM_Y/haddock_3HFM_H_3HFM_Y_pose_034.pdb	
HADDOCK	dockq	0.5189516023804057	3HFM_H	3HFM_Y	haddock_3HFM_H_3HFM_Y_demo	haddock_3HFM_H_3HFM_Y_pose_035	/demo/haddock/3HFM_H_vs_3HFM_Y/haddock_3HFM_H_3HFM_Y_pose_035.pdb	
HADDOCK	dockq	0.5213777050159332	3HFM_H	3HFM_Y	haddock_3HFM_H_3HFM_Y_demo	haddock_3HFM_H_3HFM_Y_pose_036	/demo/haddock/3HFM_H_vs_3HFM_Y/haddock_3HFM_H_3HFM_Y_pose_036.pdb	
HADDOCK	dockq	0.5310076158977743	3HFM_H	3HFM_Y	haddock_3HFM_H_3HFM_Y_demo	haddock_3HFM_H_3HFM_Y_pose_037	/demo/haddock/3HFM_H_vs_3HFM_Y/haddock_3HFM_H_3HFM_Y_pose_037.pdb	
HADDOCK	dockq	0.4386611958078152	3HFM_H	3HFM_Y	haddock_3HFM_H_3HFM_Y_demo	haddock_3HFM_H_3HFM_Y_pose_038	/demo/haddock/3HFM_H_vs_3HFM_Y/haddock_3HFM_H_3HFM_Y_pose_038.pdb	
HADDOCK	dockq	0.6079561142476477	3HFM_H	3HFM_Y	haddock_3HFM_H_3HFM_Y_demo	haddock_3HFM_H_3HFM_Y_pose_039	/demo/haddock/3HFM_H_vs_3HFM_Y/haddock_3HFM_H_3HFM_Y_pose_039.pdb	
HADDOCK	dockq	0.6024507375286087	3HFM_H	3HFM_Y	haddock_3HFM_H_3HFM_Y_demo	haddock_3HFM_H_3HFM_Y_pose_040	/demo/haddock/3HFM_H_vs_3HFM_Y/haddock_3HFM_H_3HFM_Y_pose_040.pdb	
HADDOCK	dockq	0.40055943801806937	3HFM_H	3HFM_Y	haddock_3HFM_H_3HFM_Y_demo	haddock_3HFM_H_3HFM_Y_pose_041	/demo/haddock/3HFM_H_vs_3HFM_Y/haddock_3HFM_H_3HFM_Y_pose_041.pdb	
HADDOCK	dockq	0.6199196731694888	3HFM_H	3HFM_Y	haddock_3HFM_H_3HFM_Y_demo	haddock_3HFM_H_3HFM_Y_pose_042	/demo/haddock/3HFM_H_vs_3HFM_Y/haddock_3HFM_H_3HFM_Y_pose_042.pdb	
HADDOCK	dockq	0.7552684981945892	3HFM_H	3HFM_Y	haddock_3HFM_H_3HFM_Y_demo	haddock_3HFM_H_3HFM_Y_pose_043	/demo/haddock/3HFM_H_vs_3HFM_Y/haddock_3HFM_H_3HFM_Y_pose_043.pdb	
HADDOCK	dockq	0.567196033243706	3HFM_H	3HFM_Y	haddock_3HFM_H_3HFM_Y_demo	haddock_3HFM_H_3HFM_Y_pose_044	/demo/haddock/3HFM_H_vs_3HFM_Y/haddock_3HFM_H_3HFM_Y_pose_044.pdb	
HADDOCK	dockq	0.5162674837931495	3HFM_H	3HFM_Y	haddock_3HFM_H_3HFM_Y_demo	haddock_3HFM_H_3HFM_Y_pose_045	/demo/haddock/3HFM_H_vs_3HFM_Y/haddock_3HFM_H_3HFM_Y_pose_045.pdb	
HADDOCK	dockq	0.5357996785592479	3HFM_H	3HFM_Y	haddock_3HFM_H_3HFM_Y_demo	haddock_3HFM_H_3HFM_Y_pose_046	/demo/haddock/3HFM_H_vs_3HFM_Y/haddock_3HFM_H_3HFM_Y_pose_046.pdb	
HADDOCK	dockq	0.6115256766968562	3HFM_H	3HFM_Y	haddock_3HFM_H_3HFM_Y_demo	haddock_3HFM_H_3HFM_Y_pose_047	/demo/haddock/3HFM_H_vs_3HFM_Y/haddock_3HFM_H_3HFM_Y_pose_047.pdb	
HADDOCK	dockq	0.37693283944927825	3HFM_H	3HFM_Y	haddock_3HFM_H_3HFM_Y_demo	haddock_3HFM_H_3HFM_Y_pose_048	/demo/haddock/3HFM_H_vs_3HFM_Y/haddock_3HFM_H_3HFM_Y_pose_048.pdb	
HADDOCK	dockq	0.5664390702977302	3HFM_H	3HFM_Y	haddock_3HFM_H_3HFM_Y_demo	haddock_3HFM_H_3HFM_Y_pose_049	/demo/haddock/3HFM_H_vs_3HFM_Y/haddock_3HFM_H_3HFM_Y_pose_049.pdb	
HADDOCK	dockq	0.510953605053719	3HFM_H	3HFM_Y	haddock_3HFM_H_3HFM_Y_demo	haddock_3HFM_H_3HFM_Y_pose_050	/demo/haddock/3HFM_H_vs_3HFM_Y/haddock_3HFM_H_3HFM_Y_pose_050.pdb	
HADDOCK	fnat	0.6647825012956046	3HFM_H	3HFM_Y	haddock_3HFM_H_3HFM_Y_demo	haddock_3HFM_H_3HFM_Y_pose_001	/demo/haddock/3HFM_H_vs_3HFM_Y/haddock_3HFM_H_3HFM_Y_pose_001.pdb	
HADDOCK	fnat	0.46258272661950417	3HFM_H	3HFM_Y	haddock_3HFM_H_3HFM_Y_demo	haddock_3HFM_H_3HFM_Y_pose_002	/demo/haddock/3HFM_H_vs_3HFM_Y/haddock_3HFM_H_3HFM_Y_pose_002.pdb	
HADDOCK	fnat	0.6467887611119519	3HFM_H	3HFM_Y	haddock_3HFM_H_3HFM_Y_demo	haddock_3HFM_H_3HFM_Y_pose_003	/demo/haddock/3HFM_H_vs_3HFM_Y/haddock_3HFM_H_3HFM_Y_pose_003.pdb	
HADDOCK	fnat	0.36962593022179924	3HFM_H	3HFM_Y	haddock_3HFM_H_3HFM_Y_demo	haddock_3HFM_H_3HFM_Y_pose_004	/demo/haddock/3HFM_H_vs_3HFM_Y/haddock_3HFM_H_3HFM_Y_pose_004.pdb	
HADDOCK	fnat	0.5387259166802792	3HFM_H	3HFM_Y	haddock_3HFM_H_3HFM_Y_demo	haddock_3HFM_H_3HFM_Y_pose_005	/demo/haddock/3HFM_H_vs_3HFM_Y/haddock_3HFM_H_3HFM_Y_pose_005.pdb	
HADDOCK	fnat	0.5119400263791228	3HFM_H	3HFM_Y	haddock_3HFM_H_3HFM_Y_demo	haddock_3HFM_H_3HFM_Y_pose_006	/demo/haddock/3HFM_H_vs_3HFM_Y/haddock_3HFM_H_3HFM_Y_pose_006.pdb	
HADDOCK	fnat	0.3930952752135217	3HFM_H	3HFM_Y	haddock_3HFM_H_3HFM_Y_demo	haddock_3HFM_H_3HFM_Y_pose_007	/demo/haddock/3HFM_H_vs_3HFM_Y/haddock_3HFM_H_3HFM_Y_pose_007.pdb	
HADDOCK	fnat	0.49773961146369405	3HFM_H	3HFM_Y	haddock_3HFM_H_3HFM_Y_demo	haddock_3HFM_H_3HFM_Y_pose_008	/demo/haddock/3HFM_H_vs_3HFM_Y/haddock_3HFM_H_3HFM_Y_pose_008.pdb	
HADDOCK	fnat	0.6012518836831601	3HFM_H	3HFM_Y	haddock_3HFM_H_3HFM_Y_demo	haddock_3HFM_H_3HFM_Y_pose_009	/demo/haddock/3HFM_H_vs_3HFM_Y/haddock_3HFM_H_3HFM_Y_pose_009.pdb	
HADDOCK	fnat	0.4476208295713399	3HFM_H	3HFM_Y	haddock_3HFM_H_3HFM_Y_demo	haddock_3HFM_H_3HFM_Y_pose_010	/demo/haddock/3HFM_H_vs_3HFM_Y/haddock_3HFM_H_3HFM_Y_pose_010.pdb	
HADDOCK	fnat	0.3108037350830236	3HFM_H	3HFM_Y	haddock_3HFM_H_3HFM_Y_demo	haddock_3HFM_H_3HFM_Y_pose_011	/demo/haddock/3HFM_H_vs_3HFM_Y/haddock_3HFM_H_3HFM_Y_pose_011.pdb	
HADDOCK	fnat	0.4782437173522554	3HFM_H	3HFM_Y	haddock_3HFM_H_3HFM_Y_demo	haddock_3HFM_H_3HFM_Y_pose_012	/demo/haddock/3HFM_H_vs_3HFM_Y/haddock_3HFM_H_3HFM_Y_pose_012.pdb	
HADDOCK	fnat	0.3897576905207487	3HFM_H	3HFM_Y	haddock_3HFM_H_3HFM_Y_demo	haddock_3HFM_H_3HFM_Y_pose_013	/demo/haddock/3HFM_H_vs_3HFM_Y/haddock_3HFM_H_3HFM_Y_pose_013.pdb	
HADDOCK	fnat	0.4457659061336117	3HFM_H	3HFM_Y	haddock_3HFM_H_3HFM_Y_demo	haddock_3HFM_H_3HFM_Y_pose_014	/demo/haddock/3HFM_H_vs_3HFM_Y/haddock_3HFM_H_3HFM_Y_pose_014.pdb	
HADDOCK	fnat	0.4718412230314879	3HFM_H	3HFM_Y	haddock_3HFM_H_3HFM_Y_demo	haddock_3HFM_H_3HFM_Y_pose_015	/demo/haddock/3HFM_H_vs_3HFM_Y/haddock_3HFM_H_3HFM_Y_pose_015.pdb	
HADDOCK	fnat	0.30943477839844824	3HFM_H	3HFM_Y	haddock_3HFM_H_3HFM_Y_demo	haddock_3HFM_H_3HFM_Y_pose_016	/demo/haddock/3HFM_H_vs_3HFM_Y/haddock_3HFM_H_3HFM_Y_pose_016.pdb	
HADDOCK	fnat	0.3184341660679322	3HFM_H	3HFM_Y	haddock_3HFM_H_3HFM_Y_demo	haddock_3HFM_H_3HFM_Y_pose_017	/demo/haddock/3HFM_H_vs_3HFM_Y/haddock_3HFM_H_3HFM_Y_pose_017.pdb	
HADDOCK	fnat	0.5282066835525525	3HFM_H	3HFM_Y	haddock_3HFM_H_3HFM_Y_demo	haddock_3HFM_H_3HFM_Y_pose_018	/demo/haddock/3HFM_H_vs_3HFM_Y/haddock_3HFM_H_3HFM_Y_pose_018.pdb	
HADDOCK	fnat	0.4277281303830319	3HFM_H	3HFM_Y	haddock_3HFM_H_3HFM_Y_demo	haddock_3HFM_H_3HFM_Y_pose_019	/demo/haddock/3HFM_H_vs_3HFM_Y/haddock_3HFM_H_3HFM_Y_pose_019.pdb	
HADDOCK	fnat	0.22352556581794325	3HFM_H	3HFM_Y	haddock_3HFM_H_3HFM_Y_demo	haddock_3HFM_H_3HFM_Y_pose_020	/demo/haddock/3HFM_H_vs_3HFM_Y/haddock_3HFM_H_3HFM_Y_pose_020.pdb	
HADDOCK	fnat	0.5584844036608135	3HFM_H	3HFM_Y	haddock_3HFM_H_3HFM_Y_demo	haddock_3HFM_H_3HFM_Y_pose_021	/demo/haddock/3HFM_H_vs_3HFM_Y/haddock_3HFM_H_3HFM_Y_pose_021.pdb	
HADDOCK	fnat	0.507236975527424	3HFM_H	3HFM_Y	haddock_3HFM_H_3HFM_Y_demo	haddock_3HFM_H_3HFM_Y_pose_022	/demo/haddock/3HFM_H_vs_3HFM_Y/haddock_3HFM_H_3HFM_Y_pose_022.pdb	
HADDOCK	fnat	0.4086125175963516	3HFM_H	3HFM_Y	haddock_3HFM_H_3HFM_Y_demo	haddock_3HFM_H_3HFM_Y_pose_023	/demo/haddock/3HFM_H_vs_3HFM_Y/haddock_3HFM_H_3HFM_Y_pose_023.pdb	
HADDOCK	fnat	0.3483169788941758	3HFM_H	3HFM_Y	haddock_3HFM_H_3HFM_Y_demo	haddock_3HFM_H_3HFM_Y_pose_024	/demo/haddock/3HFM_H_vs_3HFM_Y/haddock_3HFM_H_3HFM_Y_pose_024.pdb	
HADDOCK	fnat	0.5635807896314338	3HFM_H	3HFM_Y	haddock_3HFM_H_3HFM_Y_demo	haddock_3HFM_H_3HFM_Y_pose_025	/demo/haddock/3HFM_H_vs_3HFM_Y/haddock_3HFM_H_3HFM_Y_pose_025.pdb	
HADDOCK	fnat	0.5149350622560429	3HFM_H	3HFM_Y	haddock_3HFM_H_3HFM_Y_demo	haddock_3HFM_H_3HFM_Y_pose_026	/demo/haddock/3HFM_H_vs_3HFM_Y/haddock_3HFM_H_3HFM_Y_pose_026.pdb	
HADDOCK	fnat	0.7182602282684073	3HFM_H	3HFM_Y	haddock_3HFM_H_3HFM_Y_demo	haddock_3HFM_H_3HFM_Y_pose_027	/demo/haddock/3HFM_H_vs_3HFM_Y/haddock_3HFM_H_3HFM_Y_pose_027.pdb	
HADDOCK	fnat	0.5220188598724937	3HFM_H	3HFM_Y	haddock_3HFM_H_3HFM_Y_demo	haddock_3HFM_H_3HFM_Y_pose_028	/demo/haddock/3HFM_H_vs_3HFM_Y/haddock_3HFM_H_3HFM_Y_pose_028.pdb	
HADDOCK	fnat	0.5187703141262014	3HFM_H	3HFM_Y	haddock_3HFM_H_3HFM_Y_demo	haddock_3HFM_H_3HFM_Y_pose_029	/demo/haddock/3HFM_H_vs_3HFM_Y/haddock_3HFM_H_3HFM_Y_pose_029.pdb	
HADDOCK	fnat	0.46330720698914346	3HFM_H	3HFM_Y	haddock_3HFM_H_3HFM_Y_demo	haddock_3HFM_H_3HFM_Y_pose_030	/demo/haddock/3HFM_H_vs_3HFM_Y/haddock_3HFM_H_3HFM_Y_pose_030.pdb	
HADDOCK	fnat	0.5616775867200791	3HFM_H	3HFM_Y	haddock_3HFM_H_3HFM_Y_demo	haddock_3HFM_H_3HFM_Y_pose_031	/demo/haddock/3HFM_H_vs_3HFM_Y/haddock_3HFM_H_3HFM_Y_pose_031.pdb	
HADDOCK	fnat	0.5425085201248153	3HFM_H	3HFM_Y	haddock_3HFM_H_3HFM_Y_demo	haddock_3HFM_H_3HFM_Y_pose_032	/demo/haddock/3HFM_H_vs_3HFM_Y/haddock_3HFM_H_3HFM_Y_pose_032.pdb	
HADDOCK	fnat	0.6051725008565195	3HFM_H	3HFM_Y	haddock_3HFM_H_3HFM_Y_demo	haddock_3HFM_H_3HFM_Y_pose_033	/demo/haddock/3HFM_H_vs_3HFM_Y/haddock_3HFM_H_3HFM_Y_pose_033.pdb	
HADDOCK	fnat	0.4278677081362715	3HFM_H	3HFM_Y	haddock_3HFM_H_3HFM_Y_demo	haddock_3HFM_H_3HFM_Y_pose_034	/demo/haddock/3HFM_H_vs_3HFM_Y/haddock_3HFM_H_3HFM_Y_pose_034.pdb	
HADDOCK	fnat	0.43645925270560376	3HFM_H	3HFM_Y	haddock_3HFM_H_3HFM_Y_demo	haddock_3HFM_H_3HFM_Y_pose_035	/demo/haddock/3HFM_H_vs_3HFM_Y/haddock_3HFM_H_3HFM_Y_pose_035.pdb	
HADDOCK	fnat	0.43208968290880195	3HFM_H	3HFM_Y	haddock_3HFM_H_3HFM_Y_demo	haddock_3HFM_H_3HFM_Y_pose_036	/demo/haddock/3HFM_H_vs_3HFM_Y/haddock_3HFM_H_3HFM_Y_pose_036.pdb	
HADDOCK	fnat	0.5590801721178988	3HFM_H	3HFM_Y	haddock_3HFM_H_3HFM_Y_demo	haddock_3HFM_H_3HFM_Y_pose_037	/demo/haddock/3HFM_H_vs_3HFM_Y/haddock_3HFM_H_3HFM_Y_pose_037.pdb	
HADDOCK	fnat	0.6298374440296732	3HFM_H	3HFM_Y	haddock_3HFM_H_3HFM_Y_demo	haddock_3HFM_H_3HFM_Y_pose_038	/demo/haddock/3HFM_H_vs_3HFM_Y/haddock_3HFM_H_3HFM_Y_pose_038.pdb	
HADDOCK	fnat	0.4341159506850699	3HFM_H	3HFM_Y	haddock_3HFM_H_3HFM_Y_demo	haddock_3HFM_H_3HFM_Y_pose_039	/demo/haddock/3HFM_H_vs_3HFM_Y/haddock_3HFM_H_3HFM_Y_pose_039.pdb	
HADDOCK	fnat	0.43752262722069085	3HFM_H	3HFM_Y	haddock_3HFM_H_3HFM_Y_demo	haddock_3HFM_H_3HFM_Y_pose_040	/demo/haddock/3HFM_H_vs_3HFM_Y/haddock_3HFM_H_3HFM_Y_pose_040.pdb	
HADDOCK	fnat	0.51140772238698	3HFM_H	3HFM_Y	haddock_3HFM_H_3HFM_Y_demo	haddock_3HFM_H_3HFM_Y_pose_041	/demo/haddock/3HFM_H_vs_3HFM_Y/haddock_3HFM_H_3HFM_Y_pose_041.pdb	
HADDOCK	fnat	0.45542384999870983	3HFM_H	3HFM_Y	haddock_3HFM_H_3HFM_Y_demo	haddock_3HFM_H_3HFM_Y_pose_042	/demo/haddock/3HFM_H_vs_3HFM_Y/haddock_3HFM_H_3HFM_Y_pose_042.pdb	
HADDOCK	fnat	0.575205365313989	3HFM_H	3HFM_Y	haddock_3HFM_H_3HFM_Y_demo	haddock_3HFM_H_3HFM_Y_pose_043	/demo/haddock/3HFM_H_vs_3HFM_Y/haddock_3HFM_H_3HFM_Y_pose_043.pdb	
HADDOCK	fnat	0.2548222709380953	3HFM_H	3HFM_Y	haddock_3HFM_H_3HFM_Y_demo	haddock_3HFM_H_3HFM_Y_pose_044	/demo/haddock/3HFM_H_vs_3HFM_Y/haddock_3HFM_H_3HFM_Y_pose_044.pdb	
HADDOCK	fnat	0.3973294953083105	3HFM_H	3HFM_Y	haddock_3HFM_H_3HFM_Y_demo	haddock_3HFM_H_3HFM_Y_pose_045	/demo/haddock/3HFM_H_vs_3HFM_Y/haddock_3HFM_H_3HFM_Y_pose_045.pdb	
HADDOCK	fnat	0.4017583666038554	3HFM_H	3HFM_Y	haddock_3HFM_H_3HFM_Y_demo	haddock_3HFM_H_3HFM_Y_pose_046	/demo/haddock/3HFM_H_vs_3HFM_Y/haddock_3HFM_H_3HFM_Y_pose_046.pdb	
HADDOCK	fnat	0.24796439876138548	3HFM_H	3HFM_Y	haddock_3HFM_H_3HFM_Y_demo	haddock_3HFM_H_3HFM_Y_pose_047	/demo/haddock/3HFM_H_vs_3HFM_Y/haddock_3HFM_H_3HFM_Y_pose_047.pdb	
HADDOCK	fnat	0.3836361555631196	3HFM_H	3HFM_Y	haddock_3HFM_H_3HFM_Y_demo	haddock_3HFM_H_3HFM_Y_pose_048	/demo/haddock/3HFM_H_vs_3HFM_Y/haddock_3HFM_H_3HFM_Y_pose_048.pdb	
HADDOCK	fnat	0.38848438841540733	3HFM_H	3HFM_Y	haddock_3HFM_H_3HFM_Y_demo	haddock_3HFM_H_3HFM_Y_pose_049	/demo/haddock/3HFM_H_vs_3HFM_Y/haddock_3HFM_H_3HFM_Y_pose_049.pdb	
HADDOCK	fnat	0.45988953454811693	3HFM_H	3HFM_Y	haddock_3HFM_H_3HFM_Y_demo	haddock_3HFM_H_3HFM_Y_pose_050	/demo/haddock/3HFM_H_vs_3HFM_Y/haddock_3HFM_H_3HFM_Y_pose_050.pdb	
HADDOCK	irmsd	4.612965891660264	3HFM_H	3HFM_Y	haddock_3HFM_H_3HFM_Y_demo	haddock_3HFM_H_3HFM_Y_pose_001	/demo/haddock/3HFM_H_vs_3HFM_Y/haddock_3HFM_H_3HFM_Y_pose_001.pdb	
HADDOCK	irmsd	3.2549393488092977	3HFM_H	3HFM_Y	haddock_3HFM_H_3HFM_Y_demo	haddock_3HFM_H_3HFM_Y_pose_002	/demo/haddock/3HFM_H_vs_3HFM_Y/haddock_3HFM_H_3HFM_Y_pose_002.pdb	
HADDOCK	irmsd	2.469186279728846	3HFM_H	3HFM_Y	haddock_3HFM_H_3HFM_Y_demo	haddock_3HFM_H_3HFM_Y_pose_003	/demo/haddock/3HFM_H_vs_3HFM_Y/haddock_3HFM_H_3HFM_Y_pose_003.pdb	
HADDOCK	irmsd	3.443045458786471	3HFM_H	3HFM_Y	haddock_3HFM_H_3HFM_Y_demo	haddock_3HFM_H_3HFM_Y_pose_004	/demo/haddock/3HFM_H_vs_3HFM_Y/haddock_3HFM_H_3HFM_Y_pose_004.pdb	
HADDOCK	irmsd	4.54917362144135	3HFM_H	3HFM_Y	haddock_3HFM_H_3HFM_Y_demo	haddock_3HFM_H_3HFM_Y_pose_005	/demo/haddock/3HFM_H_vs_3HFM_Y/haddock_3HFM_H_3HFM_Y_pose_005.pdb	
HADDOCK	irmsd	2.524041183885095	3HFM_H	3HFM_Y	haddock_3HFM_H_3HFM_Y_demo	haddock_3HFM_H_3HFM_Y_pose_006	/demo/haddock/3HFM_H_vs_3HFM_Y/haddock_3HFM_H_3HFM_Y_pose_006.pdb	
HADDOCK	irmsd	2.5894251160785515	3HFM_H	3HFM_Y	haddock_3HFM_H_3HFM_Y_demo	haddock_3HFM_H_3HFM_Y_pose_007	/demo/haddock/3HFM_H_vs_3HFM_Y/haddock_3HFM_H_3HFM_Y_pose_007.pdb	
HADDOCK	irmsd	4.058548959274224	3HFM_H	3HFM_Y	haddock_3HFM_H_3HFM_Y_demo	haddock_3HFM_H_3HFM_Y_pose_008	/demo/haddock/3HFM_H_vs_3HFM_Y/haddock_3HFM_H_3HFM_Y_pose_008.pdb	
HADDOCK	irmsd	3.2784638842691995	3HFM_H	3HFM_Y	haddock_3HFM_H_3HFM_Y_demo	haddock_3HFM_H_3HFM_Y_pose_009	/demo/haddock/3HFM_H_vs_3HFM_Y/haddock_3HFM_H_3HFM_Y_pose_009.pdb	
HADDOCK	irmsd	4.147484690709474	3HFM_H	3HFM_Y	haddock_3HFM_H_3HFM_Y_demo	haddock_3HFM_H_3HFM_Y_pose_010	/demo/haddock/3HFM_H_vs_3HFM_Y/haddock_3HFM_H_3HFM_Y_pose_010.pdb	
HADDOCK	irmsd	3.486353208204703	3HFM_H	3HFM_Y	haddock_3HFM_H_3HFM_Y_demo	haddock_3HFM_H_3HFM_Y_pose_011	/demo/haddock/3HFM_H_vs_3HFM_Y/haddock_3HFM_H_3HFM_Y_pose_011.pdb	
HADDOCK	irmsd	4.201663648089567	3HFM_H	3HFM_Y	haddock_3HFM_H_3HFM_Y_demo	haddock_3HFM_H_3HFM_Y_pose_012	/demo/haddock/3HFM_H_vs_3HFM_Y/haddock_3HFM_H_3HFM_Y_pose_012.pdb	
HADDOCK	irmsd	2.464921885959359	3HFM_H	3HFM_Y	haddock_3HFM_H_3HFM_Y_demo	haddock_3HFM_H_3HFM_Y_pose_013	/demo/haddock/3HFM_H_vs_3HFM_Y/haddock_3HFM_H_3HFM_Y_pose_013.pdb	
HADDOCK	irmsd	3.4879153492117325	3HFM_H	3HFM_Y	haddock_3HFM_H_3HFM_Y_demo	haddock_3HFM_H_3HFM_Y_pose_014	/demo/haddock/3HFM_H_vs_3HFM_Y/haddock_3HFM_H_3HFM_Y_pose_014.pdb	
HADDOCK	irmsd	3.289309985636843	3HFM_H	3HFM_Y	haddock_3HFM_H_3HFM_Y_demo	haddock_3HFM_H_3HFM_Y_pose_015	/demo/haddock/3HFM_H_vs_3HFM_Y/haddock_3HFM_H_3HFM_Y_pose_015.pdb	
HADDOCK	irmsd	2.284109075895869	3HFM_H	3HFM_Y	haddock_3HFM_H_3HFM_Y_demo	haddock_3HFM_H_3HFM_Y_pose_016	/demo/haddock/3HFM_H_vs_3HFM_Y/haddock_3HFM_H_3HFM_Y_pose_016.pdb	
HADDOCK	irmsd	1.9365220521313116	3HFM_H	3HFM_Y	haddock_3HFM_H_3HFM_Y_demo	haddock_3HFM_H_3HFM_Y_pose_017	/demo/haddock/3HFM_H_vs_3HFM_Y/haddock_3HFM_H_3HFM_Y_pose_017.pdb	
HADDOCK	irmsd	4.185749035274662	3HFM_H	3HFM_Y	haddock_3HFM_H_3HFM_Y_demo	haddock_3HFM_H_3HFM_Y_pose_018	/demo/haddock/3HFM_H_vs_3HFM_Y/haddock_3HFM_H_3HFM_Y_pose_018.pdb	
HADDOCK	irmsd	3.149047617782022	3HFM_H	3HFM_Y	haddock_3HFM_H_3HFM_Y_demo	haddock_3HFM_H_3HFM_Y_pose_019	/demo/haddock/3HFM_H_vs_3HFM_Y/haddock_3HFM_H_3HFM_Y_pose_019.pdb	
HADDOCK	irmsd	2.4777197183526702	3HFM_H	3HFM_Y	haddock_3HFM_H_3HFM_Y_demo	haddock_3HFM_H_3HFM_Y_pose_020	/demo/haddock/3HFM_H_vs_3HFM_Y/haddock_3HFM_H_3HFM_Y_pose_020.pdb	
HADDOCK	irmsd	3.4038210630766677	3HFM_H	3HFM_Y	haddock_3HFM_H_3HFM_Y_demo	haddock_3HFM_H_3HFM_Y_pose_021	/demo/haddock/3HFM_H_vs_3HFM_Y/haddock_3HFM_H_3HFM_Y_pose_021.pdb	
HADDOCK	irmsd	4.628018857349303	3HFM_H	3HFM_Y	haddock_3HFM_H_3HFM_Y_demo	haddock_3HFM_H_3HFM_Y_pose_022	/demo/haddock/3HFM_H_vs_3HFM_Y/haddock_3HFM_H_3HFM_Y_pose_022.pdb	
HADDOCK	irmsd	1.219262154628077	3HFM_H	3HFM_Y	haddock_3HFM_H_3HFM_Y_demo	haddock_3HFM_H_3HFM_Y_pose_023	/demo/haddock/3HFM_H_vs_3HFM_Y/haddock_3HFM_H_3HFM_Y_pose_023.pdb	
HADDOCK	irmsd	2.0033613100966736	3HFM_H	3HFM_Y	haddock_3HFM_H_3HFM_Y_demo	haddock_3HFM_H_3HFM_Y_pose_024	/demo/haddock/3HFM_H_vs_3HFM_Y/haddock_3HFM_H_3HFM_Y_pose_024.pdb	
HADDOCK	irmsd	2.5771135581047324	3HFM_H	3HFM_Y	haddock_3HFM_H_3HFM_Y_demo	haddock_3HFM_H_3HFM_Y_pose_025	/demo/haddock/3HFM_H_vs_3HFM_Y/haddock_3HFM_H_3HFM_Y_pose_025.pdb	
HADDOCK	irmsd	4.961178866720329	3HFM_H	3HFM_Y	haddock_3HFM_H_3HFM_Y_demo	haddock_3HFM_H_3HFM_Y_pose_026	/demo/haddock/3HFM_H_vs_3HFM_Y/haddock_3HFM_H_3HFM_Y_pose_026.pdb	
HADDOCK	irmsd	3.7825869829192964	3HFM_H	3HFM_Y	haddock_3HFM_H_3HFM_Y_demo	haddock_3HFM_H_3HFM_Y_pose_027	/demo/haddock/3HFM_H_vs_3HFM_Y/haddock_3HFM_H_3HFM_Y_pose_027.pdb	
HADDOCK	irmsd	4.267317240461227	3HFM_H	3HFM_Y	haddock_3HFM_H_3HFM_Y_demo	haddock_3HFM_H_3HFM_Y_pose_028	/demo/haddock/3HFM_H_vs_3HFM_Y/haddock_3HFM_H_3HFM_Y_pose_028.pdb	
HADDOCK	irmsd	2.3598390808737695	3HFM_H	3HFM_Y	haddock_3HFM_H_3HFM_Y_demo	haddock_3HFM_H_3HFM_Y_pose_029	/demo/haddock/3HFM_H_vs_3HFM_Y/haddock_3HFM_H_3HFM_Y_pose_029.pdb	
HADDOCK	irmsd	2.3804641247294738	3HFM_H	3HFM_Y	haddock_3HFM_H_3HFM_Y_demo	haddock_3HFM_H_3HFM_Y_pose_030	/demo/haddock/3HFM_H_vs_3HFM_Y/haddock_3HFM_H_3HFM_Y_pose_030.pdb	
HADDOCK	irmsd	3.9478137167227105	3HFM_H	3HFM_Y	haddock_3HFM_H_3HFM_Y_demo	haddock_3HFM_H_3HFM_Y_pose_031	/demo/haddock/3HFM_H_vs_3HFM_Y/haddock_3HFM_H_3HFM_Y_pose_031.pdb	
HADDOCK	irmsd	3.5582743309354465	3HFM_H	3HFM_Y	haddock_3HFM_H_3HFM_Y_demo	haddock_3HFM_H_3HFM_Y_pose_032	/demo/haddock/3HFM_H_vs_3HFM_Y/haddock_3HFM_H_3HFM_Y_pose_032.pdb	
HADDOCK	irmsd	4.048738818864127	3HFM_H	3HFM_Y	haddock_3HFM_H_3HFM_Y_demo	haddock_3HFM_H_3HFM_Y_pose_033	/demo/haddock/3HFM_H_vs_3HFM_Y/haddock_3HFM_H_3HFM_Y_pose_033.pdb	
HADDOCK	irmsd	3.312329009071548	3HFM_H	3HFM_Y	haddock_3HFM_H_3HFM_Y_demo	haddock_3HFM_H_3HFM_Y_pose_034	/demo/haddock/3HFM_H_vs_3HFM_Y/haddock_3HFM_H_3HFM_Y_pose_034.pdb	
HADDOCK	irmsd	3.778143726454627	3HFM_H	3HFM_Y	haddock_3HFM_H_3HFM_Y_demo	haddock_3HFM_H_3HFM_Y_pose_035	/demo/haddock/3HFM_H_vs_3HFM_Y/haddock_3HFM_H_3HFM_Y_pose_035.pdb	
HADDOCK	irmsd	3.6581190849051093	3HFM_H	3HFM_Y	haddock_3HFM_H_3HFM_Y_demo	haddock_3HFM_H_3HFM_Y_pose_036	/demo/haddock/3HFM_H_vs_3HFM_Y/haddock_3HFM_H_3HFM_Y_pose_036.pdb	
HADDOCK	irmsd	4.277767389084925	3HFM_H	3HFM_Y	haddock_3HFM_H_3HFM_Y_demo	haddock_3HFM_H_3HFM_Y_pose_037	/demo/haddock/3HFM_H_vs_3HFM_Y/haddock_3HFM_H_3HFM_Y_pose_037.pdb	
HADDOCK	irmsd	4.307008281944471	3HFM_H	3HFM_Y	haddock_3HFM_H_3HFM_Y_demo	haddock_3HFM_H_3HFM_Y_pose_038	/demo/haddock/3HFM_H_vs_3HFM_Y/haddock_3HFM_H_3HFM_Y_pose_038.pdb	
HADDOCK	irmsd	1.8801280056082301	3HFM_H	3HFM_Y	haddock_3HFM_H_3HFM_Y_demo	haddock_3HFM_H_3HFM_Y_pose_039	/demo/haddock/3HFM_H_vs_3HFM_Y/haddock_3HFM_H_3HFM_Y_pose_039.pdb	
HADDOCK	irmsd	1.2527314446591444	3HFM_H	3HFM_Y	haddock_3HFM_H_3HFM_Y_demo	haddock_3HFM_H_3HFM_Y_pose_040	/demo/haddock/3HFM_H_vs_3HFM_Y/haddock_3HFM_H_3HFM_Y_pose_040.pdb	
HADDOCK	irmsd	4.501745397651507	3HFM_H	3HFM_Y	haddock_3HFM_H_3HFM_Y_demo	haddock_3HFM_H_3HFM_Y_pose_041	/demo/haddock/3HFM_H_vs_3HFM_Y/haddock_3HFM_H_3HFM_Y_pose_041.pdb	
HADDOCK	irmsd	4.687725093261936	3HFM_H	3HFM_Y	haddock_3HFM_H_3HFM_Y_demo	haddock_3HFM_H_3HFM_Y_pose_042	/demo/haddock/3HFM_H_vs_3HFM_Y/haddock_3HFM_H_3HFM_Y_pose_042.pdb	
HADDOCK	irmsd	2.4793769804866628	3HFM_H	3HFM_Y	haddock_3HFM_H_3HFM_Y_demo	haddock_3HFM_H_3HFM_Y_pose_043	/demo/haddock/3HFM_H_vs_3HFM_Y/haddock_3HFM_H_3HFM_Y_pose_043.pdb	
HADDOCK	irmsd	1.6401645934543714	3HFM_H	3HFM_Y	haddock_3HFM_H_3HFM_Y_demo	haddock_3HFM_H_3HFM_Y_pose_044	/demo/haddock/3HFM_H_vs_3HFM_Y/haddock_3HFM_H_3HFM_Y_pose_044.pdb	
HADDOCK	irmsd	3.599034821007201	3HFM_H	3HFM_Y	haddock_3HFM_H_3HFM_Y_demo	haddock_3HFM_H_3HFM_Y_pose_045	/demo/haddock/3HFM_H_vs_3HFM_Y/haddock_3HFM_H_3HFM_Y_pose_045.pdb	
HADDOCK	irmsd	4.430838226350529	3HFM_H	3HFM_Y	haddock_3HFM_H_3HFM_Y_demo	haddock_3HFM_H_3HFM_Y_pose_046	/demo/haddock/3HFM_H_vs_3HFM_Y/haddock_3HFM_H_3HFM_Y_pose_046.pdb	
HADDOCK	irmsd	5.297594522434315	3HFM_H	3HFM_Y	haddock_3HFM_H_3HFM_Y_demo	haddock_3HFM_H_3HFM_Y_pose_047	/demo/haddock/3HFM_H_vs_3HFM_Y/haddock_3HFM_H_3HFM_Y_pose_047.pdb	
HADDOCK	irmsd	4.016297572101451	3HFM_H	3HFM_Y	haddock_3HFM_H_3HFM_Y_demo	haddock_3HFM_H_3HFM_Y_pose_048	/demo/haddock/3HFM_H_vs_3HFM_Y/haddock_3HFM_H_3HFM_Y_pose_048.pdb	
HADDOCK	irmsd	3.128283303414305	3HFM_H	3HFM_Y	haddock_3HFM_H_3HFM_Y_demo	haddock_3HFM_H_3HFM_Y_pose_049	/demo/haddock/3HFM_H_vs_3HFM_Y/haddock_3HFM_H_3HFM_Y_pose_049.pdb	
HADDOCK	irmsd	2.606869378415137	3HFM_H	3HFM_Y	haddock_3HFM_H_3HFM_Y_demo	haddock_3HFM_H_3HFM_Y_pose_050	/demo/haddock/3HFM_H_vs_3HFM_Y/haddock_3HFM_H_3HFM_Y_pose_050.pdb	
HADDOCK	lrmsd	7.022902583341309	3HFM_H	3HFM_Y	haddock_3HFM_H_3HFM_Y_demo	haddock_3HFM_H_3HFM_Y_pose_001	/demo/haddock/3HFM_H_vs_3HFM_Y/haddock_3HFM_H_3HFM_Y_pose_001.pdb	
HADDOCK	lrmsd	6.401470592229487	3HFM_H	3HFM_Y	haddock_3HFM_H_3HFM_Y_demo	haddock_3HFM_H_3HFM_Y_pose_002	/demo/haddock/3HFM_H_vs_3HFM_Y/haddock_3HFM_H_3HFM_Y_pose_002.pdb	
HADDOCK	lrmsd	4.969864188542368	3HFM_H	3HFM_Y	haddock_3HFM_H_3HFM_Y_demo	haddock_3HFM_H_3HFM_Y_pose_003	/demo/haddock/3HFM_H_vs_3HFM_Y/haddock_3HFM_H_3HFM_Y_pose_003.pdb	
HADDOCK	lrmsd	11.097511301726573	3HFM_H	3HFM_Y	haddock_3HFM_H_3HFM_Y_demo	haddock_3HFM_H_3HFM_Y_pose_004	/demo/haddock/3HFM_H_vs_3HFM_Y/haddock_3HFM_H_3HFM_Y_pose_004.pdb	
HADDOCK	lrmsd	10.570336804144262	3HFM_H	3HFM_Y	haddock_3HFM_H_3HFM_Y_demo	haddock_3HFM_H_3HFM_Y_pose_005	/demo/haddock/3HFM_H_vs_3HFM_Y/haddock_3HFM_H_3HFM_Y_pose_005.pdb	
HADDOCK	lrmsd	9.272097367110856	3HFM_H	3HFM_Y	haddock_3HFM_H_3HFM_Y_demo	haddock_3HFM_H_3HFM_Y_pose_006	/demo/haddock/3HFM_H_vs_3HFM_Y/haddock_3HFM_H_3HFM_Y_pose_006.pdb	
HADDOCK	lrmsd	5.158299204381745	3HFM_H	3HFM_Y	haddock_3HFM_H_3HFM_Y_demo	haddock_3HFM_H_3HFM_Y_pose_007	/demo/haddock/3HFM_H_vs_3HFM_Y/haddock_3HFM_H_3HFM_Y_pose_007.pdb	
HADDOCK	lrmsd	8.710038648594558	3HFM_H	3HFM_Y	haddock_3HFM_H_3HFM_Y_demo	haddock_3HFM_H_3HFM_Y_pose_008	/demo/haddock/3HFM_H_vs_3HFM_Y/haddock_3HFM_H_3HFM_Y_pose_008.pdb	
HADDOCK	lrmsd	8.279252818995804	3HFM_H	3HFM_Y	haddock_3HFM_H_3HFM_Y_demo	haddock_3HFM_H_3HFM_Y_pose_009	/demo/haddock/3HFM_H_vs_3HFM_Y/haddock_3HFM_H_3HFM_Y_pose_009.pdb	
HADDOCK	lrmsd	7.885091248408106	3HFM_H	3HFM_Y	haddock_3HFM_H_3HFM_Y_demo	haddock_3HFM_H_3HFM_Y_pose_010	/demo/haddock/3HFM_H_vs_3HFM_Y/haddock_3HFM_H_3HFM_Y_pose_010.pdb	
HADDOCK	lrmsd	9.499330534087555	3HFM_H	3HFM_Y	haddock_3HFM_H_3HFM_Y_demo	haddock_3HFM_H_3HFM_Y_pose_011	/demo/haddock/3HFM_H_vs_3HFM_Y/haddock_3HFM_H_3HFM_Y_pose_011.pdb	
HADDOCK	lrmsd	8.270742285722555	3HFM_H	3HFM_Y	haddock_3HFM_H_3HFM_Y_demo	haddock_3HFM_H_3HFM_Y_pose_012	/demo/haddock/3HFM_H_vs_3HFM_Y/haddock_3HFM_H_3HFM_Y_pose_012.pdb	
HADDOCK	lrmsd	8.480028472608671	3HFM_H	3HFM_Y	haddock_3HFM_H_3HFM_Y_demo	haddock_3HFM_H_3HFM_Y_pose_013	/demo/haddock/3HFM_H_vs_3HFM_Y/haddock_3HFM_H_3HFM_Y_pose_013.pdb	
HADDOCK	lrmsd	8.27381256674442	3HFM_H	3HFM_Y	haddock_3HFM_H_3HFM_Y_demo	haddock_3HFM_H_3HFM_Y_pose_014	/demo/haddock/3HFM_H_vs_3HFM_Y/haddock_3HFM_H_3HFM_Y_pose_014.pdb	
HADDOCK	lrmsd	7.6815828160042114	3HFM_H	3HFM_Y	haddock_3HFM_H_3HFM_Y_demo	haddock_3HFM_H_3HFM_Y_pose_015	/demo/haddock/3HFM_H_vs_3HFM_Y/haddock_3HFM_H_3HFM_Y_pose_015.pdb	
HADDOCK	lrmsd	3.432777740571633	3HFM_H	3HFM_Y	haddock_3HFM_H_3HFM_Y_demo	haddock_3HFM_H_3HFM_Y_pose_016	/demo/haddock/3HFM_H_vs_3HFM_Y/haddock_3HFM_H_3HFM_Y_pose_016.pdb	
HADDOCK	lrmsd	7.167242154821114	3HFM_H	3HFM_Y	haddock_3HFM_H_3HFM_Y_demo	haddock_3HFM_H_3HFM_Y_pose_017	/demo/haddock/3HFM_H_vs_3HFM_Y/haddock_3HFM_H_3HFM_Y_pose_017.pdb	
HADDOCK	lrmsd	5.88761608230175	3HFM_H	3HFM_Y	haddock_3HFM_H_3HFM_Y_demo	haddock_3HFM_H_3HFM_Y_pose_018	/demo/haddock/3HFM_H_vs_3HFM_Y/haddock_3HFM_H_3HFM_Y_pose_018.pdb	
HADDOCK	lrmsd	4.440318084719959	3HFM_H	3HFM_Y	haddock_3HFM_H_3HFM_Y_demo	haddock_3HFM_H_3HFM_Y_pose_019	/demo/haddock/3HFM_H_vs_3HFM_Y/haddock_3HFM_H_3HFM_Y_pose_019.pdb	
HADDOCK	lrmsd	10.363633238601647	3HFM_H	3HFM_Y	haddock_3HFM_H_3HFM_Y_demo	haddock_3HFM_H_3HFM_Y_pose_020	/demo/haddock/3HFM_H_vs_3HFM_Y/haddock_3HFM_H_3HFM_Y_pose_020.pdb	
HADDOCK	lrmsd	10.457990681771406	3HFM_H	3HFM_Y	haddock_3HFM_H_3HFM_Y_demo	haddock_3HFM_H_3HFM_Y_pose_021	/demo/haddock/3HFM_H_vs_3HFM_Y/haddock_3HFM_H_3HFM_Y_pose_021.pdb	
HADDOCK	lrmsd	9.718441200591224	3HFM_H	3HFM_Y	haddock_3HFM_H_3HFM_Y_demo	haddock_3HFM_H_3HFM_Y_pose_022	/demo/haddock/3HFM_H_vs_3HFM_Y/haddock_3HFM_H_3HFM_Y_pose_022.pdb	
HADDOCK	lrmsd	7.510426833711749	3HFM_H	3HFM_Y	haddock_3HFM_H_3HFM_Y_demo	haddock_3HFM_H_3HFM_Y_pose_023	/demo/haddock/3HFM_H_vs_3HFM_Y/haddock_3HFM_H_3HFM_Y_pose_023.pdb	
HADDOCK	lrmsd	9.701250241905313	3HFM_H	3HFM_Y	haddock_3HFM_H_3HFM_Y_demo	haddock_3HFM_H_3HFM_Y_pose_024	/demo/haddock/3HFM_H_vs_3HFM_Y/haddock_3HFM_H_3HFM_Y_pose_024.pdb	
HADDOCK	lrmsd	7.024106361203651	3HFM_H	3HFM_Y	haddock_3HFM_H_3HFM_Y_demo	haddock_3HFM_H_3HFM_Y_pose_025	/demo/haddock/3HFM_H_vs_3HFM_Y/haddock_3HFM_H_3HFM_Y_pose_025.pdb	
HADDOCK	lrmsd	7.4055945537955585	3HFM_H	3HFM_Y	haddock_3HFM_H_3HFM_Y_demo	haddock_3HFM_H_3HFM_Y_pose_026	/demo/haddock/3HFM_H_vs_3HFM_Y/haddock_3HFM_H_3HFM_Y_pose_026.pdb	
HADDOCK	lrmsd	4.813057259076034	3HFM_H	3HFM_Y	haddock_3HFM_H_3HFM_Y_demo	haddock_3HFM_H_3HFM_Y_pose_027	/demo/haddock/3HFM_H_vs_3HFM_Y/haddock_3HFM_H_3HFM_Y_pose_027.pdb	
HADDOCK	lrmsd	7.7939826089976805	3HFM_H	3HFM_Y	haddock_3HFM_H_3HFM_Y_demo	haddock_3HFM_H_3HFM_Y_pose_028	/demo/haddock/3HFM_H_vs_3HFM_Y/haddock_3HFM_H_3HFM_Y_pose_028.pdb	
HADDOCK	lrmsd	7.120771856848834	3HFM_H	3HFM_Y	haddock_3HFM_H_3HFM_Y_demo	haddock_3HFM_H_3HFM_Y_pose_029	/demo/haddock/3HFM_H_vs_3HFM_Y/haddock_3HFM_H_3HFM_Y_pose_029.pdb	
HADDOCK	lrmsd	4.394695766331071	3HFM_H	3HFM_Y	haddock_3HFM_H_3HFM_Y_demo	haddock_3HFM_H_3HFM_Y_pose_030	/demo/haddock/3HFM_H_vs_3HFM_Y/haddock_3HFM_H_3HFM_Y_pose_030.pdb	
HADDOCK	lrmsd	6.897605776366806	3HFM_H	3HFM_Y	haddock_3HFM_H_3HFM_Y_demo	haddock_3HFM_H_3HFM_Y_pose_031	/demo/haddock/3HFM_H_vs_3HFM_Y/haddock_3HFM_H_3HFM_Y_pose_031.pdb	
HADDOCK	lrmsd	6.840540872286383	3HFM_H	3HFM_Y	haddock_3HFM_H_3HFM_Y_demo	haddock_3HFM_H_3HFM_Y_pose_032	/demo/haddock/3HFM_H_vs_3HFM_Y/haddock_3HFM_H_3HFM_Y_pose_032.pdb	
HADDOCK	lrmsd	10.59512233328928	3HFM_H	3HFM_Y	haddock_3HFM_H_3HFM_Y_demo	haddock_3HFM_H_3HFM_Y_pose_033	/demo/haddock/3HFM_H_vs_3HFM_Y/haddock_3HFM_H_3HFM_Y_pose_033.pdb	
HADDOCK	lrmsd	8.788426657026818	3HFM_H	3HFM_Y	haddock_3HFM_H_3HFM_Y_demo	haddock_3HFM_H_3HFM_Y_pose_034	/demo/haddock/3HFM_H_vs_3HFM_Y/haddock_3HFM_H_3HFM_Y_pose_034.pdb	
HADDOCK	lrmsd	7.022890878182932	3HFM_H	3HFM_Y	haddock_3HFM_H_3HFM_Y_demo	haddock_3HFM_H_3HFM_Y_pose_035	/demo/haddock/3HFM_H_vs_3HFM_Y/haddock_3HFM_H_3HFM_Y_pose_035.pdb	
HADDOCK	lrmsd	7.497574619602166	3HFM_H	3HFM_Y	haddock_3HFM_H_3HFM_Y_demo	haddock_3HFM_H_3HFM_Y_pose_036	/demo/haddock/3HFM_H_vs_3HFM_Y/haddock_3HFM_H_3HFM_Y_pose_036.pdb	
HADDOCK	lrmsd	7.088424756208396	3HFM_H	3HFM_Y	haddock_3HFM_H_3HFM_Y_demo	haddock_3HFM_H_3HFM_Y_pose_037	/demo/haddock/3HFM_H_vs_3HFM_Y/haddock_3HFM_H_3HFM_Y_pose_037.pdb	
HADDOCK	lrmsd	6.594172030408904	3HFM_H	3HFM_Y	haddock_3HFM_H_3HFM_Y_demo	haddock_3HFM_H_3HFM_Y_pose_038	/demo/haddock/3HFM_H_vs_3HFM_Y/haddock_3HFM_H_3HFM_Y_pose_038.pdb	
HADDOCK	lrmsd	4.835145605223426	3HFM_H	3HFM_Y	haddock_3HFM_H_3HFM_Y_demo	haddock_3HFM_H_3HFM_Y_pose_039	/demo/haddock/3HFM_H_vs_3HFM_Y/haddock_3HFM_H_3HFM_Y_pose_039.pdb	
HADDOCK	lrmsd	6.697896244786142	3HFM_H	3HFM_Y	haddock_3HFM_H_3HFM_Y_demo	haddock_3HFM_H_3HFM_Y_pose_040	/demo/haddock/3HFM_H_vs_3HFM_Y/haddock_3HFM_H_3HFM_Y_pose_040.pdb	
HADDOCK	lrmsd	5.507803486694973	3HFM_H	3HFM_Y	haddock_3HFM_H_3HFM_Y_demo	haddock_3HFM_H_3HFM_Y_pose_041	/demo/haddock/3HFM_H_vs_3HFM_Y/haddock_3HFM_H_3HFM_Y_pose_041.pdb	
HADDOCK	lrmsd	4.499368922153707	3HFM_H	3HFM_Y	haddock_3HFM_H_3HFM_Y_demo	haddock_3HFM_H_3HFM_Y_pose_042	/demo/haddock/3HFM_H_vs_3HFM_Y/haddock_3HFM_H_3HFM_Y_pose_042.pdb	
HADDOCK	lrmsd	8.022443629095068	3HFM_H	3HFM_Y	haddock_3HFM_H_3HFM_Y_demo	haddock_3HFM_H_3HFM_Y_pose_043	/demo/haddock/3HFM_H_vs_3HFM_Y/haddock_3HFM_H_3HFM_Y_pose_043.pdb	
HADDOCK	lrmsd	7.78252931986647	3HFM_H	3HFM_Y	haddock_3HFM_H_3HFM_Y_demo	haddock_3HFM_H_3HFM_Y_pose_044	/demo/haddock/3HFM_H_vs_3HFM_Y/haddock_3HFM_H_3HFM_Y_pose_044.pdb	
HADDOCK	lrmsd	3.426584977263844	3HFM_H	3HFM_Y	haddock_3HFM_H_3HFM_Y_demo	haddock_3HFM_H_3HFM_Y_pose_045	/demo/haddock/3HFM_H_vs_3HFM_Y/haddock_3HFM_H_3HFM_Y_pose_045.pdb	
HADDOCK	lrmsd	6.754630725009745	3HFM_H	3HFM_Y	haddock_3HFM_H_3HFM_Y_demo	haddock_3HFM_H_3HFM_Y_pose_046	/demo/haddock/3HFM_H_vs_3HFM_Y/haddock_3HFM_H_3HFM_Y_pose_046.pdb	
HADDOCK	lrmsd	8.991402771799848	3HFM_H	3HFM_Y	haddock_3HFM_H_3HFM_Y_demo	haddock_3HFM_H_3HFM_Y_pose_047	/demo/haddock/3HFM_H_vs_3HFM_Y/haddock_3HFM_H_3HFM_Y_pose_047.pdb	
HADDOCK	lrmsd	9.118447477792643	3HFM_H	3HFM_Y	haddock_3HFM_H_3HFM_Y_demo	haddock_3HFM_H_3HFM_Y_pose_048	/demo/haddock/3HFM_H_vs_3HFM_Y/haddock_3HFM_H_3HFM_Y_pose_048.pdb	
HADDOCK	lrmsd	9.051673685770478	3HFM_H	3HFM_Y	haddock_3HFM_H_3HFM_Y_demo	haddock_3HFM_H_3HFM_Y_pose_049	/demo/haddock/3HFM_H_vs_3HFM_Y/haddock_3HFM_H_3HFM_Y_pose_049.pdb	
HADDOCK	lrmsd	7.07782641380292	3HFM_H	3HFM_Y	haddock_3HFM_H_3HFM_Y_demo	haddock_3HFM_H_3HFM_Y_pose_050	/demo/haddock/3HFM_H_vs_3HFM_Y/haddock_3HFM_H_3HFM_Y_pose_050.pdb	
LightDock	dockq	0.39859456064370186	3HFM_H	3HFM_Y	lightdock_3HFM_H_3HFM_Y_demo	lightdock_3HFM_H_3HFM_Y_pose_001	/demo/lightdock/3HFM_H_vs_3HFM_Y/lightdock_3HFM_H_3HFM_Y_pose_001.pdb	
LightDock	dockq	0.36995614071703276	3HFM_H	3HFM_Y	lightdock_3HFM_H_3HFM_Y_demo	lightdock_3HFM_H_3HFM_Y_pose_002	/demo/lightdock/3HFM_H_vs_3HFM_Y/lightdock_3HFM_H_3HFM_Y_pose_002.pdb	
LightDock	dockq	0.5413525885700429	3HFM_H	3HFM_Y	lightdock_3HFM_H_3HFM_Y_demo	lightdock_3HFM_H_3HFM_Y_pose_003	/demo/lightdock/3HFM_H_vs_3HFM_Y/lightdock_3HFM_H_3HFM_Y_pose_003.pdb	
LightDock	dockq	0.5455136041238196	3HFM_H	3HFM_Y	lightdock_3HFM_H_3HFM_Y_demo	lightdock_3HFM_H_3HFM_Y_pose_004	/demo/lightdock/3HFM_H_vs_3HFM_Y/lightdock_3HFM_H_3HFM_Y_pose_004.pdb	
LightDock	dockq	0.6544797333926078	3HFM_H	3HFM_Y	lightdock_3HFM_H_3HFM_Y_demo	lightdock_3HFM_H_3HFM_Y_pose_005	/demo/lightdock/3HFM_H_vs_3HFM_Y/lightdock_3HFM_H_3HFM_Y_pose_005.pdb	
LightDock	dockq	0.63199755804105	3HFM_H	3HFM_Y	lightdock_3HFM_H_3HFM_Y_demo	lightdock_3HFM_H_3HFM_Y_pose_006	/demo/lightdock/3HFM_H_vs_3HFM_Y/lightdock_3HFM_H_3HFM_Y_pose_006.pdb	
LightDock	dockq	0.48413256121625936	3HFM_H	3HFM_Y	lightdock_3HFM_H_3HFM_Y_demo	lightdock_3HFM_H_3HFM_Y_pose_007	/demo/lightdock/3HFM_H_vs_3HFM_Y/lightdock_3HFM_H_3HFM_Y_pose_007.pdb	
LightDock	dockq	0.3506952945366957	3HFM_H	3HFM_Y	lightdock_3HFM_H_3HFM_Y_demo	lightdock_3HFM_H_3HFM_Y_pose_008	/demo/lightdock/3HFM_H_vs_3HFM_Y/lightdock_3HFM_H_3HFM_Y_pose_008.pdb	
LightDock	dockq	0.4617072083586923	3HFM_H	3HFM_Y	lightdock_3HFM_H_3HFM_Y_demo	lightdock_3HFM_H_3HFM_Y_pose_009	/demo/lightdock/3HFM_H_vs_3HFM_Y/lightdock_3HFM_H_3HFM_Y_pose_009.pdb	
LightDock	dockq	0.5260677433772629	3HFM_H	3HFM_Y	lightdock_3HFM_H_3HFM_Y_demo	lightdock_3HFM_H_3HFM_Y_pose_010	/demo/lightdock/3HFM_H_vs_3HFM_Y/lightdock_3HFM_H_3HFM_Y_pose_010.pdb	
LightDock	dockq	0.4757500105532715	3HFM_H	3HFM_Y	lightdock_3HFM_H_3HFM_Y_demo	lightdock_3HFM_H_3HFM_Y_pose_011	/demo/lightdock/3HFM_H_vs_3HFM_Y/lightdock_3HFM_H_3HFM_Y_pose_011.pdb	
LightDock	dockq	0.4306527070306813	3HFM_H	3HFM_Y	lightdock_3HFM_H_3HFM_Y_demo	lightdock_3HFM_H_3HFM_Y_pose_012	/demo/lightdock/3HFM_H_vs_3HFM_Y/lightdock_3HFM_H_3HFM_Y_pose_012.pdb	
LightDock	dockq	0.5303461777963878	3HFM_H	3HFM_Y	lightdock_3HFM_H_3HFM_Y_demo	lightdock_3HFM_H_3HFM_Y_pose_013	/demo/lightdock/3HFM_H_vs_3HFM_Y/lightdock_3HFM_H_3HFM_Y_pose_013.pdb	
LightDock	dockq	0.43952507103072674	3HFM_H	3HFM_Y	lightdock_3HFM_H_3HFM_Y_demo	lightdock_3HFM_H_3HFM_Y_pose_014	/demo/lightdock/3HFM_H_vs_3HFM_Y/lightdock_3HFM_H_3HFM_Y_pose_014.pdb	
LightDock	dockq	0.4246320699529551	3HFM_H	3HFM_Y	lightdock_3HFM_H_3HFM_Y_demo	lightdock_3HFM_H_3HFM_Y_pose_015	/demo/lightdock/3HFM_H_vs_3HFM_Y/lightdock_3HFM_H_3HFM_Y_pose_015.pdb	
LightDock	dockq	0.5373743401164127	3HFM_H	3HFM_Y	lightdock_3HFM_H_3HFM_Y_demo	lightdock_3HFM_H_3HFM_Y_pose_016	/demo/lightdock/3HFM_H_vs_3HFM_Y/lightdock_3HFM_H_3HFM_Y_pose_016.pdb	
LightDock	dockq	0.4517608903844954	3HFM_H	3HFM_Y	lightdock_3HFM_H_3HFM_Y_demo	lightdock_3HFM_H_3HFM_Y_pose_017	/demo/lightdock/3HFM_H_vs_3HFM_Y/lightdock_3HFM_H_3HFM_Y_pose_017.pdb	
LightDock	dockq	0.5292925266774022	3HFM_H	3HFM_Y	lightdock_3HFM_H_3HFM_Y_demo	lightdock_3HFM_H_3HFM_Y_pose_018	/demo/lightdock/3HFM_H_vs_3HFM_Y/lightdock_3HFM_H_3HFM_Y_pose_018.pdb	
LightDock	dockq	0.5327844827422548	3HFM_H	3HFM_Y	lightdock_3HFM_H_3HFM_Y_demo	lightdock_3HFM_H_3HFM_Y_pose_019	/demo/lightdock/3HFM_H_vs_3HFM_Y/lightdock_3HFM_H_3HFM_Y_pose_019.pdb	
LightDock	dockq	0.36326851986901104	3HFM_H	3HFM_Y	lightdock_3HFM_H_3HFM_Y_demo	lightdock_3HFM_H_3HFM_Y_pose_020	/demo/lightdock/3HFM_H_vs_3HFM_Y/lightdock_3HFM_H_3HFM_Y_pose_020.pdb	
LightDock	dockq	0.44225106513615053	3HFM_H	3HFM_Y	lightdock_3HFM_H_3HFM_Y_demo	lightdock_3HFM_H_3HFM_Y_pose_021	/demo/lightdock/3HFM_H_vs_3HFM_Y/lightdock_3HFM_H_3HFM_Y_pose_021.pdb	
LightDock	dockq	0.6725332327899755	3HFM_H	3HFM_Y	lightdock_3HFM_H_3HFM_Y_demo	lightdock_3HFM_H_3HFM_Y_pose_022	/demo/lightdock/3HFM_H_vs_3HFM_Y/lightdock_3HFM_H_3HFM_Y_pose_022.pdb	
LightDock	dockq	0.36055045847188555	3HFM_H	3HFM_Y	lightdock_3HFM_H_3HFM_Y_demo	lightdock_3HFM_H_3HFM_Y_pose_023	/demo/lightdock/3HFM_H_vs_3HFM_Y/lightdock_3HFM_H_3HFM_Y_pose_023.pdb	
LightDock	dockq	0.2460014661235363	3HFM_H	3HFM_Y	lightdock_3HFM_H_3HFM_Y_demo	lightdock_3HFM_H_3HFM_Y_pose_024	/demo/lightdock/3HFM_H_vs_3HFM_Y/lightdock_3HFM_H_3HFM_Y_pose_024.pdb	
LightDock	dockq	0.27657858161089866	3HFM_H	3HFM_Y	lightdock_3HFM_H_3HFM_Y_demo	lightdock_3HFM_H_3HFM_Y_pose_025	/demo/lightdock/3HFM_H_vs_3HFM_Y/lightdock_3HFM_H_3HFM_Y_pose_025.pdb	
LightDock	dockq	0.5034931935892003	3HFM_H	3HFM_Y	lightdock_3HFM_H_3HFM_Y_demo	lightdock_3HFM_H_3HFM_Y_pose_026	/demo/lightdock/3HFM_H_vs_3HFM_Y/lightdock_3HFM_H_3HFM_Y_pose_026.pdb	
LightDock	dockq	0.5037100733639238	3HFM_H	3HFM_Y	lightdock_3HFM_H_3HFM_Y_demo	lightdock_3HFM_H_3HFM_Y_pose_027	/demo/lightdock/3HFM_H_vs_3HFM_Y/lightdock_3HFM_H_3HFM_Y_pose_027.pdb	
LightDock	dockq	0.4858866973489855	3HFM_H	3HFM_Y	lightdock_3HFM_H_3HFM_Y_demo	lightdock_3HFM_H_3HFM_Y_pose_028	/demo/lightdock/3HFM_H_vs_3HFM_Y/lightdock_3HFM_H_3HFM_Y_pose_028.pdb	
LightDock	dockq	0.6457027794714202	3HFM_H	3HFM_Y	lightdock_3HFM_H_3HFM_Y_demo	lightdock_3HFM_H_3HFM_Y_pose_029	/demo/lightdock/3HFM_H_vs_3HFM_Y/lightdock_3HFM_H_3HFM_Y_pose_029.pdb	
LightDock	dockq	0.17925986802764748	3HFM_H	3HFM_Y	lightdock_3HFM_H_3HFM_Y_demo	lightdock_3HFM_H_3HFM_Y_pose_030	/demo/lightdock/3HFM_H_vs_3HFM_Y/lightdock_3HFM_H_3HFM_Y_pose_030.pdb	
LightDock	dockq	0.5475120649316988	3HFM_H	3HFM_Y	lightdock_3HFM_H_3HFM_Y_demo	lightdock_3HFM_H_3HFM_Y_pose_031	/demo/lightdock/3HFM_H_vs_3HFM_Y/lightdock_3HFM_H_3HFM_Y_pose_031.pdb	
LightDock	dockq	0.6873725842164288	3HFM_H	3HFM_Y	lightdock_3HFM_H_3HFM_Y_demo	lightdock_3HFM_H_3HFM_Y_pose_032	/demo/lightdock/3HFM_H_vs_3HFM_Y/lightdock_3HFM_H_3HFM_Y_pose_032.pdb	
LightDock	dockq	0.36466630821299434	3HFM_H	3HFM_Y	lightdock_3HFM_H_3HFM_Y_demo	lightdock_3HFM_H_3HFM_Y_pose_033	/demo/lightdock/3HFM_H_vs_3HFM_Y/lightdock_3HFM_H_3HFM_Y_pose_033.pdb	
LightDock	dockq	0.4544232185852126	3HFM_H	3HFM_Y	lightdock_3HFM_H_3HFM_Y_demo	lightdock_3HFM_H_3HFM_Y_pose_034	/demo/lightdock/3HFM_H_vs_3HFM_Y/lightdock_3HFM_H_3HFM_Y_pose_034.pdb	
LightDock	dockq	0.4096529699325655	3HFM_H	3HFM_Y	lightdock_3HFM_H_3HFM_Y_demo	lightdock_3HFM_H_3HFM_Y_pose_035	/demo/lightdock/3HFM_H_vs_3HFM_Y/lightdock_3HFM_H_3HFM_Y_pose_035.pdb	
LightDock	dockq	0.39267847447069654	3HFM_H	3HFM_Y	lightdock_3HFM_H_3HFM_Y_demo	lightdock_3HFM_H_3HFM_Y_pose_036	/demo/lightdock/3HFM_H_vs_3HFM_Y/lightdock_3HFM_H_3HFM_Y_pose_036.pdb	
LightDock	dockq	0.4608485593972352	3HFM_H	3HFM_Y	lightdock_3HFM_H_3HFM_Y_demo	lightdock_3HFM_H_3HFM_Y_pose_037	/demo/lightdock/3HFM_H_vs_3HFM_Y/lightdock_3HFM_H_3HFM_Y_pose_037.pdb	
LightDock	dockq	0.6712982340421405	3HFM_H	3HFM_Y	lightdock_3HFM_H_3HFM_Y_demo	lightdock_3HFM_H_3HFM_Y_pose_038	/demo/lightdock/3HFM_H_vs_3HFM_Y/lightdock_3HFM_H_3HFM_Y_pose_038.pdb	
LightDock	dockq	0.7204864010585024	3HFM_H	3HFM_Y	lightdock_3HFM_H_3HFM_Y_demo	lightdock_3HFM_H_3HFM_Y_pose_039	/demo/lightdock/3HFM_H_vs_3HFM_Y/lightdock_3HFM_H_3HFM_Y_pose_039.pdb	
LightDock	dockq	0.4596872929951823	3HFM_H	3HFM_Y	lightdock_3HFM_H_3HFM_Y_demo	lightdock_3HFM_H_3HFM_Y_pose_040	/demo/lightdock/3HFM_H_vs_3HFM_Y/lightdock_3HFM_H_3HFM_Y_pose_040.pdb	
LightDock	dockq	0.7286072256877364	3HFM_H	3HFM_Y	lightdock_3HFM_H_3HFM_Y_demo	lightdock_3HFM_H_3HFM_Y_pose_041	/demo/lightdock/3HFM_H_vs_3HFM_Y/lightdock_3HFM_H_3HFM_Y_pose_041.pdb	
LightDock	dockq	0.504269177238155	3HFM_H	3HFM_Y	lightdock_3HFM_H_3HFM_Y_demo	lightdock_3HFM_H_3HFM_Y_pose_042	/demo/lightdock/3HFM_H_vs_3HFM_Y/lightdock_3HFM_H_3HFM_Y_pose_042.pdb	
LightDock	dockq	0.7104429232041297	3HFM_H	3HFM_Y	lightdock_3HFM_H_3HFM_Y_demo	lightdock_3HFM_H_3HFM_Y_pose_043	/demo/lightdock/3HFM_H_vs_3HFM_Y/lightdock_3HFM_H_3HFM_Y_pose_043.pdb	
LightDock	dockq	0.488804162041581	3HFM_H	3HFM_Y	lightdock_3HFM_H_3HFM_Y_demo	lightdock_3HFM_H_3HFM_Y_pose_044	/demo/lightdock/3HFM_H_vs_3HFM_Y/lightdock_3HFM_H_3HFM_Y_pose_044.pdb	
LightDock	dockq	0.5157269391255374	3HFM_H	3HFM_Y	lightdock_3HFM_H_3HFM_Y_demo	lightdock_3HFM_H_3HFM_Y_pose_045	/demo/lightdock/3HFM_H_vs_3HFM_Y/lightdock_3HFM_H_3HFM_Y_pose_045.pdb	
LightDock	dockq	0.5438569367171402	3HFM_H	3HFM_Y	lightdock_3HFM_H_3HFM_Y_demo	lightdock_3HFM_H_3HFM_Y_pose_046	/demo/lightdock/3HFM_H_vs_3HFM_Y/lightdock_3HFM_H_3HFM_Y_pose_046.pdb	
LightDock	dockq	0.8814624415241042	3HFM_H	3HFM_Y	lightdock_3HFM_H_3HFM_Y_demo	lightdock_3HFM_H_3HFM_Y_pose_047	/demo/lightdock/3HFM_H_vs_3HFM_Y/lightdock_3HFM_H_3HFM_Y_pose_047.pdb	
LightDock	dockq	0.6021542689813747	3HFM_H	3HFM_Y	lightdock_3HFM_H_3HFM_Y_demo	lightdock_3HFM_H_3HFM_Y_pose_048	/demo/lightdock/3HFM_H_vs_3HFM_Y/lightdock_3HFM_H_3HFM_Y_pose_048.pdb	
LightDock	dockq	0.4151282564058244	3HFM_H	3HFM_Y	lightdock_3HFM_H_3HFM_Y_demo	lightdock_3HFM_H_3HFM_Y_pose_049	/demo/lightdock/3HFM_H_vs_3HFM_Y/lightdock_3HFM_H_3HFM_Y_pose_049.pdb	
LightDock	dockq	0.616279744433103	3HFM_H	3HFM_Y	lightdock_3HFM_H_3HFM_Y_demo	lightdock_3HFM_H_3HFM_Y_pose_050	/demo/lightdock/3HFM_H_vs_3HFM_Y/lightdock_3HFM_H_3HFM_Y_pose_050.pdb	
LightDock	fnat	0.356580095549879	3HFM_H	3HFM_Y	lightdock_3HFM_H_3HFM_Y_demo	lightdock_3HFM_H_3HFM_Y_pose_001	/demo/lightdock/3HFM_H_vs_3HFM_Y/lightdock_3HFM_H_3HFM_Y_pose_001.pdb	
LightDock	fnat	0.34122997805185495	3HFM_H	3HFM_Y	lightdock_3HFM_H_3HFM_Y_demo	lightdock_3HFM_H_3HFM_Y_pose_002	/demo/lightdock/3HFM_H_vs_3HFM_Y/lightdock_3HFM_H_3HFM_Y_pose_002.pdb	
LightDock	fnat	0.5090321631870534	3HFM_H	3HFM_Y	lightdock_3HFM_H_3HFM_Y_demo	lightdock_3HFM_H_3HFM_Y_pose_003	/demo/lightdock/3HFM_H_vs_3HFM_Y/lightdock_3HFM_H_3HFM_Y_pose_003.pdb	
LightDock	fnat	0.40373027053253835	3HFM_H	3HFM_Y	lightdock_3HFM_H_3HFM_Y_demo	lightdock_3HFM_H_3HFM_Y_pose_004	/demo/lightdock/3HFM_H_vs_3HFM_Y/lightdock_3HFM_H_3HFM_Y_pose_004.pdb	
LightDock	fnat	0.43342910974141674	3HFM_H	3HFM_Y	lightdock_3HFM_H_3HFM_Y_demo	lightdock_3HFM_H_3HFM_Y_pose_005	/demo/lightdock/3HFM_H_vs_3HFM_Y/lightdock_3HFM_H_3HFM_Y_pose_005.pdb	
LightDock	fnat	0.4016782266238351	3HFM_H	3HFM_Y	lightdock_3HFM_H_3HFM_Y_demo	lightdock_3HFM_H_3HFM_Y_pose_006	/demo/lightdock/3HFM_H_vs_3HFM_Y/lightdock_3HFM_H_3HFM_Y_pose_006.pdb	
LightDock	fnat	0.4403899751926522	3HFM_H	3HFM_Y	lightdock_3HFM_H_3HFM_Y_demo	lightdock_3HFM_H_3HFM_Y_pose_007	/demo/lightdock/3HFM_H_vs_3HFM_Y/lightdock_3HFM_H_3HFM_Y_pose_007.pdb	
LightDock	fnat	0.45099590769233794	3HFM_H	3HFM_Y	lightdock_3HFM_H_3HFM_Y_demo	lightdock_3HFM_H_3HFM_Y_pose_008	/demo/lightdock/3HFM_H_vs_3HFM_Y/lightdock_3HFM_H_3HFM_Y_pose_008.pdb	
LightDock	fnat	0.1675639680753502	3HFM_H	3HFM_Y	lightdock_3HFM_H_3HFM_Y_demo	lightdock_3HFM_H_3HFM_Y_pose_009	/demo/lightdock/3HFM_H_vs_3HFM_Y/lightdock_3HFM_H_3HFM_Y_pose_009.pdb	
LightDock	fnat	0.47998872023314404	3HFM_H	3HFM_Y	lightdock_3HFM_H_3HFM_Y_demo	lightdock_3HFM_H_3HFM_Y_pose_010	/demo/lightdock/3HFM_H_vs_3HFM_Y/lightdock_3HFM_H_3HFM_Y_pose_010.pdb	
LightDock	fnat	0.2821576696203639	3HFM_H	3HFM_Y	lightdock_3HFM_H_3HFM_Y_demo	lightdock_3HFM_H_3HFM_Y_pose_011	/demo/lightdock/3HFM_H_vs_3HFM_Y/lightdock_3HFM_H_3HFM_Y_pose_011.pdb	
LightDock	fnat	0.22692410373287067	3HFM_H	3HFM_Y	lightdock_3HFM_H_3HFM_Y_demo	lightdock_3HFM_H_3HFM_Y_pose_012	/demo/lightdock/3HFM_H_vs_3HFM_Y/lightdock_3HFM_H_3HFM_Y_pose_012.pdb	
LightDock	fnat	0.3929906507369581	3HFM_H	3HFM_Y	lightdock_3HFM_H_3HFM_Y_demo	lightdock_3HFM_H_3HFM_Y_pose_013	/demo/lightdock/3HFM_H_vs_3HFM_Y/lightdock_3HFM_H_3HFM_Y_pose_013.pdb	
LightDock	fnat	0.41007772039773455	3HFM_H	3HFM_Y	lightdock_3HFM_H_3HFM_Y_demo	lightdock_3HFM_H_3HFM_Y_pose_014	/demo/lightdock/3HFM_H_vs_3HFM_Y/lightdock_3HFM_H_3HFM_Y_pose_014.pdb	
LightDock	fnat	0.3167792602513263	3HFM_H	3HFM_Y	lightdock_3HFM_H_3HFM_Y_demo	lightdock_3HFM_H_3HFM_Y_pose_015	/demo/lightdock/3HFM_H_vs_3HFM_Y/lightdock_3HFM_H_3HFM_Y_pose_015.pdb	
LightDock	fnat	0.49972382292015693	3HFM_H	3HFM_Y	lightdock_3HFM_H_3HFM_Y_demo	lightdock_3HFM_H_3HFM_Y_pose_016	/demo/lightdock/3HFM_H_vs_3HFM_Y/lightdock_3HFM_H_3HFM_Y_pose_016.pdb	
LightDock	fnat	0.2389389800354912	3HFM_H	3HFM_Y	lightdock_3HFM_H_3HFM_Y_demo	lightdock_3HFM_H_3HFM_Y_pose_017	/demo/lightdock/3HFM_H_vs_3HFM_Y/lightdock_3HFM_H_3HFM_Y_pose_017.pdb	
LightDock	fnat	0.3511667501472929	3HFM_H	3HFM_Y	lightdock_3HFM_H_3HFM_Y_demo	lightdock_3HFM_H_3HFM_Y_pose_018	/demo/lightdock/3HFM_H_vs_3HFM_Y/lightdock_3HFM_H_3HFM_Y_pose_018.pdb	
LightDock	fnat	0.3298151038080399	3HFM_H	3HFM_Y	lightdock_3HFM_H_3HFM_Y_demo	lightdock_3HFM_H_3HFM_Y_pose_019	/demo/lightdock/3HFM_H_vs_3HFM_Y/lightdock_3HFM_H_3HFM_Y_pose_019.pdb	
LightDock	fnat	0.39440952755927927	3HFM_H	3HFM_Y	lightdock_3HFM_H_3HFM_Y_demo	lightdock_3HFM_H_3HFM_Y_pose_020	/demo/lightdock/3HFM_H_vs_3HFM_Y/lightdock_3HFM_H_3HFM_Y_pose_020.pdb	
LightDock	fnat	0.43346371415766866	3HFM_H	3HFM_Y	lightdock_3HFM_H_3HFM_Y_demo	lightdock_3HFM_H_3HFM_Y_pose_021	/demo/lightdock/3HFM_H_vs_3HFM_Y/lightdock_3HFM_H_3HFM_Y_pose_021.pdb	
LightDock	fnat	0.27905284604517466	3HFM_H	3HFM_Y	lightdock_3HFM_H_3HFM_Y_demo	lightdock_3HFM_H_3HFM_Y_pose_022	/demo/lightdock/3HFM_H_vs_3HFM_Y/lightdock_3HFM_H_3HFM_Y_pose_022.pdb	
LightDock	fnat	0.4869139212947474	3HFM_H	3HFM_Y	lightdock_3HFM_H_3HFM_Y_demo	lightdock_3HFM_H_3HFM_Y_pose_023	/demo/lightdock/3HFM_H_vs_3HFM_Y/lightdock_3HFM_H_3HFM_Y_pose_023.pdb	
LightDock	fnat	0.407560284200164	3HFM_H	3HFM_Y	lightdock_3HFM_H_3HFM_Y_demo	lightdock_3HFM_H_3HFM_Y_pose_024	/demo/lightdock/3HFM_H_vs_3HFM_Y/lightdock_3HFM_H_3HFM_Y_pose_024.pdb	
LightDock	fnat	0.17296644960257077	3HFM_H	3HFM_Y	lightdock_3HFM_H_3HFM_Y_demo	lightdock_3HFM_H_3HFM_Y_pose_025	/demo/lightdock/3HFM_H_vs_3HFM_Y/lightdock_3HFM_H_3HFM_Y_pose_025.pdb	
LightDock	fnat	0.1649690271523563	3HFM_H	3HFM_Y	lightdock_3HFM_H_3HFM_Y_demo	lightdock_3HFM_H_3HFM_Y_pose_026	/demo/lightdock/3HFM_H_vs_3HFM_Y/lightdock_3HFM_H_3HFM_Y_pose_026.pdb	
LightDock	fnat	0.39852168484848266	3HFM_H	3HFM_Y	lightdock_3HFM_H_3HFM_Y_demo	lightdock_3HFM_H_3HFM_Y_pose_027	/demo/lightdock/3HFM_H_vs_3HFM_Y/lightdock_3HFM_H_3HFM_Y_pose_027.pdb	
LightDock	fnat	0.37348392186563756	3HFM_H	3HFM_Y	lightdock_3HFM_H_3HFM_Y_demo	lightdock_3HFM_H_3HFM_Y_pose_028	/demo/lightdock/3HFM_H_vs_3HFM_Y/lightdock_3HFM_H_3HFM_Y_pose_028.pdb	
LightDock	fnat	0.387589586371044	3HFM_H	3HFM_Y	lightdock_3HFM_H_3HFM_Y_demo	lightdock_3HFM_H_3HFM_Y_pose_029	/demo/lightdock/3HFM_H_vs_3HFM_Y/lightdock_3HFM_H_3HFM_Y_pose_029.pdb	
LightDock	fnat	0.3966421052163739	3HFM_H	3HFM_Y	lightdock_3HFM_H_3HFM_Y_demo	lightdock_3HFM_H_3HFM_Y_pose_030	/demo/lightdock/3HFM_H_vs_3HFM_Y/lightdock_3HFM_H_3HFM_Y_pose_030.pdb	
LightDock	fnat	0.4270671807412217	3HFM_H	3HFM_Y	lightdock_3HFM_H_3HFM_Y_demo	lightdock_3HFM_H_3HFM_Y_pose_031	/demo/lightdock/3HFM_H_vs_3HFM_Y/lightdock_3HFM_H_3HFM_Y_pose_031.pdb	
LightDock	fnat	0.513717953181796	3HFM_H	3HFM_Y	lightdock_3HFM_H_3HFM_Y_demo	lightdock_3HFM_H_3HFM_Y_pose_032	/demo/lightdock/3HFM_H_vs_3HFM_Y/lightdock_3HFM_H_3HFM_Y_pose_032.pdb	
LightDock	fnat	0.26666741188989307	3HFM_H	3HFM_Y	lightdock_3HFM_H_3HFM_Y_demo	lightdock_3HFM_H_3HFM_Y_pose_033	/demo/lightdock/3HFM_H_vs_3HFM_Y/lightdock_3HFM_H_3HFM_Y_pose_033.pdb	
LightDock	fnat	0.2593634088519047	3HFM_H	3HFM_Y	lightdock_3HFM_H_3HFM_Y_demo	lightdock_3HFM_H_3HFM_Y_pose_034	/demo/lightdock/3HFM_H_vs_3HFM_Y/lightdock_3HFM_H_3HFM_Y_pose_034.pdb	
LightDock	fnat	0.26880113705351416	3HFM_H	3HFM_Y	lightdock_3HFM_H_3HFM_Y_demo	lightdock_3HFM_H_3HFM_Y_pose_035	/demo/lightdock/3HFM_H_vs_3HFM_Y/lightdock_3HFM_H_3HFM_Y_pose_035.pdb	
LightDock	fnat	0.43467000006024487	3HFM_H	3HFM_Y	lightdock_3HFM_H_3HFM_Y_demo	lightdock_3HFM_H_3HFM_Y_pose_036	/demo/lightdock/3HFM_H_vs_3HFM_Y/lightdock_3HFM_H_3HFM_Y_pose_036.pdb	
LightDock	fnat	0.5493936854375735	3HFM_H	3HFM_Y	lightdock_3HFM_H_3HFM_Y_demo	lightdock_3HFM_H_3HFM_Y_pose_037	/demo/lightdock/3HFM_H_vs_3HFM_Y/lightdock_3HFM_H_3HFM_Y_pose_037.pdb	
LightDock	fnat	0.34823926741125877	3HFM_H	3HFM_Y	lightdock_3HFM_H_3HFM_Y_demo	lightdock_3HFM_H_3HFM_Y_pose_038	/demo/lightdock/3HFM_H_vs_3HFM_Y/lightdock_3HFM_H_3HFM_Y_pose_038.pdb	
LightDock	fnat	0.09979601870084148	3HFM_H	3HFM_Y	lightdock_3HFM_H_3HFM_Y_demo	lightdock_3HFM_H_3HFM_Y_pose_039	/demo/lightdock/3HFM_H_vs_3HFM_Y/lightdock_3HFM_H_3HFM_Y_pose_039.pdb	
LightDock	fnat	0.19552085648675496	3HFM_H	3HFM_Y	lightdock_3HFM_H_3HFM_Y_demo	lightdock_3HFM_H_3HFM_Y_pose_040	/demo/lightdock/3HFM_H_vs_3HFM_Y/lightdock_3HFM_H_3HFM_Y_pose_040.pdb	
LightDock	fnat	0.30003559326447865	3HFM_H	3HFM_Y	lightdock_3HFM_H_3HFM_Y_demo	lightdock_3HFM_H_3HFM_Y_pose_041	/demo/lightdock/3HFM_H_vs_3HFM_Y/lightdock_3HFM_H_3HFM_Y_pose_041.pdb	
LightDock	fnat	0.33307253350057425	3HFM_H	3HFM_Y	lightdock_3HFM_H_3HFM_Y_demo	lightdock_3HFM_H_3HFM_Y_pose_042	/demo/lightdock/3HFM_H_vs_3HFM_Y/lightdock_3HFM_H_3HFM_Y_pose_042.pdb	
LightDock	fnat	0.3509933647294329	3HFM_H	3HFM_Y	lightdock_3HFM_H_3HFM_Y_demo	lightdock_3HFM_H_3HFM_Y_pose_043	/demo/lightdock/3HFM_H_vs_3HFM_Y/lightdock_3HFM_H_3HFM_Y_pose_043.pdb	
LightDock	fnat	0.4046297347577101	3HFM_H	3HFM_Y	lightdock_3HFM_H_3HFM_Y_demo	lightdock_3HFM_H_3HFM_Y_pose_044	/demo/lightdock/3HFM_H_vs_3HFM_Y/lightdock_3HFM_H_3HFM_Y_pose_044.pdb	
LightDock	fnat	0.3625904403013064	3HFM_H	3HFM_Y	lightdock_3HFM_H_3HFM_Y_demo	lightdock_3HFM_H_3HFM_Y_pose_045	/demo/lightdock/3HFM_H_vs_3HFM_Y/lightdock_3HFM_H_3HFM_Y_pose_045.pdb	
LightDock	fnat	0.5259207532652088	3HFM_H	3HFM_Y	lightdock_3HFM_H_3HFM_Y_demo	lightdock_3HFM_H_3HFM_Y_pose_046	/demo/lightdock/3HFM_H_vs_3HFM_Y/lightdock_3HFM_H_3HFM_Y_pose_046.pdb	
LightDock	fnat	0.3188779233182358	3HFM_H	3HFM_Y	lightdock_3HFM_H_3HFM_Y_demo	lightdock_3HFM_H_3HFM_Y_pose_047	/demo/lightdock/3HFM_H_vs_3HFM_Y/lightdock_3HFM_H_3HFM_Y_pose_047.pdb	
LightDock	fnat	0.29652184486293487	3HFM_H	3HFM_Y	lightdock_3HFM_H_3HFM_Y_demo	lightdock_3HFM_H_3HFM_Y_pose_048	/demo/lightdock/3HFM_H_vs_3HFM_Y/lightdock_3HFM_H_3HFM_Y_pose_048.pdb	
LightDock	fnat	0.4574650646224554	3HFM_H	3HFM_Y	lightdock_3HFM_H_3HFM_Y_demo	lightdock_3HFM_H_3HFM_Y_pose_049	/demo/lightdock/3HFM_H_vs_3HFM_Y/lightdock_3HFM_H_3HFM_Y_pose_049.pdb	
LightDock	fnat	0.2157229516088657	3HFM_H	3HFM_Y	lightdock_3HFM_H_3HFM_Y_demo	lightdock_3HFM_H_3HFM_Y_pose_050	/demo/lightdock/3HFM_H_vs_3HFM_Y/lightdock_3HFM_H_3HFM_Y_pose_050.pdb	
LightDock	irmsd	4.506599216916003	3HFM_H	3HFM_Y	lightdock_3HFM_H_3HFM_Y_demo	lightdock_3HFM_H_3HFM_Y_pose_001	/demo/lightdock/3HFM_H_vs_3HFM_Y/lightdock_3HFM_H_3HFM_Y_pose_001.pdb	
LightDock	irmsd	4.133319138844147	3HFM_H	3HFM_Y	lightdock_3HFM_H_3HFM_Y_demo	lightdock_3HFM_H_3HFM_Y_pose_002	/demo/lightdock/3HFM_H_vs_3HFM_Y/lightdock_3HFM_H_3HFM_Y_pose_002.pdb	
LightDock	irmsd	3.8083247631063823	3HFM_H	3HFM_Y	lightdock_3HFM_H_3HFM_Y_demo	lightdock_3HFM_H_3HFM_Y_pose_003	/demo/lightdock/3HFM_H_vs_3HFM_Y/lightdock_3HFM_H_3HFM_Y_pose_003.pdb	
LightDock	irmsd	6.064758939294041	3HFM_H	3HFM_Y	lightdock_3HFM_H_3HFM_Y_demo	lightdock_3HFM_H_3HFM_Y_pose_004	/demo/lightdock/3HFM_H_vs_3HFM_Y/lightdock_3HFM_H_3HFM_Y_pose_004.pdb	
LightDock	irmsd	3.1911303211168667	3HFM_H	3HFM_Y	lightdock_3HFM_H_3HFM_Y_demo	lightdock_3HFM_H_3HFM_Y_pose_005	/demo/lightdock/3HFM_H_vs_3HFM_Y/lightdock_3HFM_H_3HFM_Y_pose_005.pdb	
LightDock	irmsd	6.678387621681302	3HFM_H	3HFM_Y	lightdock_3HFM_H_3HFM_Y_demo	lightdock_3HFM_H_3HFM_Y_pose_006	/demo/lightdock/3HFM_H_vs_3HFM_Y/lightdock_3HFM_H_3HFM_Y_pose_006.pdb	
LightDock	irmsd	3.706939116003471	3HFM_H	3HFM_Y	lightdock_3HFM_H_3HFM_Y_demo	lightdock_3HFM_H_3HFM_Y_pose_007	/demo/lightdock/3HFM_H_vs_3HFM_Y/lightdock_3HFM_H_3HFM_Y_pose_007.pdb	
LightDock	irmsd	2.3398786215387033	3HFM_H	3HFM_Y	lightdock_3HFM_H_3HFM_Y_demo	lightdock_3HFM_H_3HFM_Y_pose_008	/demo/lightdock/3HFM_H_vs_3HFM_Y/lightdock_3HFM_H_3HFM_Y_pose_008.pdb	
LightDock	irmsd	4.090895455293273	3HFM_H	3HFM_Y	lightdock_3HFM_H_3HFM_Y_demo	lightdock_3HFM_H_3HFM_Y_pose_009	/demo/lightdock/3HFM_H_vs_3HFM_Y/lightdock_3HFM_H_3HFM_Y_pose_009.pdb	
LightDock	irmsd	2.6008812395856014	3HFM_H	3HFM_Y	lightdock_3HFM_H_3HFM_Y_demo	lightdock_3HFM_H_3HFM_Y_pose_010	/demo/lightdock/3HFM_H_vs_3HFM_Y/lightdock_3HFM_H_3HFM_Y_pose_010.pdb	
LightDock	irmsd	3.0227173978424497	3HFM_H	3HFM_Y	lightdock_3HFM_H_3HFM_Y_demo	lightdock_3HFM_H_3HFM_Y_pose_011	/demo/lightdock/3HFM_H_vs_3HFM_Y/lightdock_3HFM_H_3HFM_Y_pose_011.pdb	
LightDock	irmsd	4.516143290020138	3HFM_H	3HFM_Y	lightdock_3HFM_H_3HFM_Y_demo	lightdock_3HFM_H_3HFM_Y_pose_012	/demo/lightdock/3HFM_H_vs_3HFM_Y/lightdock_3HFM_H_3HFM_Y_pose_012.pdb	
LightDock	irmsd	4.722256715245162	3HFM_H	3HFM_Y	lightdock_3HFM_H_3HFM_Y_demo	lightdock_3HFM_H_3HFM_Y_pose_013	/demo/lightdock/3HFM_H_vs_3HFM_Y/lightdock_3HFM_H_3HFM_Y_pose_013.pdb	
LightDock	irmsd	3.1911819896694644	3HFM_H	3HFM_Y	lightdock_3HFM_H_3HFM_Y_demo	lightdock_3HFM_H_3HFM_Y_pose_014	/demo/lightdock/3HFM_H_vs_3HFM_Y/lightdock_3HFM_H_3HFM_Y_pose_014.pdb	
LightDock	irmsd	5.283626688560321	3HFM_H	3HFM_Y	lightdock_3HFM_H_3HFM_Y_demo	lightdock_3HFM_H_3HFM_Y_pose_015	/demo/lightdock/3HFM_H_vs_3HFM_Y/lightdock_3HFM_H_3HFM_Y_pose_015.pdb	
LightDock	irmsd	5.504760085427474	3HFM_H	3HFM_Y	lightdock_3HFM_H_3HFM_Y_demo	lightdock_3HFM_H_3HFM_Y_pose_016	/demo/lightdock/3HFM_H_vs_3HFM_Y/lightdock_3HFM_H_3HFM_Y_pose_016.pdb	
LightDock	irmsd	5.867192283532278	3HFM_H	3HFM_Y	lightdock_3HFM_H_3HFM_Y_demo	lightdock_3HFM_H_3HFM_Y_pose_017	/demo/lightdock/3HFM_H_vs_3HFM_Y/lightdock_3HFM_H_3HFM_Y_pose_017.pdb	
LightDock	irmsd	4.688237429263439	3HFM_H	3HFM_Y	lightdock_3HFM_H_3HFM_Y_demo	lightdock_3HFM_H_3HFM_Y_pose_018	/demo/lightdock/3HFM_H_vs_3HFM_Y/lightdock_3HFM_H_3HFM_Y_pose_018.pdb	
LightDock	irmsd	5.772457325711408	3HFM_H	3HFM_Y	lightdock_3HFM_H_3HFM_Y_demo	lightdock_3HFM_H_3HFM_Y_pose_019	/demo/lightdock/3HFM_H_vs_3HFM_Y/lightdock_3HFM_H_3HFM_Y_pose_019.pdb	
LightDock	irmsd	1.5549620436337248	3HFM_H	3HFM_Y	lightdock_3HFM_H_3HFM_Y_demo	lightdock_3HFM_H_3HFM_Y_pose_020	/demo/lightdock/3HFM_H_vs_3HFM_Y/lightdock_3HFM_H_3HFM_Y_pose_020.pdb	
LightDock	irmsd	3.5867214867829986	3HFM_H	3HFM_Y	lightdock_3HFM_H_3HFM_Y_demo	lightdock_3HFM_H_3HFM_Y_pose_021	/demo/lightdock/3HFM_H_vs_3HFM_Y/lightdock_3HFM_H_3HFM_Y_pose_021.pdb	
LightDock	irmsd	2.872893166779546	3HFM_H	3HFM_Y	lightdock_3HFM_H_3HFM_Y_demo	lightdock_3HFM_H_3HFM_Y_pose_022	/demo/lightdock/3HFM_H_vs_3HFM_Y/lightdock_3HFM_H_3HFM_Y_pose_022.pdb	
LightDock	irmsd	4.15499361946561	3HFM_H	3HFM_Y	lightdock_3HFM_H_3HFM_Y_demo	lightdock_3HFM_H_3HFM_Y_pose_023	/demo/lightdock/3HFM_H_vs_3HFM_Y/lightdock_3HFM_H_3HFM_Y_pose_023.pdb	
LightDock	irmsd	3.2571160150442413	3HFM_H	3HFM_Y	lightdock_3HFM_H_3HFM_Y_demo	lightdock_3HFM_H_3HFM_Y_pose_024	/demo/lightdock/3HFM_H_vs_3HFM_Y/lightdock_3HFM_H_3HFM_Y_pose_024.pdb	
LightDock	irmsd	3.783994805465348	3HFM_H	3HFM_Y	lightdock_3HFM_H_3HFM_Y_demo	lightdock_3HFM_H_3HFM_Y_pose_025	/demo/lightdock/3HFM_H_vs_3HFM_Y/lightdock_3HFM_H_3HFM_Y_pose_025.pdb	
LightDock	irmsd	6.446827344265264	3HFM_H	3HFM_Y	lightdock_3HFM_H_3HFM_Y_demo	lightdock_3HFM_H_3HFM_Y_pose_026	/demo/lightdock/3HFM_H_vs_3HFM_Y/lightdock_3HFM_H_3HFM_Y_pose_026.pdb	
LightDock	irmsd	3.779364264653508	3HFM_H	3HFM_Y	lightdock_3HFM_H_3HFM_Y_demo	lightdock_3HFM_H_3HFM_Y_pose_027	/demo/lightdock/3HFM_H_vs_3HFM_Y/lightdock_3HFM_H_3HFM_Y_pose_027.pdb	
LightDock	irmsd	4.537930012347278	3HFM_H	3HFM_Y	lightdock_3HFM_H_3HFM_Y_demo	lightdock_3HFM_H_3HFM_Y_pose_028	/demo/lightdock/3HFM_H_vs_3HFM_Y/lightdock_3HFM_H_3HFM_Y_pose_028.pdb	
LightDock	irmsd	3.6980498710984944	3HFM_H	3HFM_Y	lightdock_3HFM_H_3HFM_Y_demo	lightdock_3HFM_H_3HFM_Y_pose_029	/demo/lightdock/3HFM_H_vs_3HFM_Y/lightdock_3HFM_H_3HFM_Y_pose_029.pdb	
LightDock	irmsd	4.098427274343884	3HFM_H	3HFM_Y	lightdock_3HFM_H_3HFM_Y_demo	lightdock_3HFM_H_3HFM_Y_pose_030	/demo/lightdock/3HFM_H_vs_3HFM_Y/lightdock_3HFM_H_3HFM_Y_pose_030.pdb	
LightDock	irmsd	4.007821684566893	3HFM_H	3HFM_Y	lightdock_3HFM_H_3HFM_Y_demo	lightdock_3HFM_H_3HFM_Y_pose_031	/demo/lightdock/3HFM_H_vs_3HFM_Y/lightdock_3HFM_H_3HFM_Y_pose_031.pdb	
LightDock	irmsd	4.582821285765108	3HFM_H	3HFM_Y	lightdock_3HFM_H_3HFM_Y_demo	lightdock_3HFM_H_3HFM_Y_pose_032	/demo/lightdock/3HFM_H_vs_3HFM_Y/lightdock_3HFM_H_3HFM_Y_pose_032.pdb	
LightDock	irmsd	5.5148997962113295	3HFM_H	3HFM_Y	lightdock_3HFM_H_3HFM_Y_demo	lightdock_3HFM_H_3HFM_Y_pose_033	/demo/lightdock/3HFM_H_vs_3HFM_Y/lightdock_3HFM_H_3HFM_Y_pose_033.pdb	
LightDock	irmsd	6.141612196884328	3HFM_H	3HFM_Y	lightdock_3HFM_H_3HFM_Y_demo	lightdock_3HFM_H_3HFM_Y_pose_034	/demo/lightdock/3HFM_H_vs_3HFM_Y/lightdock_3HFM_H_3HFM_Y_pose_034.pdb	
LightDock	irmsd	4.402506106481917	3HFM_H	3HFM_Y	lightdock_3HFM_H_3HFM_Y_demo	lightdock_3HFM_H_3HFM_Y_pose_035	/demo/lightdock/3HFM_H_vs_3HFM_Y/lightdock_3HFM_H_3HFM_Y_pose_035.pdb	
LightDock	irmsd	4.766410951846283	3HFM_H	3HFM_Y	lightdock_3HFM_H_3HFM_Y_demo	lightdock_3HFM_H_3HFM_Y_pose_036	/demo/lightdock/3HFM_H_vs_3HFM_Y/lightdock_3HFM_H_3HFM_Y_pose_036.pdb	
LightDock	irmsd	2.5038761380587626	3HFM_H	3HFM_Y	lightdock_3HFM_H_3HFM_Y_demo	lightdock_3HFM_H_3HFM_Y_pose_037	/demo/lightdock/3HFM_H_vs_3HFM_Y/lightdock_3HFM_H_3HFM_Y_pose_037.pdb	
LightDock	irmsd	3.8857602348596934	3HFM_H	3HFM_Y	lightdock_3HFM_H_3HFM_Y_demo	lightdock_3HFM_H_3HFM_Y_pose_038	/demo/lightdock/3HFM_H_vs_3HFM_Y/lightdock_3HFM_H_3HFM_Y_pose_038.pdb	
LightDock	irmsd	5.222376304348666	3HFM_H	3HFM_Y	lightdock_3HFM_H_3HFM_Y_demo	lightdock_3HFM_H_3HFM_Y_pose_039	/demo/lightdock/3HFM_H_vs_3HFM_Y/lightdock_3HFM_H_3HFM_Y_pose_039.pdb	
LightDock	irmsd	5.125759229942299	3HFM_H	3HFM_Y	lightdock_3HFM_H_3HFM_Y_demo	lightdock_3HFM_H_3HFM_Y_pose_040	/demo/lightdock/3HFM_H_vs_3HFM_Y/lightdock_3HFM_H_3HFM_Y_pose_040.pdb	
LightDock	irmsd	4.275092652633566	3HFM_H	3HFM_Y	lightdock_3HFM_H_3HFM_Y_demo	lightdock_3HFM_H_3HFM_Y_pose_041	/demo/lightdock/3HFM_H_vs_3HFM_Y/lightdock_3HFM_H_3HFM_Y_pose_041.pdb	
LightDock	irmsd	5.152312147438338	3HFM_H	3HFM_Y	lightdock_3HFM_H_3HFM_Y_demo	lightdock_3HFM_H_3HFM_Y_pose_042	/demo/lightdock/3HFM_H_vs_3HFM_Y/lightdock_3HFM_H_3HFM_Y_pose_042.pdb	
LightDock	irmsd	4.637996721691964	3HFM_H	3HFM_Y	lightdock_3HFM_H_3HFM_Y_demo	lightdock_3HFM_H_3HFM_Y_pose_043	/demo/lightdock/3HFM_H_vs_3HFM_Y/lightdock_3HFM_H_3HFM_Y_pose_043.pdb	
LightDock	irmsd	5.560398135737119	3HFM_H	3HFM_Y	lightdock_3HFM_H_3HFM_Y_demo	lightdock_3HFM_H_3HFM_Y_pose_044	/demo/lightdock/3HFM_H_vs_3HFM_Y/lightdock_3HFM_H_3HFM_Y_pose_044.pdb	
LightDock	irmsd	4.376166904044244	3HFM_H	3HFM_Y	lightdock_3HFM_H_3HFM_Y_demo	lightdock_3HFM_H_3HFM_Y_pose_045	/demo/lightdock/3HFM_H_vs_3HFM_Y/lightdock_3HFM_H_3HFM_Y_pose_045.pdb	
LightDock	irmsd	3.537592189757655	3HFM_H	3HFM_Y	lightdock_3HFM_H_3HFM_Y_demo	lightdock_3HFM_H_3HFM_Y_pose_046	/demo/lightdock/3HFM_H_vs_3HFM_Y/lightdock_3HFM_H_3HFM_Y_pose_046.pdb	
LightDock	irmsd	4.43659363401293	3HFM_H	3HFM_Y	lightdock_3HFM_H_3HFM_Y_demo	lightdock_3HFM_H_3HFM_Y_pose_047	/demo/lightdock/3HFM_H_vs_3HFM_Y/lightdock_3HFM_H_3HFM_Y_pose_047.pdb	
LightDock	irmsd	0.19022731139139148	3HFM_H	3HFM_Y	lightdock_3HFM_H_3HFM_Y_demo	lightdock_3HFM_H_3HFM_Y_pose_048	/demo/lightdock/3HFM_H_vs_3HFM_Y/lightdock_3HFM_H_3HFM_Y_pose_048.pdb	
LightDock	irmsd	4.497751457300565	3HFM_H	3HFM_Y	lightdock_3HFM_H_3HFM_Y_demo	lightdock_3HFM_H_3HFM_Y_pose_049	/demo/lightdock/3HFM_H_vs_3HFM_Y/lightdock_3HFM_H_3HFM_Y_pose_049.pdb	
LightDock	irmsd	0.0	3HFM_H	3HFM_Y	lightdock_3HFM_H_3HFM_Y_demo	lightdock_3HFM_H_3HFM_Y_pose_050	/demo/lightdock/3HFM_H_vs_3HFM_Y/lightdock_3HFM_H_3HFM_Y_pose_050.pdb	
LightDock	lrmsd	4.191341481486455	3HFM_H	3HFM_Y	lightdock_3HFM_H_3HFM_Y_demo	lightdock_3HFM_H_3HFM_Y_pose_001	/demo/lightdock/3HFM_H_vs_3HFM_Y/lightdock_3HFM_H_3HFM_Y_pose_001.pdb	
LightDock	lrmsd	9.62942150235246	3HFM_H	3HFM_Y	lightdock_3HFM_H_3HFM_Y_demo	lightdock_3HFM_H_3HFM_Y_pose_002	/demo/lightdock/3HFM_H_vs_3HFM_Y/lightdock_3HFM_H_3HFM_Y_pose_002.pdb	
LightDock	lrmsd	9.693823343166988	3HFM_H	3HFM_Y	lightdock_3HFM_H_3HFM_Y_demo	lightdock_3HFM_H_3HFM_Y_pose_003	/demo/lightdock/3HFM_H_vs_3HFM_Y/lightdock_3HFM_H_3HFM_Y_pose_003.pdb	
LightDock	lrmsd	5.593928049650174	3HFM_H	3HFM_Y	lightdock_3HFM_H_3HFM_Y_demo	lightdock_3HFM_H_3HFM_Y_pose_004	/demo/lightdock/3HFM_H_vs_3HFM_Y/lightdock_3HFM_H_3HFM_Y_pose_004.pdb	
LightDock	lrmsd	6.719744895302653	3HFM_H	3HFM_Y	lightdock_3HFM_H_3HFM_Y_demo	lightdock_3HFM_H_3HFM_Y_pose_005	/demo/lightdock/3HFM_H_vs_3HFM_Y/lightdock_3HFM_H_3HFM_Y_pose_005.pdb	
LightDock	lrmsd	11.92635247153533	3HFM_H	3HFM_Y	lightdock_3HFM_H_3HFM_Y_demo	lightdock_3HFM_H_3HFM_Y_pose_006	/demo/lightdock/3HFM_H_vs_3HFM_Y/lightdock_3HFM_H_3HFM_Y_pose_006.pdb	
LightDock	lrmsd	7.289924671068309	3HFM_H	3HFM_Y	lightdock_3HFM_H_3HFM_Y_demo	lightdock_3HFM_H_3HFM_Y_pose_007	/demo/lightdock/3HFM_H_vs_3HFM_Y/lightdock_3HFM_H_3HFM_Y_pose_007.pdb	
LightDock	lrmsd	14.107300781007464	3HFM_H	3HFM_Y	lightdock_3HFM_H_3HFM_Y_demo	lightdock_3HFM_H_3HFM_Y_pose_008	/demo/lightdock/3HFM_H_vs_3HFM_Y/lightdock_3HFM_H_3HFM_Y_pose_008.pdb	
LightDock	lrmsd	8.495200367059134	3HFM_H	3HFM_Y	lightdock_3HFM_H_3HFM_Y_demo	lightdock_3HFM_H_3HFM_Y_pose_009	/demo/lightdock/3HFM_H_vs_3HFM_Y/lightdock_3HFM_H_3HFM_Y_pose_009.pdb	
LightDock	lrmsd	9.520090442203166	3HFM_H	3HFM_Y	lightdock_3HFM_H_3HFM_Y_demo	lightdock_3HFM_H_3HFM_Y_pose_010	/demo/lightdock/3HFM_H_vs_3HFM_Y/lightdock_3HFM_H_3HFM_Y_pose_010.pdb	
LightDock	lrmsd	12.54218599624652	3HFM_H	3HFM_Y	lightdock_3HFM_H_3HFM_Y_demo	lightdock_3HFM_H_3HFM_Y_pose_011	/demo/lightdock/3HFM_H_vs_3HFM_Y/lightdock_3HFM_H_3HFM_Y_pose_011.pdb	
LightDock	lrmsd	8.827567790483549	3HFM_H	3HFM_Y	lightdock_3HFM_H_3HFM_Y_demo	lightdock_3HFM_H_3HFM_Y_pose_012	/demo/lightdock/3HFM_H_vs_3HFM_Y/lightdock_3HFM_H_3HFM_Y_pose_012.pdb	
LightDock	lrmsd	5.994140048272997	3HFM_H	3HFM_Y	lightdock_3HFM_H_3HFM_Y_demo	lightdock_3HFM_H_3HFM_Y_pose_013	/demo/lightdock/3HFM_H_vs_3HFM_Y/lightdock_3HFM_H_3HFM_Y_pose_013.pdb	
LightDock	lrmsd	8.225681370764274	3HFM_H	3HFM_Y	lightdock_3HFM_H_3HFM_Y_demo	lightdock_3HFM_H_3HFM_Y_pose_014	/demo/lightdock/3HFM_H_vs_3HFM_Y/lightdock_3HFM_H_3HFM_Y_pose_014.pdb	
LightDock	lrmsd	8.410973159524772	3HFM_H	3HFM_Y	lightdock_3HFM_H_3HFM_Y_demo	lightdock_3HFM_H_3HFM_Y_pose_015	/demo/lightdock/3HFM_H_vs_3HFM_Y/lightdock_3HFM_H_3HFM_Y_pose_015.pdb	
LightDock	lrmsd	5.088145869496087	3HFM_H	3HFM_Y	lightdock_3HFM_H_3HFM_Y_demo	lightdock_3HFM_H_3HFM_Y_pose_016	/demo/lightdock/3HFM_H_vs_3HFM_Y/lightdock_3HFM_H_3HFM_Y_pose_016.pdb	
LightDock	lrmsd	7.860419821647942	3HFM_H	3HFM_Y	lightdock_3HFM_H_3HFM_Y_demo	lightdock_3HFM_H_3HFM_Y_pose_017	/demo/lightdock/3HFM_H_vs_3HFM_Y/lightdock_3HFM_H_3HFM_Y_pose_017.pdb	
LightDock	lrmsd	6.644519765006408	3HFM_H	3HFM_Y	lightdock_3HFM_H_3HFM_Y_demo	lightdock_3HFM_H_3HFM_Y_pose_018	/demo/lightdock/3HFM_H_vs_3HFM_Y/lightdock_3HFM_H_3HFM_Y_pose_018.pdb	
LightDock	lrmsd	10.810894392968585	3HFM_H	3HFM_Y	lightdock_3HFM_H_3HFM_Y_demo	lightdock_3HFM_H_3HFM_Y_pose_019	/demo/lightdock/3HFM_H_vs_3HFM_Y/lightdock_3HFM_H_3HFM_Y_pose_019.pdb	
LightDock	lrmsd	8.58652968546314	3HFM_H	3HFM_Y	lightdock_3HFM_H_3HFM_Y_demo	lightdock_3HFM_H_3HFM_Y_pose_020	/demo/lightdock/3HFM_H_vs_3HFM_Y/lightdock_3HFM_H_3HFM_Y_pose_020.pdb	
LightDock	lrmsd	7.793010627131075	3HFM_H	3HFM_Y	lightdock_3HFM_H_3HFM_Y_demo	lightdock_3HFM_H_3HFM_Y_pose_021	/demo/lightdock/3HFM_H_vs_3HFM_Y/lightdock_3HFM_H_3HFM_Y_pose_021.pdb	
LightDock	lrmsd	8.234545173443559	3HFM_H	3HFM_Y	lightdock_3HFM_H_3HFM_Y_demo	lightdock_3HFM_H_3HFM_Y_pose_022	/demo/lightdock/3HFM_H_vs_3HFM_Y/lightdock_3HFM_H_3HFM_Y_pose_022.pdb	
LightDock	lrmsd	9.057805046015416	3HFM_H	3HFM_Y	lightdock_3HFM_H_3HFM_Y_demo	lightdock_3HFM_H_3HFM_Y_pose_023	/demo/lightdock/3HFM_H_vs_3HFM_Y/lightdock_3HFM_H_3HFM_Y_pose_023.pdb	
LightDock	lrmsd	10.04203549922445	3HFM_H	3HFM_Y	lightdock_3HFM_H_3HFM_Y_demo	lightdock_3HFM_H_3HFM_Y_pose_024	/demo/lightdock/3HFM_H_vs_3HFM_Y/lightdock_3HFM_H_3HFM_Y_pose_024.pdb	
LightDock	lrmsd	6.000719428326547	3HFM_H	3HFM_Y	lightdock_3HFM_H_3HFM_Y_demo	lightdock_3HFM_H_3HFM_Y_pose_025	/demo/lightdock/3HFM_H_vs_3HFM_Y/lightdock_3HFM_H_3HFM_Y_pose_025.pdb	
LightDock	lrmsd	5.8960309184468205	3HFM_H	3HFM_Y	lightdock_3HFM_H_3HFM_Y_demo	lightdock_3HFM_H_3HFM_Y_pose_026	/demo/lightdock/3HFM_H_vs_3HFM_Y/lightdock_3HFM_H_3HFM_Y_pose_026.pdb	
LightDock	lrmsd	11.261698038506324	3HFM_H	3HFM_Y	lightdock_3HFM_H_3HFM_Y_demo	lightdock_3HFM_H_3HFM_Y_pose_027	/demo/lightdock/3HFM_H_vs_3HFM_Y/lightdock_3HFM_H_3HFM_Y_pose_027.pdb	
LightDock	lrmsd	7.469157819488173	3HFM_H	3HFM_Y	lightdock_3HFM_H_3HFM_Y_demo	lightdock_3HFM_H_3HFM_Y_pose_028	/demo/lightdock/3HFM_H_vs_3HFM_Y/lightdock_3HFM_H_3HFM_Y_pose_028.pdb	
LightDock	lrmsd	4.957894768507815	3HFM_H	3HFM_Y	lightdock_3HFM_H_3HFM_Y_demo	lightdock_3HFM_H_3HFM_Y_pose_029	/demo/lightdock/3HFM_H_vs_3HFM_Y/lightdock_3HFM_H_3HFM_Y_pose_029.pdb	
LightDock	lrmsd	9.609531773457762	3HFM_H	3HFM_Y	lightdock_3HFM_H_3HFM_Y_demo	lightdock_3HFM_H_3HFM_Y_pose_030	/demo/lightdock/3HFM_H_vs_3HFM_Y/lightdock_3HFM_H_3HFM_Y_pose_030.pdb	
LightDock	lrmsd	9.658424515081718	3HFM_H	3HFM_Y	lightdock_3HFM_H_3HFM_Y_demo	lightdock_3HFM_H_3HFM_Y_pose_031	/demo/lightdock/3HFM_H_vs_3HFM_Y/lightdock_3HFM_H_3HFM_Y_pose_031.pdb	
LightDock	lrmsd	4.673211856858234	3HFM_H	3HFM_Y	lightdock_3HFM_H_3HFM_Y_demo	lightdock_3HFM_H_3HFM_Y_pose_032	/demo/lightdock/3HFM_H_vs_3HFM_Y/lightdock_3HFM_H_3HFM_Y_pose_032.pdb	
LightDock	lrmsd	9.073704288659016	3HFM_H	3HFM_Y	lightdock_3HFM_H_3HFM_Y_demo	lightdock_3HFM_H_3HFM_Y_pose_033	/demo/lightdock/3HFM_H_vs_3HFM_Y/lightdock_3HFM_H_3HFM_Y_pose_033.pdb	
LightDock	lrmsd	10.338957731070934	3HFM_H	3HFM_Y	lightdock_3HFM_H_3HFM_Y_demo	lightdock_3HFM_H_3HFM_Y_pose_034	/demo/lightdock/3HFM_H_vs_3HFM_Y/lightdock_3HFM_H_3HFM_Y_pose_034.pdb	
LightDock	lrmsd	9.435966129265658	3HFM_H	3HFM_Y	lightdock_3HFM_H_3HFM_Y_demo	lightdock_3HFM_H_3HFM_Y_pose_035	/demo/lightdock/3HFM_H_vs_3HFM_Y/lightdock_3HFM_H_3HFM_Y_pose_035.pdb	
LightDock	lrmsd	10.079953709403489	3HFM_H	3HFM_Y	lightdock_3HFM_H_3HFM_Y_demo	lightdock_3HFM_H_3HFM_Y_pose_036	/demo/lightdock/3HFM_H_vs_3HFM_Y/lightdock_3HFM_H_3HFM_Y_pose_036.pdb	
LightDock	lrmsd	4.989327254773127	3HFM_H	3HFM_Y	lightdock_3HFM_H_3HFM_Y_demo	lightdock_3HFM_H_3HFM_Y_pose_037	/demo/lightdock/3HFM_H_vs_3HFM_Y/lightdock_3HFM_H_3HFM_Y_pose_037.pdb	
LightDock	lrmsd	9.32760038749049	3HFM_H	3HFM_Y	lightdock_3HFM_H_3HFM_Y_demo	lightdock_3HFM_H_3HFM_Y_pose_038	/demo/lightdock/3HFM_H_vs_3HFM_Y/lightdock_3HFM_H_3HFM_Y_pose_038.pdb	
LightDock	lrmsd	7.743450601323883	3HFM_H	3HFM_Y	lightdock_3HFM_H_3HFM_Y_demo	lightdock_3HFM_H_3HFM_Y_pose_039	/demo/lightdock/3HFM_H_vs_3HFM_Y/lightdock_3HFM_H_3HFM_Y_pose_039.pdb	
LightDock	lrmsd	7.293024603188388	3HFM_H	3HFM_Y	lightdock_3HFM_H_3HFM_Y_demo	lightdock_3HFM_H_3HFM_Y_pose_040	/demo/lightdock/3HFM_H_vs_3HFM_Y/lightdock_3HFM_H_3HFM_Y_pose_040.pdb	
LightDock	lrmsd	10.676389023549316	3HFM_H	3HFM_Y	lightdock_3HFM_H_3HFM_Y_demo	lightdock_3HFM_H_3HFM_Y_pose_041	/demo/lightdock/3HFM_H_vs_3HFM_Y/lightdock_3HFM_H_3HFM_Y_pose_041.pdb	
LightDock	lrmsd	12.198186276685576	3HFM_H	3HFM_Y	lightdock_3HFM_H_3HFM_Y_demo	lightdock_3HFM_H_3HFM_Y_pose_042	/demo/lightdock/3HFM_H_vs_3HFM_Y/lightdock_3HFM_H_3HFM_Y_pose_042.pdb	
LightDock	lrmsd	12.985925136500898	3HFM_H	3HFM_Y	lightdock_3HFM_H_3HFM_Y_demo	lightdock_3HFM_H_3HFM_Y_pose_043	/demo/lightdock/3HFM_H_vs_3HFM_Y/lightdock_3HFM_H_3HFM_Y_pose_043.pdb	
LightDock	lrmsd	11.787019678764763	3HFM_H	3HFM_Y	lightdock_3HFM_H_3HFM_Y_demo	lightdock_3HFM_H_3HFM_Y_pose_044	/demo/lightdock/3HFM_H_vs_3HFM_Y/lightdock_3HFM_H_3HFM_Y_pose_044.pdb	
LightDock	lrmsd	8.225664545924541	3HFM_H	3HFM_Y	lightdock_3HFM_H_3HFM_Y_demo	lightdock_3HFM_H_3HFM_Y_pose_045	/demo/lightdock/3HFM_H_vs_3HFM_Y/lightdock_3HFM_H_3HFM_Y_pose_045.pdb	
LightDock	lrmsd	9.381800407565859	3HFM_H	3HFM_Y	lightdock_3HFM_H_3HFM_Y_demo	lightdock_3HFM_H_3HFM_Y_pose_046	/demo/lightdock/3HFM_H_vs_3HFM_Y/lightdock_3HFM_H_3HFM_Y_pose_046.pdb	
LightDock	lrmsd	10.41705717946061	3HFM_H	3HFM_Y	lightdock_3HFM_H_3HFM_Y_demo	lightdock_3HFM_H_3HFM_Y_pose_047	/demo/lightdock/3HFM_H_vs_3HFM_Y/lightdock_3HFM_H_3HFM_Y_pose_047.pdb	
LightDock	lrmsd	8.802944873248656	3HFM_H	3HFM_Y	lightdock_3HFM_H_3HFM_Y_demo	lightdock_3HFM_H_3HFM_Y_pose_048	/demo/lightdock/3HFM_H_vs_3HFM_Y/lightdock_3HFM_H_3HFM_Y_pose_048.pdb	
LightDock	lrmsd	8.826910469778861	3HFM_H	3HFM_Y	lightdock_3HFM_H_3HFM_Y_demo	lightdock_3HFM_H_3HFM_Y_pose_049	/demo/lightdock/3HFM_H_vs_3HFM_Y/lightdock_3HFM_H_3HFM_Y_pose_049.pdb	
LightDock	lrmsd	10.559382829690456	3HFM_H	3HFM_Y	lightdock_3HFM_H_3HFM_Y_demo	lightdock_3HFM_H_3HFM_Y_pose_050	/demo/lightdock/3HFM_H_vs_3HFM_Y/lightdock_3HFM_H_3HFM_Y_pose_050.pdb	
Rosetta	dockq	0.5146645618576661	3HFM_H	3HFM_Y	rosetta_3HFM_H_3HFM_Y_demo	rosetta_3HFM_H_3HFM_Y_pose_001	/demo/rosetta/3HFM_H_vs_3HFM_Y/rosetta_3HFM_H_3HFM_Y_pose_001.pdb	
Rosetta	dockq	0.4543641757263705	3HFM_H	3HFM_Y	rosetta_3HFM_H_3HFM_Y_demo	rosetta_3HFM_H_3HFM_Y_pose_002	/demo/rosetta/3HFM_H_vs_3HFM_Y/rosetta_3HFM_H_3HFM_Y_pose_002.pdb	
Rosetta	dockq	0.48269742407477273	3HFM_H	3HFM_Y	rosetta_3HFM_H_3HFM_Y_demo	rosetta_3HFM_H_3HFM_Y_pose_003	/demo/rosetta/3HFM_H_vs_3HFM_Y/rosetta_3HFM_H_3HFM_Y_pose_003.pdb	
Rosetta	dockq	0.5770519339960368	3HFM_H	3HFM_Y	rosetta_3HFM_H_3HFM_Y_demo	rosetta_3HFM_H_3HFM_Y_pose_004	/demo/rosetta/3HFM_H_vs_3HFM_Y/rosetta_3HFM_H_3HFM_Y_pose_004.pdb	
Rosetta	dockq	0.5202693962079961	3HFM_H	3HFM_Y	rosetta_3HFM_H_3HFM_Y_demo	rosetta_3HFM_H_3HFM_Y_pose_005	/demo/rosetta/3HFM_H_vs_3HFM_Y/rosetta_3HFM_H_3HFM_Y_pose_005.pdb	
Rosetta	dockq	0.5506188979181504	3HFM_H	3HFM_Y	rosetta_3HFM_H_3HFM_Y_demo	rosetta_3HFM_H_3HFM_Y_pose_006	/demo/rosetta/3HFM_H_vs_3HFM_Y/rosetta_3HFM_H_3HFM_Y_pose_006.pdb	
Rosetta	dockq	0.5803071317981972	3HFM_H	3HFM_Y	rosetta_3HFM_H_3HFM_Y_demo	rosetta_3HFM_H_3HFM_Y_pose_007	/demo/rosetta/3HFM_H_vs_3HFM_Y/rosetta_3HFM_H_3HFM_Y_pose_007.pdb	
Rosetta	dockq	0.48626426833921516	3HFM_H	3HFM_Y	rosetta_3HFM_H_3HFM_Y_demo	rosetta_3HFM_H_3HFM_Y_pose_008	/demo/rosetta/3HFM_H_vs_3HFM_Y/rosetta_3HFM_H_3HFM_Y_pose_008.pdb	
Rosetta	dockq	0.5880623347266826	3HFM_H	3HFM_Y	rosetta_3HFM_H_3HFM_Y_demo	rosetta_3HFM_H_3HFM_Y_pose_009	/demo/rosetta/3HFM_H_vs_3HFM_Y/rosetta_3HFM_H_3HFM_Y_pose_009.pdb	
Rosetta	dockq	0.5540958343112555	3HFM_H	3HFM_Y	rosetta_3HFM_H_3HFM_Y_demo	rosetta_3HFM_H_3HFM_Y_pose_010	/demo/rosetta/3HFM_H_vs_3HFM_Y/rosetta_3HFM_H_3HFM_Y_pose_010.pdb	
Rosetta	dockq	0.40886682217796694	3HFM_H	3HFM_Y	rosetta_3HFM_H_3HFM_Y_demo	rosetta_3HFM_H_3HFM_Y_pose_011	/demo/rosetta/3HFM_H_vs_3HFM_Y/rosetta_3HFM_H_3HFM_Y_pose_011.pdb	
Rosetta	dockq	0.649807431206762	3HFM_H	3HFM_Y	rosetta_3HFM_H_3HFM_Y_demo	rosetta_3HFM_H_3HFM_Y_pose_012	/demo/rosetta/3HFM_H_vs_3HFM_Y/rosetta_3HFM_H_3HFM_Y_pose_012.pdb	
Rosetta	dockq	0.47493297306187754	3HFM_H	3HFM_Y	rosetta_3HFM_H_3HFM_Y_demo	rosetta_3HFM_H_3HFM_Y_pose_013	/demo/rosetta/3HFM_H_vs_3HFM_Y/rosetta_3HFM_H_3HFM_Y_pose_013.pdb	
Rosetta	dockq	0.3710414191133335	3HFM_H	3HFM_Y	rosetta_3HFM_H_3HFM_Y_demo	rosetta_3HFM_H_3HFM_Y_pose_014	/demo/rosetta/3HFM_H_vs_3HFM_Y/rosetta_3HFM_H_3HFM_Y_pose_014.pdb	
Rosetta	dockq	0.4259460661372328	3HFM_H	3HFM_Y	rosetta_3HFM_H_3HFM_Y_demo	rosetta_3HFM_H_3HFM_Y_pose_015	/demo/rosetta/3HFM_H_vs_3HFM_Y/rosetta_3HFM_H_3HFM_Y_pose_015.pdb	
Rosetta	dockq	0.42810593553895104	3HFM_H	3HFM_Y	rosetta_3HFM_H_3HFM_Y_demo	rosetta_3HFM_H_3HFM_Y_pose_016	/demo/rosetta/3HFM_H_vs_3HFM_Y/rosetta_3HFM_H_3HFM_Y_pose_016.pdb	
Rosetta	dockq	0.524695598679178	3HFM_H	3HFM_Y	rosetta_3HFM_H_3HFM_Y_demo	rosetta_3HFM_H_3HFM_Y_pose_017	/demo/rosetta/3HFM_H_vs_3HFM_Y/rosetta_3HFM_H_3HFM_Y_pose_017.pdb	
Rosetta	dockq	0.4953534545008387	3HFM_H	3HFM_Y	rosetta_3HFM_H_3HFM_Y_demo	rosetta_3HFM_H_3HFM_Y_pose_018	/demo/rosetta/3HFM_H_vs_3HFM_Y/rosetta_3HFM_H_3HFM_Y_pose_018.pdb	
Rosetta	dockq	0.48968512291234667	3HFM_H	3HFM_Y	rosetta_3HFM_H_3HFM_Y_demo	rosetta_3HFM_H_3HFM_Y_pose_019	/demo/rosetta/3HFM_H_vs_3HFM_Y/rosetta_3HFM_H_3HFM_Y_pose_019.pdb	
Rosetta	dockq	0.5757731768934231	3HFM_H	3HFM_Y	rosetta_3HFM_H_3HFM_Y_demo	rosetta_3HFM_H_3HFM_Y_pose_020	/demo/rosetta/3HFM_H_vs_3HFM_Y/rosetta_3HFM_H_3HFM_Y_pose_020.pdb	
Rosetta	dockq	0.5505887825073433	3HFM_H	3HFM_Y	rosetta_3HFM_H_3HFM_Y_demo	rosetta_3HFM_H_3HFM_Y_pose_021	/demo/rosetta/3HFM_H_vs_3HFM_Y/rosetta_3HFM_H_3HFM_Y_pose_021.pdb	
Rosetta	dockq	0.5484443083579857	3HFM_H	3HFM_Y	rosetta_3HFM_H_3HFM_Y_demo	rosetta_3HFM_H_3HFM_Y_pose_022	/demo/rosetta/3HFM_H_vs_3HFM_Y/rosetta_3HFM_H_3HFM_Y_pose_022.pdb	
Rosetta	dockq	0.5568845611595824	3HFM_H	3HFM_Y	rosetta_3HFM_H_3HFM_Y_demo	rosetta_3HFM_H_3HFM_Y_pose_023	/demo/rosetta/3HFM_H_vs_3HFM_Y/rosetta_3HFM_H_3HFM_Y_pose_023.pdb	
Rosetta	dockq	0.5754521201202014	3HFM_H	3HFM_Y	rosetta_3HFM_H_3HFM_Y_demo	rosetta_3HFM_H_3HFM_Y_pose_024	/demo/rosetta/3HFM_H_vs_3HFM_Y/rosetta_3HFM_H_3HFM_Y_pose_024.pdb	
Rosetta	dockq	0.33028419924003016	3HFM_H	3HFM_Y	rosetta_3HFM_H_3HFM_Y_demo	rosetta_3HFM_H_3HFM_Y_pose_025	/demo/rosetta/3HFM_H_vs_3HFM_Y/rosetta_3HFM_H_3HFM_Y_pose_025.pdb	
Rosetta	dockq	0.4872005572961985	3HFM_H	3HFM_Y	rosetta_3HFM_H_3HFM_Y_demo	rosetta_3HFM_H_3HFM_Y_pose_026	/demo/rosetta/3HFM_H_vs_3HFM_Y/rosetta_3HFM_H_3HFM_Y_pose_026.pdb	
Rosetta	dockq	0.32378109419594736	3HFM_H	3HFM_Y	rosetta_3HFM_H_3HFM_Y_demo	rosetta_3HFM_H_3HFM_Y_pose_027	/demo/rosetta/3HFM_H_vs_3HFM_Y/rosetta_3HFM_H_3HFM_Y_pose_027.pdb	
Rosetta	dockq	0.5232453934118017	3HFM_H	3HFM_Y	rosetta_3HFM_H_3HFM_Y_demo	rosetta_3HFM_H_3HFM_Y_pose_028	/demo/rosetta/3HFM_H_vs_3HFM_Y/rosetta_3HFM_H_3HFM_Y_pose_028.pdb	
Rosetta	dockq	0.519583032499809	3HFM_H	3HFM_Y	rosetta_3HFM_H_3HFM_Y_demo	rosetta_3HFM_H_3HFM_Y_pose_029	/demo/rosetta/3HFM_H_vs_3HFM_Y/rosetta_3HFM_H_3HFM_Y_pose_029.pdb	
Rosetta	dockq	0.6140979047310713	3HFM_H	3HFM_Y	rosetta_3HFM_H_3HFM_Y_demo	rosetta_3HFM_H_3HFM_Y_pose_030	/demo/rosetta/3HFM_H_vs_3HFM_Y/rosetta_3HFM_H_3HFM_Y_pose_030.pdb	
Rosetta	dockq	0.6268870953449008	3HFM_H	3HFM_Y	rosetta_3HFM_H_3HFM_Y_demo	rosetta_3HFM_H_3HFM_Y_pose_031	/demo/rosetta/3HFM_H_vs_3HFM_Y/rosetta_3HFM_H_3HFM_Y_pose_031.pdb	
Rosetta	dockq	0.538249754342713	3HFM_H	3HFM_Y	rosetta_3HFM_H_3HFM_Y_demo	rosetta_3HFM_H_3HFM_Y_pose_032	/demo/rosetta/3HFM_H_vs_3HFM_Y/rosetta_3HFM_H_3HFM_Y_pose_032.pdb	
Rosetta	dockq	0.47496750303427904	3HFM_H	3HFM_Y	rosetta_3HFM_H_3HFM_Y_demo	rosetta_3HFM_H_3HFM_Y_pose_033	/demo/rosetta/3HFM_H_vs_3HFM_Y/rosetta_3HFM_H_3HFM_Y_pose_033.pdb	
Rosetta	dockq	0.5636645001291164	3HFM_H	3HFM_Y	rosetta_3HFM_H_3HFM_Y_demo	rosetta_3HFM_H_3HFM_Y_pose_034	/demo/rosetta/3HFM_H_vs_3HFM_Y/rosetta_3HFM_H_3HFM_Y_pose_034.pdb	
Rosetta	dockq	0.4724874126408118	3HFM_H	3HFM_Y	rosetta_3HFM_H_3HFM_Y_demo	rosetta_3HFM_H_3HFM_Y_pose_035	/demo/rosetta/3HFM_H_vs_3HFM_Y/rosetta_3HFM_H_3HFM_Y_pose_035.pdb	
Rosetta	dockq	0.5198746613700986	3HFM_H	3HFM_Y	rosetta_3HFM_H_3HFM_Y_demo	rosetta_3HFM_H_3HFM_Y_pose_036	/demo/rosetta/3HFM_H_vs_3HFM_Y/rosetta_3HFM_H_3HFM_Y_pose_036.pdb	
Rosetta	dockq	0.6087522685264691	3HFM_H	3HFM_Y	rosetta_3HFM_H_3HFM_Y_demo	rosetta_3HFM_H_3HFM_Y_pose_037	/demo/rosetta/3HFM_H_vs_3HFM_Y/rosetta_3HFM_H_3HFM_Y_pose_037.pdb	
Rosetta	dockq	0.4698005788609519	3HFM_H	3HFM_Y	rosetta_3HFM_H_3HFM_Y_demo	rosetta_3HFM_H_3HFM_Y_pose_038	/demo/rosetta/3HFM_H_vs_3HFM_Y/rosetta_3HFM_H_3HFM_Y_pose_038.pdb	
Rosetta	dockq	0.5925110775318251	3HFM_H	3HFM_Y	rosetta_3HFM_H_3HFM_Y_demo	rosetta_3HFM_H_3HFM_Y_pose_039	/demo/rosetta/3HFM_H_vs_3HFM_Y/rosetta_3HFM_H_3HFM_Y_pose_039.pdb	
Rosetta	dockq	0.5809661231823072	3HFM_H	3HFM_Y	rosetta_3HFM_H_3HFM_Y_demo	rosetta_3HFM_H_3HFM_Y_pose_040	/demo/rosetta/3HFM_H_vs_3HFM_Y/rosetta_3HFM_H_3HFM_Y_pose_040.pdb	
Rosetta	dockq	0.4340687364582261	3HFM_H	3HFM_Y	rosetta_3HFM_H_3HFM_Y_demo	rosetta_3HFM_H_3HFM_Y_pose_041	/demo/rosetta/3HFM_H_vs_3HFM_Y/rosetta_3HFM_H_3HFM_Y_pose_041.pdb	
Rosetta	dockq	0.6076504715395661	3HFM_H	3HFM_Y	rosetta_3HFM_H_3HFM_Y_demo	rosetta_3HFM_H_3HFM_Y_pose_042	/demo/rosetta/3HFM_H_vs_3HFM_Y/rosetta_3HFM_H_3HFM_Y_pose_042.pdb	
Rosetta	dockq	0.5828709710834354	3HFM_H	3HFM_Y	rosetta_3HFM_H_3HFM_Y_demo	rosetta_3HFM_H_3HFM_Y_pose_043	/demo/rosetta/3HFM_H_vs_3HFM_Y/rosetta_3HFM_H_3HFM_Y_pose_043.pdb	
Rosetta	dockq	0.5291733298635392	3HFM_H	3HFM_Y	rosetta_3HFM_H_3HFM_Y_demo	rosetta_3HFM_H_3HFM_Y_pose_044	/demo/rosetta/3HFM_H_vs_3HFM_Y/rosetta_3HFM_H_3HFM_Y_pose_044.pdb	
Rosetta	dockq	0.4513908887775113	3HFM_H	3HFM_Y	rosetta_3HFM_H_3HFM_Y_demo	rosetta_3HFM_H_3HFM_Y_pose_045	/demo/rosetta/3HFM_H_vs_3HFM_Y/rosetta_3HFM_H_3HFM_Y_pose_045.pdb	
Rosetta	dockq	0.4426714583281987	3HFM_H	3HFM_Y	rosetta_3HFM_H_3HFM_Y_demo	rosetta_3HFM_H_3HFM_Y_pose_046	/demo/rosetta/3HFM_H_vs_3HFM_Y/rosetta_3HFM_H_3HFM_Y_pose_046.pdb	
Rosetta	dockq	0.471610368078728	3HFM_H	3HFM_Y	rosetta_3HFM_H_3HFM_Y_demo	rosetta_3HFM_H_3HFM_Y_pose_047	/demo/rosetta/3HFM_H_vs_3HFM_Y/rosetta_3HFM_H_3HFM_Y_pose_047.pdb	
Rosetta	dockq	0.5688335016962764	3HFM_H	3HFM_Y	rosetta_3HFM_H_3HFM_Y_demo	rosetta_3HFM_H_3HFM_Y_pose_048	/demo/rosetta/3HFM_H_vs_3HFM_Y/rosetta_3HFM_H_3HFM_Y_pose_048.pdb	
Rosetta	dockq	0.4339937349338742	3HFM_H	3HFM_Y	rosetta_3HFM_H_3HFM_Y_demo	rosetta_3HFM_H_3HFM_Y_pose_049	/demo/rosetta/3HFM_H_vs_3HFM_Y/rosetta_3HFM_H_3HFM_Y_pose_049.pdb	
Rosetta	dockq	0.5593761023757883	3HFM_H	3HFM_Y	rosetta_3HFM_H_3HFM_Y_demo	rosetta_3HFM_H_3HFM_Y_pose_050	/demo/rosetta/3HFM_H_vs_3HFM_Y/rosetta_3HFM_H_3HFM_Y_pose_050.pdb	
Rosetta	fnat	0.3382420024009447	3HFM_H	3HFM_Y	rosetta_3HFM_H_3HFM_Y_demo	rosetta_3HFM_H_3HFM_Y_pose_001	/demo/rosetta/3HFM_H_vs_3HFM_Y/rosetta_3HFM_H_3HFM_Y_pose_001.pdb	
Rosetta	fnat	0.4316338274005036	3HFM_H	3HFM_Y	rosetta_3HFM_H_3HFM_Y_demo	rosetta_3HFM_H_3HFM_Y_pose_002	/demo/rosetta/3HFM_H_vs_3HFM_Y/rosetta_3HFM_H_3HFM_Y_pose_002.pdb	
Rosetta	fnat	0.4598682979116608	3HFM_H	3HFM_Y	rosetta_3HFM_H_3HFM_Y_demo	rosetta_3HFM_H_3HFM_Y_pose_003	/demo/rosetta/3HFM_H_vs_3HFM_Y/rosetta_3HFM_H_3HFM_Y_pose_003.pdb	
Rosetta	fnat	0.6700617130553025	3HFM_H	3HFM_Y	rosetta_3HFM_H_3HFM_Y_demo	rosetta_3HFM_H_3HFM_Y_pose_004	/demo/rosetta/3HFM_H_vs_3HFM_Y/rosetta_3HFM_H_3HFM_Y_pose_004.pdb	
Rosetta	fnat	0.32604159100316693	3HFM_H	3HFM_Y	rosetta_3HFM_H_3HFM_Y_demo	rosetta_3HFM_H_3HFM_Y_pose_005	/demo/rosetta/3HFM_H_vs_3HFM_Y/rosetta_3HFM_H_3HFM_Y_pose_005.pdb	
Rosetta	fnat	0.582481310984112	3HFM_H	3HFM_Y	rosetta_3HFM_H_3HFM_Y_demo	rosetta_3HFM_H_3HFM_Y_pose_006	/demo/rosetta/3HFM_H_vs_3HFM_Y/rosetta_3HFM_H_3HFM_Y_pose_006.pdb	
Rosetta	fnat	0.46348581725885524	3HFM_H	3HFM_Y	rosetta_3HFM_H_3HFM_Y_demo	rosetta_3HFM_H_3HFM_Y_pose_007	/demo/rosetta/3HFM_H_vs_3HFM_Y/rosetta_3HFM_H_3HFM_Y_pose_007.pdb	
Rosetta	fnat	0.4870054726214367	3HFM_H	3HFM_Y	rosetta_3HFM_H_3HFM_Y_demo	rosetta_3HFM_H_3HFM_Y_pose_008	/demo/rosetta/3HFM_H_vs_3HFM_Y/rosetta_3HFM_H_3HFM_Y_pose_008.pdb	
Rosetta	fnat	0.46065131220493843	3HFM_H	3HFM_Y	rosetta_3HFM_H_3HFM_Y_demo	rosetta_3HFM_H_3HFM_Y_pose_009	/demo/rosetta/3HFM_H_vs_3HFM_Y/rosetta_3HFM_H_3HFM_Y_pose_009.pdb	
Rosetta	fnat	0.49002541363757096	3HFM_H	3HFM_Y	rosetta_3HFM_H_3HFM_Y_demo	rosetta_3HFM_H_3HFM_Y_pose_010	/demo/rosetta/3HFM_H_vs_3HFM_Y/rosetta_3HFM_H_3HFM_Y_pose_010.pdb	
Rosetta	fnat	0.43616834060741844	3HFM_H	3HFM_Y	rosetta_3HFM_H_3HFM_Y_demo	rosetta_3HFM_H_3HFM_Y_pose_011	/demo/rosetta/3HFM_H_vs_3HFM_Y/rosetta_3HFM_H_3HFM_Y_pose_011.pdb	
Rosetta	fnat	0.5808645163311712	3HFM_H	3HFM_Y	rosetta_3HFM_H_3HFM_Y_demo	rosetta_3HFM_H_3HFM_Y_pose_012	/demo/rosetta/3HFM_H_vs_3HFM_Y/rosetta_3HFM_H_3HFM_Y_pose_012.pdb	
Rosetta	fnat	0.408917597019775	3HFM_H	3HFM_Y	rosetta_3HFM_H_3HFM_Y_demo	rosetta_3HFM_H_3HFM_Y_pose_013	/demo/rosetta/3HFM_H_vs_3HFM_Y/rosetta_3HFM_H_3HFM_Y_pose_013.pdb	
Rosetta	fnat	0.5519011114961323	3HFM_H	3HFM_Y	rosetta_3HFM_H_3HFM_Y_demo	rosetta_3HFM_H_3HFM_Y_pose_014	/demo/rosetta/3HFM_H_vs_3HFM_Y/rosetta_3HFM_H_3HFM_Y_pose_014.pdb	
Rosetta	fnat	0.39200695918082795	3HFM_H	3HFM_Y	rosetta_3HFM_H_3HFM_Y_demo	rosetta_3HFM_H_3HFM_Y_pose_015	/demo/rosetta/3HFM_H_vs_3HFM_Y/rosetta_3HFM_H_3HFM_Y_pose_015.pdb	
Rosetta	fnat	0.4445773338238842	3HFM_H	3HFM_Y	rosetta_3HFM_H_3HFM_Y_demo	rosetta_3HFM_H_3HFM_Y_pose_016	/demo/rosetta/3HFM_H_vs_3HFM_Y/rosetta_3HFM_H_3HFM_Y_pose_016.pdb	
Rosetta	fnat	0.35352337029388026	3HFM_H	3HFM_Y	rosetta_3HFM_H_3HFM_Y_demo	rosetta_3HFM_H_3HFM_Y_pose_017	/demo/rosetta/3HFM_H_vs_3HFM_Y/rosetta_3HFM_H_3HFM_Y_pose_017.pdb	
Rosetta	fnat	0.4909521348312768	3HFM_H	3HFM_Y	rosetta_3HFM_H_3HFM_Y_demo	rosetta_3HFM_H_3HFM_Y_pose_018	/demo/rosetta/3HFM_H_vs_3HFM_Y/rosetta_3HFM_H_3HFM_Y_pose_018.pdb	
Rosetta	fnat	0.5800613361233881	3HFM_H	3HFM_Y	rosetta_3HFM_H_3HFM_Y_demo	rosetta_3HFM_H_3HFM_Y_pose_019	/demo/rosetta/3HFM_H_vs_3HFM_Y/rosetta_3HFM_H_3HFM_Y_pose_019.pdb	
Rosetta	fnat	0.44303794381612316	3HFM_H	3HFM_Y	rosetta_3HFM_H_3HFM_Y_demo	rosetta_3HFM_H_3HFM_Y_pose_020	/demo/rosetta/3HFM_H_vs_3HFM_Y/rosetta_3HFM_H_3HFM_Y_pose_020.pdb	
Rosetta	fnat	0.4322802871166482	3HFM_H	3HFM_Y	rosetta_3HFM_H_3HFM_Y_demo	rosetta_3HFM_H_3HFM_Y_pose_021	/demo/rosetta/3HFM_H_vs_3HFM_Y/rosetta_3HFM_H_3HFM_Y_pose_021.pdb	
Rosetta	fnat	0.34968447332388664	3HFM_H	3HFM_Y	rosetta_3HFM_H_3HFM_Y_demo	rosetta_3HFM_H_3HFM_Y_pose_022	/demo/rosetta/3HFM_H_vs_3HFM_Y/rosetta_3HFM_H_3HFM_Y_pose_022.pdb	
Rosetta	fnat	0.4293636611802923	3HFM_H	3HFM_Y	rosetta_3HFM_H_3HFM_Y_demo	rosetta_3HFM_H_3HFM_Y_pose_023	/demo/rosetta/3HFM_H_vs_3HFM_Y/rosetta_3HFM_H_3HFM_Y_pose_023.pdb	
Rosetta	fnat	0.30664851662506254	3HFM_H	3HFM_Y	rosetta_3HFM_H_3HFM_Y_demo	rosetta_3HFM_H_3HFM_Y_pose_024	/demo/rosetta/3HFM_H_vs_3HFM_Y/rosetta_3HFM_H_3HFM_Y_pose_024.pdb	
Rosetta	fnat	0.36784098119530556	3HFM_H	3HFM_Y	rosetta_3HFM_H_3HFM_Y_demo	rosetta_3HFM_H_3HFM_Y_pose_025	/demo/rosetta/3HFM_H_vs_3HFM_Y/rosetta_3HFM_H_3HFM_Y_pose_025.pdb	
Rosetta	fnat	0.4704107441498222	3HFM_H	3HFM_Y	rosetta_3HFM_H_3HFM_Y_demo	rosetta_3HFM_H_3HFM_Y_pose_026	/demo/rosetta/3HFM_H_vs_3HFM_Y/rosetta_3HFM_H_3HFM_Y_pose_026.pdb	
Rosetta	fnat	0.5687111877967257	3HFM_H	3HFM_Y	rosetta_3HFM_H_3HFM_Y_demo	rosetta_3HFM_H_3HFM_Y_pose_027	/demo/rosetta/3HFM_H_vs_3HFM_Y/rosetta_3HFM_H_3HFM_Y_pose_027.pdb	
Rosetta	fnat	0.7028289775106553	3HFM_H	3HFM_Y	rosetta_3HFM_H_3HFM_Y_demo	rosetta_3HFM_H_3HFM_Y_pose_028	/demo/rosetta/3HFM_H_vs_3HFM_Y/rosetta_3HFM_H_3HFM_Y_pose_028.pdb	
Rosetta	fnat	0.39720734234361893	3HFM_H	3HFM_Y	rosetta_3HFM_H_3HFM_Y_demo	rosetta_3HFM_H_3HFM_Y_pose_029	/demo/rosetta/3HFM_H_vs_3HFM_Y/rosetta_3HFM_H_3HFM_Y_pose_029.pdb	
Rosetta	fnat	0.5791770140980896	3HFM_H	3HFM_Y	rosetta_3HFM_H_3HFM_Y_demo	rosetta_3HFM_H_3HFM_Y_pose_030	/demo/rosetta/3HFM_H_vs_3HFM_Y/rosetta_3HFM_H_3HFM_Y_pose_030.pdb	
Rosetta	fnat	0.4719377232361483	3HFM_H	3HFM_Y	rosetta_3HFM_H_3HFM_Y_demo	rosetta_3HFM_H_3HFM_Y_pose_031	/demo/rosetta/3HFM_H_vs_3HFM_Y/rosetta_3HFM_H_3HFM_Y_pose_031.pdb	
Rosetta	fnat	0.4363877117928262	3HFM_H	3HFM_Y	rosetta_3HFM_H_3HFM_Y_demo	rosetta_3HFM_H_3HFM_Y_pose_032	/demo/rosetta/3HFM_H_vs_3HFM_Y/rosetta_3HFM_H_3HFM_Y_pose_032.pdb	
Rosetta	fnat	0.4889335006553537	3HFM_H	3HFM_Y	rosetta_3HFM_H_3HFM_Y_demo	rosetta_3HFM_H_3HFM_Y_pose_033	/demo/rosetta/3HFM_H_vs_3HFM_Y/rosetta_3HFM_H_3HFM_Y_pose_033.pdb	
Rosetta	fnat	0.45557248353119634	3HFM_H	3HFM_Y	rosetta_3HFM_H_3HFM_Y_demo	rosetta_3HFM_H_3HFM_Y_pose_034	/demo/rosetta/3HFM_H_vs_3HFM_Y/rosetta_3HFM_H_3HFM_Y_pose_034.pdb	
Rosetta	fnat	0.4599356153050997	3HFM_H	3HFM_Y	rosetta_3HFM_H_3HFM_Y_demo	rosetta_3HFM_H_3HFM_Y_pose_035	/demo/rosetta/3HFM_H_vs_3HFM_Y/rosetta_3HFM_H_3HFM_Y_pose_035.pdb	
Rosetta	fnat	0.4132500153455998	3HFM_H	3HFM_Y	rosetta_3HFM_H_3HFM_Y_demo	rosetta_3HFM_H_3HFM_Y_pose_036	/demo/rosetta/3HFM_H_vs_3HFM_Y/rosetta_3HFM_H_3HFM_Y_pose_036.pdb	
Rosetta	fnat	0.32417013061810346	3HFM_H	3HFM_Y	rosetta_3HFM_H_3HFM_Y_demo	rosetta_3HFM_H_3HFM_Y_pose_037	/demo/rosetta/3HFM_H_vs_3HFM_Y/rosetta_3HFM_H_3HFM_Y_pose_037.pdb	
Rosetta	fnat	0.3110737317730127	3HFM_H	3HFM_Y	rosetta_3HFM_H_3HFM_Y_demo	rosetta_3HFM_H_3HFM_Y_pose_038	/demo/rosetta/3HFM_H_vs_3HFM_Y/rosetta_3HFM_H_3HFM_Y_pose_038.pdb	
Rosetta	fnat	0.5087920394953105	3HFM_H	3HFM_Y	rosetta_3HFM_H_3HFM_Y_demo	rosetta_3HFM_H_3HFM_Y_pose_039	/demo/rosetta/3HFM_H_vs_3HFM_Y/rosetta_3HFM_H_3HFM_Y_pose_039.pdb	
Rosetta	fnat	0.4250969918922858	3HFM_H	3HFM_Y	rosetta_3HFM_H_3HFM_Y_demo	rosetta_3HFM_H_3HFM_Y_pose_040	/demo/rosetta/3HFM_H_vs_3HFM_Y/rosetta_3HFM_H_3HFM_Y_pose_040.pdb	
Rosetta	fnat	0.39635199903094503	3HFM_H	3HFM_Y	rosetta_3HFM_H_3HFM_Y_demo	rosetta_3HFM_H_3HFM_Y_pose_041	/demo/rosetta/3HFM_H_vs_3HFM_Y/rosetta_3HFM_H_3HFM_Y_pose_041.pdb	
Rosetta	fnat	0.45076550640508384	3HFM_H	3HFM_Y	rosetta_3HFM_H_3HFM_Y_demo	rosetta_3HFM_H_3HFM_Y_pose_042	/demo/rosetta/3HFM_H_vs_3HFM_Y/rosetta_3HFM_H_3HFM_Y_pose_042.pdb	
Rosetta	fnat	0.5215439027624065	3HFM_H	3HFM_Y	rosetta_3HFM_H_3HFM_Y_demo	rosetta_3HFM_H_3HFM_Y_pose_043	/demo/rosetta/3HFM_H_vs_3HFM_Y/rosetta_3HFM_H_3HFM_Y_pose_043.pdb	
Rosetta	fnat	0.46623275487237587	3HFM_H	3HFM_Y	rosetta_3HFM_H_3HFM_Y_demo	rosetta_3HFM_H_3HFM_Y_pose_044	/demo/rosetta/3HFM_H_vs_3HFM_Y/rosetta_3HFM_H_3HFM_Y_pose_044.pdb	
Rosetta	fnat	0.3909550557023129	3HFM_H	3HFM_Y	rosetta_3HFM_H_3HFM_Y_demo	rosetta_3HFM_H_3HFM_Y_pose_045	/demo/rosetta/3HFM_H_vs_3HFM_Y/rosetta_3HFM_H_3HFM_Y_pose_045.pdb	
Rosetta	fnat	0.5603663660084055	3HFM_H	3HFM_Y	rosetta_3HFM_H_3HFM_Y_demo	rosetta_3HFM_H_3HFM_Y_pose_046	/demo/rosetta/3HFM_H_vs_3HFM_Y/rosetta_3HFM_H_3HFM_Y_pose_046.pdb	
Rosetta	fnat	0.5921266952683468	3HFM_H	3HFM_Y	rosetta_3HFM_H_3HFM_Y_demo	rosetta_3HFM_H_3HFM_Y_pose_047	/demo/rosetta/3HFM_H_vs_3HFM_Y/rosetta_3HFM_H_3HFM_Y_pose_047.pdb	
Rosetta	fnat	0.4945100989790568	3HFM_H	3HFM_Y	rosetta_3HFM_H_3HFM_Y_demo	rosetta_3HFM_H_3HFM_Y_pose_048	/demo/rosetta/3HFM_H_vs_3HFM_Y/rosetta_3HFM_H_3HFM_Y_pose_048.pdb	
Rosetta	fnat	0.5376297160209681	3HFM_H	3HFM_Y	rosetta_3HFM_H_3HFM_Y_demo	rosetta_3HFM_H_3HFM_Y_pose_049	/demo/rosetta/3HFM_H_vs_3HFM_Y/rosetta_3HFM_H_3HFM_Y_pose_049.pdb	
Rosetta	fnat	0.561776399713243	3HFM_H	3HFM_Y	rosetta_3HFM_H_3HFM_Y_demo	rosetta_3HFM_H_3HFM_Y_pose_050	/demo/rosetta/3HFM_H_vs_3HFM_Y/rosetta_3HFM_H_3HFM_Y_pose_050.pdb	
Rosetta	irmsd	5.043109248044965	3HFM_H	3HFM_Y	rosetta_3HFM_H_3HFM_Y_demo	rosetta_3HFM_H_3HFM_Y_pose_001	/demo/rosetta/3HFM_H_vs_3HFM_Y/rosetta_3HFM_H_3HFM_Y_pose_001.pdb	
Rosetta	irmsd	4.475509094823886	3HFM_H	3HFM_Y	rosetta_3HFM_H_3HFM_Y_demo	rosetta_3HFM_H_3HFM_Y_pose_002	/demo/rosetta/3HFM_H_vs_3HFM_Y/rosetta_3HFM_H_3HFM_Y_pose_002.pdb	
Rosetta	irmsd	4.458181751782371	3HFM_H	3HFM_Y	rosetta_3HFM_H_3HFM_Y_demo	rosetta_3HFM_H_3HFM_Y_pose_003	/demo/rosetta/3HFM_H_vs_3HFM_Y/rosetta_3HFM_H_3HFM_Y_pose_003.pdb	
Rosetta	irmsd	4.371626630681153	3HFM_H	3HFM_Y	rosetta_3HFM_H_3HFM_Y_demo	rosetta_3HFM_H_3HFM_Y_pose_004	/demo/rosetta/3HFM_H_vs_3HFM_Y/rosetta_3HFM_H_3HFM_Y_pose_004.pdb	
Rosetta	irmsd	2.5929285579982517	3HFM_H	3HFM_Y	rosetta_3HFM_H_3HFM_Y_demo	rosetta_3HFM_H_3HFM_Y_pose_005	/demo/rosetta/3HFM_H_vs_3HFM_Y/rosetta_3HFM_H_3HFM_Y_pose_005.pdb	
Rosetta	irmsd	4.570795472545544	3HFM_H	3HFM_Y	rosetta_3HFM_H_3HFM_Y_demo	rosetta_3HFM_H_3HFM_Y_pose_006	/demo/rosetta/3HFM_H_vs_3HFM_Y/rosetta_3HFM_H_3HFM_Y_pose_006.pdb	
Rosetta	irmsd	2.3086046317607902	3HFM_H	3HFM_Y	rosetta_3HFM_H_3HFM_Y_demo	rosetta_3HFM_H_3HFM_Y_pose_007	/demo/rosetta/3HFM_H_vs_3HFM_Y/rosetta_3HFM_H_3HFM_Y_pose_007.pdb	
Rosetta	irmsd	2.9259405993624394	3HFM_H	3HFM_Y	rosetta_3HFM_H_3HFM_Y_demo	rosetta_3HFM_H_3HFM_Y_pose_008	/demo/rosetta/3HFM_H_vs_3HFM_Y/rosetta_3HFM_H_3HFM_Y_pose_008.pdb	
Rosetta	irmsd	5.233921574588896	3HFM_H	3HFM_Y	rosetta_3HFM_H_3HFM_Y_demo	rosetta_3HFM_H_3HFM_Y_pose_009	/demo/rosetta/3HFM_H_vs_3HFM_Y/rosetta_3HFM_H_3HFM_Y_pose_009.pdb	
Rosetta	irmsd	4.7242421789636175	3HFM_H	3HFM_Y	rosetta_3HFM_H_3HFM_Y_demo	rosetta_3HFM_H_3HFM_Y_pose_010	/demo/rosetta/3HFM_H_vs_3HFM_Y/rosetta_3HFM_H_3HFM_Y_pose_010.pdb	
Rosetta	irmsd	5.436138118654449	3HFM_H	3HFM_Y	rosetta_3HFM_H_3HFM_Y_demo	rosetta_3HFM_H_3HFM_Y_pose_011	/demo/rosetta/3HFM_H_vs_3HFM_Y/rosetta_3HFM_H_3HFM_Y_pose_011.pdb	
Rosetta	irmsd	3.5011581779439784	3HFM_H	3HFM_Y	rosetta_3HFM_H_3HFM_Y_demo	rosetta_3HFM_H_3HFM_Y_pose_012	/demo/rosetta/3HFM_H_vs_3HFM_Y/rosetta_3HFM_H_3HFM_Y_pose_012.pdb	
Rosetta	irmsd	2.5325262745955555	3HFM_H	3HFM_Y	rosetta_3HFM_H_3HFM_Y_demo	rosetta_3HFM_H_3HFM_Y_pose_013	/demo/rosetta/3HFM_H_vs_3HFM_Y/rosetta_3HFM_H_3HFM_Y_pose_013.pdb	
Rosetta	irmsd	3.535519083222623	3HFM_H	3HFM_Y	rosetta_3HFM_H_3HFM_Y_demo	rosetta_3HFM_H_3HFM_Y_pose_014	/demo/rosetta/3HFM_H_vs_3HFM_Y/rosetta_3HFM_H_3HFM_Y_pose_014.pdb	
Rosetta	irmsd	3.9122344269646314	3HFM_H	3HFM_Y	rosetta_3HFM_H_3HFM_Y_demo	rosetta_3HFM_H_3HFM_Y_pose_015	/demo/rosetta/3HFM_H_vs_3HFM_Y/rosetta_3HFM_H_3HFM_Y_pose_015.pdb	
Rosetta	irmsd	3.8868875879740106	3HFM_H	3HFM_Y	rosetta_3HFM_H_3HFM_Y_demo	rosetta_3HFM_H_3HFM_Y_pose_016	/demo/rosetta/3HFM_H_vs_3HFM_Y/rosetta_3HFM_H_3HFM_Y_pose_016.pdb	
Rosetta	irmsd	5.047048526632372	3HFM_H	3HFM_Y	rosetta_3HFM_H_3HFM_Y_demo	rosetta_3HFM_H_3HFM_Y_pose_017	/demo/rosetta/3HFM_H_vs_3HFM_Y/rosetta_3HFM_H_3HFM_Y_pose_017.pdb	
Rosetta	irmsd	3.4026025324962097	3HFM_H	3HFM_Y	rosetta_3HFM_H_3HFM_Y_demo	rosetta_3HFM_H_3HFM_Y_pose_018	/demo/rosetta/3HFM_H_vs_3HFM_Y/rosetta_3HFM_H_3HFM_Y_pose_018.pdb	
Rosetta	irmsd	4.187237918983216	3HFM_H	3HFM_Y	rosetta_3HFM_H_3HFM_Y_demo	rosetta_3HFM_H_3HFM_Y_pose_019	/demo/rosetta/3HFM_H_vs_3HFM_Y/rosetta_3HFM_H_3HFM_Y_pose_019.pdb	
Rosetta	irmsd	2.712510135621933	3HFM_H	3HFM_Y	rosetta_3HFM_H_3HFM_Y_demo	rosetta_3HFM_H_3HFM_Y_pose_020	/demo/rosetta/3HFM_H_vs_3HFM_Y/rosetta_3HFM_H_3HFM_Y_pose_020.pdb	
Rosetta	irmsd	4.295349005848194	3HFM_H	3HFM_Y	rosetta_3HFM_H_3HFM_Y_demo	rosetta_3HFM_H_3HFM_Y_pose_021	/demo/rosetta/3HFM_H_vs_3HFM_Y/rosetta_3HFM_H_3HFM_Y_pose_021.pdb	
Rosetta	irmsd	3.8034194052042003	3HFM_H	3HFM_Y	rosetta_3HFM_H_3HFM_Y_demo	rosetta_3HFM_H_3HFM_Y_pose_022	/demo/rosetta/3HFM_H_vs_3HFM_Y/rosetta_3HFM_H_3HFM_Y_pose_022.pdb	
Rosetta	irmsd	2.9752053278870303	3HFM_H	3HFM_Y	rosetta_3HFM_H_3HFM_Y_demo	rosetta_3HFM_H_3HFM_Y_pose_023	/demo/rosetta/3HFM_H_vs_3HFM_Y/rosetta_3HFM_H_3HFM_Y_pose_023.pdb	
Rosetta	irmsd	3.5405877016076617	3HFM_H	3HFM_Y	rosetta_3HFM_H_3HFM_Y_demo	rosetta_3HFM_H_3HFM_Y_pose_024	/demo/rosetta/3HFM_H_vs_3HFM_Y/rosetta_3HFM_H_3HFM_Y_pose_024.pdb	
Rosetta	irmsd	3.597406678833256	3HFM_H	3HFM_Y	rosetta_3HFM_H_3HFM_Y_demo	rosetta_3HFM_H_3HFM_Y_pose_025	/demo/rosetta/3HFM_H_vs_3HFM_Y/rosetta_3HFM_H_3HFM_Y_pose_025.pdb	
Rosetta	irmsd	3.502829357729194	3HFM_H	3HFM_Y	rosetta_3HFM_H_3HFM_Y_demo	rosetta_3HFM_H_3HFM_Y_pose_026	/demo/rosetta/3HFM_H_vs_3HFM_Y/rosetta_3HFM_H_3HFM_Y_pose_026.pdb	
Rosetta	irmsd	5.748475366494452	3HFM_H	3HFM_Y	rosetta_3HFM_H_3HFM_Y_demo	rosetta_3HFM_H_3HFM_Y_pose_027	/demo/rosetta/3HFM_H_vs_3HFM_Y/rosetta_3HFM_H_3HFM_Y_pose_027.pdb	
Rosetta	irmsd	3.691709397461332	3HFM_H	3HFM_Y	rosetta_3HFM_H_3HFM_Y_demo	rosetta_3HFM_H_3HFM_Y_pose_028	/demo/rosetta/3HFM_H_vs_3HFM_Y/rosetta_3HFM_H_3HFM_Y_pose_028.pdb	
Rosetta	irmsd	3.5317142788049285	3HFM_H	3HFM_Y	rosetta_3HFM_H_3HFM_Y_demo	rosetta_3HFM_H_3HFM_Y_pose_029	/demo/rosetta/3HFM_H_vs_3HFM_Y/rosetta_3HFM_H_3HFM_Y_pose_029.pdb	
Rosetta	irmsd	1.4928039466288436	3HFM_H	3HFM_Y	rosetta_3HFM_H_3HFM_Y_demo	rosetta_3HFM_H_3HFM_Y_pose_030	/demo/rosetta/3HFM_H_vs_3HFM_Y/rosetta_3HFM_H_3HFM_Y_pose_030.pdb	
Rosetta	irmsd	2.8163719128225746	3HFM_H	3HFM_Y	rosetta_3HFM_H_3HFM_Y_demo	rosetta_3HFM_H_3HFM_Y_pose_031	/demo/rosetta/3HFM_H_vs_3HFM_Y/rosetta_3HFM_H_3HFM_Y_pose_031.pdb	
Rosetta	irmsd	3.5106192330980117	3HFM_H	3HFM_Y	rosetta_3HFM_H_3HFM_Y_demo	rosetta_3HFM_H_3HFM_Y_pose_032	/demo/rosetta/3HFM_H_vs_3HFM_Y/rosetta_3HFM_H_3HFM_Y_pose_032.pdb	
Rosetta	irmsd	3.045562056205693	3HFM_H	3HFM_Y	rosetta_3HFM_H_3HFM_Y_demo	rosetta_3HFM_H_3HFM_Y_pose_033	/demo/rosetta/3HFM_H_vs_3HFM_Y/rosetta_3HFM_H_3HFM_Y_pose_033.pdb	
Rosetta	irmsd	5.319878352715577	3HFM_H	3HFM_Y	rosetta_3HFM_H_3HFM_Y_demo	rosetta_3HFM_H_3HFM_Y_pose_034	/demo/rosetta/3HFM_H_vs_3HFM_Y/rosetta_3HFM_H_3HFM_Y_pose_034.pdb	
Rosetta	irmsd	3.6185684470641593	3HFM_H	3HFM_Y	rosetta_3HFM_H_3HFM_Y_demo	rosetta_3HFM_H_3HFM_Y_pose_035	/demo/rosetta/3HFM_H_vs_3HFM_Y/rosetta_3HFM_H_3HFM_Y_pose_035.pdb	
Rosetta	irmsd	5.217288674250078	3HFM_H	3HFM_Y	rosetta_3HFM_H_3HFM_Y_demo	rosetta_3HFM_H_3HFM_Y_pose_036	/demo/rosetta/3HFM_H_vs_3HFM_Y/rosetta_3HFM_H_3HFM_Y_pose_036.pdb	
Rosetta	irmsd	3.867875097455405	3HFM_H	3HFM_Y	rosetta_3HFM_H_3HFM_Y_demo	rosetta_3HFM_H_3HFM_Y_pose_037	/demo/rosetta/3HFM_H_vs_3HFM_Y/rosetta_3HFM_H_3HFM_Y_pose_037.pdb	
Rosetta	irmsd	3.840950620063734	3HFM_H	3HFM_Y	rosetta_3HFM_H_3HFM_Y_demo	rosetta_3HFM_H_3HFM_Y_pose_038	/demo/rosetta/3HFM_H_vs_3HFM_Y/rosetta_3HFM_H_3HFM_Y_pose_038.pdb	
Rosetta	irmsd	3.7023239075162486	3HFM_H	3HFM_Y	rosetta_3HFM_H_3HFM_Y_demo	rosetta_3HFM_H_3HFM_Y_pose_039	/demo/rosetta/3HFM_H_vs_3HFM_Y/rosetta_3HFM_H_3HFM_Y_pose_039.pdb	
Rosetta	irmsd	3.8041758767836047	3HFM_H	3HFM_Y	rosetta_3HFM_H_3HFM_Y_demo	rosetta_3HFM_H_3HFM_Y_pose_040	/demo/rosetta/3HFM_H_vs_3HFM_Y/rosetta_3HFM_H_3HFM_Y_pose_040.pdb	
Rosetta	irmsd	5.690674503354845	3HFM_H	3HFM_Y	rosetta_3HFM_H_3HFM_Y_demo	rosetta_3HFM_H_3HFM_Y_pose_041	/demo/rosetta/3HFM_H_vs_3HFM_Y/rosetta_3HFM_H_3HFM_Y_pose_041.pdb	
Rosetta	irmsd	1.2484282005736596	3HFM_H	3HFM_Y	rosetta_3HFM_H_3HFM_Y_demo	rosetta_3HFM_H_3HFM_Y_pose_042	/demo/rosetta/3HFM_H_vs_3HFM_Y/rosetta_3HFM_H_3HFM_Y_pose_042.pdb	
Rosetta	irmsd	1.598299681117453	3HFM_H	3HFM_Y	rosetta_3HFM_H_3HFM_Y_demo	rosetta_3HFM_H_3HFM_Y_pose_043	/demo/rosetta/3HFM_H_vs_3HFM_Y/rosetta_3HFM_H_3HFM_Y_pose_043.pdb	
Rosetta	irmsd	3.2025120858382747	3HFM_H	3HFM_Y	rosetta_3HFM_H_3HFM_Y_demo	rosetta_3HFM_H_3HFM_Y_pose_044	/demo/rosetta/3HFM_H_vs_3HFM_Y/rosetta_3HFM_H_3HFM_Y_pose_044.pdb	
Rosetta	irmsd	3.8159806701313257	3HFM_H	3HFM_Y	rosetta_3HFM_H_3HFM_Y_demo	rosetta_3HFM_H_3HFM_Y_pose_045	/demo/rosetta/3HFM_H_vs_3HFM_Y/rosetta_3HFM_H_3HFM_Y_pose_045.pdb	
Rosetta	irmsd	4.559114867240414	3HFM_H	3HFM_Y	rosetta_3HFM_H_3HFM_Y_demo	rosetta_3HFM_H_3HFM_Y_pose_046	/demo/rosetta/3HFM_H_vs_3HFM_Y/rosetta_3HFM_H_3HFM_Y_pose_046.pdb	
Rosetta	irmsd	4.320395917830223	3HFM_H	3HFM_Y	rosetta_3HFM_H_3HFM_Y_demo	rosetta_3HFM_H_3HFM_Y_pose_047	/demo/rosetta/3HFM_H_vs_3HFM_Y/rosetta_3HFM_H_3HFM_Y_pose_047.pdb	
Rosetta	irmsd	3.3773294958313724	3HFM_H	3HFM_Y	rosetta_3HFM_H_3HFM_Y_demo	rosetta_3HFM_H_3HFM_Y_pose_048	/demo/rosetta/3HFM_H_vs_3HFM_Y/rosetta_3HFM_H_3HFM_Y_pose_048.pdb	
Rosetta	irmsd	4.920948062565938	3HFM_H	3HFM_Y	rosetta_3HFM_H_3HFM_Y_demo	rosetta_3HFM_H_3HFM_Y_pose_049	/demo/rosetta/3HFM_H_vs_3HFM_Y/rosetta_3HFM_H_3HFM_Y_pose_049.pdb	
Rosetta	irmsd	4.933214943468004	3HFM_H	3HFM_Y	rosetta_3HFM_H_3HFM_Y_demo	rosetta_3HFM_H_3HFM_Y_pose_050	/demo/rosetta/3HFM_H_vs_3HFM_Y/rosetta_3HFM_H_3HFM_Y_pose_050.pdb	
Rosetta	lrmsd	7.868115662543131	3HFM_H	3HFM_Y	rosetta_3HFM_H_3HFM_Y_demo	rosetta_3HFM_H_3HFM_Y_pose_001	/demo/rosetta/3HFM_H_vs_3HFM_Y/rosetta_3HFM_H_3HFM_Y_pose_001.pdb	
Rosetta	lrmsd	9.425315144973682	3HFM_H	3HFM_Y	rosetta_3HFM_H_3HFM_Y_demo	rosetta_3HFM_H_3HFM_Y_pose_002	/demo/rosetta/3HFM_H_vs_3HFM_Y/rosetta_3HFM_H_3HFM_Y_pose_002.pdb	
Rosetta	lrmsd	8.045290526864257	3HFM_H	3HFM_Y	rosetta_3HFM_H_3HFM_Y_demo	rosetta_3HFM_H_3HFM_Y_pose_003	/demo/rosetta/3HFM_H_vs_3HFM_Y/rosetta_3HFM_H_3HFM_Y_pose_003.pdb	
Rosetta	lrmsd	6.377033946434233	3HFM_H	3HFM_Y	rosetta_3HFM_H_3HFM_Y_demo	rosetta_3HFM_H_3HFM_Y_pose_004	/demo/rosetta/3HFM_H_vs_3HFM_Y/rosetta_3HFM_H_3HFM_Y_pose_004.pdb	
Rosetta	lrmsd	8.89563367800001	3HFM_H	3HFM_Y	rosetta_3HFM_H_3HFM_Y_demo	rosetta_3HFM_H_3HFM_Y_pose_005	/demo/rosetta/3HFM_H_vs_3HFM_Y/rosetta_3HFM_H_3HFM_Y_pose_005.pdb	
Rosetta	lrmsd	7.7212262451573555	3HFM_H	3HFM_Y	rosetta_3HFM_H_3HFM_Y_demo	rosetta_3HFM_H_3HFM_Y_pose_006	/demo/rosetta/3HFM_H_vs_3HFM_Y/rosetta_3HFM_H_3HFM_Y_pose_006.pdb	
Rosetta	lrmsd	7.5026796935089735	3HFM_H	3HFM_Y	rosetta_3HFM_H_3HFM_Y_demo	rosetta_3HFM_H_3HFM_Y_pose_007	/demo/rosetta/3HFM_H_vs_3HFM_Y/rosetta_3HFM_H_3HFM_Y_pose_007.pdb	
Rosetta	lrmsd	10.445907144379149	3HFM_H	3HFM_Y	rosetta_3HFM_H_3HFM_Y_demo	rosetta_3HFM_H_3HFM_Y_pose_008	/demo/rosetta/3HFM_H_vs_3HFM_Y/rosetta_3HFM_H_3HFM_Y_pose_008.pdb	
Rosetta	lrmsd	2.598255742919827	3HFM_H	3HFM_Y	rosetta_3HFM_H_3HFM_Y_demo	rosetta_3HFM_H_3HFM_Y_pose_009	/demo/rosetta/3HFM_H_vs_3HFM_Y/rosetta_3HFM_H_3HFM_Y_pose_009.pdb	
Rosetta	lrmsd	4.664631659680861	3HFM_H	3HFM_Y	rosetta_3HFM_H_3HFM_Y_demo	rosetta_3HFM_H_3HFM_Y_pose_010	/demo/rosetta/3HFM_H_vs_3HFM_Y/rosetta_3HFM_H_3HFM_Y_pose_010.pdb	
Rosetta	lrmsd	5.12585914725126	3HFM_H	3HFM_Y	rosetta_3HFM_H_3HFM_Y_demo	rosetta_3HFM_H_3HFM_Y_pose_011	/demo/rosetta/3HFM_H_vs_3HFM_Y/rosetta_3HFM_H_3HFM_Y_pose_011.pdb	
Rosetta	lrmsd	6.773478704862389	3HFM_H	3HFM_Y	rosetta_3HFM_H_3HFM_Y_demo	rosetta_3HFM_H_3HFM_Y_pose_012	/demo/rosetta/3HFM_H_vs_3HFM_Y/rosetta_3HFM_H_3HFM_Y_pose_012.pdb	
Rosetta	lrmsd	6.990783660467939	3HFM_H	3HFM_Y	rosetta_3HFM_H_3HFM_Y_demo	rosetta_3HFM_H_3HFM_Y_pose_013	/demo/rosetta/3HFM_H_vs_3HFM_Y/rosetta_3HFM_H_3HFM_Y_pose_013.pdb	
Rosetta	lrmsd	4.485348704453905	3HFM_H	3HFM_Y	rosetta_3HFM_H_3HFM_Y_demo	rosetta_3HFM_H_3HFM_Y_pose_014	/demo/rosetta/3HFM_H_vs_3HFM_Y/rosetta_3HFM_H_3HFM_Y_pose_014.pdb	
Rosetta	lrmsd	5.529683935378348	3HFM_H	3HFM_Y	rosetta_3HFM_H_3HFM_Y_demo	rosetta_3HFM_H_3HFM_Y_pose_015	/demo/rosetta/3HFM_H_vs_3HFM_Y/rosetta_3HFM_H_3HFM_Y_pose_015.pdb	
Rosetta	lrmsd	5.778316642952859	3HFM_H	3HFM_Y	rosetta_3HFM_H_3HFM_Y_demo	rosetta_3HFM_H_3HFM_Y_pose_016	/demo/rosetta/3HFM_H_vs_3HFM_Y/rosetta_3HFM_H_3HFM_Y_pose_016.pdb	
Rosetta	lrmsd	12.414848184151783	3HFM_H	3HFM_Y	rosetta_3HFM_H_3HFM_Y_demo	rosetta_3HFM_H_3HFM_Y_pose_017	/demo/rosetta/3HFM_H_vs_3HFM_Y/rosetta_3HFM_H_3HFM_Y_pose_017.pdb	
Rosetta	lrmsd	11.103483895494293	3HFM_H	3HFM_Y	rosetta_3HFM_H_3HFM_Y_demo	rosetta_3HFM_H_3HFM_Y_pose_018	/demo/rosetta/3HFM_H_vs_3HFM_Y/rosetta_3HFM_H_3HFM_Y_pose_018.pdb	
Rosetta	lrmsd	6.676501164630701	3HFM_H	3HFM_Y	rosetta_3HFM_H_3HFM_Y_demo	rosetta_3HFM_H_3HFM_Y_pose_019	/demo/rosetta/3HFM_H_vs_3HFM_Y/rosetta_3HFM_H_3HFM_Y_pose_019.pdb	
Rosetta	lrmsd	6.772833419386402	3HFM_H	3HFM_Y	rosetta_3HFM_H_3HFM_Y_demo	rosetta_3HFM_H_3HFM_Y_pose_020	/demo/rosetta/3HFM_H_vs_3HFM_Y/rosetta_3HFM_H_3HFM_Y_pose_020.pdb	
Rosetta	lrmsd	5.201592005623412	3HFM_H	3HFM_Y	rosetta_3HFM_H_3HFM_Y_demo	rosetta_3HFM_H_3HFM_Y_pose_021	/demo/rosetta/3HFM_H_vs_3HFM_Y/rosetta_3HFM_H_3HFM_Y_pose_021.pdb	
Rosetta	lrmsd	3.6837391735494665	3HFM_H	3HFM_Y	rosetta_3HFM_H_3HFM_Y_demo	rosetta_3HFM_H_3HFM_Y_pose_022	/demo/rosetta/3HFM_H_vs_3HFM_Y/rosetta_3HFM_H_3HFM_Y_pose_022.pdb	
Rosetta	lrmsd	7.266239627182952	3HFM_H	3HFM_Y	rosetta_3HFM_H_3HFM_Y_demo	rosetta_3HFM_H_3HFM_Y_pose_023	/demo/rosetta/3HFM_H_vs_3HFM_Y/rosetta_3HFM_H_3HFM_Y_pose_023.pdb	
Rosetta	lrmsd	5.504296033511949	3HFM_H	3HFM_Y	rosetta_3HFM_H_3HFM_Y_demo	rosetta_3HFM_H_3HFM_Y_pose_024	/demo/rosetta/3HFM_H_vs_3HFM_Y/rosetta_3HFM_H_3HFM_Y_pose_024.pdb	
Rosetta	lrmsd	7.33029893667598	3HFM_H	3HFM_Y	rosetta_3HFM_H_3HFM_Y_demo	rosetta_3HFM_H_3HFM_Y_pose_025	/demo/rosetta/3HFM_H_vs_3HFM_Y/rosetta_3HFM_H_3HFM_Y_pose_025.pdb	
Rosetta	lrmsd	4.299588301913046	3HFM_H	3HFM_Y	rosetta_3HFM_H_3HFM_Y_demo	rosetta_3HFM_H_3HFM_Y_pose_026	/demo/rosetta/3HFM_H_vs_3HFM_Y/rosetta_3HFM_H_3HFM_Y_pose_026.pdb	
Rosetta	lrmsd	5.976051083379485	3HFM_H	3HFM_Y	rosetta_3HFM_H_3HFM_Y_demo	rosetta_3HFM_H_3HFM_Y_pose_027	/demo/rosetta/3HFM_H_vs_3HFM_Y/rosetta_3HFM_H_3HFM_Y_pose_027.pdb	
Rosetta	lrmsd	7.797254190605662	3HFM_H	3HFM_Y	rosetta_3HFM_H_3HFM_Y_demo	rosetta_3HFM_H_3HFM_Y_pose_028	/demo/rosetta/3HFM_H_vs_3HFM_Y/rosetta_3HFM_H_3HFM_Y_pose_028.pdb	
Rosetta	lrmsd	8.232419195567875	3HFM_H	3HFM_Y	rosetta_3HFM_H_3HFM_Y_demo	rosetta_3HFM_H_3HFM_Y_pose_029	/demo/rosetta/3HFM_H_vs_3HFM_Y/rosetta_3HFM_H_3HFM_Y_pose_029.pdb	
Rosetta	lrmsd	8.33494391748403	3HFM_H	3HFM_Y	rosetta_3HFM_H_3HFM_Y_demo	rosetta_3HFM_H_3HFM_Y_pose_030	/demo/rosetta/3HFM_H_vs_3HFM_Y/rosetta_3HFM_H_3HFM_Y_pose_030.pdb	
Rosetta	lrmsd	4.859022031685925	3HFM_H	3HFM_Y	rosetta_3HFM_H_3HFM_Y_demo	rosetta_3HFM_H_3HFM_Y_pose_031	/demo/rosetta/3HFM_H_vs_3HFM_Y/rosetta_3HFM_H_3HFM_Y_pose_031.pdb	
Rosetta	lrmsd	9.209371460271123	3HFM_H	3HFM_Y	rosetta_3HFM_H_3HFM_Y_demo	rosetta_3HFM_H_3HFM_Y_pose_032	/demo/rosetta/3HFM_H_vs_3HFM_Y/rosetta_3HFM_H_3HFM_Y_pose_032.pdb	
Rosetta	lrmsd	5.899576606796299	3HFM_H	3HFM_Y	rosetta_3HFM_H_3HFM_Y_demo	rosetta_3HFM_H_3HFM_Y_pose_033	/demo/rosetta/3HFM_H_vs_3HFM_Y/rosetta_3HFM_H_3HFM_Y_pose_033.pdb	
Rosetta	lrmsd	8.765715829214614	3HFM_H	3HFM_Y	rosetta_3HFM_H_3HFM_Y_demo	rosetta_3HFM_H_3HFM_Y_pose_034	/demo/rosetta/3HFM_H_vs_3HFM_Y/rosetta_3HFM_H_3HFM_Y_pose_034.pdb	
Rosetta	lrmsd	7.478722646763614	3HFM_H	3HFM_Y	rosetta_3HFM_H_3HFM_Y_demo	rosetta_3HFM_H_3HFM_Y_pose_035	/demo/rosetta/3HFM_H_vs_3HFM_Y/rosetta_3HFM_H_3HFM_Y_pose_035.pdb	
Rosetta	lrmsd	4.747225001844104	3HFM_H	3HFM_Y	rosetta_3HFM_H_3HFM_Y_demo	rosetta_3HFM_H_3HFM_Y_pose_036	/demo/rosetta/3HFM_H_vs_3HFM_Y/rosetta_3HFM_H_3HFM_Y_pose_036.pdb	
Rosetta	lrmsd	6.867604590837624	3HFM_H	3HFM_Y	rosetta_3HFM_H_3HFM_Y_demo	rosetta_3HFM_H_3HFM_Y_pose_037	/demo/rosetta/3HFM_H_vs_3HFM_Y/rosetta_3HFM_H_3HFM_Y_pose_037.pdb	
Rosetta	lrmsd	8.230727484127534	3HFM_H	3HFM_Y	rosetta_3HFM_H_3HFM_Y_demo	rosetta_3HFM_H_3HFM_Y_pose_038	/demo/rosetta/3HFM_H_vs_3HFM_Y/rosetta_3HFM_H_3HFM_Y_pose_038.pdb	
Rosetta	lrmsd	8.725930760949199	3HFM_H	3HFM_Y	rosetta_3HFM_H_3HFM_Y_demo	rosetta_3HFM_H_3HFM_Y_pose_039	/demo/rosetta/3HFM_H_vs_3HFM_Y/rosetta_3HFM_H_3HFM_Y_pose_039.pdb	
Rosetta	lrmsd	7.2180242051111625	3HFM_H	3HFM_Y	rosetta_3HFM_H_3HFM_Y_demo	rosetta_3HFM_H_3HFM_Y_pose_040	/demo/rosetta/3HFM_H_vs_3HFM_Y/rosetta_3HFM_H_3HFM_Y_pose_040.pdb	
Rosetta	lrmsd	10.563557781202105	3HFM_H	3HFM_Y	rosetta_3HFM_H_3HFM_Y_demo	rosetta_3HFM_H_3HFM_Y_pose_041	/demo/rosetta/3HFM_H_vs_3HFM_Y/rosetta_3HFM_H_3HFM_Y_pose_041.pdb	
Rosetta	lrmsd	9.515021541973118	3HFM_H	3HFM_Y	rosetta_3HFM_H_3HFM_Y_demo	rosetta_3HFM_H_3HFM_Y_pose_042	/demo/rosetta/3HFM_H_vs_3HFM_Y/rosetta_3HFM_H_3HFM_Y_pose_042.pdb	
Rosetta	lrmsd	6.986691767200495	3HFM_H	3HFM_Y	rosetta_3HFM_H_3HFM_Y_demo	rosetta_3HFM_H_3HFM_Y_pose_043	/demo/rosetta/3HFM_H_vs_3HFM_Y/rosetta_3HFM_H_3HFM_Y_pose_043.pdb	
Rosetta	lrmsd	9.000243624273889	3HFM_H	3HFM_Y	rosetta_3HFM_H_3HFM_Y_demo	rosetta_3HFM_H_3HFM_Y_pose_044	/demo/rosetta/3HFM_H_vs_3HFM_Y/rosetta_3HFM_H_3HFM_Y_pose_044.pdb	
Rosetta	lrmsd	11.367586970376374	3HFM_H	3HFM_Y	rosetta_3HFM_H_3HFM_Y_demo	rosetta_3HFM_H_3HFM_Y_pose_045	/demo/rosetta/3HFM_H_vs_3HFM_Y/rosetta_3HFM_H_3HFM_Y_pose_045.pdb	
Rosetta	lrmsd	11.420969201566054	3HFM_H	3HFM_Y	rosetta_3HFM_H_3HFM_Y_demo	rosetta_3HFM_H_3HFM_Y_pose_046	/demo/rosetta/3HFM_H_vs_3HFM_Y/rosetta_3HFM_H_3HFM_Y_pose_046.pdb	
Rosetta	lrmsd	5.0440002383550055	3HFM_H	3HFM_Y	rosetta_3HFM_H_3HFM_Y_demo	rosetta_3HFM_H_3HFM_Y_pose_047	/demo/rosetta/3HFM_H_vs_3HFM_Y/rosetta_3HFM_H_3HFM_Y_pose_047.pdb	
Rosetta	lrmsd	5.646933777685699	3HFM_H	3HFM_Y	rosetta_3HFM_H_3HFM_Y_demo	rosetta_3HFM_H_3HFM_Y_pose_048	/demo/rosetta/3HFM_H_vs_3HFM_Y/rosetta_3HFM_H_3HFM_Y_pose_048.pdb	
Rosetta	lrmsd	10.469837573467702	3HFM_H	3HFM_Y	rosetta_3HFM_H_3HFM_Y_demo	rosetta_3HFM_H_3HFM_Y_pose_049	/demo/rosetta/3HFM_H_vs_3HFM_Y/rosetta_3HFM_H_3HFM_Y_pose_049.pdb	
Rosetta	lrmsd	5.3834378983247255	3HFM_H	3HFM_Y	rosetta_3HFM_H_3HFM_Y_demo	rosetta_3HFM_H_3HFM_Y_pose_050	/demo/rosetta/3HFM_H_vs_3HFM_Y/rosetta_3HFM_H_3HFM_Y_pose_050.pdb	
HADDOCK	dockq	0.22064753200249926	1BRS_barnase	1BRS_barstar	haddock_1BRS_barnase_1BRS_barstar_demo	haddock_1BRS_barnase_1BRS_barstar_pose_001	/demo/haddock/1BRS_barnase_vs_1BRS_barstar/haddock_1BRS_barnase_1BRS_barstar_pose_001.pdb	
HADDOCK	dockq	0.2708283521580572	1BRS_barnase	1BRS_barstar	haddock_1BRS_barnase_1BRS_barstar_demo	haddock_1BRS_barnase_1BRS_barstar_pose_002	/demo/haddock/1BRS_barnase_vs_1BRS_barstar/haddock_1BRS_barnase_1BRS_barstar_pose_002.pdb	
HADDOCK	dockq	0.32521360256847515	1BRS_barnase	1BRS_barstar	haddock_1BRS_barnase_1BRS_barstar_demo	haddock_1BRS_barnase_1BRS_barstar_pose_003	/demo/haddock/1BRS_barnase_vs_1BRS_barstar/haddock_1BRS_barnase_1BRS_barstar_pose_003.pdb	
HADDOCK	dockq	0.2938561976033342	1BRS_barnase	1BRS_barstar	haddock_1BRS_barnase_1BRS_barstar_demo	haddock_1BRS_barnase_1BRS_barstar_pose_004	/demo/haddock/1BRS_barnase_vs_1BRS_barstar/haddock_1BRS_barnase_1BRS_barstar_pose_004.pdb	
HADDOCK	dockq	0.26096618277566447	1BRS_barnase	1BRS_barstar	haddock_1BRS_barnase_1BRS_barstar_demo	haddock_1BRS_barnase_1BRS_barstar_pose_005	/demo/haddock/1BRS_barnase_vs_1BRS_barstar/haddock_1BRS_barnase_1BRS_barstar_pose_005.pdb	
HADDOCK	dockq	0.2595472522965295	1BRS_barnase	1BRS_barstar	haddock_1BRS_barnase_1BRS_barstar_demo	haddock_1BRS_barnase_1BRS_barstar_pose_006	/demo/haddock/1BRS_barnase_vs_1BRS_barstar/haddock_1BRS_barnase_1BRS_barstar_pose_006.pdb	
HADDOCK	dockq	0.2572597761352375	1BRS_barnase	1BRS_barstar	haddock_1BRS_barnase_1BRS_barstar_demo	haddock_1BRS_barnase_1BRS_barstar_pose_007	/demo/haddock/1BRS_barnase_vs_1BRS_barstar/haddock_1BRS_barnase_1BRS_barstar_pose_007.pdb	
HADDOCK	dockq	0.24722942228046343	1BRS_barnase	1BRS_barstar	haddock_1BRS_barnase_1BRS_barstar_demo	haddock_1BRS_barnase_1BRS_barstar_pose_008	/demo/haddock/1BRS_barnase_vs_1BRS_barstar/haddock_1BRS_barnase_1BRS_barstar_pose_008.pdb	
HADDOCK	dockq	0.4368979726365637	1BRS_barnase	1BRS_barstar	haddock_1BRS_barnase_1BRS_barstar_demo	haddock_1BRS_barnase_1BRS_barstar_pose_009	/demo/haddock/1BRS_barnase_vs_1BRS_barstar/haddock_1BRS_barnase_1BRS_barstar_pose_009.pdb	
HADDOCK	dockq	0.3178506642711333	1BRS_barnase	1BRS_barstar	haddock_1BRS_barnase_1BRS_barstar_demo	haddock_1BRS_barnase_1BRS_barstar_pose_010	/demo/haddock/1BRS_barnase_vs_1BRS_barstar/haddock_1BRS_barnase_1BRS_barstar_pose_010.pdb	
HADDOCK	dockq	0.3532055432642843	1BRS_barnase	1BRS_barstar	haddock_1BRS_barnase_1BRS_barstar_demo	haddock_1BRS_barnase_1BRS_barstar_pose_011	/demo/haddock/1BRS_barnase_vs_1BRS_barstar/haddock_1BRS_barnase_1BRS_barstar_pose_011.pdb	
HADDOCK	dockq	0.27065535191286455	1BRS_barnase	1BRS_barstar	haddock_1BRS_barnase_1BRS_barstar_demo	haddock_1BRS_barnase_1BRS_barstar_pose_012	/demo/haddock/1BRS_barnase_vs_1BRS_barstar/haddock_1BRS_barnase_1BRS_barstar_pose_012.pdb	
HADDOCK	dockq	0.28884259936883705	1BRS_barnase	1BRS_barstar	haddock_1BRS_barnase_1BRS_barstar_demo	haddock_1BRS_barnase_1BRS_barstar_pose_013	/demo/haddock/1BRS_barnase_vs_1BRS_barstar/haddock_1BRS_barnase_1BRS_barstar_pose_013.pdb	
HADDOCK	dockq	0.2571867611177787	1BRS_barnase	1BRS_barstar	haddock_1BRS_barnase_1BRS_barstar_demo	haddock_1BRS_barnase_1BRS_barstar_pose_014	/demo/haddock/1BRS_barnase_vs_1BRS_barstar/haddock_1BRS_barnase_1BRS_barstar_pose_014.pdb	
HADDOCK	dockq	0.14089749990484787	1BRS_barnase	1BRS_barstar	haddock_1BRS_barnase_1BRS_barstar_demo	haddock_1BRS_barnase_1BRS_barstar_pose_015	/demo/haddock/1BRS_barnase_vs_1BRS_barstar/haddock_1BRS_barnase_1BRS_barstar_pose_015.pdb	
HADDOCK	dockq	0.217319443389128	1BRS_barnase	1BRS_barstar	haddock_1BRS_barnase_1BRS_barstar_demo	haddock_1BRS_barnase_1BRS_barstar_pose_016	/demo/haddock/1BRS_barnase_vs_1BRS_barstar/haddock_1BRS_barnase_1BRS_barstar_pose_016.pdb	
HADDOCK	dockq	0.1913628792011763	1BRS_barnase	1BRS_barstar	haddock_1BRS_barnase_1BRS_barstar_demo	haddock_1BRS_barnase_1BRS_barstar_pose_017	/demo/haddock/1BRS_barnase_vs_1BRS_barstar/haddock_1BRS_barnase_1BRS_barstar_pose_017.pdb	
HADDOCK	dockq	0.16501297332290354	1BRS_barnase	1BRS_barstar	haddock_1BRS_barnase_1BRS_barstar_demo	haddock_1BRS_barnase_1BRS_barstar_pose_018	/demo/haddock/1BRS_barnase_vs_1BRS_barstar/haddock_1BRS_barnase_1BRS_barstar_pose_018.pdb	
HADDOCK	dockq	0.22827846154211384	1BRS_barnase	1BRS_barstar	haddock_1BRS_barnase_1BRS_barstar_demo	haddock_1BRS_barnase_1BRS_barstar_pose_019	/demo/haddock/1BRS_barnase_vs_1BRS_barstar/haddock_1BRS_barnase_1BRS_barstar_pose_019.pdb	
HADDOCK	dockq	0.3794973407628978	1BRS_barnase	1BRS_barstar	haddock_1BRS_barnase_1BRS_barstar_demo	haddock_1BRS_barnase_1BRS_barstar_pose_020	/demo/haddock/1BRS_barnase_vs_1BRS_barstar/haddock_1BRS_barnase_1BRS_barstar_pose_020.pdb	
HADDOCK	dockq	0.2973338299377387	1BRS_barnase	1BRS_barstar	haddock_1BRS_barnase_1BRS_barstar_demo	haddock_1BRS_barnase_1BRS_barstar_pose_021	/demo/haddock/1BRS_barnase_vs_1BRS_barstar/haddock_1BRS_barnase_1BRS_barstar_pose_021.pdb	
HADDOCK	dockq	0.3774338257392704	1BRS_barnase	1BRS_barstar	haddock_1BRS_barnase_1BRS_barstar_demo	haddock_1BRS_barnase_1BRS_barstar_pose_022	/demo/haddock/1BRS_barnase_vs_1BRS_barstar/haddock_1BRS_barnase_1BRS_barstar_pose_022.pdb	
HADDOCK	dockq	0.32465895461405253	1BRS_barnase	1BRS_barstar	haddock_1BRS_barnase_1BRS_barstar_demo	haddock_1BRS_barnase_1BRS_barstar_pose_023	/demo/haddock/1BRS_barnase_vs_1BRS_barstar/haddock_1BRS_barnase_1BRS_barstar_pose_023.pdb	
HADDOCK	dockq	0.34695352954290953	1BRS_barnase	1BRS_barstar	haddock_1BRS_barnase_1BRS_barstar_demo	haddock_1BRS_barnase_1BRS_barstar_pose_024	/demo/haddock/1BRS_barnase_vs_1BRS_barstar/haddock_1BRS_barnase_1BRS_barstar_pose_024.pdb	
HADDOCK	dockq	0.2459461802817255	1BRS_barnase	1BRS_barstar	haddock_1BRS_barnase_1BRS_barstar_demo	haddock_1BRS_barnase_1BRS_barstar_pose_025	/demo/haddock/1BRS_barnase_vs_1BRS_barstar/haddock_1BRS_barnase_1BRS_barstar_pose_025.pdb	
HADDOCK	dockq	0.33143705725156025	1BRS_barnase	1BRS_barstar	haddock_1BRS_barnase_1BRS_barstar_demo	haddock_1BRS_barnase_1BRS_barstar_pose_026	/demo/haddock/1BRS_barnase_vs_1BRS_barstar/haddock_1BRS_barnase_1BRS_barstar_pose_026.pdb	
HADDOCK	dockq	0.34372285404446073	1BRS_barnase	1BRS_barstar	haddock_1BRS_barnase_1BRS_barstar_demo	haddock_1BRS_barnase_1BRS_barstar_pose_027	/demo/haddock/1BRS_barnase_vs_1BRS_barstar/haddock_1BRS_barnase_1BRS_barstar_pose_027.pdb	
HADDOCK	dockq	0.2654011624659784	1BRS_barnase	1BRS_barstar	haddock_1BRS_barnase_1BRS_barstar_demo	haddock_1BRS_barnase_1BRS_barstar_pose_028	/demo/haddock/1BRS_barnase_vs_1BRS_barstar/haddock_1BRS_barnase_1BRS_barstar_pose_028.pdb	
HADDOCK	dockq	0.33357242223697	1BRS_barnase	1BRS_barstar	haddock_1BRS_barnase_1BRS_barstar_demo	haddock_1BRS_barnase_1BRS_barstar_pose_029	/demo/haddock/1BRS_barnase_vs_1BRS_barstar/haddock_1BRS_barnase_1BRS_barstar_pose_029.pdb	
HADDOCK	dockq	0.33397126551448997	1BRS_barnase	1BRS_barstar	haddock_1BRS_barnase_1BRS_barstar_demo	haddock_1BRS_barnase_1BRS_barstar_pose_030	/demo/haddock/1BRS_barnase_vs_1BRS_barstar/haddock_1BRS_barnase_1BRS_barstar_pose_030.pdb	
HADDOCK	dockq	0.267026842732195	1BRS_barnase	1BRS_barstar	haddock_1BRS_barnase_1BRS_barstar_demo	haddock_1BRS_barnase_1BRS_barstar_pose_031	/demo/haddock/1BRS_barnase_vs_1BRS_barstar/haddock_1BRS_barnase_1BRS_barstar_pose_031.pdb	
HADDOCK	dockq	0.2326338940637403	1BRS_barnase	1BRS_barstar	haddock_1BRS_barnase_1BRS_barstar_demo	haddock_1BRS_barnase_1BRS_barstar_pose_032	/demo/haddock/1BRS_barnase_vs_1BRS_barstar/haddock_1BRS_barnase_1BRS_barstar_pose_032.pdb	
HADDOCK	dockq	0.22895230008610365	1BRS_barnase	1BRS_barstar	haddock_1BRS_barnase_1BRS_barstar_demo	haddock_1BRS_barnase_1BRS_barstar_pose_033	/demo/haddock/1BRS_barnase_vs_1BRS_barstar/haddock_1BRS_barnase_1BRS_barstar_pose_033.pdb	
HADDOCK	dockq	0.3051903325152877	1BRS_barnase	1BRS_barstar	haddock_1BRS_barnase_1BRS_barstar_demo	haddock_1BRS_barnase_1BRS_barstar_pose_034	/demo/haddock/1BRS_barnase_vs_1BRS_barstar/haddock_1BRS_barnase_1BRS_barstar_pose_034.pdb	
HADDOCK	dockq	0.3196205921273589	1BRS_barnase	1BRS_barstar	haddock_1BRS_barnase_1BRS_barstar_demo	haddock_1BRS_barnase_1BRS_barstar_pose_035	/demo/haddock/1BRS_barnase_vs_1BRS_barstar/haddock_1BRS_barnase_1BRS_barstar_pose_035.pdb	
HADDOCK	dockq	0.25244845017252515	1BRS_barnase	1BRS_barstar	haddock_1BRS_barnase_1BRS_barstar_demo	haddock_1BRS_barnase_1BRS_barstar_pose_036	/demo/haddock/1BRS_barnase_vs_1BRS_barstar/haddock_1BRS_barnase_1BRS_barstar_pose_036.pdb	
HADDOCK	dockq	0.3015951204795659	1BRS_barnase	1BRS_barstar	haddock_1BRS_barnase_1BRS_barstar_demo	haddock_1BRS_barnase_1BRS_barstar_pose_037	/demo/haddock/1BRS_barnase_vs_1BRS_barstar/haddock_1BRS_barnase_1BRS_barstar_pose_037.pdb	
HADDOCK	dockq	0.3342322221683091	1BRS_barnase	1BRS_barstar	haddock_1BRS_barnase_1BRS_barstar_demo	haddock_1BRS_barnase_1BRS_barstar_pose_038	/demo/haddock/1BRS_barnase_vs_1BRS_barstar/haddock_1BRS_barnase_1BRS_barstar_pose_038.pdb	
HADDOCK	dockq	0.33709144287991805	1BRS_barnase	1BRS_barstar	haddock_1BRS_barnase_1BRS_barstar_demo	haddock_1BRS_barnase_1BRS_barstar_pose_039	/demo/haddock/1BRS_barnase_vs_1BRS_barstar/haddock_1BRS_barnase_1BRS_barstar_pose_039.pdb	
HADDOCK	dockq	0.3931128072073493	1BRS_barnase	1BRS_barstar	haddock_1BRS_barnase_1BRS_barstar_demo	haddock_1BRS_barnase_1BRS_barstar_pose_040	/demo/haddock/1BRS_barnase_vs_1BRS_barstar/haddock_1BRS_barnase_1BRS_barstar_pose_040.pdb	
HADDOCK	dockq	0.3766188499318826	1BRS_barnase	1BRS_barstar	haddock_1BRS_barnase_1BRS_barstar_demo	haddock_1BRS_barnase_1BRS_barstar_pose_041	/demo/haddock/1BRS_barnase_vs_1BRS_barstar/haddock_1BRS_barnase_1BRS_barstar_pose_041.pdb	
HADDOCK	dockq	0.23992251403460735	1BRS_barnase	1BRS_barstar	haddock_1BRS_barnase_1BRS_barstar_demo	haddock_1BRS_barnase_1BRS_barstar_pose_042	/demo/haddock/1BRS_barnase_vs_1BRS_barstar/haddock_1BRS_barnase_1BRS_barstar_pose_042.pdb	
HADDOCK	dockq	0.40101517257228136	1BRS_barnase	1BRS_barstar	haddock_1BRS_barnase_1BRS_barstar_demo	haddock_1BRS_barnase_1BRS_barstar_pose_043	/demo/haddock/1BRS_barnase_vs_1BRS_barstar/haddock_1BRS_barnase_1BRS_barstar_pose_043.pdb	
HADDOCK	dockq	0.2681414097266571	1BRS_barnase	1BRS_barstar	haddock_1BRS_barnase_1BRS_barstar_demo	haddock_1BRS_barnase_1BRS_barstar_pose_044	/demo/haddock/1BRS_barnase_vs_1BRS_barstar/haddock_1BRS_barnase_1BRS_barstar_pose_044.pdb	
HADDOCK	dockq	0.3626923687472656	1BRS_barnase	1BRS_barstar	haddock_1BRS_barnase_1BRS_barstar_demo	haddock_1BRS_barnase_1BRS_barstar_pose_045	/demo/haddock/1BRS_barnase_vs_1BRS_barstar/haddock_1BRS_barnase_1BRS_barstar_pose_045.pdb	
HADDOCK	dockq	0.30407919756306534	1BRS_barnase	1BRS_barstar	haddock_1BRS_barnase_1BRS_barstar_demo	haddock_1BRS_barnase_1BRS_barstar_pose_046	/demo/haddock/1BRS_barnase_vs_1BRS_barstar/haddock_1BRS_barnase_1BRS_barstar_pose_046.pdb	
HADDOCK	dockq	0.27527103729258195	1BRS_barnase	1BRS_barstar	haddock_1BRS_barnase_1BRS_barstar_demo	haddock_1BRS_barnase_1BRS_barstar_pose_047	/demo/haddock/1BRS_barnase_vs_1BRS_barstar/haddock_1BRS_barnase_1BRS_barstar_pose_047.pdb	
HADDOCK	dockq	0.191538188413504	1BRS_barnase	1BRS_barstar	haddock_1BRS_barnase_1BRS_barstar_demo	haddock_1BRS_barnase_1BRS_barstar_pose_048	/demo/haddock/1BRS_barnase_vs_1BRS_barstar/haddock_1BRS_barnase_1BRS_barstar_pose_048.pdb	
HADDOCK	dockq	0.2897061293870191	1BRS_barnase	1BRS_barstar	haddock_1BRS_barnase_1BRS_barstar_demo	haddock_1BRS_barnase_1BRS_barstar_pose_049	/demo/haddock/1BRS_barnase_vs_1BRS_barstar/haddock_1BRS_barnase_1BRS_barstar_pose_049.pdb	
HADDOCK	dockq	0.20643700588166347	1BRS_barnase	1BRS_barstar	haddock_1BRS_barnase_1BRS_barstar_demo	haddock_1BRS_barnase_1BRS_barstar_pose_050	/demo/haddock/1BRS_barnase_vs_1BRS_barstar/haddock_1BRS_barnase_1BRS_barstar_pose_050.pdb	
HADDOCK	fnat	0.29738393886742176	1BRS_barnase	1BRS_barstar	haddock_1BRS_barnase_1BRS_barstar_demo	haddock_1BRS_barnase_1BRS_barstar_pose_001	/demo/haddock/1BRS_barnase_vs_1BRS_barstar/haddock_1BRS_barnase_1BRS_barstar_pose_001.pdb	
HADDOCK	fnat	0.34134341257113987	1BRS_barnase	1BRS_barstar	haddock_1BRS_barnase_1BRS_barstar_demo	haddock_1BRS_barnase_1BRS_barstar_pose_002	/demo/haddock/1BRS_barnase_vs_1BRS_barstar/haddock_1BRS_barnase_1BRS_barstar_pose_002.pdb	
HADDOCK	fnat	0.1562471208562648	1BRS_barnase	1BRS_barstar	haddock_1BRS_barnase_1BRS_barstar_demo	haddock_1BRS_barnase_1BRS_barstar_pose_003	/demo/haddock/1BRS_barnase_vs_1BRS_barstar/haddock_1BRS_barnase_1BRS_barstar_pose_003.pdb	
HADDOCK	fnat	0.2441576594015417	1BRS_barnase	1BRS_barstar	haddock_1BRS_barnase_1BRS_barstar_demo	haddock_1BRS_barnase_1BRS_barstar_pose_004	/demo/haddock/1BRS_barnase_vs_1BRS_barstar/haddock_1BRS_barnase_1BRS_barstar_pose_004.pdb	
HADDOCK	fnat	0.16196867823936195	1BRS_barnase	1BRS_barstar	haddock_1BRS_barnase_1BRS_barstar_demo	haddock_1BRS_barnase_1BRS_barstar_pose_005	/demo/haddock/1BRS_barnase_vs_1BRS_barstar/haddock_1BRS_barnase_1BRS_barstar_pose_005.pdb	
HADDOCK	fnat	0.16972122158905684	1BRS_barnase	1BRS_barstar	haddock_1BRS_barnase_1BRS_barstar_demo	haddock_1BRS_barnase_1BRS_barstar_pose_006	/demo/haddock/1BRS_barnase_vs_1BRS_barstar/haddock_1BRS_barnase_1BRS_barstar_pose_006.pdb	
HADDOCK	fnat	0.2819595763092297	1BRS_barnase	1BRS_barstar	haddock_1BRS_barnase_1BRS_barstar_demo	haddock_1BRS_barnase_1BRS_barstar_pose_007	/demo/haddock/1BRS_barnase_vs_1BRS_barstar/haddock_1BRS_barnase_1BRS_barstar_pose_007.pdb	
HADDOCK	fnat	0.216916939052527	1BRS_barnase	1BRS_barstar	haddock_1BRS_barnase_1BRS_barstar_demo	haddock_1BRS_barnase_1BRS_barstar_pose_008	/demo/haddock/1BRS_barnase_vs_1BRS_barstar/haddock_1BRS_barnase_1BRS_barstar_pose_008.pdb	
HADDOCK	fnat	0.35917184335448094	1BRS_barnase	1BRS_barstar	haddock_1BRS_barnase_1BRS_barstar_demo	haddock_1BRS_barnase_1BRS_barstar_pose_009	/demo/haddock/1BRS_barnase_vs_1BRS_barstar/haddock_1BRS_barnase_1BRS_barstar_pose_009.pdb	
HADDOCK	fnat	0.1814214017037663	1BRS_barnase	1BRS_barstar	haddock_1BRS_barnase_1BRS_barstar_demo	haddock_1BRS_barnase_1BRS_barstar_pose_010	/demo/haddock/1BRS_barnase_vs_1BRS_barstar/haddock_1BRS_barnase_1BRS_barstar_pose_010.pdb	
HADDOCK	fnat	0.29994690659795914	1BRS_barnase	1BRS_barstar	haddock_1BRS_barnase_1BRS_barstar_demo	haddock_1BRS_barnase_1BRS_barstar_pose_011	/demo/haddock/1BRS_barnase_vs_1BRS_barstar/haddock_1BRS_barnase_1BRS_barstar_pose_011.pdb	
HADDOCK	fnat	0.22779307303662255	1BRS_barnase	1BRS_barstar	haddock_1BRS_barnase_1BRS_barstar_demo	haddock_1BRS_barnase_1BRS_barstar_pose_012	/demo/haddock/1BRS_barnase_vs_1BRS_barstar/haddock_1BRS_barnase_1BRS_barstar_pose_012.pdb	
HADDOCK	fnat	0.28366224077953867	1BRS_barnase	1BRS_barstar	haddock_1BRS_barnase_1BRS_barstar_demo	haddock_1BRS_barnase_1BRS_barstar_pose_013	/demo/haddock/1BRS_barnase_vs_1BRS_barstar/haddock_1BRS_barnase_1BRS_barstar_pose_013.pdb	
HADDOCK	fnat	0.18422738741360425	1BRS_barnase	1BRS_barstar	haddock_1BRS_barnase_1BRS_barstar_demo	haddock_1BRS_barnase_1BRS_barstar_pose_014	/demo/haddock/1BRS_barnase_vs_1BRS_barstar/haddock_1BRS_barnase_1BRS_barstar_pose_014.pdb	
HADDOCK	fnat	0.21603529299587337	1BRS_barnase	1BRS_barstar	haddock_1BRS_barnase_1BRS_barstar_demo	haddock_1BRS_barnase_1BRS_barstar_pose_015	/demo/haddock/1BRS_barnase_vs_1BRS_barstar/haddock_1BRS_barnase_1BRS_barstar_pose_015.pdb	
HADDOCK	fnat	0.21076008965608523	1BRS_barnase	1BRS_barstar	haddock_1BRS_barnase_1BRS_barstar_demo	haddock_1BRS_barnase_1BRS_barstar_pose_016	/demo/haddock/1BRS_barnase_vs_1BRS_barstar/haddock_1BRS_barnase_1BRS_barstar_pose_016.pdb	
HADDOCK	fnat	0.15311543081233703	1BRS_barnase	1BRS_barstar	haddock_1BRS_barnase_1BRS_barstar_demo	haddock_1BRS_barnase_1BRS_barstar_pose_017	/demo/haddock/1BRS_barnase_vs_1BRS_barstar/haddock_1BRS_barnase_1BRS_barstar_pose_017.pdb	
HADDOCK	fnat	0.2729665227665402	1BRS_barnase	1BRS_barstar	haddock_1BRS_barnase_1BRS_barstar_demo	haddock_1BRS_barnase_1BRS_barstar_pose_018	/demo/haddock/1BRS_barnase_vs_1BRS_barstar/haddock_1BRS_barnase_1BRS_barstar_pose_018.pdb	
HADDOCK	fnat	0.27201992044626916	1BRS_barnase	1BRS_barstar	haddock_1BRS_barnase_1BRS_barstar_demo	haddock_1BRS_barnase_1BRS_barstar_pose_019	/demo/haddock/1BRS_barnase_vs_1BRS_barstar/haddock_1BRS_barnase_1BRS_barstar_pose_019.pdb	
HADDOCK	fnat	0.2674843755924453	1BRS_barnase	1BRS_barstar	haddock_1BRS_barnase_1BRS_barstar_demo	haddock_1BRS_barnase_1BRS_barstar_pose_020	/demo/haddock/1BRS_barnase_vs_1BRS_barstar/haddock_1BRS_barnase_1BRS_barstar_pose_020.pdb	
HADDOCK	fnat	0.34295725231341156	1BRS_barnase	1BRS_barstar	haddock_1BRS_barnase_1BRS_barstar_demo	haddock_1BRS_barnase_1BRS_barstar_pose_021	/demo/haddock/1BRS_barnase_vs_1BRS_barstar/haddock_1BRS_barnase_1BRS_barstar_pose_021.pdb	
HADDOCK	fnat	0.3359475840989043	1BRS_barnase	1BRS_barstar	haddock_1BRS_barnase_1BRS_barstar_demo	haddock_1BRS_barnase_1BRS_barstar_pose_022	/demo/haddock/1BRS_barnase_vs_1BRS_barstar/haddock_1BRS_barnase_1BRS_barstar_pose_022.pdb	
HADDOCK	fnat	0.19000442481206917	1BRS_barnase	1BRS_barstar	haddock_1BRS_barnase_1BRS_barstar_demo	haddock_1BRS_barnase_1BRS_barstar_pose_023	/demo/haddock/1BRS_barnase_vs_1BRS_barstar/haddock_1BRS_barnase_1BRS_barstar_pose_023.pdb	
HADDOCK	fnat	0.24984418547473425	1BRS_barnase	1BRS_barstar	haddock_1BRS_barnase_1BRS_barstar_demo	haddock_1BRS_barnase_1BRS_barstar_pose_024	/demo/haddock/1BRS_barnase_vs_1BRS_barstar/haddock_1BRS_barnase_1BRS_barstar_pose_024.pdb	
HADDOCK	fnat	0.170111944859343	1BRS_barnase	1BRS_barstar	haddock_1BRS_barnase_1BRS_barstar_demo	haddock_1BRS_barnase_1BRS_barstar_pose_025	/demo/haddock/1BRS_barnase_vs_1BRS_barstar/haddock_1BRS_barnase_1BRS_barstar_pose_025.pdb	
HADDOCK	fnat	0.22186842528916445	1BRS_barnase	1BRS_barstar	haddock_1BRS_barnase_1BRS_barstar_demo	haddock_1BRS_barnase_1BRS_barstar_pose_026	/demo/haddock/1BRS_barnase_vs_1BRS_barstar/haddock_1BRS_barnase_1BRS_barstar_pose_026.pdb	
HADDOCK	fnat	0.17202004407049082	1BRS_barnase	1BRS_barstar	haddock_1BRS_barnase_1BRS_barstar_demo	haddock_1BRS_barnase_1BRS_barstar_pose_027	/demo/haddock/1BRS_barnase_vs_1BRS_barstar/haddock_1BRS_barnase_1BRS_barstar_pose_027.pdb	
HADDOCK	fnat	0.3496056247308841	1BRS_barnase	1BRS_barstar	haddock_1BRS_barnase_1BRS_barstar_demo	haddock_1BRS_barnase_1BRS_barstar_pose_028	/demo/haddock/1BRS_barnase_vs_1BRS_barstar/haddock_1BRS_barnase_1BRS_barstar_pose_028.pdb	
HADDOCK	fnat	0.24909585202743703	1BRS_barnase	1BRS_barstar	haddock_1BRS_barnase_1BRS_barstar_demo	haddock_1BRS_barnase_1BRS_barstar_pose_029	/demo/haddock/1BRS_barnase_vs_1BRS_barstar/haddock_1BRS_barnase_1BRS_barstar_pose_029.pdb	
HADDOCK	fnat	0.20255766975164624	1BRS_barnase	1BRS_barstar	haddock_1BRS_barnase_1BRS_barstar_demo	haddock_1BRS_barnase_1BRS_barstar_pose_030	/demo/haddock/1BRS_barnase_vs_1BRS_barstar/haddock_1BRS_barnase_1BRS_barstar_pose_030.pdb	
HADDOCK	fnat	0.31548948574851016	1BRS_barnase	1BRS_barstar	haddock_1BRS_barnase_1BRS_barstar_demo	haddock_1BRS_barnase_1BRS_barstar_pose_031	/demo/haddock/1BRS_barnase_vs_1BRS_barstar/haddock_1BRS_barnase_1BRS_barstar_pose_031.pdb	
HADDOCK	fnat	0.04635076721636708	1BRS_barnase	1BRS_barstar	haddock_1BRS_barnase_1BRS_barstar_demo	haddock_1BRS_barnase_1BRS_barstar_pose_032	/demo/haddock/1BRS_barnase_vs_1BRS_barstar/haddock_1BRS_barnase_1BRS_barstar_pose_032.pdb	
HADDOCK	fnat	0.05887179241077681	1BRS_barnase	1BRS_barstar	haddock_1BRS_barnase_1BRS_barstar_demo	haddock_1BRS_barnase_1BRS_barstar_pose_033	/demo/haddock/1BRS_barnase_vs_1BRS_barstar/haddock_1BRS_barnase_1BRS_barstar_pose_033.pdb	
HADDOCK	fnat	0.2836670924175819	1BRS_barnase	1BRS_barstar	haddock_1BRS_barnase_1BRS_barstar_demo	haddock_1BRS_barnase_1BRS_barstar_pose_034	/demo/haddock/1BRS_barnase_vs_1BRS_barstar/haddock_1BRS_barnase_1BRS_barstar_pose_034.pdb	
HADDOCK	fnat	0.22483747584938946	1BRS_barnase	1BRS_barstar	haddock_1BRS_barnase_1BRS_barstar_demo	haddock_1BRS_barnase_1BRS_barstar_pose_035	/demo/haddock/1BRS_barnase_vs_1BRS_barstar/haddock_1BRS_barnase_1BRS_barstar_pose_035.pdb	
HADDOCK	fnat	0.24003570402086086	1BRS_barnase	1BRS_barstar	haddock_1BRS_barnase_1BRS_barstar_demo	haddock_1BRS_barnase_1BRS_barstar_pose_036	/demo/haddock/1BRS_barnase_vs_1BRS_barstar/haddock_1BRS_barnase_1BRS_barstar_pose_036.pdb	
HADDOCK	fnat	0.1138883117345161	1BRS_barnase	1BRS_barstar	haddock_1BRS_barnase_1BRS_barstar_demo	haddock_1BRS_barnase_1BRS_barstar_pose_037	/demo/haddock/1BRS_barnase_vs_1BRS_barstar/haddock_1BRS_barnase_1BRS_barstar_pose_037.pdb	
HADDOCK	fnat	0.2181413031319707	1BRS_barnase	1BRS_barstar	haddock_1BRS_barnase_1BRS_barstar_demo	haddock_1BRS_barnase_1BRS_barstar_pose_038	/demo/haddock/1BRS_barnase_vs_1BRS_barstar/haddock_1BRS_barnase_1BRS_barstar_pose_038.pdb	
HADDOCK	fnat	0.3802807528321074	1BRS_barnase	1BRS_barstar	haddock_1BRS_barnase_1BRS_barstar_demo	haddock_1BRS_barnase_1BRS_barstar_pose_039	/demo/haddock/1BRS_barnase_vs_1BRS_barstar/haddock_1BRS_barnase_1BRS_barstar_pose_039.pdb	
HADDOCK	fnat	0.285935969583669	1BRS_barnase	1BRS_barstar	haddock_1BRS_barnase_1BRS_barstar_demo	haddock_1BRS_barnase_1BRS_barstar_pose_040	/demo/haddock/1BRS_barnase_vs_1BRS_barstar/haddock_1BRS_barnase_1BRS_barstar_pose_040.pdb	
HADDOCK	fnat	0.23357652361142497	1BRS_barnase	1BRS_barstar	haddock_1BRS_barnase_1BRS_barstar_demo	haddock_1BRS_barnase_1BRS_barstar_pose_041	/demo/haddock/1BRS_barnase_vs_1BRS_barstar/haddock_1BRS_barnase_1BRS_barstar_pose_041.pdb	
HADDOCK	fnat	0.184875687191605	1BRS_barnase	1BRS_barstar	haddock_1BRS_barnase_1BRS_barstar_demo	haddock_1BRS_barnase_1BRS_barstar_pose_042	/demo/haddock/1BRS_barnase_vs_1BRS_barstar/haddock_1BRS_barnase_1BRS_barstar_pose_042.pdb	
HADDOCK	fnat	0.1884341718504485	1BRS_barnase	1BRS_barstar	haddock_1BRS_barnase_1BRS_barstar_demo	haddock_1BRS_barnase_1BRS_barstar_pose_043	/demo/haddock/1BRS_barnase_vs_1BRS_barstar/haddock_1BRS_barnase_1BRS_barstar_pose_043.pdb	
HADDOCK	fnat	0.049664168863998576	1BRS_barnase	1BRS_barstar	haddock_1BRS_barnase_1BRS_barstar_demo	haddock_1BRS_barnase_1BRS_barstar_pose_044	/demo/haddock/1BRS_barnase_vs_1BRS_barstar/haddock_1BRS_barnase_1BRS_barstar_pose_044.pdb	
HADDOCK	fnat	0.24061123367369286	1BRS_barnase	1BRS_barstar	haddock_1BRS_barnase_1BRS_barstar_demo	haddock_1BRS_barnase_1BRS_barstar_pose_045	/demo/haddock/1BRS_barnase_vs_1BRS_barstar/haddock_1BRS_barnase_1BRS_barstar_pose_045.pdb	
HADDOCK	fnat	0.2876386486785483	1BRS_barnase	1BRS_barstar	haddock_1BRS_barnase_1BRS_barstar_demo	haddock_1BRS_barnase_1BRS_barstar_pose_046	/demo/haddock/1BRS_barnase_vs_1BRS_barstar/haddock_1BRS_barnase_1BRS_barstar_pose_046.pdb	
HADDOCK	fnat	0.09395045382635078	1BRS_barnase	1BRS_barstar	haddock_1BRS_barnase_1BRS_barstar_demo	haddock_1BRS_barnase_1BRS_barstar_pose_047	/demo/haddock/1BRS_barnase_vs_1BRS_barstar/haddock_1BRS_barnase_1BRS_barstar_pose_047.pdb	
HADDOCK	fnat	0.16708664861545472	1BRS_barnase	1BRS_barstar	haddock_1BRS_barnase_1BRS_barstar_demo	haddock_1BRS_barnase_1BRS_barstar_pose_048	/demo/haddock/1BRS_barnase_vs_1BRS_barstar/haddock_1BRS_barnase_1BRS_barstar_pose_048.pdb	
HADDOCK	fnat	0.12740282942132625	1BRS_barnase	1BRS_barstar	haddock_1BRS_barnase_1BRS_barstar_demo	haddock_1BRS_barnase_1BRS_barstar_pose_049	/demo/haddock/1BRS_barnase_vs_1BRS_barstar/haddock_1BRS_barnase_1BRS_barstar_pose_049.pdb	
HADDOCK	fnat	0.1427719044152989	1BRS_barnase	1BRS_barstar	haddock_1BRS_barnase_1BRS_barstar_demo	haddock_1BRS_barnase_1BRS_barstar_pose_050	/demo/haddock/1BRS_barnase_vs_1BRS_barstar/haddock_1BRS_barnase_1BRS_barstar_pose_050.pdb	
HADDOCK	irmsd	6.58022244023285	1BRS_barnase	1BRS_barstar	haddock_1BRS_barnase_1BRS_barstar_demo	haddock_1BRS_barnase_1BRS_barstar_pose_001	/demo/haddock/1BRS_barnase_vs_1BRS_barstar/haddock_1BRS_barnase_1BRS_barstar_pose_001.pdb	
HADDOCK	irmsd	3.3733967675172885	1BRS_barnase	1BRS_barstar	haddock_1BRS_barnase_1BRS_barstar_demo	haddock_1BRS_barnase_1BRS_barstar_pose_002	/demo/haddock/1BRS_barnase_vs_1BRS_barstar/haddock_1BRS_barnase_1BRS_barstar_pose_002.pdb	
HADDOCK	irmsd	7.421405657535596	1BRS_barnase	1BRS_barstar	haddock_1BRS_barnase_1BRS_barstar_demo	haddock_1BRS_barnase_1BRS_barstar_pose_003	/demo/haddock/1BRS_barnase_vs_1BRS_barstar/haddock_1BRS_barnase_1BRS_barstar_pose_003.pdb	
HADDOCK	irmsd	7.630782604900523	1BRS_barnase	1BRS_barstar	haddock_1BRS_barnase_1BRS_barstar_demo	haddock_1BRS_barnase_1BRS_barstar_pose_004	/demo/haddock/1BRS_barnase_vs_1BRS_barstar/haddock_1BRS_barnase_1BRS_barstar_pose_004.pdb	
HADDOCK	irmsd	6.123346117944632	1BRS_barnase	1BRS_barstar	haddock_1BRS_barnase_1BRS_barstar_demo	haddock_1BRS_barnase_1BRS_barstar_pose_005	/demo/haddock/1BRS_barnase_vs_1BRS_barstar/haddock_1BRS_barnase_1BRS_barstar_pose_005.pdb	
HADDOCK	irmsd	2.7789372350231876	1BRS_barnase	1BRS_barstar	haddock_1BRS_barnase_1BRS_barstar_demo	haddock_1BRS_barnase_1BRS_barstar_pose_006	/demo/haddock/1BRS_barnase_vs_1BRS_barstar/haddock_1BRS_barnase_1BRS_barstar_pose_006.pdb	
HADDOCK	irmsd	5.005372060996415	1BRS_barnase	1BRS_barstar	haddock_1BRS_barnase_1BRS_barstar_demo	haddock_1BRS_barnase_1BRS_barstar_pose_007	/demo/haddock/1BRS_barnase_vs_1BRS_barstar/haddock_1BRS_barnase_1BRS_barstar_pose_007.pdb	
HADDOCK	irmsd	8.349352901154045	1BRS_barnase	1BRS_barstar	haddock_1BRS_barnase_1BRS_barstar_demo	haddock_1BRS_barnase_1BRS_barstar_pose_008	/demo/haddock/1BRS_barnase_vs_1BRS_barstar/haddock_1BRS_barnase_1BRS_barstar_pose_008.pdb	
HADDOCK	irmsd	2.3330085789071413	1BRS_barnase	1BRS_barstar	haddock_1BRS_barnase_1BRS_barstar_demo	haddock_1BRS_barnase_1BRS_barstar_pose_009	/demo/haddock/1BRS_barnase_vs_1BRS_barstar/haddock_1BRS_barnase_1BRS_barstar_pose_009.pdb	
HADDOCK	irmsd	5.978714881709721	1BRS_barnase	1BRS_barstar	haddock_1BRS_barnase_1BRS_barstar_demo	haddock_1BRS_barnase_1BRS_barstar_pose_010	/demo/haddock/1BRS_barnase_vs_1BRS_barstar/haddock_1BRS_barnase_1BRS_barstar_pose_010.pdb	
HADDOCK	irmsd	4.7299988322991116	1BRS_barnase	1BRS_barstar	haddock_1BRS_barnase_1BRS_barstar_demo	haddock_1BRS_barnase_1BRS_barstar_pose_011	/demo/haddock/1BRS_barnase_vs_1BRS_barstar/haddock_1BRS_barnase_1BRS_barstar_pose_011.pdb	
HADDOCK	irmsd	7.706855452377255	1BRS_barnase	1BRS_barstar	haddock_1BRS_barnase_1BRS_barstar_demo	haddock_1BRS_barnase_1BRS_barstar_pose_012	/demo/haddock/1BRS_barnase_vs_1BRS_barstar/haddock_1BRS_barnase_1BRS_barstar_pose_012.pdb	
HADDOCK	irmsd	5.487329071784808	1BRS_barnase	1BRS_barstar	haddock_1BRS_barnase_1BRS_barstar_demo	haddock_1BRS_barnase_1BRS_barstar_pose_013	/demo/haddock/1BRS_barnase_vs_1BRS_barstar/haddock_1BRS_barnase_1BRS_barstar_pose_013.pdb	
HADDOCK	irmsd	7.105931031103418	1BRS_barnase	1BRS_barstar	haddock_1BRS_barnase_1BRS_barstar_demo	haddock_1BRS_barnase_1BRS_barstar_pose_014	/demo/haddock/1BRS_barnase_vs_1BRS_barstar/haddock_1BRS_barnase_1BRS_barstar_pose_014.pdb	
HADDOCK	irmsd	7.34819062875364	1BRS_barnase	1BRS_barstar	haddock_1BRS_barnase_1BRS_barstar_demo	haddock_1BRS_barnase_1BRS_barstar_pose_015	/demo/haddock/1BRS_barnase_vs_1BRS_barstar/haddock_1BRS_barnase_1BRS_barstar_pose_015.pdb	
HADDOCK	irmsd	9.25433875959503	1BRS_barnase	1BRS_barstar	haddock_1BRS_barnase_1BRS_barstar_demo	haddock_1BRS_barnase_1BRS_barstar_pose_016	/demo/haddock/1BRS_barnase_vs_1BRS_barstar/haddock_1BRS_barnase_1BRS_barstar_pose_016.pdb	
HADDOCK	irmsd	6.195587084486944	1BRS_barnase	1BRS_barstar	haddock_1BRS_barnase_1BRS_barstar_demo	haddock_1BRS_barnase_1BRS_barstar_pose_017	/demo/haddock/1BRS_barnase_vs_1BRS_barstar/haddock_1BRS_barnase_1BRS_barstar_pose_017.pdb	
HADDOCK	irmsd	7.064066554433917	1BRS_barnase	1BRS_barstar	haddock_1BRS_barnase_1BRS_barstar_demo	haddock_1BRS_barnase_1BRS_barstar_pose_018	/demo/haddock/1BRS_barnase_vs_1BRS_barstar/haddock_1BRS_barnase_1BRS_barstar_pose_018.pdb	
HADDOCK	irmsd	4.272416781308846	1BRS_barnase	1BRS_barstar	haddock_1BRS_barnase_1BRS_barstar_demo	haddock_1BRS_barnase_1BRS_barstar_pose_019	/demo/haddock/1BRS_barnase_vs_1BRS_barstar/haddock_1BRS_barnase_1BRS_barstar_pose_019.pdb	
HADDOCK	irmsd	8.285620344940616	1BRS_barnase	1BRS_barstar	haddock_1BRS_barnase_1BRS_barstar_demo	haddock_1BRS_barnase_1BRS_barstar_pose_020	/demo/haddock/1BRS_barnase_vs_1BRS_barstar/haddock_1BRS_barnase_1BRS_barstar_pose_020.pdb	
HADDOCK	irmsd	5.359236727892953	1BRS_barnase	1BRS_barstar	haddock_1BRS_barnase_1BRS_barstar_demo	haddock_1BRS_barnase_1BRS_barstar_pose_021	/demo/haddock/1BRS_barnase_vs_1BRS_barstar/haddock_1BRS_barnase_1BRS_barstar_pose_021.pdb	
HADDOCK	irmsd	5.658868753868382	1BRS_barnase	1BRS_barstar	haddock_1BRS_barnase_1BRS_barstar_demo	haddock_1BRS_barnase_1BRS_barstar_pose_022	/demo/haddock/1BRS_barnase_vs_1BRS_barstar/haddock_1BRS_barnase_1BRS_barstar_pose_022.pdb	
HADDOCK	irmsd	6.466628307726184	1BRS_barnase	1BRS_barstar	haddock_1BRS_barnase_1BRS_barstar_demo	haddock_1BRS_barnase_1BRS_barstar_pose_023	/demo/haddock/1BRS_barnase_vs_1BRS_barstar/haddock_1BRS_barnase_1BRS_barstar_pose_023.pdb	
HADDOCK	irmsd	4.155673481990226	1BRS_barnase	1BRS_barstar	haddock_1BRS_barnase_1BRS_barstar_demo	haddock_1BRS_barnase_1BRS_barstar_pose_024	/demo/haddock/1BRS_barnase_vs_1BRS_barstar/haddock_1BRS_barnase_1BRS_barstar_pose_024.pdb	
HADDOCK	irmsd	6.843155043393407	1BRS_barnase	1BRS_barstar	haddock_1BRS_barnase_1BRS_barstar_demo	haddock_1BRS_barnase_1BRS_barstar_pose_025	/demo/haddock/1BRS_barnase_vs_1BRS_barstar/haddock_1BRS_barnase_1BRS_barstar_pose_025.pdb	
HADDOCK	irmsd	7.951199409387517	1BRS_barnase	1BRS_barstar	haddock_1BRS_barnase_1BRS_barstar_demo	haddock_1BRS_barnase_1BRS_barstar_pose_026	/demo/haddock/1BRS_barnase_vs_1BRS_barstar/haddock_1BRS_barnase_1BRS_barstar_pose_026.pdb	
HADDOCK	irmsd	6.939400735245937	1BRS_barnase	1BRS_barstar	haddock_1BRS_barnase_1BRS_barstar_demo	haddock_1BRS_barnase_1BRS_barstar_pose_027	/demo/haddock/1BRS_barnase_vs_1BRS_barstar/haddock_1BRS_barnase_1BRS_barstar_pose_027.pdb	
HADDOCK	irmsd	4.1166536537319125	1BRS_barnase	1BRS_barstar	haddock_1BRS_barnase_1BRS_barstar_demo	haddock_1BRS_barnase_1BRS_barstar_pose_028	/demo/haddock/1BRS_barnase_vs_1BRS_barstar/haddock_1BRS_barnase_1BRS_barstar_pose_028.pdb	
HADDOCK	irmsd	6.314286058505511	1BRS_barnase	1BRS_barstar	haddock_1BRS_barnase_1BRS_barstar_demo	haddock_1BRS_barnase_1BRS_barstar_pose_029	/demo/haddock/1BRS_barnase_vs_1BRS_barstar/haddock_1BRS_barnase_1BRS_barstar_pose_029.pdb	
HADDOCK	irmsd	7.6130433544692355	1BRS_barnase	1BRS_barstar	haddock_1BRS_barnase_1BRS_barstar_demo	haddock_1BRS_barnase_1BRS_barstar_pose_030	/demo/haddock/1BRS_barnase_vs_1BRS_barstar/haddock_1BRS_barnase_1BRS_barstar_pose_030.pdb	
HADDOCK	irmsd	3.6830168510511383	1BRS_barnase	1BRS_barstar	haddock_1BRS_barnase_1BRS_barstar_demo	haddock_1BRS_barnase_1BRS_barstar_pose_031	/demo/haddock/1BRS_barnase_vs_1BRS_barstar/haddock_1BRS_barnase_1BRS_barstar_pose_031.pdb	
HADDOCK	irmsd	4.887850979273429	1BRS_barnase	1BRS_barstar	haddock_1BRS_barnase_1BRS_barstar_demo	haddock_1BRS_barnase_1BRS_barstar_pose_032	/demo/haddock/1BRS_barnase_vs_1BRS_barstar/haddock_1BRS_barnase_1BRS_barstar_pose_032.pdb	
HADDOCK	irmsd	7.81481540612228	1BRS_barnase	1BRS_barstar	haddock_1BRS_barnase_1BRS_barstar_demo	haddock_1BRS_barnase_1BRS_barstar_pose_033	/demo/haddock/1BRS_barnase_vs_1BRS_barstar/haddock_1BRS_barnase_1BRS_barstar_pose_033.pdb	
HADDOCK	irmsd	6.905143151295929	1BRS_barnase	1BRS_barstar	haddock_1BRS_barnase_1BRS_barstar_demo	haddock_1BRS_barnase_1BRS_barstar_pose_034	/demo/haddock/1BRS_barnase_vs_1BRS_barstar/haddock_1BRS_barnase_1BRS_barstar_pose_034.pdb	
HADDOCK	irmsd	7.117957373190131	1BRS_barnase	1BRS_barstar	haddock_1BRS_barnase_1BRS_barstar_demo	haddock_1BRS_barnase_1BRS_barstar_pose_035	/demo/haddock/1BRS_barnase_vs_1BRS_barstar/haddock_1BRS_barnase_1BRS_barstar_pose_035.pdb	
HADDOCK	irmsd	9.289242211434967	1BRS_barnase	1BRS_barstar	haddock_1BRS_barnase_1BRS_barstar_demo	haddock_1BRS_barnase_1BRS_barstar_pose_036	/demo/haddock/1BRS_barnase_vs_1BRS_barstar/haddock_1BRS_barnase_1BRS_barstar_pose_036.pdb	
HADDOCK	irmsd	7.202829167759304	1BRS_barnase	1BRS_barstar	haddock_1BRS_barnase_1BRS_barstar_demo	haddock_1BRS_barnase_1BRS_barstar_pose_037	/demo/haddock/1BRS_barnase_vs_1BRS_barstar/haddock_1BRS_barnase_1BRS_barstar_pose_037.pdb	
HADDOCK	irmsd	7.486832015649769	1BRS_barnase	1BRS_barstar	haddock_1BRS_barnase_1BRS_barstar_demo	haddock_1BRS_barnase_1BRS_barstar_pose_038	/demo/haddock/1BRS_barnase_vs_1BRS_barstar/haddock_1BRS_barnase_1BRS_barstar_pose_038.pdb	
HADDOCK	irmsd	10.56611829082749	1BRS_barnase	1BRS_barstar	haddock_1BRS_barnase_1BRS_barstar_demo	haddock_1BRS_barnase_1BRS_barstar_pose_039	/demo/haddock/1BRS_barnase_vs_1BRS_barstar/haddock_1BRS_barnase_1BRS_barstar_pose_039.pdb	
HADDOCK	irmsd	6.179293162864264	1BRS_barnase	1BRS_barstar	haddock_1BRS_barnase_1BRS_barstar_demo	haddock_1BRS_barnase_1BRS_barstar_pose_040	/demo/haddock/1BRS_barnase_vs_1BRS_barstar/haddock_1BRS_barnase_1BRS_barstar_pose_040.pdb	
HADDOCK	irmsd	5.303175854572258	1BRS_barnase	1BRS_barstar	haddock_1BRS_barnase_1BRS_barstar_demo	haddock_1BRS_barnase_1BRS_barstar_pose_041	/demo/haddock/1BRS_barnase_vs_1BRS_barstar/haddock_1BRS_barnase_1BRS_barstar_pose_041.pdb	
HADDOCK	irmsd	7.141694597370699	1BRS_barnase	1BRS_barstar	haddock_1BRS_barnase_1BRS_barstar_demo	haddock_1BRS_barnase_1BRS_barstar_pose_042	/demo/haddock/1BRS_barnase_vs_1BRS_barstar/haddock_1BRS_barnase_1BRS_barstar_pose_042.pdb	
HADDOCK	irmsd	7.158486544083342	1BRS_barnase	1BRS_barstar	haddock_1BRS_barnase_1BRS_barstar_demo	haddock_1BRS_barnase_1BRS_barstar_pose_043	/demo/haddock/1BRS_barnase_vs_1BRS_barstar/haddock_1BRS_barnase_1BRS_barstar_pose_043.pdb	
HADDOCK	irmsd	5.709926912080688	1BRS_barnase	1BRS_barstar	haddock_1BRS_barnase_1BRS_barstar_demo	haddock_1BRS_barnase_1BRS_barstar_pose_044	/demo/haddock/1BRS_barnase_vs_1BRS_barstar/haddock_1BRS_barnase_1BRS_barstar_pose_044.pdb	
HADDOCK	irmsd	4.951404470667729	1BRS_barnase	1BRS_barstar	haddock_1BRS_barnase_1BRS_barstar_demo	haddock_1BRS_barnase_1BRS_barstar_pose_045	/demo/haddock/1BRS_barnase_vs_1BRS_barstar/haddock_1BRS_barnase_1BRS_barstar_pose_045.pdb	
HADDOCK	irmsd	9.964766633135117	1BRS_barnase	1BRS_barstar	haddock_1BRS_barnase_1BRS_barstar_demo	haddock_1BRS_barnase_1BRS_barstar_pose_046	/demo/haddock/1BRS_barnase_vs_1BRS_barstar/haddock_1BRS_barnase_1BRS_barstar_pose_046.pdb	
HADDOCK	irmsd	6.990265205582034	1BRS_barnase	1BRS_barstar	haddock_1BRS_barnase_1BRS_barstar_demo	haddock_1BRS_barnase_1BRS_barstar_pose_047	/demo/haddock/1BRS_barnase_vs_1BRS_barstar/haddock_1BRS_barnase_1BRS_barstar_pose_047.pdb	
HADDOCK	irmsd	5.401571927896887	1BRS_barnase	1BRS_barstar	haddock_1BRS_barnase_1BRS_barstar_demo	haddock_1BRS_barnase_1BRS_barstar_pose_048	/demo/haddock/1BRS_barnase_vs_1BRS_barstar/haddock_1BRS_barnase_1BRS_barstar_pose_048.pdb	
HADDOCK	irmsd	7.873895453419398	1BRS_barnase	1BRS_barstar	haddock_1BRS_barnase_1BRS_barstar_demo	haddock_1BRS_barnase_1BRS_barstar_pose_049	/demo/haddock/1BRS_barnase_vs_1BRS_barstar/haddock_1BRS_barnase_1BRS_barstar_pose_049.pdb	
HADDOCK	irmsd	6.336282272657998	1BRS_barnase	1BRS_barstar	haddock_1BRS_barnase_1BRS_barstar_demo	haddock_1BRS_barnase_1BRS_barstar_pose_050	/demo/haddock/1BRS_barnase_vs_1BRS_barstar/haddock_1BRS_barnase_1BRS_barstar_pose_050.pdb	
HADDOCK	lrmsd	12.241355661046507	1BRS_barnase	1BRS_barstar	haddock_1BRS_barnase_1BRS_barstar_demo	haddock_1BRS_barnase_1BRS_barstar_pose_001	/demo/haddock/1BRS_barnase_vs_1BRS_barstar/haddock_1BRS_barnase_1BRS_barstar_pose_001.pdb	
HADDOCK	lrmsd	14.68681861574348	1BRS_barnase	1BRS_barstar	haddock_1BRS_barnase_1BRS_barstar_demo	haddock_1BRS_barnase_1BRS_barstar_pose_002	/demo/haddock/1BRS_barnase_vs_1BRS_barstar/haddock_1BRS_barnase_1BRS_barstar_pose_002.pdb	
HADDOCK	lrmsd	9.12435319530493	1BRS_barnase	1BRS_barstar	haddock_1BRS_barnase_1BRS_barstar_demo	haddock_1BRS_barnase_1BRS_barstar_pose_003	/demo/haddock/1BRS_barnase_vs_1BRS_barstar/haddock_1BRS_barnase_1BRS_barstar_pose_003.pdb	
HADDOCK	lrmsd	14.057881611751517	1BRS_barnase	1BRS_barstar	haddock_1BRS_barnase_1BRS_barstar_demo	haddock_1BRS_barnase_1BRS_barstar_pose_004	/demo/haddock/1BRS_barnase_vs_1BRS_barstar/haddock_1BRS_barnase_1BRS_barstar_pose_004.pdb	
HADDOCK	lrmsd	18.738864423195256	1BRS_barnase	1BRS_barstar	haddock_1BRS_barnase_1BRS_barstar_demo	haddock_1BRS_barnase_1BRS_barstar_pose_005	/demo/haddock/1BRS_barnase_vs_1BRS_barstar/haddock_1BRS_barnase_1BRS_barstar_pose_005.pdb	
HADDOCK	lrmsd	14.398532986591933	1BRS_barnase	1BRS_barstar	haddock_1BRS_barnase_1BRS_barstar_demo	haddock_1BRS_barnase_1BRS_barstar_pose_006	/demo/haddock/1BRS_barnase_vs_1BRS_barstar/haddock_1BRS_barnase_1BRS_barstar_pose_006.pdb	
HADDOCK	lrmsd	11.871363688649607	1BRS_barnase	1BRS_barstar	haddock_1BRS_barnase_1BRS_barstar_demo	haddock_1BRS_barnase_1BRS_barstar_pose_007	/demo/haddock/1BRS_barnase_vs_1BRS_barstar/haddock_1BRS_barnase_1BRS_barstar_pose_007.pdb	
HADDOCK	lrmsd	11.478684158715275	1BRS_barnase	1BRS_barstar	haddock_1BRS_barnase_1BRS_barstar_demo	haddock_1BRS_barnase_1BRS_barstar_pose_008	/demo/haddock/1BRS_barnase_vs_1BRS_barstar/haddock_1BRS_barnase_1BRS_barstar_pose_008.pdb	
HADDOCK	lrmsd	11.768980079964672	1BRS_barnase	1BRS_barstar	haddock_1BRS_barnase_1BRS_barstar_demo	haddock_1BRS_barnase_1BRS_barstar_pose_009	/demo/haddock/1BRS_barnase_vs_1BRS_barstar/haddock_1BRS_barnase_1BRS_barstar_pose_009.pdb	
HADDOCK	lrmsd	12.238111965856657	1BRS_barnase	1BRS_barstar	haddock_1BRS_barnase_1BRS_barstar_demo	haddock_1BRS_barnase_1BRS_barstar_pose_010	/demo/haddock/1BRS_barnase_vs_1BRS_barstar/haddock_1BRS_barnase_1BRS_barstar_pose_010.pdb	
HADDOCK	lrmsd	11.866580401725184	1BRS_barnase	1BRS_barstar	haddock_1BRS_barnase_1BRS_barstar_demo	haddock_1BRS_barnase_1BRS_barstar_pose_011	/demo/haddock/1BRS_barnase_vs_1BRS_barstar/haddock_1BRS_barnase_1BRS_barstar_pose_011.pdb	
HADDOCK	lrmsd	15.7489343232237	1BRS_barnase	1BRS_barstar	haddock_1BRS_barnase_1BRS_barstar_demo	haddock_1BRS_barnase_1BRS_barstar_pose_012	/demo/haddock/1BRS_barnase_vs_1BRS_barstar/haddock_1BRS_barnase_1BRS_barstar_pose_012.pdb	
HADDOCK	lrmsd	7.800372690373051	1BRS_barnase	1BRS_barstar	haddock_1BRS_barnase_1BRS_barstar_demo	haddock_1BRS_barnase_1BRS_barstar_pose_013	/demo/haddock/1BRS_barnase_vs_1BRS_barstar/haddock_1BRS_barnase_1BRS_barstar_pose_013.pdb	
HADDOCK	lrmsd	15.586000151236401	1BRS_barnase	1BRS_barstar	haddock_1BRS_barnase_1BRS_barstar_demo	haddock_1BRS_barnase_1BRS_barstar_pose_014	/demo/haddock/1BRS_barnase_vs_1BRS_barstar/haddock_1BRS_barnase_1BRS_barstar_pose_014.pdb	
HADDOCK	lrmsd	11.860940424572316	1BRS_barnase	1BRS_barstar	haddock_1BRS_barnase_1BRS_barstar_demo	haddock_1BRS_barnase_1BRS_barstar_pose_015	/demo/haddock/1BRS_barnase_vs_1BRS_barstar/haddock_1BRS_barnase_1BRS_barstar_pose_015.pdb	
HADDOCK	lrmsd	14.130843357086118	1BRS_barnase	1BRS_barstar	haddock_1BRS_barnase_1BRS_barstar_demo	haddock_1BRS_barnase_1BRS_barstar_pose_016	/demo/haddock/1BRS_barnase_vs_1BRS_barstar/haddock_1BRS_barnase_1BRS_barstar_pose_016.pdb	
HADDOCK	lrmsd	9.619036269397409	1BRS_barnase	1BRS_barstar	haddock_1BRS_barnase_1BRS_barstar_demo	haddock_1BRS_barnase_1BRS_barstar_pose_017	/demo/haddock/1BRS_barnase_vs_1BRS_barstar/haddock_1BRS_barnase_1BRS_barstar_pose_017.pdb	
HADDOCK	lrmsd	16.985893200548308	1BRS_barnase	1BRS_barstar	haddock_1BRS_barnase_1BRS_barstar_demo	haddock_1BRS_barnase_1BRS_barstar_pose_018	/demo/haddock/1BRS_barnase_vs_1BRS_barstar/haddock_1BRS_barnase_1BRS_barstar_pose_018.pdb	
HADDOCK	lrmsd	16.73690488051562	1BRS_barnase	1BRS_barstar	haddock_1BRS_barnase_1BRS_barstar_demo	haddock_1BRS_barnase_1BRS_barstar_pose_019	/demo/haddock/1BRS_barnase_vs_1BRS_barstar/haddock_1BRS_barnase_1BRS_barstar_pose_019.pdb	
HADDOCK	lrmsd	15.878771577250221	1BRS_barnase	1BRS_barstar	haddock_1BRS_barnase_1BRS_barstar_demo	haddock_1BRS_barnase_1BRS_barstar_pose_020	/demo/haddock/1BRS_barnase_vs_1BRS_barstar/haddock_1BRS_barnase_1BRS_barstar_pose_020.pdb	
HADDOCK	lrmsd	8.455735672619383	1BRS_barnase	1BRS_barstar	haddock_1BRS_barnase_1BRS_barstar_demo	haddock_1BRS_barnase_1BRS_barstar_pose_021	/demo/haddock/1BRS_barnase_vs_1BRS_barstar/haddock_1BRS_barnase_1BRS_barstar_pose_021.pdb	
HADDOCK	lrmsd	15.487363213198158	1BRS_barnase	1BRS_barstar	haddock_1BRS_barnase_1BRS_barstar_demo	haddock_1BRS_barnase_1BRS_barstar_pose_022	/demo/haddock/1BRS_barnase_vs_1BRS_barstar/haddock_1BRS_barnase_1BRS_barstar_pose_022.pdb	
HADDOCK	lrmsd	14.214565262907126	1BRS_barnase	1BRS_barstar	haddock_1BRS_barnase_1BRS_barstar_demo	haddock_1BRS_barnase_1BRS_barstar_pose_023	/demo/haddock/1BRS_barnase_vs_1BRS_barstar/haddock_1BRS_barnase_1BRS_barstar_pose_023.pdb	
HADDOCK	lrmsd	8.184186258602297	1BRS_barnase	1BRS_barstar	haddock_1BRS_barnase_1BRS_barstar_demo	haddock_1BRS_barnase_1BRS_barstar_pose_024	/demo/haddock/1BRS_barnase_vs_1BRS_barstar/haddock_1BRS_barnase_1BRS_barstar_pose_024.pdb	
HADDOCK	lrmsd	12.927107848687553	1BRS_barnase	1BRS_barstar	haddock_1BRS_barnase_1BRS_barstar_demo	haddock_1BRS_barnase_1BRS_barstar_pose_025	/demo/haddock/1BRS_barnase_vs_1BRS_barstar/haddock_1BRS_barnase_1BRS_barstar_pose_025.pdb	
HADDOCK	lrmsd	14.093603467099788	1BRS_barnase	1BRS_barstar	haddock_1BRS_barnase_1BRS_barstar_demo	haddock_1BRS_barnase_1BRS_barstar_pose_026	/demo/haddock/1BRS_barnase_vs_1BRS_barstar/haddock_1BRS_barnase_1BRS_barstar_pose_026.pdb	
HADDOCK	lrmsd	14.668225821469452	1BRS_barnase	1BRS_barstar	haddock_1BRS_barnase_1BRS_barstar_demo	haddock_1BRS_barnase_1BRS_barstar_pose_027	/demo/haddock/1BRS_barnase_vs_1BRS_barstar/haddock_1BRS_barnase_1BRS_barstar_pose_027.pdb	
HADDOCK	lrmsd	13.531784100846567	1BRS_barnase	1BRS_barstar	haddock_1BRS_barnase_1BRS_barstar_demo	haddock_1BRS_barnase_1BRS_barstar_pose_028	/demo/haddock/1BRS_barnase_vs_1BRS_barstar/haddock_1BRS_barnase_1BRS_barstar_pose_028.pdb	
HADDOCK	lrmsd	13.873694250542139	1BRS_barnase	1BRS_barstar	haddock_1BRS_barnase_1BRS_barstar_demo	haddock_1BRS_barnase_1BRS_barstar_pose_029	/demo/haddock/1BRS_barnase_vs_1BRS_barstar/haddock_1BRS_barnase_1BRS_barstar_pose_029.pdb	
HADDOCK	lrmsd	17.420834176759286	1BRS_barnase	1BRS_barstar	haddock_1BRS_barnase_1BRS_barstar_demo	haddock_1BRS_barnase_1BRS_barstar_pose_030	/demo/haddock/1BRS_barnase_vs_1BRS_barstar/haddock_1BRS_barnase_1BRS_barstar_pose_030.pdb	
HADDOCK	lrmsd	16.678101729732038	1BRS_barnase	1BRS_barstar	haddock_1BRS_barnase_1BRS_barstar_demo	haddock_1BRS_barnase_1BRS_barstar_pose_031	/demo/haddock/1BRS_barnase_vs_1BRS_barstar/haddock_1BRS_barnase_1BRS_barstar_pose_031.pdb	
HADDOCK	lrmsd	4.398835138651769	1BRS_barnase	1BRS_barstar	haddock_1BRS_barnase_1BRS_barstar_demo	haddock_1BRS_barnase_1BRS_barstar_pose_032	/demo/haddock/1BRS_barnase_vs_1BRS_barstar/haddock_1BRS_barnase_1BRS_barstar_pose_032.pdb	
HADDOCK	lrmsd	12.047684335486954	1BRS_barnase	1BRS_barstar	haddock_1BRS_barnase_1BRS_barstar_demo	haddock_1BRS_barnase_1BRS_barstar_pose_033	/demo/haddock/1BRS_barnase_vs_1BRS_barstar/haddock_1BRS_barnase_1BRS_barstar_pose_033.pdb	
HADDOCK	lrmsd	12.506046917368145	1BRS_barnase	1BRS_barstar	haddock_1BRS_barnase_1BRS_barstar_demo	haddock_1BRS_barnase_1BRS_barstar_pose_034	/demo/haddock/1BRS_barnase_vs_1BRS_barstar/haddock_1BRS_barnase_1BRS_barstar_pose_034.pdb	
HADDOCK	lrmsd	7.743704281819086	1BRS_barnase	1BRS_barstar	haddock_1BRS_barnase_1BRS_barstar_demo	haddock_1BRS_barnase_1BRS_barstar_pose_035	/demo/haddock/1BRS_barnase_vs_1BRS_barstar/haddock_1BRS_barnase_1BRS_barstar_pose_035.pdb	
HADDOCK	lrmsd	13.282549174696937	1BRS_barnase	1BRS_barstar	haddock_1BRS_barnase_1BRS_barstar_demo	haddock_1BRS_barnase_1BRS_barstar_pose_036	/demo/haddock/1BRS_barnase_vs_1BRS_barstar/haddock_1BRS_barnase_1BRS_barstar_pose_036.pdb	
HADDOCK	lrmsd	16.74627331723152	1BRS_barnase	1BRS_barstar	haddock_1BRS_barnase_1BRS_barstar_demo	haddock_1BRS_barnase_1BRS_barstar_pose_037	/demo/haddock/1BRS_barnase_vs_1BRS_barstar/haddock_1BRS_barnase_1BRS_barstar_pose_037.pdb	
HADDOCK	lrmsd	9.74029642122823	1BRS_barnase	1BRS_barstar	haddock_1BRS_barnase_1BRS_barstar_demo	haddock_1BRS_barnase_1BRS_barstar_pose_038	/demo/haddock/1BRS_barnase_vs_1BRS_barstar/haddock_1BRS_barnase_1BRS_barstar_pose_038.pdb	
HADDOCK	lrmsd	14.009202816069617	1BRS_barnase	1BRS_barstar	haddock_1BRS_barnase_1BRS_barstar_demo	haddock_1BRS_barnase_1BRS_barstar_pose_039	/demo/haddock/1BRS_barnase_vs_1BRS_barstar/haddock_1BRS_barnase_1BRS_barstar_pose_039.pdb	
HADDOCK	lrmsd	10.252529568110686	1BRS_barnase	1BRS_barstar	haddock_1BRS_barnase_1BRS_barstar_demo	haddock_1BRS_barnase_1BRS_barstar_pose_040	/demo/haddock/1BRS_barnase_vs_1BRS_barstar/haddock_1BRS_barnase_1BRS_barstar_pose_040.pdb	
HADDOCK	lrmsd	10.984263928960969	1BRS_barnase	1BRS_barstar	haddock_1BRS_barnase_1BRS_barstar_demo	haddock_1BRS_barnase_1BRS_barstar_pose_041	/demo/haddock/1BRS_barnase_vs_1BRS_barstar/haddock_1BRS_barnase_1BRS_barstar_pose_041.pdb	
HADDOCK	lrmsd	17.432180902510105	1BRS_barnase	1BRS_barstar	haddock_1BRS_barnase_1BRS_barstar_demo	haddock_1BRS_barnase_1BRS_barstar_pose_042	/demo/haddock/1BRS_barnase_vs_1BRS_barstar/haddock_1BRS_barnase_1BRS_barstar_pose_042.pdb	
HADDOCK	lrmsd	11.372326539664526	1BRS_barnase	1BRS_barstar	haddock_1BRS_barnase_1BRS_barstar_demo	haddock_1BRS_barnase_1BRS_barstar_pose_043	/demo/haddock/1BRS_barnase_vs_1BRS_barstar/haddock_1BRS_barnase_1BRS_barstar_pose_043.pdb	
HADDOCK	lrmsd	14.386637467031875	1BRS_barnase	1BRS_barstar	haddock_1BRS_barnase_1BRS_barstar_demo	haddock_1BRS_barnase_1BRS_barstar_pose_044	/demo/haddock/1BRS_barnase_vs_1BRS_barstar/haddock_1BRS_barnase_1BRS_barstar_pose_044.pdb	
HADDOCK	lrmsd	7.386345651817039	1BRS_barnase	1BRS_barstar	haddock_1BRS_barnase_1BRS_barstar_demo	haddock_1BRS_barnase_1BRS_barstar_pose_045	/demo/haddock/1BRS_barnase_vs_1BRS_barstar/haddock_1BRS_barnase_1BRS_barstar_pose_045.pdb	
HADDOCK	lrmsd	18.58695268418464	1BRS_barnase	1BRS_barstar	haddock_1BRS_barnase_1BRS_barstar_demo	haddock_1BRS_barnase_1BRS_barstar_pose_046	/demo/haddock/1BRS_barnase_vs_1BRS_barstar/haddock_1BRS_barnase_1BRS_barstar_pose_046.pdb	
HADDOCK	lrmsd	14.807957338919497	1BRS_barnase	1BRS_barstar	haddock_1BRS_barnase_1BRS_barstar_demo	haddock_1BRS_barnase_1BRS_barstar_pose_047	/demo/haddock/1BRS_barnase_vs_1BRS_barstar/haddock_1BRS_barnase_1BRS_barstar_pose_047.pdb	
HADDOCK	lrmsd	12.452500472049215	1BRS_barnase	1BRS_barstar	haddock_1BRS_barnase_1BRS_barstar_demo	haddock_1BRS_barnase_1BRS_barstar_pose_048	/demo/haddock/1BRS_barnase_vs_1BRS_barstar/haddock_1BRS_barnase_1BRS_barstar_pose_048.pdb	
HADDOCK	lrmsd	14.726639529999684	1BRS_barnase	1BRS_barstar	haddock_1BRS_barnase_1BRS_barstar_demo	haddock_1BRS_barnase_1BRS_barstar_pose_049	/demo/haddock/1BRS_barnase_vs_1BRS_barstar/haddock_1BRS_barnase_1BRS_barstar_pose_049.pdb	
HADDOCK	lrmsd	8.770541713156568	1BRS_barnase	1BRS_barstar	haddock_1BRS_barnase_1BRS_barstar_demo	haddock_1BRS_barnase_1BRS_barstar_pose_050	/demo/haddock/1BRS_barnase_vs_1BRS_barstar/haddock_1BRS_barnase_1BRS_barstar_pose_050.pdb	
LightDock	dockq	0.37460245934021263	1BRS_barnase	1BRS_barstar	lightdock_1BRS_barnase_1BRS_barstar_demo	lightdock_1BRS_barnase_1BRS_barstar_pose_001	/demo/lightdock/1BRS_barnase_vs_1BRS_barstar/lightdock_1BRS_barnase_1BRS_barstar_pose_001.pdb	
LightDock	dockq	0.2540812179602856	1BRS_barnase	1BRS_barstar	lightdock_1BRS_barnase_1BRS_barstar_demo	lightdock_1BRS_barnase_1BRS_barstar_pose_002	/demo/lightdock/1BRS_barnase_vs_1BRS_barstar/lightdock_1BRS_barnase_1BRS_barstar_pose_002.pdb	
LightDock	dockq	0.26367443879612523	1BRS_barnase	1BRS_barstar	lightdock_1BRS_barnase_1BRS_barstar_demo	lightdock_1BRS_barnase_1BRS_barstar_pose_003	/demo/lightdock/1BRS_barnase_vs_1BRS_barstar/lightdock_1BRS_barnase_1BRS_barstar_pose_003.pdb	
LightDock	dockq	0.24066755080276125	1BRS_barnase	1BRS_barstar	lightdock_1BRS_barnase_1BRS_barstar_demo	lightdock_1BRS_barnase_1BRS_barstar_pose_004	/demo/lightdock/1BRS_barnase_vs_1BRS_barstar/lightdock_1BRS_barnase_1BRS_barstar_pose_004.pdb	
LightDock	dockq	0.23354788778035324	1BRS_barnase	1BRS_barstar	lightdock_1BRS_barnase_1BRS_barstar_demo	lightdock_1BRS_barnase_1BRS_barstar_pose_005	/demo/lightdock/1BRS_barnase_vs_1BRS_barstar/lightdock_1BRS_barnase_1BRS_barstar_pose_005.pdb	
LightDock	dockq	0.3355736489302727	1BRS_barnase	1BRS_barstar	lightdock_1BRS_barnase_1BRS_barstar_demo	lightdock_1BRS_barnase_1BRS_barstar_pose_006	/demo/lightdock/1BRS_barnase_vs_1BRS_barstar/lightdock_1BRS_barnase_1BRS_barstar_pose_006.pdb	
LightDock	dockq	0.30047254800833784	1BRS_barnase	1BRS_barstar	lightdock_1BRS_barnase_1BRS_barstar_demo	lightdock_1BRS_barnase_1BRS_barstar_pose_007	/demo/lightdock/1BRS_barnase_vs_1BRS_barstar/lightdock_1BRS_barnase_1BRS_barstar_pose_007.pdb	
LightDock	dockq	0.3321398513122432	1BRS_barnase	1BRS_barstar	lightdock_1BRS_barnase_1BRS_barstar_demo	lightdock_1BRS_barnase_1BRS_barstar_pose_008	/demo/lightdock/1BRS_barnase_vs_1BRS_barstar/lightdock_1BRS_barnase_1BRS_barstar_pose_008.pdb	
LightDock	dockq	0.2792964248411543	1BRS_barnase	1BRS_barstar	lightdock_1BRS_barnase_1BRS_barstar_demo	lightdock_1BRS_barnase_1BRS_barstar_pose_009	/demo/lightdock/1BRS_barnase_vs_1BRS_barstar/lightdock_1BRS_barnase_1BRS_barstar_pose_009.pdb	
LightDock	dockq	0.3210559848861745	1BRS_barnase	1BRS_barstar	lightdock_1BRS_barnase_1BRS_barstar_demo	lightdock_1BRS_barnase_1BRS_barstar_pose_010	/demo/lightdock/1BRS_barnase_vs_1BRS_barstar/lightdock_1BRS_barnase_1BRS_barstar_pose_010.pdb	
LightDock	dockq	0.24649210048599696	1BRS_barnase	1BRS_barstar	lightdock_1BRS_barnase_1BRS_barstar_demo	lightdock_1BRS_barnase_1BRS_barstar_pose_011	/demo/lightdock/1BRS_barnase_vs_1BRS_barstar/lightdock_1BRS_barnase_1BRS_barstar_pose_011.pdb	
LightDock	dockq	0.4583785473127639	1BRS_barnase	1BRS_barstar	lightdock_1BRS_barnase_1BRS_barstar_demo	lightdock_1BRS_barnase_1BRS_barstar_pose_012	/demo/lightdock/1BRS_barnase_vs_1BRS_barstar/lightdock_1BRS_barnase_1BRS_barstar_pose_012.pdb	
LightDock	dockq	0.15456556668556015	1BRS_barnase	1BRS_barstar	lightdock_1BRS_barnase_1BRS_barstar_demo	lightdock_1BRS_barnase_1BRS_barstar_pose_013	/demo/lightdock/1BRS_barnase_vs_1BRS_barstar/lightdock_1BRS_barnase_1BRS_barstar_pose_013.pdb	
LightDock	dockq	0.38087498588503876	1BRS_barnase	1BRS_barstar	lightdock_1BRS_barnase_1BRS_barstar_demo	lightdock_1BRS_barnase_1BRS_barstar_pose_014	/demo/lightdock/1BRS_barnase_vs_1BRS_barstar/lightdock_1BRS_barnase_1BRS_barstar_pose_014.pdb	
LightDock	dockq	0.38943259605767766	1BRS_barnase	1BRS_barstar	lightdock_1BRS_barnase_1BRS_barstar_demo	lightdock_1BRS_barnase_1BRS_barstar_pose_015	/demo/lightdock/1BRS_barnase_vs_1BRS_barstar/lightdock_1BRS_barnase_1BRS_barstar_pose_015.pdb	
LightDock	dockq	0.21182729552275253	1BRS_barnase	1BRS_barstar	lightdock_1BRS_barnase_1BRS_barstar_demo	lightdock_1BRS_barnase_1BRS_barstar_pose_016	/demo/lightdock/1BRS_barnase_vs_1BRS_barstar/lightdock_1BRS_barnase_1BRS_barstar_pose_016.pdb	
LightDock	dockq	0.4583418888444779	1BRS_barnase	1BRS_barstar	lightdock_1BRS_barnase_1BRS_barstar_demo	lightdock_1BRS_barnase_1BRS_barstar_pose_017	/demo/lightdock/1BRS_barnase_vs_1BRS_barstar/lightdock_1BRS_barnase_1BRS_barstar_pose_017.pdb	
LightDock	dockq	0.3596392226356255	1BRS_barnase	1BRS_barstar	lightdock_1BRS_barnase_1BRS_barstar_demo	lightdock_1BRS_barnase_1BRS_barstar_pose_018	/demo/lightdock/1BRS_barnase_vs_1BRS_barstar/lightdock_1BRS_barnase_1BRS_barstar_pose_018.pdb	
LightDock	dockq	0.35769112054583296	1BRS_barnase	1BRS_barstar	lightdock_1BRS_barnase_1BRS_barstar_demo	lightdock_1BRS_barnase_1BRS_barstar_pose_019	/demo/lightdock/1BRS_barnase_vs_1BRS_barstar/lightdock_1BRS_barnase_1BRS_barstar_pose_019.pdb	
LightDock	dockq	0.28224177496207015	1BRS_barnase	1BRS_barstar	lightdock_1BRS_barnase_1BRS_barstar_demo	lightdock_1BRS_barnase_1BRS_barstar_pose_020	/demo/lightdock/1BRS_barnase_vs_1BRS_barstar/lightdock_1BRS_barnase_1BRS_barstar_pose_020.pdb	
LightDock	dockq	0.2626219073425059	1BRS_barnase	1BRS_barstar	lightdock_1BRS_barnase_1BRS_barstar_demo	lightdock_1BRS_barnase_1BRS_barstar_pose_021	/demo/lightdock/1BRS_barnase_vs_1BRS_barstar/lightdock_1BRS_barnase_1BRS_barstar_pose_021.pdb	
LightDock	dockq	0.2632472938368314	1BRS_barnase	1BRS_barstar	lightdock_1BRS_barnase_1BRS_barstar_demo	lightdock_1BRS_barnase_1BRS_barstar_pose_022	/demo/lightdock/1BRS_barnase_vs_1BRS_barstar/lightdock_1BRS_barnase_1BRS_barstar_pose_022.pdb	
LightDock	dockq	0.3112424477055614	1BRS_barnase	1BRS_barstar	lightdock_1BRS_barnase_1BRS_barstar_demo	lightdock_1BRS_barnase_1BRS_barstar_pose_023	/demo/lightdock/1BRS_barnase_vs_1BRS_barstar/lightdock_1BRS_barnase_1BRS_barstar_pose_023.pdb	
LightDock	dockq	0.3920949020027117	1BRS_barnase	1BRS_barstar	lightdock_1BRS_barnase_1BRS_barstar_demo	lightdock_1BRS_barnase_1BRS_barstar_pose_024	/demo/lightdock/1BRS_barnase_vs_1BRS_barstar/lightdock_1BRS_barnase_1BRS_barstar_pose_024.pdb	
LightDock	dockq	0.2945051374289136	1BRS_barnase	1BRS_barstar	lightdock_1BRS_barnase_1BRS_barstar_demo	lightdock_1BRS_barnase_1BRS_barstar_pose_025	/demo/lightdock/1BRS_barnase_vs_1BRS_barstar/lightdock_1BRS_barnase_1BRS_barstar_pose_025.pdb	
LightDock	dockq	0.2070845101490168	1BRS_barnase	1BRS_barstar	lightdock_1BRS_barnase_1BRS_barstar_demo	lightdock_1BRS_barnase_1BRS_barstar_pose_026	/demo/lightdock/1BRS_barnase_vs_1BRS_barstar/lightdock_1BRS_barnase_1BRS_barstar_pose_026.pdb	
LightDock	dockq	0.3459541649907984	1BRS_barnase	1BRS_barstar	lightdock_1BRS_barnase_1BRS_barstar_demo	lightdock_1BRS_barnase_1BRS_barstar_pose_027	/demo/lightdock/1BRS_barnase_vs_1BRS_barstar/lightdock_1BRS_barnase_1BRS_barstar_pose_027.pdb	
LightDock	dockq	0.3536920597115834	1BRS_barnase	1BRS_barstar	lightdock_1BRS_barnase_1BRS_barstar_demo	lightdock_1BRS_barnase_1BRS_barstar_pose_028	/demo/lightdock/1BRS_barnase_vs_1BRS_barstar/lightdock_1BRS_barnase_1BRS_barstar_pose_028.pdb	
LightDock	dockq	0.3323727622758229	1BRS_barnase	1BRS_barstar	lightdock_1BRS_barnase_1BRS_barstar_demo	lightdock_1BRS_barnase_1BRS_barstar_pose_029	/demo/lightdock/1BRS_barnase_vs_1BRS_barstar/lightdock_1BRS_barnase_1BRS_barstar_pose_029.pdb	
LightDock	dockq	0.33963991252199865	1BRS_barnase	1BRS_barstar	lightdock_1BRS_barnase_1BRS_barstar_demo	lightdock_1BRS_barnase_1BRS_barstar_pose_030	/demo/lightdock/1BRS_barnase_vs_1BRS_barstar/lightdock_1BRS_barnase_1BRS_barstar_pose_030.pdb	
LightDock	dockq	0.25832574958737536	1BRS_barnase	1BRS_barstar	lightdock_1BRS_barnase_1BRS_barstar_demo	lightdock_1BRS_barnase_1BRS_barstar_pose_031	/demo/lightdock/1BRS_barnase_vs_1BRS_barstar/lightdock_1BRS_barnase_1BRS_barstar_pose_031.pdb	
LightDock	dockq	0.20568086662955365	1BRS_barnase	1BRS_barstar	lightdock_1BRS_barnase_1BRS_barstar_demo	lightdock_1BRS_barnase_1BRS_barstar_pose_032	/demo/lightdock/1BRS_barnase_vs_1BRS_barstar/lightdock_1BRS_barnase_1BRS_barstar_pose_032.pdb	
LightDock	dockq	0.21054452554873765	1BRS_barnase	1BRS_barstar	lightdock_1BRS_barnase_1BRS_barstar_demo	lightdock_1BRS_barnase_1BRS_barstar_pose_033	/demo/lightdock/1BRS_barnase_vs_1BRS_barstar/lightdock_1BRS_barnase_1BRS_barstar_pose_033.pdb	
LightDock	dockq	0.1491629401233714	1BRS_barnase	1BRS_barstar	lightdock_1BRS_barnase_1BRS_barstar_demo	lightdock_1BRS_barnase_1BRS_barstar_pose_034	/demo/lightdock/1BRS_barnase_vs_1BRS_barstar/lightdock_1BRS_barnase_1BRS_barstar_pose_034.pdb	
LightDock	dockq	0.298955888923676	1BRS_barnase	1BRS_barstar	lightdock_1BRS_barnase_1BRS_barstar_demo	lightdock_1BRS_barnase_1BRS_barstar_pose_035	/demo/lightdock/1BRS_barnase_vs_1BRS_barstar/lightdock_1BRS_barnase_1BRS_barstar_pose_035.pdb	
LightDock	dockq	0.2733240973418725	1BRS_barnase	1BRS_barstar	lightdock_1BRS_barnase_1BRS_barstar_demo	lightdock_1BRS_barnase_1BRS_barstar_pose_036	/demo/lightdock/1BRS_barnase_vs_1BRS_barstar/lightdock_1BRS_barnase_1BRS_barstar_pose_036.pdb	
LightDock	dockq	0.24480098363762332	1BRS_barnase	1BRS_barstar	lightdock_1BRS_barnase_1BRS_barstar_demo	lightdock_1BRS_barnase_1BRS_barstar_pose_037	/demo/lightdock/1BRS_barnase_vs_1BRS_barstar/lightdock_1BRS_barnase_1BRS_barstar_pose_037.pdb	
LightDock	dockq	0.043550494052394445	1BRS_barnase	1BRS_barstar	lightdock_1BRS_barnase_1BRS_barstar_demo	lightdock_1BRS_barnase_1BRS_barstar_pose_038	/demo/lightdock/1BRS_barnase_vs_1BRS_barstar/lightdock_1BRS_barnase_1BRS_barstar_pose_038.pdb	
LightDock	dockq	0.18021460242446652	1BRS_barnase	1BRS_barstar	lightdock_1BRS_barnase_1BRS_barstar_demo	lightdock_1BRS_barnase_1BRS_barstar_pose_039	/demo/lightdock/1BRS_barnase_vs_1BRS_barstar/lightdock_1BRS_barnase_1BRS_barstar_pose_039.pdb	
LightDock	dockq	0.3696672521122534	1BRS_barnase	1BRS_barstar	lightdock_1BRS_barnase_1BRS_barstar_demo	lightdock_1BRS_barnase_1BRS_barstar_pose_040	/demo/lightdock/1BRS_barnase_vs_1BRS_barstar/lightdock_1BRS_barnase_1BRS_barstar_pose_040.pdb	
LightDock	dockq	0.22682991999494956	1BRS_barnase	1BRS_barstar	lightdock_1BRS_barnase_1BRS_barstar_demo	lightdock_1BRS_barnase_1BRS_barstar_pose_041	/demo/lightdock/1BRS_barnase_vs_1BRS_barstar/lightdock_1BRS_barnase_1BRS_barstar_pose_041.pdb	
LightDock	dockq	0.30884733421254734	1BRS_barnase	1BRS_barstar	lightdock_1BRS_barnase_1BRS_barstar_demo	lightdock_1BRS_barnase_1BRS_barstar_pose_042	/demo/lightdock/1BRS_barnase_vs_1BRS_barstar/lightdock_1BRS_barnase_1BRS_barstar_pose_042.pdb	
LightDock	dockq	0.16874516560197952	1BRS_barnase	1BRS_barstar	lightdock_1BRS_barnase_1BRS_barstar_demo	lightdock_1BRS_barnase_1BRS_barstar_pose_043	/demo/lightdock/1BRS_barnase_vs_1BRS_barstar/lightdock_1BRS_barnase_1BRS_barstar_pose_043.pdb	
LightDock	dockq	0.39509643858873855	1BRS_barnase	1BRS_barstar	lightdock_1BRS_barnase_1BRS_barstar_demo	lightdock_1BRS_barnase_1BRS_barstar_pose_044	/demo/lightdock/1BRS_barnase_vs_1BRS_barstar/lightdock_1BRS_barnase_1BRS_barstar_pose_044.pdb	
LightDock	dockq	0.2684777871956259	1BRS_barnase	1BRS_barstar	lightdock_1BRS_barnase_1BRS_barstar_demo	lightdock_1BRS_barnase_1BRS_barstar_pose_045	/demo/lightdock/1BRS_barnase_vs_1BRS_barstar/lightdock_1BRS_barnase_1BRS_barstar_pose_045.pdb	
LightDock	dockq	0.30320323171868285	1BRS_barnase	1BRS_barstar	lightdock_1BRS_barnase_1BRS_barstar_demo	lightdock_1BRS_barnase_1BRS_barstar_pose_046	/demo/lightdock/1BRS_barnase_vs_1BRS_barstar/lightdock_1BRS_barnase_1BRS_barstar_pose_046.pdb	
LightDock	dockq	0.46606238335053485	1BRS_barnase	1BRS_barstar	lightdock_1BRS_barnase_1BRS_barstar_demo	lightdock_1BRS_barnase_1BRS_barstar_pose_047	/demo/lightdock/1BRS_barnase_vs_1BRS_barstar/lightdock_1BRS_barnase_1BRS_barstar_pose_047.pdb	
LightDock	dockq	0.4013152080471523	1BRS_barnase	1BRS_barstar	lightdock_1BRS_barnase_1BRS_barstar_demo	lightdock_1BRS_barnase_1BRS_barstar_pose_048	/demo/lightdock/1BRS_barnase_vs_1BRS_barstar/lightdock_1BRS_barnase_1BRS_barstar_pose_048.pdb	
LightDock	dockq	0.2554747502970354	1BRS_barnase	1BRS_barstar	lightdock_1BRS_barnase_1BRS_barstar_demo	lightdock_1BRS_barnase_1BRS_barstar_pose_049	/demo/lightdock/1BRS_barnase_vs_1BRS_barstar/lightdock_1BRS_barnase_1BRS_barstar_pose_049.pdb	
LightDock	dockq	0.2325423852103713	1BRS_barnase	1BRS_barstar	lightdock_1BRS_barnase_1BRS_barstar_demo	lightdock_1BRS_barnase_1BRS_barstar_pose_050	/demo/lightdock/1BRS_barnase_vs_1BRS_barstar/lightdock_1BRS_barnase_1BRS_barstar_pose_050.pdb	
LightDock	fnat	0.15070094896324213	1BRS_barnase	1BRS_barstar	lightdock_1BRS_barnase_1BRS_barstar_demo	lightdock_1BRS_barnase_1BRS_barstar_pose_001	/demo/lightdock/1BRS_barnase_vs_1BRS_barstar/lightdock_1BRS_barnase_1BRS_barstar_pose_001.pdb	
LightDock	fnat	0.2258908423628882	1BRS_barnase	1BRS_barstar	lightdock_1BRS_barnase_1BRS_barstar_demo	lightdock_1BRS_barnase_1BRS_barstar_pose_002	/demo/lightdock/1BRS_barnase_vs_1BRS_barstar/lightdock_1BRS_barnase_1BRS_barstar_pose_002.pdb	
LightDock	fnat	0.1705298279174216	1BRS_barnase	1BRS_barstar	lightdock_1BRS_barnase_1BRS_barstar_demo	lightdock_1BRS_barnase_1BRS_barstar_pose_003	/demo/lightdock/1BRS_barnase_vs_1BRS_barstar/lightdock_1BRS_barnase_1BRS_barstar_pose_003.pdb	
LightDock	fnat	0.14442802694968754	1BRS_barnase	1BRS_barstar	lightdock_1BRS_barnase_1BRS_barstar_demo	lightdock_1BRS_barnase_1BRS_barstar_pose_004	/demo/lightdock/1BRS_barnase_vs_1BRS_barstar/lightdock_1BRS_barnase_1BRS_barstar_pose_004.pdb	
LightDock	fnat	0.31204631256381377	1BRS_barnase	1BRS_barstar	lightdock_1BRS_barnase_1BRS_barstar_demo	lightdock_1BRS_barnase_1BRS_barstar_pose_005	/demo/lightdock/1BRS_barnase_vs_1BRS_barstar/lightdock_1BRS_barnase_1BRS_barstar_pose_005.pdb	
LightDock	fnat	0.16972110973999469	1BRS_barnase	1BRS_barstar	lightdock_1BRS_barnase_1BRS_barstar_demo	lightdock_1BRS_barnase_1BRS_barstar_pose_006	/demo/lightdock/1BRS_barnase_vs_1BRS_barstar/lightdock_1BRS_barnase_1BRS_barstar_pose_006.pdb	
LightDock	fnat	0.3869630183733587	1BRS_barnase	1BRS_barstar	lightdock_1BRS_barnase_1BRS_barstar_demo	lightdock_1BRS_barnase_1BRS_barstar_pose_007	/demo/lightdock/1BRS_barnase_vs_1BRS_barstar/lightdock_1BRS_barnase_1BRS_barstar_pose_007.pdb	
LightDock	fnat	0.18816683073769558	1BRS_barnase	1BRS_barstar	lightdock_1BRS_barnase_1BRS_barstar_demo	lightdock_1BRS_barnase_1BRS_barstar_pose_008	/demo/lightdock/1BRS_barnase_vs_1BRS_barstar/lightdock_1BRS_barnase_1BRS_barstar_pose_008.pdb	
LightDock	fnat	0.34067865548022547	1BRS_barnase	1BRS_barstar	lightdock_1BRS_barnase_1BRS_barstar_demo	lightdock_1BRS_barnase_1BRS_barstar_pose_009	/demo/lightdock/1BRS_barnase_vs_1BRS_barstar/lightdock_1BRS_barnase_1BRS_barstar_pose_009.pdb	
LightDock	fnat	0.2121587480439564	1BRS_barnase	1BRS_barstar	lightdock_1BRS_barnase_1BRS_barstar_demo	lightdock_1BRS_barnase_1BRS_barstar_pose_010	/demo/lightdock/1BRS_barnase_vs_1BRS_barstar/lightdock_1BRS_barnase_1BRS_barstar_pose_010.pdb	
LightDock	fnat	0.2666664515924503	1BRS_barnase	1BRS_barstar	lightdock_1BRS_barnase_1BRS_barstar_demo	lightdock_1BRS_barnase_1BRS_barstar_pose_011	/demo/lightdock/1BRS_barnase_vs_1BRS_barstar/lightdock_1BRS_barnase_1BRS_barstar_pose_011.pdb	
LightDock	fnat	0.1147850053634048	1BRS_barnase	1BRS_barstar	lightdock_1BRS_barnase_1BRS_barstar_demo	lightdock_1BRS_barnase_1BRS_barstar_pose_012	/demo/lightdock/1BRS_barnase_vs_1BRS_barstar/lightdock_1BRS_barnase_1BRS_barstar_pose_012.pdb	
LightDock	fnat	0.10316166996713294	1BRS_barnase	1BRS_barstar	lightdock_1BRS_barnase_1BRS_barstar_demo	lightdock_1BRS_barnase_1BRS_barstar_pose_013	/demo/lightdock/1BRS_barnase_vs_1BRS_barstar/lightdock_1BRS_barnase_1BRS_barstar_pose_013.pdb	
LightDock	fnat	0.22137353595134887	1BRS_barnase	1BRS_barstar	lightdock_1BRS_barnase_1BRS_barstar_demo	lightdock_1BRS_barnase_1BRS_barstar_pose_014	/demo/lightdock/1BRS_barnase_vs_1BRS_barstar/lightdock_1BRS_barnase_1BRS_barstar_pose_014.pdb	
LightDock	fnat	0.26896979182187836	1BRS_barnase	1BRS_barstar	lightdock_1BRS_barnase_1BRS_barstar_demo	lightdock_1BRS_barnase_1BRS_barstar_pose_015	/demo/lightdock/1BRS_barnase_vs_1BRS_barstar/lightdock_1BRS_barnase_1BRS_barstar_pose_015.pdb	
LightDock	fnat	0.18362308518004164	1BRS_barnase	1BRS_barstar	lightdock_1BRS_barnase_1BRS_barstar_demo	lightdock_1BRS_barnase_1BRS_barstar_pose_016	/demo/lightdock/1BRS_barnase_vs_1BRS_barstar/lightdock_1BRS_barnase_1BRS_barstar_pose_016.pdb	
LightDock	fnat	0.06422459984246726	1BRS_barnase	1BRS_barstar	lightdock_1BRS_barnase_1BRS_barstar_demo	lightdock_1BRS_barnase_1BRS_barstar_pose_017	/demo/lightdock/1BRS_barnase_vs_1BRS_barstar/lightdock_1BRS_barnase_1BRS_barstar_pose_017.pdb	
LightDock	fnat	0.05757674703396057	1BRS_barnase	1BRS_barstar	lightdock_1BRS_barnase_1BRS_barstar_demo	lightdock_1BRS_barnase_1BRS_barstar_pose_018	/demo/lightdock/1BRS_barnase_vs_1BRS_barstar/lightdock_1BRS_barnase_1BRS_barstar_pose_018.pdb	
LightDock	fnat	0.05155772380323828	1BRS_barnase	1BRS_barstar	lightdock_1BRS_barnase_1BRS_barstar_demo	lightdock_1BRS_barnase_1BRS_barstar_pose_019	/demo/lightdock/1BRS_barnase_vs_1BRS_barstar/lightdock_1BRS_barnase_1BRS_barstar_pose_019.pdb	
LightDock	fnat	0.020914009835455716	1BRS_barnase	1BRS_barstar	lightdock_1BRS_barnase_1BRS_barstar_demo	lightdock_1BRS_barnase_1BRS_barstar_pose_020	/demo/lightdock/1BRS_barnase_vs_1BRS_barstar/lightdock_1BRS_barnase_1BRS_barstar_pose_020.pdb	
LightDock	fnat	0.18985368235023786	1BRS_barnase	1BRS_barstar	lightdock_1BRS_barnase_1BRS_barstar_demo	lightdock_1BRS_barnase_1BRS_barstar_pose_021	/demo/lightdock/1BRS_barnase_vs_1BRS_barstar/lightdock_1BRS_barnase_1BRS_barstar_pose_021.pdb	
LightDock	fnat	0.28125395295372224	1BRS_barnase	1BRS_barstar	lightdock_1BRS_barnase_1BRS_barstar_demo	lightdock_1BRS_barnase_1BRS_barstar_pose_022	/demo/lightdock/1BRS_barnase_vs_1BRS_barstar/lightdock_1BRS_barnase_1BRS_barstar_pose_022.pdb	
LightDock	fnat	0.1787925791767672	1BRS_barnase	1BRS_barstar	lightdock_1BRS_barnase_1BRS_barstar_demo	lightdock_1BRS_barnase_1BRS_barstar_pose_023	/demo/lightdock/1BRS_barnase_vs_1BRS_barstar/lightdock_1BRS_barnase_1BRS_barstar_pose_023.pdb	
LightDock	fnat	0.0	1BRS_barnase	1BRS_barstar	lightdock_1BRS_barnase_1BRS_barstar_demo	lightdock_1BRS_barnase_1BRS_barstar_pose_024	/demo/lightdock/1BRS_barnase_vs_1BRS_barstar/lightdock_1BRS_barnase_1BRS_barstar_pose_024.pdb	
LightDock	fnat	0.16283155856989062	1BRS_barnase	1BRS_barstar	lightdock_1BRS_barnase_1BRS_barstar_demo	lightdock_1BRS_barnase_1BRS_barstar_pose_025	/demo/lightdock/1BRS_barnase_vs_1BRS_barstar/lightdock_1BRS_barnase_1BRS_barstar_pose_025.pdb	
LightDock	fnat	0.16534809030306535	1BRS_barnase	1BRS_barstar	lightdock_1BRS_barnase_1BRS_barstar_demo	lightdock_1BRS_barnase_1BRS_barstar_pose_026	/demo/lightdock/1BRS_barnase_vs_1BRS_barstar/lightdock_1BRS_barnase_1BRS_barstar_pose_026.pdb	
LightDock	fnat	0.36863988752028953	1BRS_barnase	1BRS_barstar	lightdock_1BRS_barnase_1BRS_barstar_demo	lightdock_1BRS_barnase_1BRS_barstar_pose_027	/demo/lightdock/1BRS_barnase_vs_1BRS_barstar/lightdock_1BRS_barnase_1BRS_barstar_pose_027.pdb	
LightDock	fnat	0.048857587837239924	1BRS_barnase	1BRS_barstar	lightdock_1BRS_barnase_1BRS_barstar_demo	lightdock_1BRS_barnase_1BRS_barstar_pose_028	/demo/lightdock/1BRS_barnase_vs_1BRS_barstar/lightdock_1BRS_barnase_1BRS_barstar_pose_028.pdb	
LightDock	fnat	0.1448390157660724	1BRS_barnase	1BRS_barstar	lightdock_1BRS_barnase_1BRS_barstar_demo	lightdock_1BRS_barnase_1BRS_barstar_pose_029	/demo/lightdock/1BRS_barnase_vs_1BRS_barstar/lightdock_1BRS_barnase_1BRS_barstar_pose_029.pdb	
LightDock	fnat	0.33352674124901077	1BRS_barnase	1BRS_barstar	lightdock_1BRS_barnase_1BRS_barstar_demo	lightdock_1BRS_barnase_1BRS_barstar_pose_030	/demo/lightdock/1BRS_barnase_vs_1BRS_barstar/lightdock_1BRS_barnase_1BRS_barstar_pose_030.pdb	
LightDock	fnat	0.22049805072118933	1BRS_barnase	1BRS_barstar	lightdock_1BRS_barnase_1BRS_barstar_demo	lightdock_1BRS_barnase_1BRS_barstar_pose_031	/demo/lightdock/1BRS_barnase_vs_1BRS_barstar/lightdock_1BRS_barnase_1BRS_barstar_pose_031.pdb	
LightDock	fnat	0.2306981766164782	1BRS_barnase	1BRS_barstar	lightdock_1BRS_barnase_1BRS_barstar_demo	lightdock_1BRS_barnase_1BRS_barstar_pose_032	/demo/lightdock/1BRS_barnase_vs_1BRS_barstar/lightdock_1BRS_barnase_1BRS_barstar_pose_032.pdb	
LightDock	fnat	0.19031259933214903	1BRS_barnase	1BRS_barstar	lightdock_1BRS_barnase_1BRS_barstar_demo	lightdock_1BRS_barnase_1BRS_barstar_pose_033	/demo/lightdock/1BRS_barnase_vs_1BRS_barstar/lightdock_1BRS_barnase_1BRS_barstar_pose_033.pdb	
LightDock	fnat	0.2096949184791538	1BRS_barnase	1BRS_barstar	lightdock_1BRS_barnase_1BRS_barstar_demo	lightdock_1BRS_barnase_1BRS_barstar_pose_034	/demo/lightdock/1BRS_barnase_vs_1BRS_barstar/lightdock_1BRS_barnase_1BRS_barstar_pose_034.pdb	
LightDock	fnat	0.24998485772506823	1BRS_barnase	1BRS_barstar	lightdock_1BRS_barnase_1BRS_barstar_demo	lightdock_1BRS_barnase_1BRS_barstar_pose_035	/demo/lightdock/1BRS_barnase_vs_1BRS_barstar/lightdock_1BRS_barnase_1BRS_barstar_pose_035.pdb	
LightDock	fnat	0.10714623129965102	1BRS_barnase	1BRS_barstar	lightdock_1BRS_barnase_1BRS_barstar_demo	lightdock_1BRS_barnase_1BRS_barstar_pose_036	/demo/lightdock/1BRS_barnase_vs_1BRS_barstar/lightdock_1BRS_barnase_1BRS_barstar_pose_036.pdb	
LightDock	fnat	0.259025272101738	1BRS_barnase	1BRS_barstar	lightdock_1BRS_barnase_1BRS_barstar_demo	lightdock_1BRS_barnase_1BRS_barstar_pose_037	/demo/lightdock/1BRS_barnase_vs_1BRS_barstar/lightdock_1BRS_barnase_1BRS_barstar_pose_037.pdb	
LightDock	fnat	0.05642972848030148	1BRS_barnase	1BRS_barstar	lightdock_1BRS_barnase_1BRS_barstar_demo	lightdock_1BRS_barnase_1BRS_barstar_pose_038	/demo/lightdock/1BRS_barnase_vs_1BRS_barstar/lightdock_1BRS_barnase_1BRS_barstar_pose_038.pdb	
LightDock	fnat	0.2095531175548384	1BRS_barnase	1BRS_barstar	lightdock_1BRS_barnase_1BRS_barstar_demo	lightdock_1BRS_barnase_1BRS_barstar_pose_039	/demo/lightdock/1BRS_barnase_vs_1BRS_barstar/lightdock_1BRS_barnase_1BRS_barstar_pose_039.pdb	
LightDock	fnat	0.19608668669576945	1BRS_barnase	1BRS_barstar	lightdock_1BRS_barnase_1BRS_barstar_demo	lightdock_1BRS_barnase_1BRS_barstar_pose_040	/demo/lightdock/1BRS_barnase_vs_1BRS_barstar/lightdock_1BRS_barnase_1BRS_barstar_pose_040.pdb	
LightDock	fnat	0.12453362206271029	1BRS_barnase	1BRS_barstar	lightdock_1BRS_barnase_1BRS_barstar_demo	lightdock_1BRS_barnase_1BRS_barstar_pose_041	/demo/lightdock/1BRS_barnase_vs_1BRS_barstar/lightdock_1BRS_barnase_1BRS_barstar_pose_041.pdb	
LightDock	fnat	0.1779583252206918	1BRS_barnase	1BRS_barstar	lightdock_1BRS_barnase_1BRS_barstar_demo	lightdock_1BRS_barnase_1BRS_barstar_pose_042	/demo/lightdock/1BRS_barnase_vs_1BRS_barstar/lightdock_1BRS_barnase_1BRS_barstar_pose_042.pdb	
LightDock	fnat	0.12397138626010022	1BRS_barnase	1BRS_barstar	lightdock_1BRS_barnase_1BRS_barstar_demo	lightdock_1BRS_barnase_1BRS_barstar_pose_043	/demo/lightdock/1BRS_barnase_vs_1BRS_barstar/lightdock_1BRS_barnase_1BRS_barstar_pose_043.pdb	
LightDock	fnat	0.083546880582443	1BRS_barnase	1BRS_barstar	lightdock_1BRS_barnase_1BRS_barstar_demo	lightdock_1BRS_barnase_1BRS_barstar_pose_044	/demo/lightdock/1BRS_barnase_vs_1BRS_barstar/lightdock_1BRS_barnase_1BRS_barstar_pose_044.pdb	
LightDock	fnat	0.14817467325477202	1BRS_barnase	1BRS_barstar	lightdock_1BRS_barnase_1BRS_barstar_demo	lightdock_1BRS_barnase_1BRS_barstar_pose_045	/demo/lightdock/1BRS_barnase_vs_1BRS_barstar/lightdock_1BRS_barnase_1BRS_barstar_pose_045.pdb	
LightDock	fnat	0.08064102281655046	1BRS_barnase	1BRS_barstar	lightdock_1BRS_barnase_1BRS_barstar_demo	lightdock_1BRS_barnase_1BRS_barstar_pose_046	/demo/lightdock/1BRS_barnase_vs_1BRS_barstar/lightdock_1BRS_barnase_1BRS_barstar_pose_046.pdb	
LightDock	fnat	0.20905177176839232	1BRS_barnase	1BRS_barstar	lightdock_1BRS_barnase_1BRS_barstar_demo	lightdock_1BRS_barnase_1BRS_barstar_pose_047	/demo/lightdock/1BRS_barnase_vs_1BRS_barstar/lightdock_1BRS_barnase_1BRS_barstar_pose_047.pdb	
LightDock	fnat	0.07649230552628729	1BRS_barnase	1BRS_barstar	lightdock_1BRS_barnase_1BRS_barstar_demo	lightdock_1BRS_barnase_1BRS_barstar_pose_048	/demo/lightdock/1BRS_barnase_vs_1BRS_barstar/lightdock_1BRS_barnase_1BRS_barstar_pose_048.pdb	
LightDock	fnat	0.24407793206919462	1BRS_barnase	1BRS_barstar	lightdock_1BRS_barnase_1BRS_barstar_demo	lightdock_1BRS_barnase_1BRS_barstar_pose_049	/demo/lightdock/1BRS_barnase_vs_1BRS_barstar/lightdock_1BRS_barnase_1BRS_barstar_pose_049.pdb	
LightDock	fnat	0.07366688388640619	1BRS_barnase	1BRS_barstar	lightdock_1BRS_barnase_1BRS_barstar_demo	lightdock_1BRS_barnase_1BRS_barstar_pose_050	/demo/lightdock/1BRS_barnase_vs_1BRS_barstar/lightdock_1BRS_barnase_1BRS_barstar_pose_050.pdb	
LightDock	irmsd	6.367410168837988	1BRS_barnase	1BRS_barstar	lightdock_1BRS_barnase_1BRS_barstar_demo	lightdock_1BRS_barnase_1BRS_barstar_pose_001	/demo/lightdock/1BRS_barnase_vs_1BRS_barstar/lightdock_1BRS_barnase_1BRS_barstar_pose_001.pdb	
LightDock	irmsd	6.250793183569642	1BRS_barnase	1BRS_barstar	lightdock_1BRS_barnase_1BRS_barstar_demo	lightdock_1BRS_barnase_1BRS_barstar_pose_002	/demo/lightdock/1BRS_barnase_vs_1BRS_barstar/lightdock_1BRS_barnase_1BRS_barstar_pose_002.pdb	
LightDock	irmsd	10.150293457749678	1BRS_barnase	1BRS_barstar	lightdock_1BRS_barnase_1BRS_barstar_demo	lightdock_1BRS_barnase_1BRS_barstar_pose_003	/demo/lightdock/1BRS_barnase_vs_1BRS_barstar/lightdock_1BRS_barnase_1BRS_barstar_pose_003.pdb	
LightDock	irmsd	8.160579891233184	1BRS_barnase	1BRS_barstar	lightdock_1BRS_barnase_1BRS_barstar_demo	lightdock_1BRS_barnase_1BRS_barstar_pose_004	/demo/lightdock/1BRS_barnase_vs_1BRS_barstar/lightdock_1BRS_barnase_1BRS_barstar_pose_004.pdb	
LightDock	irmsd	7.0765323949112116	1BRS_barnase	1BRS_barstar	lightdock_1BRS_barnase_1BRS_barstar_demo	lightdock_1BRS_barnase_1BRS_barstar_pose_005	/demo/lightdock/1BRS_barnase_vs_1BRS_barstar/lightdock_1BRS_barnase_1BRS_barstar_pose_005.pdb	
LightDock	irmsd	8.497438882139447	1BRS_barnase	1BRS_barstar	lightdock_1BRS_barnase_1BRS_barstar_demo	lightdock_1BRS_barnase_1BRS_barstar_pose_006	/demo/lightdock/1BRS_barnase_vs_1BRS_barstar/lightdock_1BRS_barnase_1BRS_barstar_pose_006.pdb	
LightDock	irmsd	3.285615305340624	1BRS_barnase	1BRS_barstar	lightdock_1BRS_barnase_1BRS_barstar_demo	lightdock_1BRS_barnase_1BRS_barstar_pose_007	/demo/lightdock/1BRS_barnase_vs_1BRS_barstar/lightdock_1BRS_barnase_1BRS_barstar_pose_007.pdb	
LightDock	irmsd	7.413732820718185	1BRS_barnase	1BRS_barstar	lightdock_1BRS_barnase_1BRS_barstar_demo	lightdock_1BRS_barnase_1BRS_barstar_pose_008	/demo/lightdock/1BRS_barnase_vs_1BRS_barstar/lightdock_1BRS_barnase_1BRS_barstar_pose_008.pdb	
LightDock	irmsd	11.495028355609525	1BRS_barnase	1BRS_barstar	lightdock_1BRS_barnase_1BRS_barstar_demo	lightdock_1BRS_barnase_1BRS_barstar_pose_009	/demo/lightdock/1BRS_barnase_vs_1BRS_barstar/lightdock_1BRS_barnase_1BRS_barstar_pose_009.pdb	
LightDock	irmsd	7.7646930128053455	1BRS_barnase	1BRS_barstar	lightdock_1BRS_barnase_1BRS_barstar_demo	lightdock_1BRS_barnase_1BRS_barstar_pose_010	/demo/lightdock/1BRS_barnase_vs_1BRS_barstar/lightdock_1BRS_barnase_1BRS_barstar_pose_010.pdb	
LightDock	irmsd	7.635826338338671	1BRS_barnase	1BRS_barstar	lightdock_1BRS_barnase_1BRS_barstar_demo	lightdock_1BRS_barnase_1BRS_barstar_pose_011	/demo/lightdock/1BRS_barnase_vs_1BRS_barstar/lightdock_1BRS_barnase_1BRS_barstar_pose_011.pdb	
LightDock	irmsd	8.596256759284392	1BRS_barnase	1BRS_barstar	lightdock_1BRS_barnase_1BRS_barstar_demo	lightdock_1BRS_barnase_1BRS_barstar_pose_012	/demo/lightdock/1BRS_barnase_vs_1BRS_barstar/lightdock_1BRS_barnase_1BRS_barstar_pose_012.pdb	
LightDock	irmsd	9.29121048662869	1BRS_barnase	1BRS_barstar	lightdock_1BRS_barnase_1BRS_barstar_demo	lightdock_1BRS_barnase_1BRS_barstar_pose_013	/demo/lightdock/1BRS_barnase_vs_1BRS_barstar/lightdock_1BRS_barnase_1BRS_barstar_pose_013.pdb	
LightDock	irmsd	3.5050666142202807	1BRS_barnase	1BRS_barstar	lightdock_1BRS_barnase_1BRS_barstar_demo	lightdock_1BRS_barnase_1BRS_barstar_pose_014	/demo/lightdock/1BRS_barnase_vs_1BRS_barstar/lightdock_1BRS_barnase_1BRS_barstar_pose_014.pdb	
LightDock	irmsd	4.135347036417946	1BRS_barnase	1BRS_barstar	lightdock_1BRS_barnase_1BRS_barstar_demo	lightdock_1BRS_barnase_1BRS_barstar_pose_015	/demo/lightdock/1BRS_barnase_vs_1BRS_barstar/lightdock_1BRS_barnase_1BRS_barstar_pose_015.pdb	
LightDock	irmsd	7.920582582172293	1BRS_barnase	1BRS_barstar	lightdock_1BRS_barnase_1BRS_barstar_demo	lightdock_1BRS_barnase_1BRS_barstar_pose_016	/demo/lightdock/1BRS_barnase_vs_1BRS_barstar/lightdock_1BRS_barnase_1BRS_barstar_pose_016.pdb	
LightDock	irmsd	6.070246876204981	1BRS_barnase	1BRS_barstar	lightdock_1BRS_barnase_1BRS_barstar_demo	lightdock_1BRS_barnase_1BRS_barstar_pose_017	/demo/lightdock/1BRS_barnase_vs_1BRS_barstar/lightdock_1BRS_barnase_1BRS_barstar_pose_017.pdb	
LightDock	irmsd	10.124050524439829	1BRS_barnase	1BRS_barstar	lightdock_1BRS_barnase_1BRS_barstar_demo	lightdock_1BRS_barnase_1BRS_barstar_pose_018	/demo/lightdock/1BRS_barnase_vs_1BRS_barstar/lightdock_1BRS_barnase_1BRS_barstar_pose_018.pdb	
LightDock	irmsd	6.869651220229552	1BRS_barnase	1BRS_barstar	lightdock_1BRS_barnase_1BRS_barstar_demo	lightdock_1BRS_barnase_1BRS_barstar_pose_019	/demo/lightdock/1BRS_barnase_vs_1BRS_barstar/lightdock_1BRS_barnase_1BRS_barstar_pose_019.pdb	
LightDock	irmsd	3.6309385285737643	1BRS_barnase	1BRS_barstar	lightdock_1BRS_barnase_1BRS_barstar_demo	lightdock_1BRS_barnase_1BRS_barstar_pose_020	/demo/lightdock/1BRS_barnase_vs_1BRS_barstar/lightdock_1BRS_barnase_1BRS_barstar_pose_020.pdb	
LightDock	irmsd	4.963972166312006	1BRS_barnase	1BRS_barstar	lightdock_1BRS_barnase_1BRS_barstar_demo	lightdock_1BRS_barnase_1BRS_barstar_pose_021	/demo/lightdock/1BRS_barnase_vs_1BRS_barstar/lightdock_1BRS_barnase_1BRS_barstar_pose_021.pdb	
LightDock	irmsd	2.000647960738849	1BRS_barnase	1BRS_barstar	lightdock_1BRS_barnase_1BRS_barstar_demo	lightdock_1BRS_barnase_1BRS_barstar_pose_022	/demo/lightdock/1BRS_barnase_vs_1BRS_barstar/lightdock_1BRS_barnase_1BRS_barstar_pose_022.pdb	
LightDock	irmsd	7.031748925434175	1BRS_barnase	1BRS_barstar	lightdock_1BRS_barnase_1BRS_barstar_demo	lightdock_1BRS_barnase_1BRS_barstar_pose_023	/demo/lightdock/1BRS_barnase_vs_1BRS_barstar/lightdock_1BRS_barnase_1BRS_barstar_pose_023.pdb	
LightDock	irmsd	7.123231745471234	1BRS_barnase	1BRS_barstar	lightdock_1BRS_barnase_1BRS_barstar_demo	lightdock_1BRS_barnase_1BRS_barstar_pose_024	/demo/lightdock/1BRS_barnase_vs_1BRS_barstar/lightdock_1BRS_barnase_1BRS_barstar_pose_024.pdb	
LightDock	irmsd	6.651074580436204	1BRS_barnase	1BRS_barstar	lightdock_1BRS_barnase_1BRS_barstar_demo	lightdock_1BRS_barnase_1BRS_barstar_pose_025	/demo/lightdock/1BRS_barnase_vs_1BRS_barstar/lightdock_1BRS_barnase_1BRS_barstar_pose_025.pdb	
LightDock	irmsd	9.657758078059477	1BRS_barnase	1BRS_barstar	lightdock_1BRS_barnase_1BRS_barstar_demo	lightdock_1BRS_barnase_1BRS_barstar_pose_026	/demo/lightdock/1BRS_barnase_vs_1BRS_barstar/lightdock_1BRS_barnase_1BRS_barstar_pose_026.pdb	
LightDock	irmsd	9.897039673033387	1BRS_barnase	1BRS_barstar	lightdock_1BRS_barnase_1BRS_barstar_demo	lightdock_1BRS_barnase_1BRS_barstar_pose_027	/demo/lightdock/1BRS_barnase_vs_1BRS_barstar/lightdock_1BRS_barnase_1BRS_barstar_pose_027.pdb	
LightDock	irmsd	7.159223153287778	1BRS_barnase	1BRS_barstar	lightdock_1BRS_barnase_1BRS_barstar_demo	lightdock_1BRS_barnase_1BRS_barstar_pose_028	/demo/lightdock/1BRS_barnase_vs_1BRS_barstar/lightdock_1BRS_barnase_1BRS_barstar_pose_028.pdb	
LightDock	irmsd	3.230612665046288	1BRS_barnase	1BRS_barstar	lightdock_1BRS_barnase_1BRS_barstar_demo	lightdock_1BRS_barnase_1BRS_barstar_pose_029	/demo/lightdock/1BRS_barnase_vs_1BRS_barstar/lightdock_1BRS_barnase_1BRS_barstar_pose_029.pdb	
LightDock	irmsd	8.734563160984518	1BRS_barnase	1BRS_barstar	lightdock_1BRS_barnase_1BRS_barstar_demo	lightdock_1BRS_barnase_1BRS_barstar_pose_030	/demo/lightdock/1BRS_barnase_vs_1BRS_barstar/lightdock_1BRS_barnase_1BRS_barstar_pose_030.pdb	
LightDock	irmsd	8.610720457017152	1BRS_barnase	1BRS_barstar	lightdock_1BRS_barnase_1BRS_barstar_demo	lightdock_1BRS_barnase_1BRS_barstar_pose_031	/demo/lightdock/1BRS_barnase_vs_1BRS_barstar/lightdock_1BRS_barnase_1BRS_barstar_pose_031.pdb	
LightDock	irmsd	8.11878314031389	1BRS_barnase	1BRS_barstar	lightdock_1BRS_barnase_1BRS_barstar_demo	lightdock_1BRS_barnase_1BRS_barstar_pose_032	/demo/lightdock/1BRS_barnase_vs_1BRS_barstar/lightdock_1BRS_barnase_1BRS_barstar_pose_032.pdb	
LightDock	irmsd	9.462959498616232	1BRS_barnase	1BRS_barstar	lightdock_1BRS_barnase_1BRS_barstar_demo	lightdock_1BRS_barnase_1BRS_barstar_pose_033	/demo/lightdock/1BRS_barnase_vs_1BRS_barstar/lightdock_1BRS_barnase_1BRS_barstar_pose_033.pdb	
LightDock	irmsd	5.17034380707792	1BRS_barnase	1BRS_barstar	lightdock_1BRS_barnase_1BRS_barstar_demo	lightdock_1BRS_barnase_1BRS_barstar_pose_034	/demo/lightdock/1BRS_barnase_vs_1BRS_barstar/lightdock_1BRS_barnase_1BRS_barstar_pose_034.pdb	
LightDock	irmsd	11.517510772370278	1BRS_barnase	1BRS_barstar	lightdock_1BRS_barnase_1BRS_barstar_demo	lightdock_1BRS_barnase_1BRS_barstar_pose_035	/demo/lightdock/1BRS_barnase_vs_1BRS_barstar/lightdock_1BRS_barnase_1BRS_barstar_pose_035.pdb	
LightDock	irmsd	5.581144493716264	1BRS_barnase	1BRS_barstar	lightdock_1BRS_barnase_1BRS_barstar_demo	lightdock_1BRS_barnase_1BRS_barstar_pose_036	/demo/lightdock/1BRS_barnase_vs_1BRS_barstar/lightdock_1BRS_barnase_1BRS_barstar_pose_036.pdb	
LightDock	irmsd	8.998445854401709	1BRS_barnase	1BRS_barstar	lightdock_1BRS_barnase_1BRS_barstar_demo	lightdock_1BRS_barnase_1BRS_barstar_pose_037	/demo/lightdock/1BRS_barnase_vs_1BRS_barstar/lightdock_1BRS_barnase_1BRS_barstar_pose_037.pdb	
LightDock	irmsd	4.125304611173297	1BRS_barnase	1BRS_barstar	lightdock_1BRS_barnase_1BRS_barstar_demo	lightdock_1BRS_barnase_1BRS_barstar_pose_038	/demo/lightdock/1BRS_barnase_vs_1BRS_barstar/lightdock_1BRS_barnase_1BRS_barstar_pose_038.pdb	
LightDock	irmsd	5.639470625459898	1BRS_barnase	1BRS_barstar	lightdock_1BRS_barnase_1BRS_barstar_demo	lightdock_1BRS_barnase_1BRS_barstar_pose_039	/demo/lightdock/1BRS_barnase_vs_1BRS_barstar/lightdock_1BRS_barnase_1BRS_barstar_pose_039.pdb	
LightDock	irmsd	10.532737293450673	1BRS_barnase	1BRS_barstar	lightdock_1BRS_barnase_1BRS_barstar_demo	lightdock_1BRS_barnase_1BRS_barstar_pose_040	/demo/lightdock/1BRS_barnase_vs_1BRS_barstar/lightdock_1BRS_barnase_1BRS_barstar_pose_040.pdb	
LightDock	irmsd	6.9782003539983	1BRS_barnase	1BRS_barstar	lightdock_1BRS_barnase_1BRS_barstar_demo	lightdock_1BRS_barnase_1BRS_barstar_pose_041	/demo/lightdock/1BRS_barnase_vs_1BRS_barstar/lightdock_1BRS_barnase_1BRS_barstar_pose_041.pdb	
LightDock	irmsd	9.179845210265595	1BRS_barnase	1BRS_barstar	lightdock_1BRS_barnase_1BRS_barstar_demo	lightdock_1BRS_barnase_1BRS_barstar_pose_042	/demo/lightdock/1BRS_barnase_vs_1BRS_barstar/lightdock_1BRS_barnase_1BRS_barstar_pose_042.pdb	
LightDock	irmsd	7.973910777438492	1BRS_barnase	1BRS_barstar	lightdock_1BRS_barnase_1BRS_barstar_demo	lightdock_1BRS_barnase_1BRS_barstar_pose_043	/demo/lightdock/1BRS_barnase_vs_1BRS_barstar/lightdock_1BRS_barnase_1BRS_barstar_pose_043.pdb	
LightDock	irmsd	7.290083687999655	1BRS_barnase	1BRS_barstar	lightdock_1BRS_barnase_1BRS_barstar_demo	lightdock_1BRS_barnase_1BRS_barstar_pose_044	/demo/lightdock/1BRS_barnase_vs_1BRS_barstar/lightdock_1BRS_barnase_1BRS_barstar_pose_044.pdb	
LightDock	irmsd	10.22770064986538	1BRS_barnase	1BRS_barstar	lightdock_1BRS_barnase_1BRS_barstar_demo	lightdock_1BRS_barnase_1BRS_barstar_pose_045	/demo/lightdock/1BRS_barnase_vs_1BRS_barstar/lightdock_1BRS_barnase_1BRS_barstar_pose_045.pdb	
LightDock	irmsd	7.026682350696199	1BRS_barnase	1BRS_barstar	lightdock_1BRS_barnase_1BRS_barstar_demo	lightdock_1BRS_barnase_1BRS_barstar_pose_046	/demo/lightdock/1BRS_barnase_vs_1BRS_barstar/lightdock_1BRS_barnase_1BRS_barstar_pose_046.pdb	
LightDock	irmsd	3.938523784873059	1BRS_barnase	1BRS_barstar	lightdock_1BRS_barnase_1BRS_barstar_demo	lightdock_1BRS_barnase_1BRS_barstar_pose_047	/demo/lightdock/1BRS_barnase_vs_1BRS_barstar/lightdock_1BRS_barnase_1BRS_barstar_pose_047.pdb	
LightDock	irmsd	5.89351981609659	1BRS_barnase	1BRS_barstar	lightdock_1BRS_barnase_1BRS_barstar_demo	lightdock_1BRS_barnase_1BRS_barstar_pose_048	/demo/lightdock/1BRS_barnase_vs_1BRS_barstar/lightdock_1BRS_barnase_1BRS_barstar_pose_048.pdb	
LightDock	irmsd	8.602383457403388	1BRS_barnase	1BRS_barstar	lightdock_1BRS_barnase_1BRS_barstar_demo	lightdock_1BRS_barnase_1BRS_barstar_pose_049	/demo/lightdock/1BRS_barnase_vs_1BRS_barstar/lightdock_1BRS_barnase_1BRS_barstar_pose_049.pdb	
LightDock	irmsd	8.291018212725016	1BRS_barnase	1BRS_barstar	lightdock_1BRS_barnase_1BRS_barstar_demo	lightdock_1BRS_barnase_1BRS_barstar_pose_050	/demo/lightdock/1BRS_barnase_vs_1BRS_barstar/lightdock_1BRS_barnase_1BRS_barstar_pose_050.pdb	
LightDock	lrmsd	8.731766999058248	1BRS_barnase	1BRS_barstar	lightdock_1BRS_barnase_1BRS_barstar_demo	lightdock_1BRS_barnase_1BRS_barstar_pose_001	/demo/lightdock/1BRS_barnase_vs_1BRS_barstar/lightdock_1BRS_barnase_1BRS_barstar_pose_001.pdb	
LightDock	lrmsd	12.102629922367196	1BRS_barnase	1BRS_barstar	lightdock_1BRS_barnase_1BRS_barstar_demo	lightdock_1BRS_barnase_1BRS_barstar_pose_002	/demo/lightdock/1BRS_barnase_vs_1BRS_barstar/lightdock_1BRS_barnase_1BRS_barstar_pose_002.pdb	
LightDock	lrmsd	12.673114603191014	1BRS_barnase	1BRS_barstar	lightdock_1BRS_barnase_1BRS_barstar_demo	lightdock_1BRS_barnase_1BRS_barstar_pose_003	/demo/lightdock/1BRS_barnase_vs_1BRS_barstar/lightdock_1BRS_barnase_1BRS_barstar_pose_003.pdb	
LightDock	lrmsd	13.5381216235431	1BRS_barnase	1BRS_barstar	lightdock_1BRS_barnase_1BRS_barstar_demo	lightdock_1BRS_barnase_1BRS_barstar_pose_004	/demo/lightdock/1BRS_barnase_vs_1BRS_barstar/lightdock_1BRS_barnase_1BRS_barstar_pose_004.pdb	
LightDock	lrmsd	9.496345645593795	1BRS_barnase	1BRS_barstar	lightdock_1BRS_barnase_1BRS_barstar_demo	lightdock_1BRS_barnase_1BRS_barstar_pose_005	/demo/lightdock/1BRS_barnase_vs_1BRS_barstar/lightdock_1BRS_barnase_1BRS_barstar_pose_005.pdb	
LightDock	lrmsd	12.486515567522085	1BRS_barnase	1BRS_barstar	lightdock_1BRS_barnase_1BRS_barstar_demo	lightdock_1BRS_barnase_1BRS_barstar_pose_006	/demo/lightdock/1BRS_barnase_vs_1BRS_barstar/lightdock_1BRS_barnase_1BRS_barstar_pose_006.pdb	
LightDock	lrmsd	12.08555805896189	1BRS_barnase	1BRS_barstar	lightdock_1BRS_barnase_1BRS_barstar_demo	lightdock_1BRS_barnase_1BRS_barstar_pose_007	/demo/lightdock/1BRS_barnase_vs_1BRS_barstar/lightdock_1BRS_barnase_1BRS_barstar_pose_007.pdb	
LightDock	lrmsd	18.086133039047677	1BRS_barnase	1BRS_barstar	lightdock_1BRS_barnase_1BRS_barstar_demo	lightdock_1BRS_barnase_1BRS_barstar_pose_008	/demo/lightdock/1BRS_barnase_vs_1BRS_barstar/lightdock_1BRS_barnase_1BRS_barstar_pose_008.pdb	
LightDock	lrmsd	18.236485243960974	1BRS_barnase	1BRS_barstar	lightdock_1BRS_barnase_1BRS_barstar_demo	lightdock_1BRS_barnase_1BRS_barstar_pose_009	/demo/lightdock/1BRS_barnase_vs_1BRS_barstar/lightdock_1BRS_barnase_1BRS_barstar_pose_009.pdb	
LightDock	lrmsd	14.416758167644737	1BRS_barnase	1BRS_barstar	lightdock_1BRS_barnase_1BRS_barstar_demo	lightdock_1BRS_barnase_1BRS_barstar_pose_010	/demo/lightdock/1BRS_barnase_vs_1BRS_barstar/lightdock_1BRS_barnase_1BRS_barstar_pose_010.pdb	
LightDock	lrmsd	13.431840816517074	1BRS_barnase	1BRS_barstar	lightdock_1BRS_barnase_1BRS_barstar_demo	lightdock_1BRS_barnase_1BRS_barstar_pose_011	/demo/lightdock/1BRS_barnase_vs_1BRS_barstar/lightdock_1BRS_barnase_1BRS_barstar_pose_011.pdb	
LightDock	lrmsd	15.559697248156453	1BRS_barnase	1BRS_barstar	lightdock_1BRS_barnase_1BRS_barstar_demo	lightdock_1BRS_barnase_1BRS_barstar_pose_012	/demo/lightdock/1BRS_barnase_vs_1BRS_barstar/lightdock_1BRS_barnase_1BRS_barstar_pose_012.pdb	
LightDock	lrmsd	11.7336995701777	1BRS_barnase	1BRS_barstar	lightdock_1BRS_barnase_1BRS_barstar_demo	lightdock_1BRS_barnase_1BRS_barstar_pose_013	/demo/lightdock/1BRS_barnase_vs_1BRS_barstar/lightdock_1BRS_barnase_1BRS_barstar_pose_013.pdb	
LightDock	lrmsd	10.412671671330237	1BRS_barnase	1BRS_barstar	lightdock_1BRS_barnase_1BRS_barstar_demo	lightdock_1BRS_barnase_1BRS_barstar_pose_014	/demo/lightdock/1BRS_barnase_vs_1BRS_barstar/lightdock_1BRS_barnase_1BRS_barstar_pose_014.pdb	
LightDock	lrmsd	11.239115164297132	1BRS_barnase	1BRS_barstar	lightdock_1BRS_barnase_1BRS_barstar_demo	lightdock_1BRS_barnase_1BRS_barstar_pose_015	/demo/lightdock/1BRS_barnase_vs_1BRS_barstar/lightdock_1BRS_barnase_1BRS_barstar_pose_015.pdb	
LightDock	lrmsd	12.460747344114173	1BRS_barnase	1BRS_barstar	lightdock_1BRS_barnase_1BRS_barstar_demo	lightdock_1BRS_barnase_1BRS_barstar_pose_016	/demo/lightdock/1BRS_barnase_vs_1BRS_barstar/lightdock_1BRS_barnase_1BRS_barstar_pose_016.pdb	
LightDock	lrmsd	10.346104800830915	1BRS_barnase	1BRS_barstar	lightdock_1BRS_barnase_1BRS_barstar_demo	lightdock_1BRS_barnase_1BRS_barstar_pose_017	/demo/lightdock/1BRS_barnase_vs_1BRS_barstar/lightdock_1BRS_barnase_1BRS_barstar_pose_017.pdb	
LightDock	lrmsd	15.6482382362515	1BRS_barnase	1BRS_barstar	lightdock_1BRS_barnase_1BRS_barstar_demo	lightdock_1BRS_barnase_1BRS_barstar_pose_018	/demo/lightdock/1BRS_barnase_vs_1BRS_barstar/lightdock_1BRS_barnase_1BRS_barstar_pose_018.pdb	
LightDock	lrmsd	17.918862695134834	1BRS_barnase	1BRS_barstar	lightdock_1BRS_barnase_1BRS_barstar_demo	lightdock_1BRS_barnase_1BRS_barstar_pose_019	/demo/lightdock/1BRS_barnase_vs_1BRS_barstar/lightdock_1BRS_barnase_1BRS_barstar_pose_019.pdb	
LightDock	lrmsd	8.651606796807034	1BRS_barnase	1BRS_barstar	lightdock_1BRS_barnase_1BRS_barstar_demo	lightdock_1BRS_barnase_1BRS_barstar_pose_020	/demo/lightdock/1BRS_barnase_vs_1BRS_barstar/lightdock_1BRS_barnase_1BRS_barstar_pose_020.pdb	
LightDock	lrmsd	15.100514844864133	1BRS_barnase	1BRS_barstar	lightdock_1BRS_barnase_1BRS_barstar_demo	lightdock_1BRS_barnase_1BRS_barstar_pose_021	/demo/lightdock/1BRS_barnase_vs_1BRS_barstar/lightdock_1BRS_barnase_1BRS_barstar_pose_021.pdb	
LightDock	lrmsd	14.120256818934658	1BRS_barnase	1BRS_barstar	lightdock_1BRS_barnase_1BRS_barstar_demo	lightdock_1BRS_barnase_1BRS_barstar_pose_022	/demo/lightdock/1BRS_barnase_vs_1BRS_barstar/lightdock_1BRS_barnase_1BRS_barstar_pose_022.pdb	
LightDock	lrmsd	16.36603474214721	1BRS_barnase	1BRS_barstar	lightdock_1BRS_barnase_1BRS_barstar_demo	lightdock_1BRS_barnase_1BRS_barstar_pose_023	/demo/lightdock/1BRS_barnase_vs_1BRS_barstar/lightdock_1BRS_barnase_1BRS_barstar_pose_023.pdb	
LightDock	lrmsd	14.948244927585648	1BRS_barnase	1BRS_barstar	lightdock_1BRS_barnase_1BRS_barstar_demo	lightdock_1BRS_barnase_1BRS_barstar_pose_024	/demo/lightdock/1BRS_barnase_vs_1BRS_barstar/lightdock_1BRS_barnase_1BRS_barstar_pose_024.pdb	
LightDock	lrmsd	9.185602880273477	1BRS_barnase	1BRS_barstar	lightdock_1BRS_barnase_1BRS_barstar_demo	lightdock_1BRS_barnase_1BRS_barstar_pose_025	/demo/lightdock/1BRS_barnase_vs_1BRS_barstar/lightdock_1BRS_barnase_1BRS_barstar_pose_025.pdb	
LightDock	lrmsd	9.950442804571338	1BRS_barnase	1BRS_barstar	lightdock_1BRS_barnase_1BRS_barstar_demo	lightdock_1BRS_barnase_1BRS_barstar_pose_026	/demo/lightdock/1BRS_barnase_vs_1BRS_barstar/lightdock_1BRS_barnase_1BRS_barstar_pose_026.pdb	
LightDock	lrmsd	15.11769430233989	1BRS_barnase	1BRS_barstar	lightdock_1BRS_barnase_1BRS_barstar_demo	lightdock_1BRS_barnase_1BRS_barstar_pose_027	/demo/lightdock/1BRS_barnase_vs_1BRS_barstar/lightdock_1BRS_barnase_1BRS_barstar_pose_027.pdb	
LightDock	lrmsd	19.115123678982037	1BRS_barnase	1BRS_barstar	lightdock_1BRS_barnase_1BRS_barstar_demo	lightdock_1BRS_barnase_1BRS_barstar_pose_028	/demo/lightdock/1BRS_barnase_vs_1BRS_barstar/lightdock_1BRS_barnase_1BRS_barstar_pose_028.pdb	
LightDock	lrmsd	6.143250515827988	1BRS_barnase	1BRS_barstar	lightdock_1BRS_barnase_1BRS_barstar_demo	lightdock_1BRS_barnase_1BRS_barstar_pose_029	/demo/lightdock/1BRS_barnase_vs_1BRS_barstar/lightdock_1BRS_barnase_1BRS_barstar_pose_029.pdb	
LightDock	lrmsd	16.38290631920632	1BRS_barnase	1BRS_barstar	lightdock_1BRS_barnase_1BRS_barstar_demo	lightdock_1BRS_barnase_1BRS_barstar_pose_030	/demo/lightdock/1BRS_barnase_vs_1BRS_barstar/lightdock_1BRS_barnase_1BRS_barstar_pose_030.pdb	
LightDock	lrmsd	19.758488021150573	1BRS_barnase	1BRS_barstar	lightdock_1BRS_barnase_1BRS_barstar_demo	lightdock_1BRS_barnase_1BRS_barstar_pose_031	/demo/lightdock/1BRS_barnase_vs_1BRS_barstar/lightdock_1BRS_barnase_1BRS_barstar_pose_031.pdb	
LightDock	lrmsd	14.387896495175148	1BRS_barnase	1BRS_barstar	lightdock_1BRS_barnase_1BRS_barstar_demo	lightdock_1BRS_barnase_1BRS_barstar_pose_032	/demo/lightdock/1BRS_barnase_vs_1BRS_barstar/lightdock_1BRS_barnase_1BRS_barstar_pose_032.pdb	
LightDock	lrmsd	17.200809984105764	1BRS_barnase	1BRS_barstar	lightdock_1BRS_barnase_1BRS_barstar_demo	lightdock_1BRS_barnase_1BRS_barstar_pose_033	/demo/lightdock/1BRS_barnase_vs_1BRS_barstar/lightdock_1BRS_barnase_1BRS_barstar_pose_033.pdb	
LightDock	lrmsd	12.18772367640879	1BRS_barnase	1BRS_barstar	lightdock_1BRS_barnase_1BRS_barstar_demo	lightdock_1BRS_barnase_1BRS_barstar_pose_034	/demo/lightdock/1BRS_barnase_vs_1BRS_barstar/lightdock_1BRS_barnase_1BRS_barstar_pose_034.pdb	
LightDock	lrmsd	14.522535202892493	1BRS_barnase	1BRS_barstar	lightdock_1BRS_barnase_1BRS_barstar_demo	lightdock_1BRS_barnase_1BRS_barstar_pose_035	/demo/lightdock/1BRS_barnase_vs_1BRS_barstar/lightdock_1BRS_barnase_1BRS_barstar_pose_035.pdb	
LightDock	lrmsd	8.516345926767393	1BRS_barnase	1BRS_barstar	lightdock_1BRS_barnase_1BRS_barstar_demo	lightdock_1BRS_barnase_1BRS_barstar_pose_036	/demo/lightdock/1BRS_barnase_vs_1BRS_barstar/lightdock_1BRS_barnase_1BRS_barstar_pose_036.pdb	
LightDock	lrmsd	5.622626766324505	1BRS_barnase	1BRS_barstar	lightdock_1BRS_barnase_1BRS_barstar_demo	lightdock_1BRS_barnase_1BRS_barstar_pose_037	/demo/lightdock/1BRS_barnase_vs_1BRS_barstar/lightdock_1BRS_barnase_1BRS_barstar_pose_037.pdb	
LightDock	lrmsd	18.7710632049011	1BRS_barnase	1BRS_barstar	lightdock_1BRS_barnase_1BRS_barstar_demo	lightdock_1BRS_barnase_1BRS_barstar_pose_038	/demo/lightdock/1BRS_barnase_vs_1BRS_barstar/lightdock_1BRS_barnase_1BRS_barstar_pose_038.pdb	
LightDock	lrmsd	11.060020289102233	1BRS_barnase	1BRS_barstar	lightdock_1BRS_barnase_1BRS_barstar_demo	lightdock_1BRS_barnase_1BRS_barstar_pose_039	/demo/lightdock/1BRS_barnase_vs_1BRS_barstar/lightdock_1BRS_barnase_1BRS_barstar_pose_039.pdb	
LightDock	lrmsd	13.177888619986279	1BRS_barnase	1BRS_barstar	lightdock_1BRS_barnase_1BRS_barstar_demo	lightdock_1BRS_barnase_1BRS_barstar_pose_040	/demo/lightdock/1BRS_barnase_vs_1BRS_barstar/lightdock_1BRS_barnase_1BRS_barstar_pose_040.pdb	
LightDock	lrmsd	9.454230986919228	1BRS_barnase	1BRS_barstar	lightdock_1BRS_barnase_1BRS_barstar_demo	lightdock_1BRS_barnase_1BRS_barstar_pose_041	/demo/lightdock/1BRS_barnase_vs_1BRS_barstar/lightdock_1BRS_barnase_1BRS_barstar_pose_041.pdb	
LightDock	lrmsd	9.360121187664497	1BRS_barnase	1BRS_barstar	lightdock_1BRS_barnase_1BRS_barstar_demo	lightdock_1BRS_barnase_1BRS_barstar_pose_042	/demo/lightdock/1BRS_barnase_vs_1BRS_barstar/lightdock_1BRS_barnase_1BRS_barstar_pose_042.pdb	
LightDock	lrmsd	14.304649199621535	1BRS_barnase	1BRS_barstar	lightdock_1BRS_barnase_1BRS_barstar_demo	lightdock_1BRS_barnase_1BRS_barstar_pose_043	/demo/lightdock/1BRS_barnase_vs_1BRS_barstar/lightdock_1BRS_barnase_1BRS_barstar_pose_043.pdb	
LightDock	lrmsd	12.081691223457414	1BRS_barnase	1BRS_barstar	lightdock_1BRS_barnase_1BRS_barstar_demo	lightdock_1BRS_barnase_1BRS_barstar_pose_044	/demo/lightdock/1BRS_barnase_vs_1BRS_barstar/lightdock_1BRS_barnase_1BRS_barstar_pose_044.pdb	
LightDock	lrmsd	16.511883991978795	1BRS_barnase	1BRS_barstar	lightdock_1BRS_barnase_1BRS_barstar_demo	lightdock_1BRS_barnase_1BRS_barstar_pose_045	/demo/lightdock/1BRS_barnase_vs_1BRS_barstar/lightdock_1BRS_barnase_1BRS_barstar_pose_045.pdb	
LightDock	lrmsd	16.810153675918368	1BRS_barnase	1BRS_barstar	lightdock_1BRS_barnase_1BRS_barstar_demo	lightdock_1BRS_barnase_1BRS_barstar_pose_046	/demo/lightdock/1BRS_barnase_vs_1BRS_barstar/lightdock_1BRS_barnase_1BRS_barstar_pose_046.pdb	
LightDock	lrmsd	16.28339858529843	1BRS_barnase	1BRS_barstar	lightdock_1BRS_barnase_1BRS_barstar_demo	lightdock_1BRS_barnase_1BRS_barstar_pose_047	/demo/lightdock/1BRS_barnase_vs_1BRS_barstar/lightdock_1BRS_barnase_1BRS_barstar_pose_047.pdb	
LightDock	lrmsd	15.954403163713774	1BRS_barnase	1BRS_barstar	lightdock_1BRS_barnase_1BRS_barstar_demo	lightdock_1BRS_barnase_1BRS_barstar_pose_048	/demo/lightdock/1BRS_barnase_vs_1BRS_barstar/lightdock_1BRS_barnase_1BRS_barstar_pose_048.pdb	
LightDock	lrmsd	21.311072819727546	1BRS_barnase	1BRS_barstar	lightdock_1BRS_barnase_1BRS_barstar_demo	lightdock_1BRS_barnase_1BRS_barstar_pose_049	/demo/lightdock/1BRS_barnase_vs_1BRS_barstar/lightdock_1BRS_barnase_1BRS_barstar_pose_049.pdb	
LightDock	lrmsd	10.729624923820456	1BRS_barnase	1BRS_barstar	lightdock_1BRS_barnase_1BRS_barstar_demo	lightdock_1BRS_barnase_1BRS_barstar_pose_050	/demo/lightdock/1BRS_barnase_vs_1BRS_barstar/lightdock_1BRS_barnase_1BRS_barstar_pose_050.pdb	
Rosetta	dockq	0.3161545593657958	1BRS_barnase	1BRS_barstar	rosetta_1BRS_barnase_1BRS_barstar_demo	rosetta_1BRS_barnase_1BRS_barstar_pose_001	/demo/rosetta/1BRS_barnase_vs_1BRS_barstar/rosetta_1BRS_barnase_1BRS_barstar_pose_001.pdb	
Rosetta	dockq	0.39928828743637124	1BRS_barnase	1BRS_barstar	rosetta_1BRS_barnase_1BRS_barstar_demo	rosetta_1BRS_barnase_1BRS_barstar_pose_002	/demo/rosetta/1BRS_barnase_vs_1BRS_barstar/rosetta_1BRS_barnase_1BRS_barstar_pose_002.pdb	
Rosetta	dockq	0.40851778665366256	1BRS_barnase	1BRS_barstar	rosetta_1BRS_barnase_1BRS_barstar_demo	rosetta_1BRS_barnase_1BRS_barstar_pose_003	/demo/rosetta/1BRS_barnase_vs_1BRS_barstar/rosetta_1BRS_barnase_1BRS_barstar_pose_003.pdb	
Rosetta	dockq	0.2204765445458799	1BRS_barnase	1BRS_barstar	rosetta_1BRS_barnase_1BRS_barstar_demo	rosetta_1BRS_barnase_1BRS_barstar_pose_004	/demo/rosetta/1BRS_barnase_vs_1BRS_barstar/rosetta_1BRS_barnase_1BRS_barstar_pose_004.pdb	
Rosetta	dockq	0.29813511908408913	1BRS_barnase	1BRS_barstar	rosetta_1BRS_barnase_1BRS_barstar_demo	rosetta_1BRS_barnase_1BRS_barstar_pose_005	/demo/rosetta/1BRS_barnase_vs_1BRS_barstar/rosetta_1BRS_barnase_1BRS_barstar_pose_005.pdb	
Rosetta	dockq	0.41506847671070823	1BRS_barnase	1BRS_barstar	rosetta_1BRS_barnase_1BRS_barstar_demo	rosetta_1BRS_barnase_1BRS_barstar_pose_006	/demo/rosetta/1BRS_barnase_vs_1BRS_barstar/rosetta_1BRS_barnase_1BRS_barstar_pose_006.pdb	
Rosetta	dockq	0.3555655373639346	1BRS_barnase	1BRS_barstar	rosetta_1BRS_barnase_1BRS_barstar_demo	rosetta_1BRS_barnase_1BRS_barstar_pose_007	/demo/rosetta/1BRS_barnase_vs_1BRS_barstar/rosetta_1BRS_barnase_1BRS_barstar_pose_007.pdb	
Rosetta	dockq	0.3336684122035841	1BRS_barnase	1BRS_barstar	rosetta_1BRS_barnase_1BRS_barstar_demo	rosetta_1BRS_barnase_1BRS_barstar_pose_008	/demo/rosetta/1BRS_barnase_vs_1BRS_barstar/rosetta_1BRS_barnase_1BRS_barstar_pose_008.pdb	
Rosetta	dockq	0.304762071459574	1BRS_barnase	1BRS_barstar	rosetta_1BRS_barnase_1BRS_barstar_demo	rosetta_1BRS_barnase_1BRS_barstar_pose_009	/demo/rosetta/1BRS_barnase_vs_1BRS_barstar/rosetta_1BRS_barnase_1BRS_barstar_pose_009.pdb	
Rosetta	dockq	0.29313393520045783	1BRS_barnase	1BRS_barstar	rosetta_1BRS_barnase_1BRS_barstar_demo	rosetta_1BRS_barnase_1BRS_barstar_pose_010	/demo/rosetta/1BRS_barnase_vs_1BRS_barstar/rosetta_1BRS_barnase_1BRS_barstar_pose_010.pdb	
Rosetta	dockq	0.3401753344163227	1BRS_barnase	1BRS_barstar	rosetta_1BRS_barnase_1BRS_barstar_demo	rosetta_1BRS_barnase_1BRS_barstar_pose_011	/demo/rosetta/1BRS_barnase_vs_1BRS_barstar/rosetta_1BRS_barnase_1BRS_barstar_pose_011.pdb	
Rosetta	dockq	0.30233381125108616	1BRS_barnase	1BRS_barstar	rosetta_1BRS_barnase_1BRS_barstar_demo	rosetta_1BRS_barnase_1BRS_barstar_pose_012	/demo/rosetta/1BRS_barnase_vs_1BRS_barstar/rosetta_1BRS_barnase_1BRS_barstar_pose_012.pdb	
Rosetta	dockq	0.31701949652688893	1BRS_barnase	1BRS_barstar	rosetta_1BRS_barnase_1BRS_barstar_demo	rosetta_1BRS_barnase_1BRS_barstar_pose_013	/demo/rosetta/1BRS_barnase_vs_1BRS_barstar/rosetta_1BRS_barnase_1BRS_barstar_pose_013.pdb	
Rosetta	dockq	0.3255019094280526	1BRS_barnase	1BRS_barstar	rosetta_1BRS_barnase_1BRS_barstar_demo	rosetta_1BRS_barnase_1BRS_barstar_pose_014	/demo/rosetta/1BRS_barnase_vs_1BRS_barstar/rosetta_1BRS_barnase_1BRS_barstar_pose_014.pdb	
Rosetta	dockq	0.2725349930054551	1BRS_barnase	1BRS_barstar	rosetta_1BRS_barnase_1BRS_barstar_demo	rosetta_1BRS_barnase_1BRS_barstar_pose_015	/demo/rosetta/1BRS_barnase_vs_1BRS_barstar/rosetta_1BRS_barnase_1BRS_barstar_pose_015.pdb	
Rosetta	dockq	0.35724905617170066	1BRS_barnase	1BRS_barstar	rosetta_1BRS_barnase_1BRS_barstar_demo	rosetta_1BRS_barnase_1BRS_barstar_pose_016	/demo/rosetta/1BRS_barnase_vs_1BRS_barstar/rosetta_1BRS_barnase_1BRS_barstar_pose_016.pdb	
Rosetta	dockq	0.5239971253890794	1BRS_barnase	1BRS_barstar	rosetta_1BRS_barnase_1BRS_barstar_demo	rosetta_1BRS_barnase_1BRS_barstar_pose_017	/demo/rosetta/1BRS_barnase_vs_1BRS_barstar/rosetta_1BRS_barnase_1BRS_barstar_pose_017.pdb	
Rosetta	dockq	0.19561093524717474	1BRS_barnase	1BRS_barstar	rosetta_1BRS_barnase_1BRS_barstar_demo	rosetta_1BRS_barnase_1BRS_barstar_pose_018	/demo/rosetta/1BRS_barnase_vs_1BRS_barstar/rosetta_1BRS_barnase_1BRS_barstar_pose_018.pdb	
Rosetta	dockq	0.3426808766932986	1BRS_barnase	1BRS_barstar	rosetta_1BRS_barnase_1BRS_barstar_demo	rosetta_1BRS_barnase_1BRS_barstar_pose_019	/demo/rosetta/1BRS_barnase_vs_1BRS_barstar/rosetta_1BRS_barnase_1BRS_barstar_pose_019.pdb	
Rosetta	dockq	0.26678669379667663	1BRS_barnase	1BRS_barstar	rosetta_1BRS_barnase_1BRS_barstar_demo	rosetta_1BRS_barnase_1BRS_barstar_pose_020	/demo/rosetta/1BRS_barnase_vs_1BRS_barstar/rosetta_1BRS_barnase_1BRS_barstar_pose_020.pdb	
Rosetta	dockq	0.3604181804263475	1BRS_barnase	1BRS_barstar	rosetta_1BRS_barnase_1BRS_barstar_demo	rosetta_1BRS_barnase_1BRS_barstar_pose_021	/demo/rosetta/1BRS_barnase_vs_1BRS_barstar/rosetta_1BRS_barnase_1BRS_barstar_pose_021.pdb	
Rosetta	dockq	0.3232590231329503	1BRS_barnase	1BRS_barstar	rosetta_1BRS_barnase_1BRS_barstar_demo	rosetta_1BRS_barnase_1BRS_barstar_pose_022	/demo/rosetta/1BRS_barnase_vs_1BRS_barstar/rosetta_1BRS_barnase_1BRS_barstar_pose_022.pdb	
Rosetta	dockq	0.37332983418297244	1BRS_barnase	1BRS_barstar	rosetta_1BRS_barnase_1BRS_barstar_demo	rosetta_1BRS_barnase_1BRS_barstar_pose_023	/demo/rosetta/1BRS_barnase_vs_1BRS_barstar/rosetta_1BRS_barnase_1BRS_barstar_pose_023.pdb	
Rosetta	dockq	0.4022854603556146	1BRS_barnase	1BRS_barstar	rosetta_1BRS_barnase_1BRS_barstar_demo	rosetta_1BRS_barnase_1BRS_barstar_pose_024	/demo/rosetta/1BRS_barnase_vs_1BRS_barstar/rosetta_1BRS_barnase_1BRS_barstar_pose_024.pdb	
Rosetta	dockq	0.3334694782437727	1BRS_barnase	1BRS_barstar	rosetta_1BRS_barnase_1BRS_barstar_demo	rosetta_1BRS_barnase_1BRS_barstar_pose_025	/demo/rosetta/1BRS_barnase_vs_1BRS_barstar/rosetta_1BRS_barnase_1BRS_barstar_pose_025.pdb	
Rosetta	dockq	0.3992436601889925	1BRS_barnase	1BRS_barstar	rosetta_1BRS_barnase_1BRS_barstar_demo	rosetta_1BRS_barnase_1BRS_barstar_pose_026	/demo/rosetta/1BRS_barnase_vs_1BRS_barstar/rosetta_1BRS_barnase_1BRS_barstar_pose_026.pdb	
Rosetta	dockq	0.15589914743479258	1BRS_barnase	1BRS_barstar	rosetta_1BRS_barnase_1BRS_barstar_demo	rosetta_1BRS_barnase_1BRS_barstar_pose_027	/demo/rosetta/1BRS_barnase_vs_1BRS_barstar/rosetta_1BRS_barnase_1BRS_barstar_pose_027.pdb	
Rosetta	dockq	0.43133166085412167	1BRS_barnase	1BRS_barstar	rosetta_1BRS_barnase_1BRS_barstar_demo	rosetta_1BRS_barnase_1BRS_barstar_pose_028	/demo/rosetta/1BRS_barnase_vs_1BRS_barstar/rosetta_1BRS_barnase_1BRS_barstar_pose_028.pdb	
Rosetta	dockq	0.3462543506324638	1BRS_barnase	1BRS_barstar	rosetta_1BRS_barnase_1BRS_barstar_demo	rosetta_1BRS_barnase_1BRS_barstar_pose_029	/demo/rosetta/1BRS_barnase_vs_1BRS_barstar/rosetta_1BRS_barnase_1BRS_barstar_pose_029.pdb	
Rosetta	dockq	0.39544903490216277	1BRS_barnase	1BRS_barstar	rosetta_1BRS_barnase_1BRS_barstar_demo	rosetta_1BRS_barnase_1BRS_barstar_pose_030	/demo/rosetta/1BRS_barnase_vs_1BRS_barstar/rosetta_1BRS_barnase_1BRS_barstar_pose_030.pdb	
Rosetta	dockq	0.23460869786109348	1BRS_barnase	1BRS_barstar	rosetta_1BRS_barnase_1BRS_barstar_demo	rosetta_1BRS_barnase_1BRS_barstar_pose_031	/demo/rosetta/1BRS_barnase_vs_1BRS_barstar/rosetta_1BRS_barnase_1BRS_barstar_pose_031.pdb	
Rosetta	dockq	0.2618461082876265	1BRS_barnase	1BRS_barstar	rosetta_1BRS_barnase_1BRS_barstar_demo	rosetta_1BRS_barnase_1BRS_barstar_pose_032	/demo/rosetta/1BRS_barnase_vs_1BRS_barstar/rosetta_1BRS_barnase_1BRS_barstar_pose_032.pdb	
Rosetta	dockq	0.3302156805901342	1BRS_barnase	1BRS_barstar	rosetta_1BRS_barnase_1BRS_barstar_demo	rosetta_1BRS_barnase_1BRS_barstar_pose_033	/demo/rosetta/1BRS_barnase_vs_1BRS_barstar/rosetta_1BRS_barnase_1BRS_barstar_pose_033.pdb	
Rosetta	dockq	0.3188073477463776	1BRS_barnase	1BRS_barstar	rosetta_1BRS_barnase_1BRS_barstar_demo	rosetta_1BRS_barnase_1BRS_barstar_pose_034	/demo/rosetta/1BRS_barnase_vs_1BRS_barstar/rosetta_1BRS_barnase_1BRS_barstar_pose_034.pdb	
Rosetta	dockq	0.3398148011606993	1BRS_barnase	1BRS_barstar	rosetta_1BRS_barnase_1BRS_barstar_demo	rosetta_1BRS_barnase_1BRS_barstar_pose_035	/demo/rosetta/1BRS_barnase_vs_1BRS_barstar/rosetta_1BRS_barnase_1BRS_barstar_pose_035.pdb	
Rosetta	dockq	0.39591606126509765	1BRS_barnase	1BRS_barstar	rosetta_1BRS_barnase_1BRS_barstar_demo	rosetta_1BRS_barnase_1BRS_barstar_pose_036	/demo/rosetta/1BRS_barnase_vs_1BRS_barstar/rosetta_1BRS_barnase_1BRS_barstar_pose_036.pdb	
Rosetta	dockq	0.19643457792880054	1BRS_barnase	1BRS_barstar	rosetta_1BRS_barnase_1BRS_barstar_demo	rosetta_1BRS_barnase_1BRS_barstar_pose_037	/demo/rosetta/1BRS_barnase_vs_1BRS_barstar/rosetta_1BRS_barnase_1BRS_barstar_pose_037.pdb	
Rosetta	dockq	0.38816733502021167	1BRS_barnase	1BRS_barstar	rosetta_1BRS_barnase_1BRS_barstar_demo	rosetta_1BRS_barnase_1BRS_barstar_pose_038	/demo/rosetta/1BRS_barnase_vs_1BRS_barstar/rosetta_1BRS_barnase_1BRS_barstar_pose_038.pdb	
Rosetta	dockq	0.3205797336970549	1BRS_barnase	1BRS_barstar	rosetta_1BRS_barnase_1BRS_barstar_demo	rosetta_1BRS_barnase_1BRS_barstar_pose_039	/demo/rosetta/1BRS_barnase_vs_1BRS_barstar/rosetta_1BRS_barnase_1BRS_barstar_pose_039.pdb	
Rosetta	dockq	0.3057352697212817	1BRS_barnase	1BRS_barstar	rosetta_1BRS_barnase_1BRS_barstar_demo	rosetta_1BRS_barnase_1BRS_barstar_pose_040	/demo/rosetta/1BRS_barnase_vs_1BRS_barstar/rosetta_1BRS_barnase_1BRS_barstar_pose_040.pdb	
Rosetta	dockq	0.21702193359305766	1BRS_barnase	1BRS_barstar	rosetta_1BRS_barnase_1BRS_barstar_demo	rosetta_1BRS_barnase_1BRS_barstar_pose_041	/demo/rosetta/1BRS_barnase_vs_1BRS_barstar/rosetta_1BRS_barnase_1BRS_barstar_pose_041.pdb	
Rosetta	dockq	0.3552134067863806	1BRS_barnase	1BRS_barstar	rosetta_1BRS_barnase_1BRS_barstar_demo	rosetta_1BRS_barnase_1BRS_barstar_pose_042	/demo/rosetta/1BRS_barnase_vs_1BRS_barstar/rosetta_1BRS_barnase_1BRS_barstar_pose_042.pdb	
Rosetta	dockq	0.15101245042782738	1BRS_barnase	1BRS_barstar	rosetta_1BRS_barnase_1BRS_barstar_demo	rosetta_1BRS_barnase_1BRS_barstar_pose_043	/demo/rosetta/1BRS_barnase_vs_1BRS_barstar/rosetta_1BRS_barnase_1BRS_barstar_pose_043.pdb	
Rosetta	dockq	0.3653875807867099	1BRS_barnase	1BRS_barstar	rosetta_1BRS_barnase_1BRS_barstar_demo	rosetta_1BRS_barnase_1BRS_barstar_pose_044	/demo/rosetta/1BRS_barnase_vs_1BRS_barstar/rosetta_1BRS_barnase_1BRS_barstar_pose_044.pdb	
Rosetta	dockq	0.21555259151689055	1BRS_barnase	1BRS_barstar	rosetta_1BRS_barnase_1BRS_barstar_demo	rosetta_1BRS_barnase_1BRS_barstar_pose_045	/demo/rosetta/1BRS_barnase_vs_1BRS_barstar/rosetta_1BRS_barnase_1BRS_barstar_pose_045.pdb	
Rosetta	dockq	0.3237420538832232	1BRS_barnase	1BRS_barstar	rosetta_1BRS_barnase_1BRS_barstar_demo	rosetta_1BRS_barnase_1BRS_barstar_pose_046	/demo/rosetta/1BRS_barnase_vs_1BRS_barstar/rosetta_1BRS_barnase_1BRS_barstar_pose_046.pdb	
Rosetta	dockq	0.3116581813870456	1BRS_barnase	1BRS_barstar	rosetta_1BRS_barnase_1BRS_barstar_demo	rosetta_1BRS_barnase_1BRS_barstar_pose_047	/demo/rosetta/1BRS_barnase_vs_1BRS_barstar/rosetta_1BRS_barnase_1BRS_barstar_pose_047.pdb	
Rosetta	dockq	0.40186767031057186	1BRS_barnase	1BRS_barstar	rosetta_1BRS_barnase_1BRS_barstar_demo	rosetta_1BRS_barnase_1BRS_barstar_pose_048	/demo/rosetta/1BRS_barnase_vs_1BRS_barstar/rosetta_1BRS_barnase_1BRS_barstar_pose_048.pdb	
Rosetta	dockq	0.3074941381690277	1BRS_barnase	1BRS_barstar	rosetta_1BRS_barnase_1BRS_barstar_demo	rosetta_1BRS_barnase_1BRS_barstar_pose_049	/demo/rosetta/1BRS_barnase_vs_1BRS_barstar/rosetta_1BRS_barnase_1BRS_barstar_pose_049.pdb	
Rosetta	dockq	0.27141030071980343	1BRS_barnase	1BRS_barstar	rosetta_1BRS_barnase_1BRS_barstar_demo	rosetta_1BRS_barnase_1BRS_barstar_pose_050	/demo/rosetta/1BRS_barnase_vs_1BRS_barstar/rosetta_1BRS_barnase_1BRS_barstar_pose_050.pdb	
Rosetta	fnat	0.2145378112820158	1BRS_barnase	1BRS_barstar	rosetta_1BRS_barnase_1BRS_barstar_demo	rosetta_1BRS_barnase_1BRS_barstar_pose_001	/demo/rosetta/1BRS_barnase_vs_1BRS_barstar/rosetta_1BRS_barnase_1BRS_barstar_pose_001.pdb	
Rosetta	fnat	0.33910179381282646	1BRS_barnase	1BRS_barstar	rosetta_1BRS_barnase_1BRS_barstar_demo	rosetta_1BRS_barnase_1BRS_barstar_pose_002	/demo/rosetta/1BRS_barnase_vs_1BRS_barstar/rosetta_1BRS_barnase_1BRS_barstar_pose_002.pdb	
Rosetta	fnat	0.28754078784266257	1BRS_barnase	1BRS_barstar	rosetta_1BRS_barnase_1BRS_barstar_demo	rosetta_1BRS_barnase_1BRS_barstar_pose_003	/demo/rosetta/1BRS_barnase_vs_1BRS_barstar/rosetta_1BRS_barnase_1BRS_barstar_pose_003.pdb	
Rosetta	fnat	0.22300590129337872	1BRS_barnase	1BRS_barstar	rosetta_1BRS_barnase_1BRS_barstar_demo	rosetta_1BRS_barnase_1BRS_barstar_pose_004	/demo/rosetta/1BRS_barnase_vs_1BRS_barstar/rosetta_1BRS_barnase_1BRS_barstar_pose_004.pdb	
Rosetta	fnat	0.23344875060248405	1BRS_barnase	1BRS_barstar	rosetta_1BRS_barnase_1BRS_barstar_demo	rosetta_1BRS_barnase_1BRS_barstar_pose_005	/demo/rosetta/1BRS_barnase_vs_1BRS_barstar/rosetta_1BRS_barnase_1BRS_barstar_pose_005.pdb	
Rosetta	fnat	0.14029760365901872	1BRS_barnase	1BRS_barstar	rosetta_1BRS_barnase_1BRS_barstar_demo	rosetta_1BRS_barnase_1BRS_barstar_pose_006	/demo/rosetta/1BRS_barnase_vs_1BRS_barstar/rosetta_1BRS_barnase_1BRS_barstar_pose_006.pdb	
Rosetta	fnat	0.27719319405960785	1BRS_barnase	1BRS_barstar	rosetta_1BRS_barnase_1BRS_barstar_demo	rosetta_1BRS_barnase_1BRS_barstar_pose_007	/demo/rosetta/1BRS_barnase_vs_1BRS_barstar/rosetta_1BRS_barnase_1BRS_barstar_pose_007.pdb	
Rosetta	fnat	0.12681290046131738	1BRS_barnase	1BRS_barstar	rosetta_1BRS_barnase_1BRS_barstar_demo	rosetta_1BRS_barnase_1BRS_barstar_pose_008	/demo/rosetta/1BRS_barnase_vs_1BRS_barstar/rosetta_1BRS_barnase_1BRS_barstar_pose_008.pdb	
Rosetta	fnat	0.30262575260848196	1BRS_barnase	1BRS_barstar	rosetta_1BRS_barnase_1BRS_barstar_demo	rosetta_1BRS_barnase_1BRS_barstar_pose_009	/demo/rosetta/1BRS_barnase_vs_1BRS_barstar/rosetta_1BRS_barnase_1BRS_barstar_pose_009.pdb	
Rosetta	fnat	0.2590035114743886	1BRS_barnase	1BRS_barstar	rosetta_1BRS_barnase_1BRS_barstar_demo	rosetta_1BRS_barnase_1BRS_barstar_pose_010	/demo/rosetta/1BRS_barnase_vs_1BRS_barstar/rosetta_1BRS_barnase_1BRS_barstar_pose_010.pdb	
Rosetta	fnat	0.4170866259701746	1BRS_barnase	1BRS_barstar	rosetta_1BRS_barnase_1BRS_barstar_demo	rosetta_1BRS_barnase_1BRS_barstar_pose_011	/demo/rosetta/1BRS_barnase_vs_1BRS_barstar/rosetta_1BRS_barnase_1BRS_barstar_pose_011.pdb	
Rosetta	fnat	0.1729905112392986	1BRS_barnase	1BRS_barstar	rosetta_1BRS_barnase_1BRS_barstar_demo	rosetta_1BRS_barnase_1BRS_barstar_pose_012	/demo/rosetta/1BRS_barnase_vs_1BRS_barstar/rosetta_1BRS_barnase_1BRS_barstar_pose_012.pdb	
Rosetta	fnat	0.2428136536271557	1BRS_barnase	1BRS_barstar	rosetta_1BRS_barnase_1BRS_barstar_demo	rosetta_1BRS_barnase_1BRS_barstar_pose_013	/demo/rosetta/1BRS_barnase_vs_1BRS_barstar/rosetta_1BRS_barnase_1BRS_barstar_pose_013.pdb	
Rosetta	fnat	0.37588013906461437	1BRS_barnase	1BRS_barstar	rosetta_1BRS_barnase_1BRS_barstar_demo	rosetta_1BRS_barnase_1BRS_barstar_pose_014	/demo/rosetta/1BRS_barnase_vs_1BRS_barstar/rosetta_1BRS_barnase_1BRS_barstar_pose_014.pdb	
Rosetta	fnat	0.33339727482039905	1BRS_barnase	1BRS_barstar	rosetta_1BRS_barnase_1BRS_barstar_demo	rosetta_1BRS_barnase_1BRS_barstar_pose_015	/demo/rosetta/1BRS_barnase_vs_1BRS_barstar/rosetta_1BRS_barnase_1BRS_barstar_pose_015.pdb	
Rosetta	fnat	0.201265156389407	1BRS_barnase	1BRS_barstar	rosetta_1BRS_barnase_1BRS_barstar_demo	rosetta_1BRS_barnase_1BRS_barstar_pose_016	/demo/rosetta/1BRS_barnase_vs_1BRS_barstar/rosetta_1BRS_barnase_1BRS_barstar_pose_016.pdb	
Rosetta	fnat	0.2656777199861413	1BRS_barnase	1BRS_barstar	rosetta_1BRS_barnase_1BRS_barstar_demo	rosetta_1BRS_barnase_1BRS_barstar_pose_017	/demo/rosetta/1BRS_barnase_vs_1BRS_barstar/rosetta_1BRS_barnase_1BRS_barstar_pose_017.pdb	
Rosetta	fnat	0.2501399549490561	1BRS_barnase	1BRS_barstar	rosetta_1BRS_barnase_1BRS_barstar_demo	rosetta_1BRS_barnase_1BRS_barstar_pose_018	/demo/rosetta/1BRS_barnase_vs_1BRS_barstar/rosetta_1BRS_barnase_1BRS_barstar_pose_018.pdb	
Rosetta	fnat	0.269736910717591	1BRS_barnase	1BRS_barstar	rosetta_1BRS_barnase_1BRS_barstar_demo	rosetta_1BRS_barnase_1BRS_barstar_pose_019	/demo/rosetta/1BRS_barnase_vs_1BRS_barstar/rosetta_1BRS_barnase_1BRS_barstar_pose_019.pdb	
Rosetta	fnat	0.2010923694810619	1BRS_barnase	1BRS_barstar	rosetta_1BRS_barnase_1BRS_barstar_demo	rosetta_1BRS_barnase_1BRS_barstar_pose_020	/demo/rosetta/1BRS_barnase_vs_1BRS_barstar/rosetta_1BRS_barnase_1BRS_barstar_pose_020.pdb	
Rosetta	fnat	0.24374757181094858	1BRS_barnase	1BRS_barstar	rosetta_1BRS_barnase_1BRS_barstar_demo	rosetta_1BRS_barnase_1BRS_barstar_pose_021	/demo/rosetta/1BRS_barnase_vs_1BRS_barstar/rosetta_1BRS_barnase_1BRS_barstar_pose_021.pdb	
Rosetta	fnat	0.13813633373063003	1BRS_barnase	1BRS_barstar	rosetta_1BRS_barnase_1BRS_barstar_demo	rosetta_1BRS_barnase_1BRS_barstar_pose_022	/demo/rosetta/1BRS_barnase_vs_1BRS_barstar/rosetta_1BRS_barnase_1BRS_barstar_pose_022.pdb	
Rosetta	fnat	0.25945864163076576	1BRS_barnase	1BRS_barstar	rosetta_1BRS_barnase_1BRS_barstar_demo	rosetta_1BRS_barnase_1BRS_barstar_pose_023	/demo/rosetta/1BRS_barnase_vs_1BRS_barstar/rosetta_1BRS_barnase_1BRS_barstar_pose_023.pdb	
Rosetta	fnat	0.28150144713952824	1BRS_barnase	1BRS_barstar	rosetta_1BRS_barnase_1BRS_barstar_demo	rosetta_1BRS_barnase_1BRS_barstar_pose_024	/demo/rosetta/1BRS_barnase_vs_1BRS_barstar/rosetta_1BRS_barnase_1BRS_barstar_pose_024.pdb	
Rosetta	fnat	0.23408064111492813	1BRS_barnase	1BRS_barstar	rosetta_1BRS_barnase_1BRS_barstar_demo	rosetta_1BRS_barnase_1BRS_barstar_pose_025	/demo/rosetta/1BRS_barnase_vs_1BRS_barstar/rosetta_1BRS_barnase_1BRS_barstar_pose_025.pdb	
Rosetta	fnat	0.13694643765906483	1BRS_barnase	1BRS_barstar	rosetta_1BRS_barnase_1BRS_barstar_demo	rosetta_1BRS_barnase_1BRS_barstar_pose_026	/demo/rosetta/1BRS_barnase_vs_1BRS_barstar/rosetta_1BRS_barnase_1BRS_barstar_pose_026.pdb	
Rosetta	fnat	0.31919723039960235	1BRS_barnase	1BRS_barstar	rosetta_1BRS_barnase_1BRS_barstar_demo	rosetta_1BRS_barnase_1BRS_barstar_pose_027	/demo/rosetta/1BRS_barnase_vs_1BRS_barstar/rosetta_1BRS_barnase_1BRS_barstar_pose_027.pdb	
Rosetta	fnat	0.27551675265949616	1BRS_barnase	1BRS_barstar	rosetta_1BRS_barnase_1BRS_barstar_demo	rosetta_1BRS_barnase_1BRS_barstar_pose_028	/demo/rosetta/1BRS_barnase_vs_1BRS_barstar/rosetta_1BRS_barnase_1BRS_barstar_pose_028.pdb	
Rosetta	fnat	0.19917894316093163	1BRS_barnase	1BRS_barstar	rosetta_1BRS_barnase_1BRS_barstar_demo	rosetta_1BRS_barnase_1BRS_barstar_pose_029	/demo/rosetta/1BRS_barnase_vs_1BRS_barstar/rosetta_1BRS_barnase_1BRS_barstar_pose_029.pdb	
Rosetta	fnat	0.23035796872133552	1BRS_barnase	1BRS_barstar	rosetta_1BRS_barnase_1BRS_barstar_demo	rosetta_1BRS_barnase_1BRS_barstar_pose_030	/demo/rosetta/1BRS_barnase_vs_1BRS_barstar/rosetta_1BRS_barnase_1BRS_barstar_pose_030.pdb	
Rosetta	fnat	0.14495314180527127	1BRS_barnase	1BRS_barstar	rosetta_1BRS_barnase_1BRS_barstar_demo	rosetta_1BRS_barnase_1BRS_barstar_pose_031	/demo/rosetta/1BRS_barnase_vs_1BRS_barstar/rosetta_1BRS_barnase_1BRS_barstar_pose_031.pdb	
Rosetta	fnat	0.17822129105554668	1BRS_barnase	1BRS_barstar	rosetta_1BRS_barnase_1BRS_barstar_demo	rosetta_1BRS_barnase_1BRS_barstar_pose_032	/demo/rosetta/1BRS_barnase_vs_1BRS_barstar/rosetta_1BRS_barnase_1BRS_barstar_pose_032.pdb	
Rosetta	fnat	0.21235320575500022	1BRS_barnase	1BRS_barstar	rosetta_1BRS_barnase_1BRS_barstar_demo	rosetta_1BRS_barnase_1BRS_barstar_pose_033	/demo/rosetta/1BRS_barnase_vs_1BRS_barstar/rosetta_1BRS_barnase_1BRS_barstar_pose_033.pdb	
Rosetta	fnat	0.33598945685961057	1BRS_barnase	1BRS_barstar	rosetta_1BRS_barnase_1BRS_barstar_demo	rosetta_1BRS_barnase_1BRS_barstar_pose_034	/demo/rosetta/1BRS_barnase_vs_1BRS_barstar/rosetta_1BRS_barnase_1BRS_barstar_pose_034.pdb	
Rosetta	fnat	0.2052347626378767	1BRS_barnase	1BRS_barstar	rosetta_1BRS_barnase_1BRS_barstar_demo	rosetta_1BRS_barnase_1BRS_barstar_pose_035	/demo/rosetta/1BRS_barnase_vs_1BRS_barstar/rosetta_1BRS_barnase_1BRS_barstar_pose_035.pdb	
Rosetta	fnat	0.2948149561530131	1BRS_barnase	1BRS_barstar	rosetta_1BRS_barnase_1BRS_barstar_demo	rosetta_1BRS_barnase_1BRS_barstar_pose_036	/demo/rosetta/1BRS_barnase_vs_1BRS_barstar/rosetta_1BRS_barnase_1BRS_barstar_pose_036.pdb	
Rosetta	fnat	0.21231786579968942	1BRS_barnase	1BRS_barstar	rosetta_1BRS_barnase_1BRS_barstar_demo	rosetta_1BRS_barnase_1BRS_barstar_pose_037	/demo/rosetta/1BRS_barnase_vs_1BRS_barstar/rosetta_1BRS_barnase_1BRS_barstar_pose_037.pdb	
Rosetta	fnat	0.26735632925963126	1BRS_barnase	1BRS_barstar	rosetta_1BRS_barnase_1BRS_barstar_demo	rosetta_1BRS_barnase_1BRS_barstar_pose_038	/demo/rosetta/1BRS_barnase_vs_1BRS_barstar/rosetta_1BRS_barnase_1BRS_barstar_pose_038.pdb	
Rosetta	fnat	0.24010231484993386	1BRS_barnase	1BRS_barstar	rosetta_1BRS_barnase_1BRS_barstar_demo	rosetta_1BRS_barnase_1BRS_barstar_pose_039	/demo/rosetta/1BRS_barnase_vs_1BRS_barstar/rosetta_1BRS_barnase_1BRS_barstar_pose_039.pdb	
Rosetta	fnat	0.31111396200649205	1BRS_barnase	1BRS_barstar	rosetta_1BRS_barnase_1BRS_barstar_demo	rosetta_1BRS_barnase_1BRS_barstar_pose_040	/demo/rosetta/1BRS_barnase_vs_1BRS_barstar/rosetta_1BRS_barnase_1BRS_barstar_pose_040.pdb	
Rosetta	fnat	0.21256320632470094	1BRS_barnase	1BRS_barstar	rosetta_1BRS_barnase_1BRS_barstar_demo	rosetta_1BRS_barnase_1BRS_barstar_pose_041	/demo/rosetta/1BRS_barnase_vs_1BRS_barstar/rosetta_1BRS_barnase_1BRS_barstar_pose_041.pdb	
Rosetta	fnat	0.13992302249982913	1BRS_barnase	1BRS_barstar	rosetta_1BRS_barnase_1BRS_barstar_demo	rosetta_1BRS_barnase_1BRS_barstar_pose_042	/demo/rosetta/1BRS_barnase_vs_1BRS_barstar/rosetta_1BRS_barnase_1BRS_barstar_pose_042.pdb	
Rosetta	fnat	0.1532635678045457	1BRS_barnase	1BRS_barstar	rosetta_1BRS_barnase_1BRS_barstar_demo	rosetta_1BRS_barnase_1BRS_barstar_pose_043	/demo/rosetta/1BRS_barnase_vs_1BRS_barstar/rosetta_1BRS_barnase_1BRS_barstar_pose_043.pdb	
Rosetta	fnat	0.21276857542400698	1BRS_barnase	1BRS_barstar	rosetta_1BRS_barnase_1BRS_barstar_demo	rosetta_1BRS_barnase_1BRS_barstar_pose_044	/demo/rosetta/1BRS_barnase_vs_1BRS_barstar/rosetta_1BRS_barnase_1BRS_barstar_pose_044.pdb	
Rosetta	fnat	0.1625658020525363	1BRS_barnase	1BRS_barstar	rosetta_1BRS_barnase_1BRS_barstar_demo	rosetta_1BRS_barnase_1BRS_barstar_pose_045	/demo/rosetta/1BRS_barnase_vs_1BRS_barstar/rosetta_1BRS_barnase_1BRS_barstar_pose_045.pdb	
Rosetta	fnat	0.2787148410975686	1BRS_barnase	1BRS_barstar	rosetta_1BRS_barnase_1BRS_barstar_demo	rosetta_1BRS_barnase_1BRS_barstar_pose_046	/demo/rosetta/1BRS_barnase_vs_1BRS_barstar/rosetta_1BRS_barnase_1BRS_barstar_pose_046.pdb	
Rosetta	fnat	0.21739622845993456	1BRS_barnase	1BRS_barstar	rosetta_1BRS_barnase_1BRS_barstar_demo	rosetta_1BRS_barnase_1BRS_barstar_pose_047	/demo/rosetta/1BRS_barnase_vs_1BRS_barstar/rosetta_1BRS_barnase_1BRS_barstar_pose_047.pdb	
Rosetta	fnat	0.41622245850185025	1BRS_barnase	1BRS_barstar	rosetta_1BRS_barnase_1BRS_barstar_demo	rosetta_1BRS_barnase_1BRS_barstar_pose_048	/demo/rosetta/1BRS_barnase_vs_1BRS_barstar/rosetta_1BRS_barnase_1BRS_barstar_pose_048.pdb	
Rosetta	fnat	0.12835997834040075	1BRS_barnase	1BRS_barstar	rosetta_1BRS_barnase_1BRS_barstar_demo	rosetta_1BRS_barnase_1BRS_barstar_pose_049	/demo/rosetta/1BRS_barnase_vs_1BRS_barstar/rosetta_1BRS_barnase_1BRS_barstar_pose_049.pdb	
Rosetta	fnat	0.2642543225096861	1BRS_barnase	1BRS_barstar	rosetta_1BRS_barnase_1BRS_barstar_demo	rosetta_1BRS_barnase_1BRS_barstar_pose_050	/demo/rosetta/1BRS_barnase_vs_1BRS_barstar/rosetta_1BRS_barnase_1BRS_barstar_pose_050.pdb	
Rosetta	irmsd	4.420865767092064	1BRS_barnase	1BRS_barstar	rosetta_1BRS_barnase_1BRS_barstar_demo	rosetta_1BRS_barnase_1BRS_barstar_pose_001	/demo/rosetta/1BRS_barnase_vs_1BRS_barstar/rosetta_1BRS_barnase_1BRS_barstar_pose_001.pdb	
Rosetta	irmsd	5.30923812346425	1BRS_barnase	1BRS_barstar	rosetta_1BRS_barnase_1BRS_barstar_demo	rosetta_1BRS_barnase_1BRS_barstar_pose_002	/demo/rosetta/1BRS_barnase_vs_1BRS_barstar/rosetta_1BRS_barnase_1BRS_barstar_pose_002.pdb	
Rosetta	irmsd	6.197987262676762	1BRS_barnase	1BRS_barstar	rosetta_1BRS_barnase_1BRS_barstar_demo	rosetta_1BRS_barnase_1BRS_barstar_pose_003	/demo/rosetta/1BRS_barnase_vs_1BRS_barstar/rosetta_1BRS_barnase_1BRS_barstar_pose_003.pdb	
Rosetta	irmsd	2.7444800751759986	1BRS_barnase	1BRS_barstar	rosetta_1BRS_barnase_1BRS_barstar_demo	rosetta_1BRS_barnase_1BRS_barstar_pose_004	/demo/rosetta/1BRS_barnase_vs_1BRS_barstar/rosetta_1BRS_barnase_1BRS_barstar_pose_004.pdb	
Rosetta	irmsd	6.331556563503239	1BRS_barnase	1BRS_barstar	rosetta_1BRS_barnase_1BRS_barstar_demo	rosetta_1BRS_barnase_1BRS_barstar_pose_005	/demo/rosetta/1BRS_barnase_vs_1BRS_barstar/rosetta_1BRS_barnase_1BRS_barstar_pose_005.pdb	
Rosetta	irmsd	8.664070447183835	1BRS_barnase	1BRS_barstar	rosetta_1BRS_barnase_1BRS_barstar_demo	rosetta_1BRS_barnase_1BRS_barstar_pose_006	/demo/rosetta/1BRS_barnase_vs_1BRS_barstar/rosetta_1BRS_barnase_1BRS_barstar_pose_006.pdb	
Rosetta	irmsd	5.36518638228397	1BRS_barnase	1BRS_barstar	rosetta_1BRS_barnase_1BRS_barstar_demo	rosetta_1BRS_barnase_1BRS_barstar_pose_007	/demo/rosetta/1BRS_barnase_vs_1BRS_barstar/rosetta_1BRS_barnase_1BRS_barstar_pose_007.pdb	
Rosetta	irmsd	6.363730999527713	1BRS_barnase	1BRS_barstar	rosetta_1BRS_barnase_1BRS_barstar_demo	rosetta_1BRS_barnase_1BRS_barstar_pose_008	/demo/rosetta/1BRS_barnase_vs_1BRS_barstar/rosetta_1BRS_barnase_1BRS_barstar_pose_008.pdb	
Rosetta	irmsd	7.434890370375559	1BRS_barnase	1BRS_barstar	rosetta_1BRS_barnase_1BRS_barstar_demo	rosetta_1BRS_barnase_1BRS_barstar_pose_009	/demo/rosetta/1BRS_barnase_vs_1BRS_barstar/rosetta_1BRS_barnase_1BRS_barstar_pose_009.pdb	
Rosetta	irmsd	5.7704650999622045	1BRS_barnase	1BRS_barstar	rosetta_1BRS_barnase_1BRS_barstar_demo	rosetta_1BRS_barnase_1BRS_barstar_pose_010	/demo/rosetta/1BRS_barnase_vs_1BRS_barstar/rosetta_1BRS_barnase_1BRS_barstar_pose_010.pdb	
Rosetta	irmsd	5.186655736055924	1BRS_barnase	1BRS_barstar	rosetta_1BRS_barnase_1BRS_barstar_demo	rosetta_1BRS_barnase_1BRS_barstar_pose_011	/demo/rosetta/1BRS_barnase_vs_1BRS_barstar/rosetta_1BRS_barnase_1BRS_barstar_pose_011.pdb	
Rosetta	irmsd	2.813969034789547	1BRS_barnase	1BRS_barstar	rosetta_1BRS_barnase_1BRS_barstar_demo	rosetta_1BRS_barnase_1BRS_barstar_pose_012	/demo/rosetta/1BRS_barnase_vs_1BRS_barstar/rosetta_1BRS_barnase_1BRS_barstar_pose_012.pdb	
Rosetta	irmsd	6.897387007152963	1BRS_barnase	1BRS_barstar	rosetta_1BRS_barnase_1BRS_barstar_demo	rosetta_1BRS_barnase_1BRS_barstar_pose_013	/demo/rosetta/1BRS_barnase_vs_1BRS_barstar/rosetta_1BRS_barnase_1BRS_barstar_pose_013.pdb	
Rosetta	irmsd	5.8415642263795435	1BRS_barnase	1BRS_barstar	rosetta_1BRS_barnase_1BRS_barstar_demo	rosetta_1BRS_barnase_1BRS_barstar_pose_014	/demo/rosetta/1BRS_barnase_vs_1BRS_barstar/rosetta_1BRS_barnase_1BRS_barstar_pose_014.pdb	
Rosetta	irmsd	4.582242608056574	1BRS_barnase	1BRS_barstar	rosetta_1BRS_barnase_1BRS_barstar_demo	rosetta_1BRS_barnase_1BRS_barstar_pose_015	/demo/rosetta/1BRS_barnase_vs_1BRS_barstar/rosetta_1BRS_barnase_1BRS_barstar_pose_015.pdb	
Rosetta	irmsd	6.177235394388771	1BRS_barnase	1BRS_barstar	rosetta_1BRS_barnase_1BRS_barstar_demo	rosetta_1BRS_barnase_1BRS_barstar_pose_016	/demo/rosetta/1BRS_barnase_vs_1BRS_barstar/rosetta_1BRS_barnase_1BRS_barstar_pose_016.pdb	
Rosetta	irmsd	5.182847500471346	1BRS_barnase	1BRS_barstar	rosetta_1BRS_barnase_1BRS_barstar_demo	rosetta_1BRS_barnase_1BRS_barstar_pose_017	/demo/rosetta/1BRS_barnase_vs_1BRS_barstar/rosetta_1BRS_barnase_1BRS_barstar_pose_017.pdb	
Rosetta	irmsd	5.260203416438264	1BRS_barnase	1BRS_barstar	rosetta_1BRS_barnase_1BRS_barstar_demo	rosetta_1BRS_barnase_1BRS_barstar_pose_018	/demo/rosetta/1BRS_barnase_vs_1BRS_barstar/rosetta_1BRS_barnase_1BRS_barstar_pose_018.pdb	
Rosetta	irmsd	6.848807618552192	1BRS_barnase	1BRS_barstar	rosetta_1BRS_barnase_1BRS_barstar_demo	rosetta_1BRS_barnase_1BRS_barstar_pose_019	/demo/rosetta/1BRS_barnase_vs_1BRS_barstar/rosetta_1BRS_barnase_1BRS_barstar_pose_019.pdb	
Rosetta	irmsd	4.126264624146618	1BRS_barnase	1BRS_barstar	rosetta_1BRS_barnase_1BRS_barstar_demo	rosetta_1BRS_barnase_1BRS_barstar_pose_020	/demo/rosetta/1BRS_barnase_vs_1BRS_barstar/rosetta_1BRS_barnase_1BRS_barstar_pose_020.pdb	
Rosetta	irmsd	7.466241400503262	1BRS_barnase	1BRS_barstar	rosetta_1BRS_barnase_1BRS_barstar_demo	rosetta_1BRS_barnase_1BRS_barstar_pose_021	/demo/rosetta/1BRS_barnase_vs_1BRS_barstar/rosetta_1BRS_barnase_1BRS_barstar_pose_021.pdb	
Rosetta	irmsd	4.043239371634235	1BRS_barnase	1BRS_barstar	rosetta_1BRS_barnase_1BRS_barstar_demo	rosetta_1BRS_barnase_1BRS_barstar_pose_022	/demo/rosetta/1BRS_barnase_vs_1BRS_barstar/rosetta_1BRS_barnase_1BRS_barstar_pose_022.pdb	
Rosetta	irmsd	5.072218028302631	1BRS_barnase	1BRS_barstar	rosetta_1BRS_barnase_1BRS_barstar_demo	rosetta_1BRS_barnase_1BRS_barstar_pose_023	/demo/rosetta/1BRS_barnase_vs_1BRS_barstar/rosetta_1BRS_barnase_1BRS_barstar_pose_023.pdb	
Rosetta	irmsd	8.692124671693207	1BRS_barnase	1BRS_barstar	rosetta_1BRS_barnase_1BRS_barstar_demo	rosetta_1BRS_barnase_1BRS_barstar_pose_024	/demo/rosetta/1BRS_barnase_vs_1BRS_barstar/rosetta_1BRS_barnase_1BRS_barstar_pose_024.pdb	
Rosetta	irmsd	7.578296666299391	1BRS_barnase	1BRS_barstar	rosetta_1BRS_barnase_1BRS_barstar_demo	rosetta_1BRS_barnase_1BRS_barstar_pose_025	/demo/rosetta/1BRS_barnase_vs_1BRS_barstar/rosetta_1BRS_barnase_1BRS_barstar_pose_025.pdb	
Rosetta	irmsd	6.136645589493616	1BRS_barnase	1BRS_barstar	rosetta_1BRS_barnase_1BRS_barstar_demo	rosetta_1BRS_barnase_1BRS_barstar_pose_026	/demo/rosetta/1BRS_barnase_vs_1BRS_barstar/rosetta_1BRS_barnase_1BRS_barstar_pose_026.pdb	
Rosetta	irmsd	4.683257698298297	1BRS_barnase	1BRS_barstar	rosetta_1BRS_barnase_1BRS_barstar_demo	rosetta_1BRS_barnase_1BRS_barstar_pose_027	/demo/rosetta/1BRS_barnase_vs_1BRS_barstar/rosetta_1BRS_barnase_1BRS_barstar_pose_027.pdb	
Rosetta	irmsd	5.259018770620149	1BRS_barnase	1BRS_barstar	rosetta_1BRS_barnase_1BRS_barstar_demo	rosetta_1BRS_barnase_1BRS_barstar_pose_028	/demo/rosetta/1BRS_barnase_vs_1BRS_barstar/rosetta_1BRS_barnase_1BRS_barstar_pose_028.pdb	
Rosetta	irmsd	6.102585440419975	1BRS_barnase	1BRS_barstar	rosetta_1BRS_barnase_1BRS_barstar_demo	rosetta_1BRS_barnase_1BRS_barstar_pose_029	/demo/rosetta/1BRS_barnase_vs_1BRS_barstar/rosetta_1BRS_barnase_1BRS_barstar_pose_029.pdb	
Rosetta	irmsd	6.052532525275438	1BRS_barnase	1BRS_barstar	rosetta_1BRS_barnase_1BRS_barstar_demo	rosetta_1BRS_barnase_1BRS_barstar_pose_030	/demo/rosetta/1BRS_barnase_vs_1BRS_barstar/rosetta_1BRS_barnase_1BRS_barstar_pose_030.pdb	
Rosetta	irmsd	5.872780698523652	1BRS_barnase	1BRS_barstar	rosetta_1BRS_barnase_1BRS_barstar_demo	rosetta_1BRS_barnase_1BRS_barstar_pose_031	/demo/rosetta/1BRS_barnase_vs_1BRS_barstar/rosetta_1BRS_barnase_1BRS_barstar_pose_031.pdb	
Rosetta	irmsd	5.956834480282142	1BRS_barnase	1BRS_barstar	rosetta_1BRS_barnase_1BRS_barstar_demo	rosetta_1BRS_barnase_1BRS_barstar_pose_032	/demo/rosetta/1BRS_barnase_vs_1BRS_barstar/rosetta_1BRS_barnase_1BRS_barstar_pose_032.pdb	
Rosetta	irmsd	5.699874846412841	1BRS_barnase	1BRS_barstar	rosetta_1BRS_barnase_1BRS_barstar_demo	rosetta_1BRS_barnase_1BRS_barstar_pose_033	/demo/rosetta/1BRS_barnase_vs_1BRS_barstar/rosetta_1BRS_barnase_1BRS_barstar_pose_033.pdb	
Rosetta	irmsd	3.9812297701039823	1BRS_barnase	1BRS_barstar	rosetta_1BRS_barnase_1BRS_barstar_demo	rosetta_1BRS_barnase_1BRS_barstar_pose_034	/demo/rosetta/1BRS_barnase_vs_1BRS_barstar/rosetta_1BRS_barnase_1BRS_barstar_pose_034.pdb	
Rosetta	irmsd	5.276884960974834	1BRS_barnase	1BRS_barstar	rosetta_1BRS_barnase_1BRS_barstar_demo	rosetta_1BRS_barnase_1BRS_barstar_pose_035	/demo/rosetta/1BRS_barnase_vs_1BRS_barstar/rosetta_1BRS_barnase_1BRS_barstar_pose_035.pdb	
Rosetta	irmsd	7.280473675581585	1BRS_barnase	1BRS_barstar	rosetta_1BRS_barnase_1BRS_barstar_demo	rosetta_1BRS_barnase_1BRS_barstar_pose_036	/demo/rosetta/1BRS_barnase_vs_1BRS_barstar/rosetta_1BRS_barnase_1BRS_barstar_pose_036.pdb	
Rosetta	irmsd	4.084331983428436	1BRS_barnase	1BRS_barstar	rosetta_1BRS_barnase_1BRS_barstar_demo	rosetta_1BRS_barnase_1BRS_barstar_pose_037	/demo/rosetta/1BRS_barnase_vs_1BRS_barstar/rosetta_1BRS_barnase_1BRS_barstar_pose_037.pdb	
Rosetta	irmsd	5.7346222838450105	1BRS_barnase	1BRS_barstar	rosetta_1BRS_barnase_1BRS_barstar_demo	rosetta_1BRS_barnase_1BRS_barstar_pose_038	/demo/rosetta/1BRS_barnase_vs_1BRS_barstar/rosetta_1BRS_barnase_1BRS_barstar_pose_038.pdb	
Rosetta	irmsd	4.852344499720818	1BRS_barnase	1BRS_barstar	rosetta_1BRS_barnase_1BRS_barstar_demo	rosetta_1BRS_barnase_1BRS_barstar_pose_039	/demo/rosetta/1BRS_barnase_vs_1BRS_barstar/rosetta_1BRS_barnase_1BRS_barstar_pose_039.pdb	
Rosetta	irmsd	6.155890601157356	1BRS_barnase	1BRS_barstar	rosetta_1BRS_barnase_1BRS_barstar_demo	rosetta_1BRS_barnase_1BRS_barstar_pose_040	/demo/rosetta/1BRS_barnase_vs_1BRS_barstar/rosetta_1BRS_barnase_1BRS_barstar_pose_040.pdb	
Rosetta	irmsd	5.455913546506455	1BRS_barnase	1BRS_barstar	rosetta_1BRS_barnase_1BRS_barstar_demo	rosetta_1BRS_barnase_1BRS_barstar_pose_041	/demo/rosetta/1BRS_barnase_vs_1BRS_barstar/rosetta_1BRS_barnase_1BRS_barstar_pose_041.pdb	
Rosetta	irmsd	8.068351130964537	1BRS_barnase	1BRS_barstar	rosetta_1BRS_barnase_1BRS_barstar_demo	rosetta_1BRS_barnase_1BRS_barstar_pose_042	/demo/rosetta/1BRS_barnase_vs_1BRS_barstar/rosetta_1BRS_barnase_1BRS_barstar_pose_042.pdb	
Rosetta	irmsd	6.709216415866355	1BRS_barnase	1BRS_barstar	rosetta_1BRS_barnase_1BRS_barstar_demo	rosetta_1BRS_barnase_1BRS_barstar_pose_043	/demo/rosetta/1BRS_barnase_vs_1BRS_barstar/rosetta_1BRS_barnase_1BRS_barstar_pose_043.pdb	
Rosetta	irmsd	4.163475567911904	1BRS_barnase	1BRS_barstar	rosetta_1BRS_barnase_1BRS_barstar_demo	rosetta_1BRS_barnase_1BRS_barstar_pose_044	/demo/rosetta/1BRS_barnase_vs_1BRS_barstar/rosetta_1BRS_barnase_1BRS_barstar_pose_044.pdb	
Rosetta	irmsd	6.939719216259178	1BRS_barnase	1BRS_barstar	rosetta_1BRS_barnase_1BRS_barstar_demo	rosetta_1BRS_barnase_1BRS_barstar_pose_045	/demo/rosetta/1BRS_barnase_vs_1BRS_barstar/rosetta_1BRS_barnase_1BRS_barstar_pose_045.pdb	
Rosetta	irmsd	4.915487401233111	1BRS_barnase	1BRS_barstar	rosetta_1BRS_barnase_1BRS_barstar_demo	rosetta_1BRS_barnase_1BRS_barstar_pose_046	/demo/rosetta/1BRS_barnase_vs_1BRS_barstar/rosetta_1BRS_barnase_1BRS_barstar_pose_046.pdb	
Rosetta	irmsd	5.192205080071453	1BRS_barnase	1BRS_barstar	rosetta_1BRS_barnase_1BRS_barstar_demo	rosetta_1BRS_barnase_1BRS_barstar_pose_047	/demo/rosetta/1BRS_barnase_vs_1BRS_barstar/rosetta_1BRS_barnase_1BRS_barstar_pose_047.pdb	
Rosetta	irmsd	6.439346628149971	1BRS_barnase	1BRS_barstar	rosetta_1BRS_barnase_1BRS_barstar_demo	rosetta_1BRS_barnase_1BRS_barstar_pose_048	/demo/rosetta/1BRS_barnase_vs_1BRS_barstar/rosetta_1BRS_barnase_1BRS_barstar_pose_048.pdb	
Rosetta	irmsd	5.3115536123778115	1BRS_barnase	1BRS_barstar	rosetta_1BRS_barnase_1BRS_barstar_demo	rosetta_1BRS_barnase_1BRS_barstar_pose_049	/demo/rosetta/1BRS_barnase_vs_1BRS_barstar/rosetta_1BRS_barnase_1BRS_barstar_pose_049.pdb	
Rosetta	irmsd	7.249998142852137	1BRS_barnase	1BRS_barstar	rosetta_1BRS_barnase_1BRS_barstar_demo	rosetta_1BRS_barnase_1BRS_barstar_pose_050	/demo/rosetta/1BRS_barnase_vs_1BRS_barstar/rosetta_1BRS_barnase_1BRS_barstar_pose_050.pdb	
Rosetta	lrmsd	9.676469815459814	1BRS_barnase	1BRS_barstar	rosetta_1BRS_barnase_1BRS_barstar_demo	rosetta_1BRS_barnase_1BRS_barstar_pose_001	/demo/rosetta/1BRS_barnase_vs_1BRS_barstar/rosetta_1BRS_barnase_1BRS_barstar_pose_001.pdb	
Rosetta	lrmsd	10.14316034222591	1BRS_barnase	1BRS_barstar	rosetta_1BRS_barnase_1BRS_barstar_demo	rosetta_1BRS_barnase_1BRS_barstar_pose_002	/demo/rosetta/1BRS_barnase_vs_1BRS_barstar/rosetta_1BRS_barnase_1BRS_barstar_pose_002.pdb	
Rosetta	lrmsd	10.030887319355674	1BRS_barnase	1BRS_barstar	rosetta_1BRS_barnase_1BRS_barstar_demo	rosetta_1BRS_barnase_1BRS_barstar_pose_003	/demo/rosetta/1BRS_barnase_vs_1BRS_barstar/rosetta_1BRS_barnase_1BRS_barstar_pose_003.pdb	
Rosetta	lrmsd	10.303083754934883	1BRS_barnase	1BRS_barstar	rosetta_1BRS_barnase_1BRS_barstar_demo	rosetta_1BRS_barnase_1BRS_barstar_pose_004	/demo/rosetta/1BRS_barnase_vs_1BRS_barstar/rosetta_1BRS_barnase_1BRS_barstar_pose_004.pdb	
Rosetta	lrmsd	15.297574666643438	1BRS_barnase	1BRS_barstar	rosetta_1BRS_barnase_1BRS_barstar_demo	rosetta_1BRS_barnase_1BRS_barstar_pose_005	/demo/rosetta/1BRS_barnase_vs_1BRS_barstar/rosetta_1BRS_barnase_1BRS_barstar_pose_005.pdb	
Rosetta	lrmsd	13.886388880830909	1BRS_barnase	1BRS_barstar	rosetta_1BRS_barnase_1BRS_barstar_demo	rosetta_1BRS_barnase_1BRS_barstar_pose_006	/demo/rosetta/1BRS_barnase_vs_1BRS_barstar/rosetta_1BRS_barnase_1BRS_barstar_pose_006.pdb	
Rosetta	lrmsd	17.129831862036212	1BRS_barnase	1BRS_barstar	rosetta_1BRS_barnase_1BRS_barstar_demo	rosetta_1BRS_barnase_1BRS_barstar_pose_007	/demo/rosetta/1BRS_barnase_vs_1BRS_barstar/rosetta_1BRS_barnase_1BRS_barstar_pose_007.pdb	
Rosetta	lrmsd	18.802932611697763	1BRS_barnase	1BRS_barstar	rosetta_1BRS_barnase_1BRS_barstar_demo	rosetta_1BRS_barnase_1BRS_barstar_pose_008	/demo/rosetta/1BRS_barnase_vs_1BRS_barstar/rosetta_1BRS_barnase_1BRS_barstar_pose_008.pdb	
Rosetta	lrmsd	8.90784890420298	1BRS_barnase	1BRS_barstar	rosetta_1BRS_barnase_1BRS_barstar_demo	rosetta_1BRS_barnase_1BRS_barstar_pose_009	/demo/rosetta/1BRS_barnase_vs_1BRS_barstar/rosetta_1BRS_barnase_1BRS_barstar_pose_009.pdb	
Rosetta	lrmsd	12.211257381981866	1BRS_barnase	1BRS_barstar	rosetta_1BRS_barnase_1BRS_barstar_demo	rosetta_1BRS_barnase_1BRS_barstar_pose_010	/demo/rosetta/1BRS_barnase_vs_1BRS_barstar/rosetta_1BRS_barnase_1BRS_barstar_pose_010.pdb	
Rosetta	lrmsd	8.471399050069701	1BRS_barnase	1BRS_barstar	rosetta_1BRS_barnase_1BRS_barstar_demo	rosetta_1BRS_barnase_1BRS_barstar_pose_011	/demo/rosetta/1BRS_barnase_vs_1BRS_barstar/rosetta_1BRS_barnase_1BRS_barstar_pose_011.pdb	
Rosetta	lrmsd	9.667182216755199	1BRS_barnase	1BRS_barstar	rosetta_1BRS_barnase_1BRS_barstar_demo	rosetta_1BRS_barnase_1BRS_barstar_pose_012	/demo/rosetta/1BRS_barnase_vs_1BRS_barstar/rosetta_1BRS_barnase_1BRS_barstar_pose_012.pdb	
Rosetta	lrmsd	10.109752469232992	1BRS_barnase	1BRS_barstar	rosetta_1BRS_barnase_1BRS_barstar_demo	rosetta_1BRS_barnase_1BRS_barstar_pose_013	/demo/rosetta/1BRS_barnase_vs_1BRS_barstar/rosetta_1BRS_barnase_1BRS_barstar_pose_013.pdb	
Rosetta	lrmsd	8.828535377585176	1BRS_barnase	1BRS_barstar	rosetta_1BRS_barnase_1BRS_barstar_demo	rosetta_1BRS_barnase_1BRS_barstar_pose_014	/demo/rosetta/1BRS_barnase_vs_1BRS_barstar/rosetta_1BRS_barnase_1BRS_barstar_pose_014.pdb	
Rosetta	lrmsd	8.84433818130476	1BRS_barnase	1BRS_barstar	rosetta_1BRS_barnase_1BRS_barstar_demo	rosetta_1BRS_barnase_1BRS_barstar_pose_015	/demo/rosetta/1BRS_barnase_vs_1BRS_barstar/rosetta_1BRS_barnase_1BRS_barstar_pose_015.pdb	
Rosetta	lrmsd	11.567146864439236	1BRS_barnase	1BRS_barstar	rosetta_1BRS_barnase_1BRS_barstar_demo	rosetta_1BRS_barnase_1BRS_barstar_pose_016	/demo/rosetta/1BRS_barnase_vs_1BRS_barstar/rosetta_1BRS_barnase_1BRS_barstar_pose_016.pdb	
Rosetta	lrmsd	8.349844744840778	1BRS_barnase	1BRS_barstar	rosetta_1BRS_barnase_1BRS_barstar_demo	rosetta_1BRS_barnase_1BRS_barstar_pose_017	/demo/rosetta/1BRS_barnase_vs_1BRS_barstar/rosetta_1BRS_barnase_1BRS_barstar_pose_017.pdb	
Rosetta	lrmsd	14.526380877412898	1BRS_barnase	1BRS_barstar	rosetta_1BRS_barnase_1BRS_barstar_demo	rosetta_1BRS_barnase_1BRS_barstar_pose_018	/demo/rosetta/1BRS_barnase_vs_1BRS_barstar/rosetta_1BRS_barnase_1BRS_barstar_pose_018.pdb	
Rosetta	lrmsd	9.246739387747457	1BRS_barnase	1BRS_barstar	rosetta_1BRS_barnase_1BRS_barstar_demo	rosetta_1BRS_barnase_1BRS_barstar_pose_019	/demo/rosetta/1BRS_barnase_vs_1BRS_barstar/rosetta_1BRS_barnase_1BRS_barstar_pose_019.pdb	
Rosetta	lrmsd	20.428706910289176	1BRS_barnase	1BRS_barstar	rosetta_1BRS_barnase_1BRS_barstar_demo	rosetta_1BRS_barnase_1BRS_barstar_pose_020	/demo/rosetta/1BRS_barnase_vs_1BRS_barstar/rosetta_1BRS_barnase_1BRS_barstar_pose_020.pdb	
Rosetta	lrmsd	10.645846647106815	1BRS_barnase	1BRS_barstar	rosetta_1BRS_barnase_1BRS_barstar_demo	rosetta_1BRS_barnase_1BRS_barstar_pose_021	/demo/rosetta/1BRS_barnase_vs_1BRS_barstar/rosetta_1BRS_barnase_1BRS_barstar_pose_021.pdb	
Rosetta	lrmsd	12.216052925751157	1BRS_barnase	1BRS_barstar	rosetta_1BRS_barnase_1BRS_barstar_demo	rosetta_1BRS_barnase_1BRS_barstar_pose_022	/demo/rosetta/1BRS_barnase_vs_1BRS_barstar/rosetta_1BRS_barnase_1BRS_barstar_pose_022.pdb	
Rosetta	lrmsd	8.113976446601894	1BRS_barnase	1BRS_barstar	rosetta_1BRS_barnase_1BRS_barstar_demo	rosetta_1BRS_barnase_1BRS_barstar_pose_023	/demo/rosetta/1BRS_barnase_vs_1BRS_barstar/rosetta_1BRS_barnase_1BRS_barstar_pose_023.pdb	
Rosetta	lrmsd	17.118275274382917	1BRS_barnase	1BRS_barstar	rosetta_1BRS_barnase_1BRS_barstar_demo	rosetta_1BRS_barnase_1BRS_barstar_pose_024	/demo/rosetta/1BRS_barnase_vs_1BRS_barstar/rosetta_1BRS_barnase_1BRS_barstar_pose_024.pdb	
Rosetta	lrmsd	15.358502042408748	1BRS_barnase	1BRS_barstar	rosetta_1BRS_barnase_1BRS_barstar_demo	rosetta_1BRS_barnase_1BRS_barstar_pose_025	/demo/rosetta/1BRS_barnase_vs_1BRS_barstar/rosetta_1BRS_barnase_1BRS_barstar_pose_025.pdb	
Rosetta	lrmsd	12.890747612208337	1BRS_barnase	1BRS_barstar	rosetta_1BRS_barnase_1BRS_barstar_demo	rosetta_1BRS_barnase_1BRS_barstar_pose_026	/demo/rosetta/1BRS_barnase_vs_1BRS_barstar/rosetta_1BRS_barnase_1BRS_barstar_pose_026.pdb	
Rosetta	lrmsd	7.959592353661304	1BRS_barnase	1BRS_barstar	rosetta_1BRS_barnase_1BRS_barstar_demo	rosetta_1BRS_barnase_1BRS_barstar_pose_027	/demo/rosetta/1BRS_barnase_vs_1BRS_barstar/rosetta_1BRS_barnase_1BRS_barstar_pose_027.pdb	
Rosetta	lrmsd	12.632000633173861	1BRS_barnase	1BRS_barstar	rosetta_1BRS_barnase_1BRS_barstar_demo	rosetta_1BRS_barnase_1BRS_barstar_pose_028	/demo/rosetta/1BRS_barnase_vs_1BRS_barstar/rosetta_1BRS_barnase_1BRS_barstar_pose_028.pdb	
Rosetta	lrmsd	8.635706861948236	1BRS_barnase	1BRS_barstar	rosetta_1BRS_barnase_1BRS_barstar_demo	rosetta_1BRS_barnase_1BRS_barstar_pose_029	/demo/rosetta/1BRS_barnase_vs_1BRS_barstar/rosetta_1BRS_barnase_1BRS_barstar_pose_029.pdb	
Rosetta	lrmsd	16.38706579042008	1BRS_barnase	1BRS_barstar	rosetta_1BRS_barnase_1BRS_barstar_demo	rosetta_1BRS_barnase_1BRS_barstar_pose_030	/demo/rosetta/1BRS_barnase_vs_1BRS_barstar/rosetta_1BRS_barnase_1BRS_barstar_pose_030.pdb	
Rosetta	lrmsd	14.427584195559518	1BRS_barnase	1BRS_barstar	rosetta_1BRS_barnase_1BRS_barstar_demo	rosetta_1BRS_barnase_1BRS_barstar_pose_031	/demo/rosetta/1BRS_barnase_vs_1BRS_barstar/rosetta_1BRS_barnase_1BRS_barstar_pose_031.pdb	
Rosetta	lrmsd	12.28631711546321	1BRS_barnase	1BRS_barstar	rosetta_1BRS_barnase_1BRS_barstar_demo	rosetta_1BRS_barnase_1BRS_barstar_pose_032	/demo/rosetta/1BRS_barnase_vs_1BRS_barstar/rosetta_1BRS_barnase_1BRS_barstar_pose_032.pdb	
Rosetta	lrmsd	4.6908730102580325	1BRS_barnase	1BRS_barstar	rosetta_1BRS_barnase_1BRS_barstar_demo	rosetta_1BRS_barnase_1BRS_barstar_pose_033	/demo/rosetta/1BRS_barnase_vs_1BRS_barstar/rosetta_1BRS_barnase_1BRS_barstar_pose_033.pdb	
Rosetta	lrmsd	9.049752064022908	1BRS_barnase	1BRS_barstar	rosetta_1BRS_barnase_1BRS_barstar_demo	rosetta_1BRS_barnase_1BRS_barstar_pose_034	/demo/rosetta/1BRS_barnase_vs_1BRS_barstar/rosetta_1BRS_barnase_1BRS_barstar_pose_034.pdb	
Rosetta	lrmsd	14.063283394799617	1BRS_barnase	1BRS_barstar	rosetta_1BRS_barnase_1BRS_barstar_demo	rosetta_1BRS_barnase_1BRS_barstar_pose_035	/demo/rosetta/1BRS_barnase_vs_1BRS_barstar/rosetta_1BRS_barnase_1BRS_barstar_pose_035.pdb	
Rosetta	lrmsd	15.638651075169467	1BRS_barnase	1BRS_barstar	rosetta_1BRS_barnase_1BRS_barstar_demo	rosetta_1BRS_barnase_1BRS_barstar_pose_036	/demo/rosetta/1BRS_barnase_vs_1BRS_barstar/rosetta_1BRS_barnase_1BRS_barstar_pose_036.pdb	
Rosetta	lrmsd	15.327509434476394	1BRS_barnase	1BRS_barstar	rosetta_1BRS_barnase_1BRS_barstar_demo	rosetta_1BRS_barnase_1BRS_barstar_pose_037	/demo/rosetta/1BRS_barnase_vs_1BRS_barstar/rosetta_1BRS_barnase_1BRS_barstar_pose_037.pdb	
Rosetta	lrmsd	7.223960993275634	1BRS_barnase	1BRS_barstar	rosetta_1BRS_barnase_1BRS_barstar_demo	rosetta_1BRS_barnase_1BRS_barstar_pose_038	/demo/rosetta/1BRS_barnase_vs_1BRS_barstar/rosetta_1BRS_barnase_1BRS_barstar_pose_038.pdb	
Rosetta	lrmsd	12.904656920438713	1BRS_barnase	1BRS_barstar	rosetta_1BRS_barnase_1BRS_barstar_demo	rosetta_1BRS_barnase_1BRS_barstar_pose_039	/demo/rosetta/1BRS_barnase_vs_1BRS_barstar/rosetta_1BRS_barnase_1BRS_barstar_pose_039.pdb	
Rosetta	lrmsd	15.046545649448788	1BRS_barnase	1BRS_barstar	rosetta_1BRS_barnase_1BRS_barstar_demo	rosetta_1BRS_barnase_1BRS_barstar_pose_040	/demo/rosetta/1BRS_barnase_vs_1BRS_barstar/rosetta_1BRS_barnase_1BRS_barstar_pose_040.pdb	
Rosetta	lrmsd	7.0249933032532645	1BRS_barnase	1BRS_barstar	rosetta_1BRS_barnase_1BRS_barstar_demo	rosetta_1BRS_barnase_1BRS_barstar_pose_041	/demo/rosetta/1BRS_barnase_vs_1BRS_barstar/rosetta_1BRS_barnase_1BRS_barstar_pose_041.pdb	
Rosetta	lrmsd	11.976286453880292	1BRS_barnase	1BRS_barstar	rosetta_1BRS_barnase_1BRS_barstar_demo	rosetta_1BRS_barnase_1BRS_barstar_pose_042	/demo/rosetta/1BRS_barnase_vs_1BRS_barstar/rosetta_1BRS_barnase_1BRS_barstar_pose_042.pdb	
Rosetta	lrmsd	12.821527194925368	1BRS_barnase	1BRS_barstar	rosetta_1BRS_barnase_1BRS_barstar_demo	rosetta_1BRS_barnase_1BRS_barstar_pose_043	/demo/rosetta/1BRS_barnase_vs_1BRS_barstar/rosetta_1BRS_barnase_1BRS_barstar_pose_043.pdb	
Rosetta	lrmsd	11.097706245459795	1BRS_barnase	1BRS_barstar	rosetta_1BRS_barnase_1BRS_barstar_demo	rosetta_1BRS_barnase_1BRS_barstar_pose_044	/demo/rosetta/1BRS_barnase_vs_1BRS_barstar/rosetta_1BRS_barnase_1BRS_barstar_pose_044.pdb	
Rosetta	lrmsd	6.443514433796395	1BRS_barnase	1BRS_barstar	rosetta_1BRS_barnase_1BRS_barstar_demo	rosetta_1BRS_barnase_1BRS_barstar_pose_045	/demo/rosetta/1BRS_barnase_vs_1BRS_barstar/rosetta_1BRS_barnase_1BRS_barstar_pose_045.pdb	
Rosetta	lrmsd	11.022905669778813	1BRS_barnase	1BRS_barstar	rosetta_1BRS_barnase_1BRS_barstar_demo	rosetta_1BRS_barnase_1BRS_barstar_pose_046	/demo/rosetta/1BRS_barnase_vs_1BRS_barstar/rosetta_1BRS_barnase_1BRS_barstar_pose_046.pdb	
Rosetta	lrmsd	11.018083709234928	1BRS_barnase	1BRS_barstar	rosetta_1BRS_barnase_1BRS_barstar_demo	rosetta_1BRS_barnase_1BRS_barstar_pose_047	/demo/rosetta/1BRS_barnase_vs_1BRS_barstar/rosetta_1BRS_barnase_1BRS_barstar_pose_047.pdb	
Rosetta	lrmsd	11.555782786356737	1BRS_barnase	1BRS_barstar	rosetta_1BRS_barnase_1BRS_barstar_demo	rosetta_1BRS_barnase_1BRS_barstar_pose_048	/demo/rosetta/1BRS_barnase_vs_1BRS_barstar/rosetta_1BRS_barnase_1BRS_barstar_pose_048.pdb	
Rosetta	lrmsd	10.30958572372479	1BRS_barnase	1BRS_barstar	rosetta_1BRS_barnase_1BRS_barstar_demo	rosetta_1BRS_barnase_1BRS_barstar_pose_049	/demo/rosetta/1BRS_barnase_vs_1BRS_barstar/rosetta_1BRS_barnase_1BRS_barstar_pose_049.pdb	
Rosetta	lrmsd	10.670963540275597	1BRS_barnase	1BRS_barstar	rosetta_1BRS_barnase_1BRS_barstar_demo	rosetta_1BRS_barnase_1BRS_barstar_pose_050	/demo/rosetta/1BRS_barnase_vs_1BRS_barstar/rosetta_1BRS_barnase_1BRS_barstar_pose_050.pdb	
HADDOCK	dockq	0.09801468588265111	1PPE_E	1PPE_I	haddock_1PPE_E_1PPE_I_demo	haddock_1PPE_E_1PPE_I_pose_001	/demo/haddock/1PPE_E_vs_1PPE_I/haddock_1PPE_E_1PPE_I_pose_001.pdb	
HADDOCK	dockq	0.12212273024848556	1PPE_E	1PPE_I	haddock_1PPE_E_1PPE_I_demo	haddock_1PPE_E_1PPE_I_pose_002	/demo/haddock/1PPE_E_vs_1PPE_I/haddock_1PPE_E_1PPE_I_pose_002.pdb	
HADDOCK	dockq	0.08477866185716665	1PPE_E	1PPE_I	haddock_1PPE_E_1PPE_I_demo	haddock_1PPE_E_1PPE_I_pose_003	/demo/haddock/1PPE_E_vs_1PPE_I/haddock_1PPE_E_1PPE_I_pose_003.pdb	
HADDOCK	dockq	0.07951755358159991	1PPE_E	1PPE_I	haddock_1PPE_E_1PPE_I_demo	haddock_1PPE_E_1PPE_I_pose_004	/demo/haddock/1PPE_E_vs_1PPE_I/haddock_1PPE_E_1PPE_I_pose_004.pdb	
HADDOCK	dockq	0.1046177019127229	1PPE_E	1PPE_I	haddock_1PPE_E_1PPE_I_demo	haddock_1PPE_E_1PPE_I_pose_005	/demo/haddock/1PPE_E_vs_1PPE_I/haddock_1PPE_E_1PPE_I_pose_005.pdb	
HADDOCK	dockq	0.003954203705240925	1PPE_E	1PPE_I	haddock_1PPE_E_1PPE_I_demo	haddock_1PPE_E_1PPE_I_pose_006	/demo/haddock/1PPE_E_vs_1PPE_I/haddock_1PPE_E_1PPE_I_pose_006.pdb	
HADDOCK	dockq	0.12385175636132291	1PPE_E	1PPE_I	haddock_1PPE_E_1PPE_I_demo	haddock_1PPE_E_1PPE_I_pose_007	/demo/haddock/1PPE_E_vs_1PPE_I/haddock_1PPE_E_1PPE_I_pose_007.pdb	
HADDOCK	dockq	0.09997184514385206	1PPE_E	1PPE_I	haddock_1PPE_E_1PPE_I_demo	haddock_1PPE_E_1PPE_I_pose_008	/demo/haddock/1PPE_E_vs_1PPE_I/haddock_1PPE_E_1PPE_I_pose_008.pdb	
HADDOCK	dockq	0.1019846763298781	1PPE_E	1PPE_I	haddock_1PPE_E_1PPE_I_demo	haddock_1PPE_E_1PPE_I_pose_009	/demo/haddock/1PPE_E_vs_1PPE_I/haddock_1PPE_E_1PPE_I_pose_009.pdb	
HADDOCK	dockq	0.1480367153797232	1PPE_E	1PPE_I	haddock_1PPE_E_1PPE_I_demo	haddock_1PPE_E_1PPE_I_pose_010	/demo/haddock/1PPE_E_vs_1PPE_I/haddock_1PPE_E_1PPE_I_pose_010.pdb	
HADDOCK	dockq	0.0023592234975875898	1PPE_E	1PPE_I	haddock_1PPE_E_1PPE_I_demo	haddock_1PPE_E_1PPE_I_pose_011	/demo/haddock/1PPE_E_vs_1PPE_I/haddock_1PPE_E_1PPE_I_pose_011.pdb	
HADDOCK	dockq	0.0013083065070518124	1PPE_E	1PPE_I	haddock_1PPE_E_1PPE_I_demo	haddock_1PPE_E_1PPE_I_pose_012	/demo/haddock/1PPE_E_vs_1PPE_I/haddock_1PPE_E_1PPE_I_pose_012.pdb	
HADDOCK	dockq	0.11369019226617598	1PPE_E	1PPE_I	haddock_1PPE_E_1PPE_I_demo	haddock_1PPE_E_1PPE_I_pose_013	/demo/haddock/1PPE_E_vs_1PPE_I/haddock_1PPE_E_1PPE_I_pose_013.pdb	
HADDOCK	dockq	0.09964415724357421	1PPE_E	1PPE_I	haddock_1PPE_E_1PPE_I_demo	haddock_1PPE_E_1PPE_I_pose_014	/demo/haddock/1PPE_E_vs_1PPE_I/haddock_1PPE_E_1PPE_I_pose_014.pdb	
HADDOCK	dockq	0.10850884715959662	1PPE_E	1PPE_I	haddock_1PPE_E_1PPE_I_demo	haddock_1PPE_E_1PPE_I_pose_015	/demo/haddock/1PPE_E_vs_1PPE_I/haddock_1PPE_E_1PPE_I_pose_015.pdb	
HADDOCK	dockq	0.07689364624137773	1PPE_E	1PPE_I	haddock_1PPE_E_1PPE_I_demo	haddock_1PPE_E_1PPE_I_pose_016	/demo/haddock/1PPE_E_vs_1PPE_I/haddock_1PPE_E_1PPE_I_pose_016.pdb	
HADDOCK	dockq	0.13321768371199658	1PPE_E	1PPE_I	haddock_1PPE_E_1PPE_I_demo	haddock_1PPE_E_1PPE_I_pose_017	/demo/haddock/1PPE_E_vs_1PPE_I/haddock_1PPE_E_1PPE_I_pose_017.pdb	
HADDOCK	dockq	0.146631942149556	1PPE_E	1PPE_I	haddock_1PPE_E_1PPE_I_demo	haddock_1PPE_E_1PPE_I_pose_018	/demo/haddock/1PPE_E_vs_1PPE_I/haddock_1PPE_E_1PPE_I_pose_018.pdb	
HADDOCK	dockq	0.12419911469757636	1PPE_E	1PPE_I	haddock_1PPE_E_1PPE_I_demo	haddock_1PPE_E_1PPE_I_pose_019	/demo/haddock/1PPE_E_vs_1PPE_I/haddock_1PPE_E_1PPE_I_pose_019.pdb	
HADDOCK	dockq	0.08695857707977085	1PPE_E	1PPE_I	haddock_1PPE_E_1PPE_I_demo	haddock_1PPE_E_1PPE_I_pose_020	/demo/haddock/1PPE_E_vs_1PPE_I/haddock_1PPE_E_1PPE_I_pose_020.pdb	
HADDOCK	dockq	0.0	1PPE_E	1PPE_I	haddock_1PPE_E_1PPE_I_demo	haddock_1PPE_E_1PPE_I_pose_021	/demo/haddock/1PPE_E_vs_1PPE_I/haddock_1PPE_E_1PPE_I_pose_021.pdb	
HADDOCK	dockq	0.1384618104018564	1PPE_E	1PPE_I	haddock_1PPE_E_1PPE_I_demo	haddock_1PPE_E_1PPE_I_pose_022	/demo/haddock/1PPE_E_vs_1PPE_I/haddock_1PPE_E_1PPE_I_pose_022.pdb	
HADDOCK	dockq	0.16108643331087966	1PPE_E	1PPE_I	haddock_1PPE_E_1PPE_I_demo	haddock_1PPE_E_1PPE_I_pose_023	/demo/haddock/1PPE_E_vs_1PPE_I/haddock_1PPE_E_1PPE_I_pose_023.pdb	
HADDOCK	dockq	0.13222792059919902	1PPE_E	1PPE_I	haddock_1PPE_E_1PPE_I_demo	haddock_1PPE_E_1PPE_I_pose_024	/demo/haddock/1PPE_E_vs_1PPE_I/haddock_1PPE_E_1PPE_I_pose_024.pdb	
HADDOCK	dockq	0.056017878631624676	1PPE_E	1PPE_I	haddock_1PPE_E_1PPE_I_demo	haddock_1PPE_E_1PPE_I_pose_025	/demo/haddock/1PPE_E_vs_1PPE_I/haddock_1PPE_E_1PPE_I_pose_025.pdb	
HADDOCK	dockq	0.1336897196833879	1PPE_E	1PPE_I	haddock_1PPE_E_1PPE_I_demo	haddock_1PPE_E_1PPE_I_pose_026	/demo/haddock/1PPE_E_vs_1PPE_I/haddock_1PPE_E_1PPE_I_pose_026.pdb	
HADDOCK	dockq	0.14302648539807228	1PPE_E	1PPE_I	haddock_1PPE_E_1PPE_I_demo	haddock_1PPE_E_1PPE_I_pose_027	/demo/haddock/1PPE_E_vs_1PPE_I/haddock_1PPE_E_1PPE_I_pose_027.pdb	
HADDOCK	dockq	0.1779408123899543	1PPE_E	1PPE_I	haddock_1PPE_E_1PPE_I_demo	haddock_1PPE_E_1PPE_I_pose_028	/demo/haddock/1PPE_E_vs_1PPE_I/haddock_1PPE_E_1PPE_I_pose_028.pdb	
HADDOCK	dockq	0.05619450378860212	1PPE_E	1PPE_I	haddock_1PPE_E_1PPE_I_demo	haddock_1PPE_E_1PPE_I_pose_029	/demo/haddock/1PPE_E_vs_1PPE_I/haddock_1PPE_E_1PPE_I_pose_029.pdb	
HADDOCK	dockq	0.08867727077279308	1PPE_E	1PPE_I	haddock_1PPE_E_1PPE_I_demo	haddock_1PPE_E_1PPE_I_pose_030	/demo/haddock/1PPE_E_vs_1PPE_I/haddock_1PPE_E_1PPE_I_pose_030.pdb	
HADDOCK	dockq	0.13736360255717278	1PPE_E	1PPE_I	haddock_1PPE_E_1PPE_I_demo	haddock_1PPE_E_1PPE_I_pose_031	/demo/haddock/1PPE_E_vs_1PPE_I/haddock_1PPE_E_1PPE_I_pose_031.pdb	
HADDOCK	dockq	0.1028705035719079	1PPE_E	1PPE_I	haddock_1PPE_E_1PPE_I_demo	haddock_1PPE_E_1PPE_I_pose_032	/demo/haddock/1PPE_E_vs_1PPE_I/haddock_1PPE_E_1PPE_I_pose_032.pdb	
HADDOCK	dockq	0.04413361989743626	1PPE_E	1PPE_I	haddock_1PPE_E_1PPE_I_demo	haddock_1PPE_E_1PPE_I_pose_033	/demo/haddock/1PPE_E_vs_1PPE_I/haddock_1PPE_E_1PPE_I_pose_033.pdb	
HADDOCK	dockq	0.12073081425133515	1PPE_E	1PPE_I	haddock_1PPE_E_1PPE_I_demo	haddock_1PPE_E_1PPE_I_pose_034	/demo/haddock/1PPE_E_vs_1PPE_I/haddock_1PPE_E_1PPE_I_pose_034.pdb	
HADDOCK	dockq	0.12893308169075834	1PPE_E	1PPE_I	haddock_1PPE_E_1PPE_I_demo	haddock_1PPE_E_1PPE_I_pose_035	/demo/haddock/1PPE_E_vs_1PPE_I/haddock_1PPE_E_1PPE_I_pose_035.pdb	
HADDOCK	dockq	0.1043981448165501	1PPE_E	1PPE_I	haddock_1PPE_E_1PPE_I_demo	haddock_1PPE_E_1PPE_I_pose_036	/demo/haddock/1PPE_E_vs_1PPE_I/haddock_1PPE_E_1PPE_I_pose_036.pdb	
HADDOCK	dockq	0.11097924635899721	1PPE_E	1PPE_I	haddock_1PPE_E_1PPE_I_demo	haddock_1PPE_E_1PPE_I_pose_037	/demo/haddock/1PPE_E_vs_1PPE_I/haddock_1PPE_E_1PPE_I_pose_037.pdb	
HADDOCK	dockq	0.0870647049157135	1PPE_E	1PPE_I	haddock_1PPE_E_1PPE_I_demo	haddock_1PPE_E_1PPE_I_pose_038	/demo/haddock/1PPE_E_vs_1PPE_I/haddock_1PPE_E_1PPE_I_pose_038.pdb	
HADDOCK	dockq	0.17391394678580296	1PPE_E	1PPE_I	haddock_1PPE_E_1PPE_I_demo	haddock_1PPE_E_1PPE_I_pose_039	/demo/haddock/1PPE_E_vs_1PPE_I/haddock_1PPE_E_1PPE_I_pose_039.pdb	
HADDOCK	dockq	0.054965390814366175	1PPE_E	1PPE_I	haddock_1PPE_E_1PPE_I_demo	haddock_1PPE_E_1PPE_I_pose_040	/demo/haddock/1PPE_E_vs_1PPE_I/haddock_1PPE_E_1PPE_I_pose_040.pdb	
HADDOCK	dockq	0.07063396186181106	1PPE_E	1PPE_I	haddock_1PPE_E_1PPE_I_demo	haddock_1PPE_E_1PPE_I_pose_041	/demo/haddock/1PPE_E_vs_1PPE_I/haddock_1PPE_E_1PPE_I_pose_041.pdb	
HADDOCK	dockq	0.10054927567637628	1PPE_E	1PPE_I	haddock_1PPE_E_1PPE_I_demo	haddock_1PPE_E_1PPE_I_pose_042	/demo/haddock/1PPE_E_vs_1PPE_I/haddock_1PPE_E_1PPE_I_pose_042.pdb	
HADDOCK	dockq	0.14394770138504465	1PPE_E	1PPE_I	haddock_1PPE_E_1PPE_I_demo	haddock_1PPE_E_1PPE_I_pose_043	/demo/haddock/1PPE_E_vs_1PPE_I/haddock_1PPE_E_1PPE_I_pose_043.pdb	
HADDOCK	dockq	0.02513134149527317	1PPE_E	1PPE_I	haddock_1PPE_E_1PPE_I_demo	haddock_1PPE_E_1PPE_I_pose_044	/demo/haddock/1PPE_E_vs_1PPE_I/haddock_1PPE_E_1PPE_I_pose_044.pdb	
HADDOCK	dockq	0.03448516251172805	1PPE_E	1PPE_I	haddock_1PPE_E_1PPE_I_demo	haddock_1PPE_E_1PPE_I_pose_045	/demo/haddock/1PPE_E_vs_1PPE_I/haddock_1PPE_E_1PPE_I_pose_045.pdb	
HADDOCK	dockq	0.0	1PPE_E	1PPE_I	haddock_1PPE_E_1PPE_I_demo	haddock_1PPE_E_1PPE_I_pose_046	/demo/haddock/1PPE_E_vs_1PPE_I/haddock_1PPE_E_1PPE_I_pose_046.pdb	
HADDOCK	dockq	0.10163476126266355	1PPE_E	1PPE_I	haddock_1PPE_E_1PPE_I_demo	haddock_1PPE_E_1PPE_I_pose_047	/demo/haddock/1PPE_E_vs_1PPE_I/haddock_1PPE_E_1PPE_I_pose_047.pdb	
HADDOCK	dockq	0.04408470913967281	1PPE_E	1PPE_I	haddock_1PPE_E_1PPE_I_demo	haddock_1PPE_E_1PPE_I_pose_048	/demo/haddock/1PPE_E_vs_1PPE_I/haddock_1PPE_E_1PPE_I_pose_048.pdb	
HADDOCK	dockq	0.08077249449910417	1PPE_E	1PPE_I	haddock_1PPE_E_1PPE_I_demo	haddock_1PPE_E_1PPE_I_pose_049	/demo/haddock/1PPE_E_vs_1PPE_I/haddock_1PPE_E_1PPE_I_pose_049.pdb	
HADDOCK	dockq	0.1330689094945854	1PPE_E	1PPE_I	haddock_1PPE_E_1PPE_I_demo	haddock_1PPE_E_1PPE_I_pose_050	/demo/haddock/1PPE_E_vs_1PPE_I/haddock_1PPE_E_1PPE_I_pose_050.pdb	
HADDOCK	fnat	0.034338291168686134	1PPE_E	1PPE_I	haddock_1PPE_E_1PPE_I_demo	haddock_1PPE_E_1PPE_I_pose_001	/demo/haddock/1PPE_E_vs_1PPE_I/haddock_1PPE_E_1PPE_I_pose_001.pdb	
HADDOCK	fnat	0.06925128090973458	1PPE_E	1PPE_I	haddock_1PPE_E_1PPE_I_demo	haddock_1PPE_E_1PPE_I_pose_002	/demo/haddock/1PPE_E_vs_1PPE_I/haddock_1PPE_E_1PPE_I_pose_002.pdb	
HADDOCK	fnat	0.048026483689931114	1PPE_E	1PPE_I	haddock_1PPE_E_1PPE_I_demo	haddock_1PPE_E_1PPE_I_pose_003	/demo/haddock/1PPE_E_vs_1PPE_I/haddock_1PPE_E_1PPE_I_pose_003.pdb	
HADDOCK	fnat	0.08688457260385747	1PPE_E	1PPE_I	haddock_1PPE_E_1PPE_I_demo	haddock_1PPE_E_1PPE_I_pose_004	/demo/haddock/1PPE_E_vs_1PPE_I/haddock_1PPE_E_1PPE_I_pose_004.pdb	
HADDOCK	fnat	0.07900512269392035	1PPE_E	1PPE_I	haddock_1PPE_E_1PPE_I_demo	haddock_1PPE_E_1PPE_I_pose_005	/demo/haddock/1PPE_E_vs_1PPE_I/haddock_1PPE_E_1PPE_I_pose_005.pdb	
HADDOCK	fnat	0.032322652153015594	1PPE_E	1PPE_I	haddock_1PPE_E_1PPE_I_demo	haddock_1PPE_E_1PPE_I_pose_006	/demo/haddock/1PPE_E_vs_1PPE_I/haddock_1PPE_E_1PPE_I_pose_006.pdb	
HADDOCK	fnat	0.05325392986398189	1PPE_E	1PPE_I	haddock_1PPE_E_1PPE_I_demo	haddock_1PPE_E_1PPE_I_pose_007	/demo/haddock/1PPE_E_vs_1PPE_I/haddock_1PPE_E_1PPE_I_pose_007.pdb	
HADDOCK	fnat	0.10174973590881978	1PPE_E	1PPE_I	haddock_1PPE_E_1PPE_I_demo	haddock_1PPE_E_1PPE_I_pose_008	/demo/haddock/1PPE_E_vs_1PPE_I/haddock_1PPE_E_1PPE_I_pose_008.pdb	
HADDOCK	fnat	0.07573507481016388	1PPE_E	1PPE_I	haddock_1PPE_E_1PPE_I_demo	haddock_1PPE_E_1PPE_I_pose_009	/demo/haddock/1PPE_E_vs_1PPE_I/haddock_1PPE_E_1PPE_I_pose_009.pdb	
HADDOCK	fnat	0.004121517689954737	1PPE_E	1PPE_I	haddock_1PPE_E_1PPE_I_demo	haddock_1PPE_E_1PPE_I_pose_010	/demo/haddock/1PPE_E_vs_1PPE_I/haddock_1PPE_E_1PPE_I_pose_010.pdb	
HADDOCK	fnat	0.0862247224468553	1PPE_E	1PPE_I	haddock_1PPE_E_1PPE_I_demo	haddock_1PPE_E_1PPE_I_pose_011	/demo/haddock/1PPE_E_vs_1PPE_I/haddock_1PPE_E_1PPE_I_pose_011.pdb	
HADDOCK	fnat	0.01661557510255047	1PPE_E	1PPE_I	haddock_1PPE_E_1PPE_I_demo	haddock_1PPE_E_1PPE_I_pose_012	/demo/haddock/1PPE_E_vs_1PPE_I/haddock_1PPE_E_1PPE_I_pose_012.pdb	
HADDOCK	fnat	0.11650052279844024	1PPE_E	1PPE_I	haddock_1PPE_E_1PPE_I_demo	haddock_1PPE_E_1PPE_I_pose_013	/demo/haddock/1PPE_E_vs_1PPE_I/haddock_1PPE_E_1PPE_I_pose_013.pdb	
HADDOCK	fnat	0.10096395359364099	1PPE_E	1PPE_I	haddock_1PPE_E_1PPE_I_demo	haddock_1PPE_E_1PPE_I_pose_014	/demo/haddock/1PPE_E_vs_1PPE_I/haddock_1PPE_E_1PPE_I_pose_014.pdb	
HADDOCK	fnat	0.07159541903673602	1PPE_E	1PPE_I	haddock_1PPE_E_1PPE_I_demo	haddock_1PPE_E_1PPE_I_pose_015	/demo/haddock/1PPE_E_vs_1PPE_I/haddock_1PPE_E_1PPE_I_pose_015.pdb	
HADDOCK	fnat	0.06628931373744773	1PPE_E	1PPE_I	haddock_1PPE_E_1PPE_I_demo	haddock_1PPE_E_1PPE_I_pose_016	/demo/haddock/1PPE_E_vs_1PPE_I/haddock_1PPE_E_1PPE_I_pose_016.pdb	
HADDOCK	fnat	0.051638709758903195	1PPE_E	1PPE_I	haddock_1PPE_E_1PPE_I_demo	haddock_1PPE_E_1PPE_I_pose_017	/demo/haddock/1PPE_E_vs_1PPE_I/haddock_1PPE_E_1PPE_I_pose_017.pdb	
HADDOCK	fnat	0.08714095805600112	1PPE_E	1PPE_I	haddock_1PPE_E_1PPE_I_demo	haddock_1PPE_E_1PPE_I_pose_018	/demo/haddock/1PPE_E_vs_1PPE_I/haddock_1PPE_E_1PPE_I_pose_018.pdb	
HADDOCK	fnat	0.04516887322151753	1PPE_E	1PPE_I	haddock_1PPE_E_1PPE_I_demo	haddock_1PPE_E_1PPE_I_pose_019	/demo/haddock/1PPE_E_vs_1PPE_I/haddock_1PPE_E_1PPE_I_pose_019.pdb	
HADDOCK	fnat	0.06942279482559575	1PPE_E	1PPE_I	haddock_1PPE_E_1PPE_I_demo	haddock_1PPE_E_1PPE_I_pose_020	/demo/haddock/1PPE_E_vs_1PPE_I/haddock_1PPE_E_1PPE_I_pose_020.pdb	
HADDOCK	fnat	0.09487737466077804	1PPE_E	1PPE_I	haddock_1PPE_E_1PPE_I_demo	haddock_1PPE_E_1PPE_I_pose_021	/demo/haddock/1PPE_E_vs_1PPE_I/haddock_1PPE_E_1PPE_I_pose_021.pdb	
HADDOCK	fnat	0.037527738258976415	1PPE_E	1PPE_I	haddock_1PPE_E_1PPE_I_demo	haddock_1PPE_E_1PPE_I_pose_022	/demo/haddock/1PPE_E_vs_1PPE_I/haddock_1PPE_E_1PPE_I_pose_022.pdb	
HADDOCK	fnat	0.035352290400372216	1PPE_E	1PPE_I	haddock_1PPE_E_1PPE_I_demo	haddock_1PPE_E_1PPE_I_pose_023	/demo/haddock/1PPE_E_vs_1PPE_I/haddock_1PPE_E_1PPE_I_pose_023.pdb	
HADDOCK	fnat	0.012225380771021636	1PPE_E	1PPE_I	haddock_1PPE_E_1PPE_I_demo	haddock_1PPE_E_1PPE_I_pose_024	/demo/haddock/1PPE_E_vs_1PPE_I/haddock_1PPE_E_1PPE_I_pose_024.pdb	
HADDOCK	fnat	0.017421090154953106	1PPE_E	1PPE_I	haddock_1PPE_E_1PPE_I_demo	haddock_1PPE_E_1PPE_I_pose_025	/demo/haddock/1PPE_E_vs_1PPE_I/haddock_1PPE_E_1PPE_I_pose_025.pdb	
HADDOCK	fnat	0.0	1PPE_E	1PPE_I	haddock_1PPE_E_1PPE_I_demo	haddock_1PPE_E_1PPE_I_pose_026	/demo/haddock/1PPE_E_vs_1PPE_I/haddock_1PPE_E_1PPE_I_pose_026.pdb	
HADDOCK	fnat	0.08919315156062119	1PPE_E	1PPE_I	haddock_1PPE_E_1PPE_I_demo	haddock_1PPE_E_1PPE_I_pose_027	/demo/haddock/1PPE_E_vs_1PPE_I/haddock_1PPE_E_1PPE_I_pose_027.pdb	
HADDOCK	fnat	0.13235658168331083	1PPE_E	1PPE_I	haddock_1PPE_E_1PPE_I_demo	haddock_1PPE_E_1PPE_I_pose_028	/demo/haddock/1PPE_E_vs_1PPE_I/haddock_1PPE_E_1PPE_I_pose_028.pdb	
HADDOCK	fnat	0.11701315773881221	1PPE_E	1PPE_I	haddock_1PPE_E_1PPE_I_demo	haddock_1PPE_E_1PPE_I_pose_029	/demo/haddock/1PPE_E_vs_1PPE_I/haddock_1PPE_E_1PPE_I_pose_029.pdb	
HADDOCK	fnat	0.0	1PPE_E	1PPE_I	haddock_1PPE_E_1PPE_I_demo	haddock_1PPE_E_1PPE_I_pose_030	/demo/haddock/1PPE_E_vs_1PPE_I/haddock_1PPE_E_1PPE_I_pose_030.pdb	
HADDOCK	fnat	0.088994186862248	1PPE_E	1PPE_I	haddock_1PPE_E_1PPE_I_demo	haddock_1PPE_E_1PPE_I_pose_031	/demo/haddock/1PPE_E_vs_1PPE_I/haddock_1PPE_E_1PPE_I_pose_031.pdb	
HADDOCK	fnat	0.11688425399694226	1PPE_E	1PPE_I	haddock_1PPE_E_1PPE_I_demo	haddock_1PPE_E_1PPE_I_pose_032	/demo/haddock/1PPE_E_vs_1PPE_I/haddock_1PPE_E_1PPE_I_pose_032.pdb	
HADDOCK	fnat	0.04172760077045344	1PPE_E	1PPE_I	haddock_1PPE_E_1PPE_I_demo	haddock_1PPE_E_1PPE_I_pose_033	/demo/haddock/1PPE_E_vs_1PPE_I/haddock_1PPE_E_1PPE_I_pose_033.pdb	
HADDOCK	fnat	0.06405789722600197	1PPE_E	1PPE_I	haddock_1PPE_E_1PPE_I_demo	haddock_1PPE_E_1PPE_I_pose_034	/demo/haddock/1PPE_E_vs_1PPE_I/haddock_1PPE_E_1PPE_I_pose_034.pdb	
HADDOCK	fnat	0.0	1PPE_E	1PPE_I	haddock_1PPE_E_1PPE_I_demo	haddock_1PPE_E_1PPE_I_pose_035	/demo/haddock/1PPE_E_vs_1PPE_I/haddock_1PPE_E_1PPE_I_pose_035.pdb	
HADDOCK	fnat	0.07066944671906566	1PPE_E	1PPE_I	haddock_1PPE_E_1PPE_I_demo	haddock_1PPE_E_1PPE_I_pose_036	/demo/haddock/1PPE_E_vs_1PPE_I/haddock_1PPE_E_1PPE_I_pose_036.pdb	
HADDOCK	fnat	0.017457610822611297	1PPE_E	1PPE_I	haddock_1PPE_E_1PPE_I_demo	haddock_1PPE_E_1PPE_I_pose_037	/demo/haddock/1PPE_E_vs_1PPE_I/haddock_1PPE_E_1PPE_I_pose_037.pdb	
HADDOCK	fnat	0.06798540071646059	1PPE_E	1PPE_I	haddock_1PPE_E_1PPE_I_demo	haddock_1PPE_E_1PPE_I_pose_038	/demo/haddock/1PPE_E_vs_1PPE_I/haddock_1PPE_E_1PPE_I_pose_038.pdb	
HADDOCK	fnat	0.0	1PPE_E	1PPE_I	haddock_1PPE_E_1PPE_I_demo	haddock_1PPE_E_1PPE_I_pose_039	/demo/haddock/1PPE_E_vs_1PPE_I/haddock_1PPE_E_1PPE_I_pose_039.pdb	
HADDOCK	fnat	0.08171432897910383	1PPE_E	1PPE_I	haddock_1PPE_E_1PPE_I_demo	haddock_1PPE_E_1PPE_I_pose_040	/demo/haddock/1PPE_E_vs_1PPE_I/haddock_1PPE_E_1PPE_I_pose_040.pdb	
HADDOCK	fnat	0.1009805070170676	1PPE_E	1PPE_I	haddock_1PPE_E_1PPE_I_demo	haddock_1PPE_E_1PPE_I_pose_041	/demo/haddock/1PPE_E_vs_1PPE_I/haddock_1PPE_E_1PPE_I_pose_041.pdb	
HADDOCK	fnat	0.028672805531393293	1PPE_E	1PPE_I	haddock_1PPE_E_1PPE_I_demo	haddock_1PPE_E_1PPE_I_pose_042	/demo/haddock/1PPE_E_vs_1PPE_I/haddock_1PPE_E_1PPE_I_pose_042.pdb	
HADDOCK	fnat	0.014523096743582618	1PPE_E	1PPE_I	haddock_1PPE_E_1PPE_I_demo	haddock_1PPE_E_1PPE_I_pose_043	/demo/haddock/1PPE_E_vs_1PPE_I/haddock_1PPE_E_1PPE_I_pose_043.pdb	
HADDOCK	fnat	0.0	1PPE_E	1PPE_I	haddock_1PPE_E_1PPE_I_demo	haddock_1PPE_E_1PPE_I_pose_044	/demo/haddock/1PPE_E_vs_1PPE_I/haddock_1PPE_E_1PPE_I_pose_044.pdb	
HADDOCK	fnat	0.049343458636992917	1PPE_E	1PPE_I	haddock_1PPE_E_1PPE_I_demo	haddock_1PPE_E_1PPE_I_pose_045	/demo/haddock/1PPE_E_vs_1PPE_I/haddock_1PPE_E_1PPE_I_pose_045.pdb	
HADDOCK	fnat	0.03673624262873579	1PPE_E	1PPE_I	haddock_1PPE_E_1PPE_I_demo	haddock_1PPE_E_1PPE_I_pose_046	/demo/haddock/1PPE_E_vs_1PPE_I/haddock_1PPE_E_1PPE_I_pose_046.pdb	
HADDOCK	fnat	0.0	1PPE_E	1PPE_I	haddock_1PPE_E_1PPE_I_demo	haddock_1PPE_E_1PPE_I_pose_047	/demo/haddock/1PPE_E_vs_1PPE_I/haddock_1PPE_E_1PPE_I_pose_047.pdb	
HADDOCK	fnat	0.07812075025248687	1PPE_E	1PPE_I	haddock_1PPE_E_1PPE_I_demo	haddock_1PPE_E_1PPE_I_pose_048	/demo/haddock/1PPE_E_vs_1PPE_I/haddock_1PPE_E_1PPE_I_pose_048.pdb	
HADDOCK	fnat	0.04200118472541403	1PPE_E	1PPE_I	haddock_1PPE_E_1PPE_I_demo	haddock_1PPE_E_1PPE_I_pose_049	/demo/haddock/1PPE_E_vs_1PPE_I/haddock_1PPE_E_1PPE_I_pose_049.pdb	
HADDOCK	fnat	0.016970561654190704	1PPE_E	1PPE_I	haddock_1PPE_E_1PPE_I_demo	haddock_1PPE_E_1PPE_I_pose_050	/demo/haddock/1PPE_E_vs_1PPE_I/haddock_1PPE_E_1PPE_I_pose_050.pdb	
HADDOCK	irmsd	8.613568985898883	1PPE_E	1PPE_I	haddock_1PPE_E_1PPE_I_demo	haddock_1PPE_E_1PPE_I_pose_001	/demo/haddock/1PPE_E_vs_1PPE_I/haddock_1PPE_E_1PPE_I_pose_001.pdb	
HADDOCK	irmsd	12.678261347324039	1PPE_E	1PPE_I	haddock_1PPE_E_1PPE_I_demo	haddock_1PPE_E_1PPE_I_pose_002	/demo/haddock/1PPE_E_vs_1PPE_I/haddock_1PPE_E_1PPE_I_pose_002.pdb	
HADDOCK	irmsd	11.507342359388055	1PPE_E	1PPE_I	haddock_1PPE_E_1PPE_I_demo	haddock_1PPE_E_1PPE_I_pose_003	/demo/haddock/1PPE_E_vs_1PPE_I/haddock_1PPE_E_1PPE_I_pose_003.pdb	
HADDOCK	irmsd	9.674934846253775	1PPE_E	1PPE_I	haddock_1PPE_E_1PPE_I_demo	haddock_1PPE_E_1PPE_I_pose_004	/demo/haddock/1PPE_E_vs_1PPE_I/haddock_1PPE_E_1PPE_I_pose_004.pdb	
HADDOCK	irmsd	11.547762546162131	1PPE_E	1PPE_I	haddock_1PPE_E_1PPE_I_demo	haddock_1PPE_E_1PPE_I_pose_005	/demo/haddock/1PPE_E_vs_1PPE_I/haddock_1PPE_E_1PPE_I_pose_005.pdb	
HADDOCK	irmsd	7.097720109033153	1PPE_E	1PPE_I	haddock_1PPE_E_1PPE_I_demo	haddock_1PPE_E_1PPE_I_pose_006	/demo/haddock/1PPE_E_vs_1PPE_I/haddock_1PPE_E_1PPE_I_pose_006.pdb	
HADDOCK	irmsd	10.080925251817577	1PPE_E	1PPE_I	haddock_1PPE_E_1PPE_I_demo	haddock_1PPE_E_1PPE_I_pose_007	/demo/haddock/1PPE_E_vs_1PPE_I/haddock_1PPE_E_1PPE_I_pose_007.pdb	
HADDOCK	irmsd	10.368305826216176	1PPE_E	1PPE_I	haddock_1PPE_E_1PPE_I_demo	haddock_1PPE_E_1PPE_I_pose_008	/demo/haddock/1PPE_E_vs_1PPE_I/haddock_1PPE_E_1PPE_I_pose_008.pdb	
HADDOCK	irmsd	8.825408728753183	1PPE_E	1PPE_I	haddock_1PPE_E_1PPE_I_demo	haddock_1PPE_E_1PPE_I_pose_009	/demo/haddock/1PPE_E_vs_1PPE_I/haddock_1PPE_E_1PPE_I_pose_009.pdb	
HADDOCK	irmsd	11.088645839893545	1PPE_E	1PPE_I	haddock_1PPE_E_1PPE_I_demo	haddock_1PPE_E_1PPE_I_pose_010	/demo/haddock/1PPE_E_vs_1PPE_I/haddock_1PPE_E_1PPE_I_pose_010.pdb	
HADDOCK	irmsd	8.048916363388871	1PPE_E	1PPE_I	haddock_1PPE_E_1PPE_I_demo	haddock_1PPE_E_1PPE_I_pose_011	/demo/haddock/1PPE_E_vs_1PPE_I/haddock_1PPE_E_1PPE_I_pose_011.pdb	
HADDOCK	irmsd	11.274551769440295	1PPE_E	1PPE_I	haddock_1PPE_E_1PPE_I_demo	haddock_1PPE_E_1PPE_I_pose_012	/demo/haddock/1PPE_E_vs_1PPE_I/haddock_1PPE_E_1PPE_I_pose_012.pdb	
HADDOCK	irmsd	11.37964692882823	1PPE_E	1PPE_I	haddock_1PPE_E_1PPE_I_demo	haddock_1PPE_E_1PPE_I_pose_013	/demo/haddock/1PPE_E_vs_1PPE_I/haddock_1PPE_E_1PPE_I_pose_013.pdb	
HADDOCK	irmsd	2.707100298257334	1PPE_E	1PPE_I	haddock_1PPE_E_1PPE_I_demo	haddock_1PPE_E_1PPE_I_pose_014	/demo/haddock/1PPE_E_vs_1PPE_I/haddock_1PPE_E_1PPE_I_pose_014.pdb	
HADDOCK	irmsd	12.975764258775294	1PPE_E	1PPE_I	haddock_1PPE_E_1PPE_I_demo	haddock_1PPE_E_1PPE_I_pose_015	/demo/haddock/1PPE_E_vs_1PPE_I/haddock_1PPE_E_1PPE_I_pose_015.pdb	
HADDOCK	irmsd	2.3809185866181153	1PPE_E	1PPE_I	haddock_1PPE_E_1PPE_I_demo	haddock_1PPE_E_1PPE_I_pose_016	/demo/haddock/1PPE_E_vs_1PPE_I/haddock_1PPE_E_1PPE_I_pose_016.pdb	
HADDOCK	irmsd	8.459877436109686	1PPE_E	1PPE_I	haddock_1PPE_E_1PPE_I_demo	haddock_1PPE_E_1PPE_I_pose_017	/demo/haddock/1PPE_E_vs_1PPE_I/haddock_1PPE_E_1PPE_I_pose_017.pdb	
HADDOCK	irmsd	12.563370085644387	1PPE_E	1PPE_I	haddock_1PPE_E_1PPE_I_demo	haddock_1PPE_E_1PPE_I_pose_018	/demo/haddock/1PPE_E_vs_1PPE_I/haddock_1PPE_E_1PPE_I_pose_018.pdb	
HADDOCK	irmsd	9.206783186868899	1PPE_E	1PPE_I	haddock_1PPE_E_1PPE_I_demo	haddock_1PPE_E_1PPE_I_pose_019	/demo/haddock/1PPE_E_vs_1PPE_I/haddock_1PPE_E_1PPE_I_pose_019.pdb	
HADDOCK	irmsd	6.334535043826145	1PPE_E	1PPE_I	haddock_1PPE_E_1PPE_I_demo	haddock_1PPE_E_1PPE_I_pose_020	/demo/haddock/1PPE_E_vs_1PPE_I/haddock_1PPE_E_1PPE_I_pose_020.pdb	
HADDOCK	irmsd	7.265657345708323	1PPE_E	1PPE_I	haddock_1PPE_E_1PPE_I_demo	haddock_1PPE_E_1PPE_I_pose_021	/demo/haddock/1PPE_E_vs_1PPE_I/haddock_1PPE_E_1PPE_I_pose_021.pdb	
HADDOCK	irmsd	12.567264365801549	1PPE_E	1PPE_I	haddock_1PPE_E_1PPE_I_demo	haddock_1PPE_E_1PPE_I_pose_022	/demo/haddock/1PPE_E_vs_1PPE_I/haddock_1PPE_E_1PPE_I_pose_022.pdb	
HADDOCK	irmsd	5.196238673628405	1PPE_E	1PPE_I	haddock_1PPE_E_1PPE_I_demo	haddock_1PPE_E_1PPE_I_pose_023	/demo/haddock/1PPE_E_vs_1PPE_I/haddock_1PPE_E_1PPE_I_pose_023.pdb	
HADDOCK	irmsd	12.822477752405042	1PPE_E	1PPE_I	haddock_1PPE_E_1PPE_I_demo	haddock_1PPE_E_1PPE_I_pose_024	/demo/haddock/1PPE_E_vs_1PPE_I/haddock_1PPE_E_1PPE_I_pose_024.pdb	
HADDOCK	irmsd	9.862244752394277	1PPE_E	1PPE_I	haddock_1PPE_E_1PPE_I_demo	haddock_1PPE_E_1PPE_I_pose_025	/demo/haddock/1PPE_E_vs_1PPE_I/haddock_1PPE_E_1PPE_I_pose_025.pdb	
HADDOCK	irmsd	7.019011673893916	1PPE_E	1PPE_I	haddock_1PPE_E_1PPE_I_demo	haddock_1PPE_E_1PPE_I_pose_026	/demo/haddock/1PPE_E_vs_1PPE_I/haddock_1PPE_E_1PPE_I_pose_026.pdb	
HADDOCK	irmsd	8.542212319243273	1PPE_E	1PPE_I	haddock_1PPE_E_1PPE_I_demo	haddock_1PPE_E_1PPE_I_pose_027	/demo/haddock/1PPE_E_vs_1PPE_I/haddock_1PPE_E_1PPE_I_pose_027.pdb	
HADDOCK	irmsd	7.456939147245897	1PPE_E	1PPE_I	haddock_1PPE_E_1PPE_I_demo	haddock_1PPE_E_1PPE_I_pose_028	/demo/haddock/1PPE_E_vs_1PPE_I/haddock_1PPE_E_1PPE_I_pose_028.pdb	
HADDOCK	irmsd	12.165563002146321	1PPE_E	1PPE_I	haddock_1PPE_E_1PPE_I_demo	haddock_1PPE_E_1PPE_I_pose_029	/demo/haddock/1PPE_E_vs_1PPE_I/haddock_1PPE_E_1PPE_I_pose_029.pdb	
HADDOCK	irmsd	11.831069524407095	1PPE_E	1PPE_I	haddock_1PPE_E_1PPE_I_demo	haddock_1PPE_E_1PPE_I_pose_030	/demo/haddock/1PPE_E_vs_1PPE_I/haddock_1PPE_E_1PPE_I_pose_030.pdb	
HADDOCK	irmsd	5.702097165309883	1PPE_E	1PPE_I	haddock_1PPE_E_1PPE_I_demo	haddock_1PPE_E_1PPE_I_pose_031	/demo/haddock/1PPE_E_vs_1PPE_I/haddock_1PPE_E_1PPE_I_pose_031.pdb	
HADDOCK	irmsd	8.991019703701665	1PPE_E	1PPE_I	haddock_1PPE_E_1PPE_I_demo	haddock_1PPE_E_1PPE_I_pose_032	/demo/haddock/1PPE_E_vs_1PPE_I/haddock_1PPE_E_1PPE_I_pose_032.pdb	
HADDOCK	irmsd	7.842035844139307	1PPE_E	1PPE_I	haddock_1PPE_E_1PPE_I_demo	haddock_1PPE_E_1PPE_I_pose_033	/demo/haddock/1PPE_E_vs_1PPE_I/haddock_1PPE_E_1PPE_I_pose_033.pdb	
HADDOCK	irmsd	13.233774921148425	1PPE_E	1PPE_I	haddock_1PPE_E_1PPE_I_demo	haddock_1PPE_E_1PPE_I_pose_034	/demo/haddock/1PPE_E_vs_1PPE_I/haddock_1PPE_E_1PPE_I_pose_034.pdb	
HADDOCK	irmsd	6.624752204683947	1PPE_E	1PPE_I	haddock_1PPE_E_1PPE_I_demo	haddock_1PPE_E_1PPE_I_pose_035	/demo/haddock/1PPE_E_vs_1PPE_I/haddock_1PPE_E_1PPE_I_pose_035.pdb	
HADDOCK	irmsd	14.010572761712535	1PPE_E	1PPE_I	haddock_1PPE_E_1PPE_I_demo	haddock_1PPE_E_1PPE_I_pose_036	/demo/haddock/1PPE_E_vs_1PPE_I/haddock_1PPE_E_1PPE_I_pose_036.pdb	
HADDOCK	irmsd	9.916763151207656	1PPE_E	1PPE_I	haddock_1PPE_E_1PPE_I_demo	haddock_1PPE_E_1PPE_I_pose_037	/demo/haddock/1PPE_E_vs_1PPE_I/haddock_1PPE_E_1PPE_I_pose_037.pdb	
HADDOCK	irmsd	7.0951639840497815	1PPE_E	1PPE_I	haddock_1PPE_E_1PPE_I_demo	haddock_1PPE_E_1PPE_I_pose_038	/demo/haddock/1PPE_E_vs_1PPE_I/haddock_1PPE_E_1PPE_I_pose_038.pdb	
HADDOCK	irmsd	8.306814539976806	1PPE_E	1PPE_I	haddock_1PPE_E_1PPE_I_demo	haddock_1PPE_E_1PPE_I_pose_039	/demo/haddock/1PPE_E_vs_1PPE_I/haddock_1PPE_E_1PPE_I_pose_039.pdb	
HADDOCK	irmsd	7.995952898078873	1PPE_E	1PPE_I	haddock_1PPE_E_1PPE_I_demo	haddock_1PPE_E_1PPE_I_pose_040	/demo/haddock/1PPE_E_vs_1PPE_I/haddock_1PPE_E_1PPE_I_pose_040.pdb	
HADDOCK	irmsd	6.813453994961235	1PPE_E	1PPE_I	haddock_1PPE_E_1PPE_I_demo	haddock_1PPE_E_1PPE_I_pose_041	/demo/haddock/1PPE_E_vs_1PPE_I/haddock_1PPE_E_1PPE_I_pose_041.pdb	
HADDOCK	irmsd	10.23706714932594	1PPE_E	1PPE_I	haddock_1PPE_E_1PPE_I_demo	haddock_1PPE_E_1PPE_I_pose_042	/demo/haddock/1PPE_E_vs_1PPE_I/haddock_1PPE_E_1PPE_I_pose_042.pdb	
HADDOCK	irmsd	6.930211123270391	1PPE_E	1PPE_I	haddock_1PPE_E_1PPE_I_demo	haddock_1PPE_E_1PPE_I_pose_043	/demo/haddock/1PPE_E_vs_1PPE_I/haddock_1PPE_E_1PPE_I_pose_043.pdb	
HADDOCK	irmsd	4.549084478154528	1PPE_E	1PPE_I	haddock_1PPE_E_1PPE_I_demo	haddock_1PPE_E_1PPE_I_pose_044	/demo/haddock/1PPE_E_vs_1PPE_I/haddock_1PPE_E_1PPE_I_pose_044.pdb	
HADDOCK	irmsd	9.050808822879567	1PPE_E	1PPE_I	haddock_1PPE_E_1PPE_I_demo	haddock_1PPE_E_1PPE_I_pose_045	/demo/haddock/1PPE_E_vs_1PPE_I/haddock_1PPE_E_1PPE_I_pose_045.pdb	
HADDOCK	irmsd	5.492859508955293	1PPE_E	1PPE_I	haddock_1PPE_E_1PPE_I_demo	haddock_1PPE_E_1PPE_I_pose_046	/demo/haddock/1PPE_E_vs_1PPE_I/haddock_1PPE_E_1PPE_I_pose_046.pdb	
HADDOCK	irmsd	8.1195978298312	1PPE_E	1PPE_I	haddock_1PPE_E_1PPE_I_demo	haddock_1PPE_E_1PPE_I_pose_047	/demo/haddock/1PPE_E_vs_1PPE_I/haddock_1PPE_E_1PPE_I_pose_047.pdb	
HADDOCK	irmsd	7.72724277849161	1PPE_E	1PPE_I	haddock_1PPE_E_1PPE_I_demo	haddock_1PPE_E_1PPE_I_pose_048	/demo/haddock/1PPE_E_vs_1PPE_I/haddock_1PPE_E_1PPE_I_pose_048.pdb	
HADDOCK	irmsd	7.821959819935465	1PPE_E	1PPE_I	haddock_1PPE_E_1PPE_I_demo	haddock_1PPE_E_1PPE_I_pose_049	/demo/haddock/1PPE_E_vs_1PPE_I/haddock_1PPE_E_1PPE_I_pose_049.pdb	
HADDOCK	irmsd	15.002407753975383	1PPE_E	1PPE_I	haddock_1PPE_E_1PPE_I_demo	haddock_1PPE_E_1PPE_I_pose_050	/demo/haddock/1PPE_E_vs_1PPE_I/haddock_1PPE_E_1PPE_I_pose_050.pdb	
HADDOCK	lrmsd	22.282057835847855	1PPE_E	1PPE_I	haddock_1PPE_E_1PPE_I_demo	haddock_1PPE_E_1PPE_I_pose_001	/demo/haddock/1PPE_E_vs_1PPE_I/haddock_1PPE_E_1PPE_I_pose_001.pdb	
HADDOCK	lrmsd	23.22685504497666	1PPE_E	1PPE_I	haddock_1PPE_E_1PPE_I_demo	haddock_1PPE_E_1PPE_I_pose_002	/demo/haddock/1PPE_E_vs_1PPE_I/haddock_1PPE_E_1PPE_I_pose_002.pdb	
HADDOCK	lrmsd	13.118008518288526	1PPE_E	1PPE_I	haddock_1PPE_E_1PPE_I_demo	haddock_1PPE_E_1PPE_I_pose_003	/demo/haddock/1PPE_E_vs_1PPE_I/haddock_1PPE_E_1PPE_I_pose_003.pdb	
HADDOCK	lrmsd	18.73018433181539	1PPE_E	1PPE_I	haddock_1PPE_E_1PPE_I_demo	haddock_1PPE_E_1PPE_I_pose_004	/demo/haddock/1PPE_E_vs_1PPE_I/haddock_1PPE_E_1PPE_I_pose_004.pdb	
HADDOCK	lrmsd	23.07651314970756	1PPE_E	1PPE_I	haddock_1PPE_E_1PPE_I_demo	haddock_1PPE_E_1PPE_I_pose_005	/demo/haddock/1PPE_E_vs_1PPE_I/haddock_1PPE_E_1PPE_I_pose_005.pdb	
HADDOCK	lrmsd	16.877355435434968	1PPE_E	1PPE_I	haddock_1PPE_E_1PPE_I_demo	haddock_1PPE_E_1PPE_I_pose_006	/demo/haddock/1PPE_E_vs_1PPE_I/haddock_1PPE_E_1PPE_I_pose_006.pdb	
HADDOCK	lrmsd	26.540314217589927	1PPE_E	1PPE_I	haddock_1PPE_E_1PPE_I_demo	haddock_1PPE_E_1PPE_I_pose_007	/demo/haddock/1PPE_E_vs_1PPE_I/haddock_1PPE_E_1PPE_I_pose_007.pdb	
HADDOCK	lrmsd	15.986517070494848	1PPE_E	1PPE_I	haddock_1PPE_E_1PPE_I_demo	haddock_1PPE_E_1PPE_I_pose_008	/demo/haddock/1PPE_E_vs_1PPE_I/haddock_1PPE_E_1PPE_I_pose_008.pdb	
HADDOCK	lrmsd	20.568169320674123	1PPE_E	1PPE_I	haddock_1PPE_E_1PPE_I_demo	haddock_1PPE_E_1PPE_I_pose_009	/demo/haddock/1PPE_E_vs_1PPE_I/haddock_1PPE_E_1PPE_I_pose_009.pdb	
HADDOCK	lrmsd	19.069741800122205	1PPE_E	1PPE_I	haddock_1PPE_E_1PPE_I_demo	haddock_1PPE_E_1PPE_I_pose_010	/demo/haddock/1PPE_E_vs_1PPE_I/haddock_1PPE_E_1PPE_I_pose_010.pdb	
HADDOCK	lrmsd	22.82160329690958	1PPE_E	1PPE_I	haddock_1PPE_E_1PPE_I_demo	haddock_1PPE_E_1PPE_I_pose_011	/demo/haddock/1PPE_E_vs_1PPE_I/haddock_1PPE_E_1PPE_I_pose_011.pdb	
HADDOCK	lrmsd	18.79754964072287	1PPE_E	1PPE_I	haddock_1PPE_E_1PPE_I_demo	haddock_1PPE_E_1PPE_I_pose_012	/demo/haddock/1PPE_E_vs_1PPE_I/haddock_1PPE_E_1PPE_I_pose_012.pdb	
HADDOCK	lrmsd	20.645531864645314	1PPE_E	1PPE_I	haddock_1PPE_E_1PPE_I_demo	haddock_1PPE_E_1PPE_I_pose_013	/demo/haddock/1PPE_E_vs_1PPE_I/haddock_1PPE_E_1PPE_I_pose_013.pdb	
HADDOCK	lrmsd	20.81934954111007	1PPE_E	1PPE_I	haddock_1PPE_E_1PPE_I_demo	haddock_1PPE_E_1PPE_I_pose_014	/demo/haddock/1PPE_E_vs_1PPE_I/haddock_1PPE_E_1PPE_I_pose_014.pdb	
HADDOCK	lrmsd	18.328061213043494	1PPE_E	1PPE_I	haddock_1PPE_E_1PPE_I_demo	haddock_1PPE_E_1PPE_I_pose_015	/demo/haddock/1PPE_E_vs_1PPE_I/haddock_1PPE_E_1PPE_I_pose_015.pdb	
HADDOCK	lrmsd	24.425469342485563	1PPE_E	1PPE_I	haddock_1PPE_E_1PPE_I_demo	haddock_1PPE_E_1PPE_I_pose_016	/demo/haddock/1PPE_E_vs_1PPE_I/haddock_1PPE_E_1PPE_I_pose_016.pdb	
HADDOCK	lrmsd	23.191941874187126	1PPE_E	1PPE_I	haddock_1PPE_E_1PPE_I_demo	haddock_1PPE_E_1PPE_I_pose_017	/demo/haddock/1PPE_E_vs_1PPE_I/haddock_1PPE_E_1PPE_I_pose_017.pdb	
HADDOCK	lrmsd	21.556930273734164	1PPE_E	1PPE_I	haddock_1PPE_E_1PPE_I_demo	haddock_1PPE_E_1PPE_I_pose_018	/demo/haddock/1PPE_E_vs_1PPE_I/haddock_1PPE_E_1PPE_I_pose_018.pdb	
HADDOCK	lrmsd	19.84770833269021	1PPE_E	1PPE_I	haddock_1PPE_E_1PPE_I_demo	haddock_1PPE_E_1PPE_I_pose_019	/demo/haddock/1PPE_E_vs_1PPE_I/haddock_1PPE_E_1PPE_I_pose_019.pdb	
HADDOCK	lrmsd	25.982720152599985	1PPE_E	1PPE_I	haddock_1PPE_E_1PPE_I_demo	haddock_1PPE_E_1PPE_I_pose_020	/demo/haddock/1PPE_E_vs_1PPE_I/haddock_1PPE_E_1PPE_I_pose_020.pdb	
HADDOCK	lrmsd	20.820828780929094	1PPE_E	1PPE_I	haddock_1PPE_E_1PPE_I_demo	haddock_1PPE_E_1PPE_I_pose_021	/demo/haddock/1PPE_E_vs_1PPE_I/haddock_1PPE_E_1PPE_I_pose_021.pdb	
HADDOCK	lrmsd	20.466513560870315	1PPE_E	1PPE_I	haddock_1PPE_E_1PPE_I_demo	haddock_1PPE_E_1PPE_I_pose_022	/demo/haddock/1PPE_E_vs_1PPE_I/haddock_1PPE_E_1PPE_I_pose_022.pdb	
HADDOCK	lrmsd	22.52345014944063	1PPE_E	1PPE_I	haddock_1PPE_E_1PPE_I_demo	haddock_1PPE_E_1PPE_I_pose_023	/demo/haddock/1PPE_E_vs_1PPE_I/haddock_1PPE_E_1PPE_I_pose_023.pdb	
HADDOCK	lrmsd	30.48293341485425	1PPE_E	1PPE_I	haddock_1PPE_E_1PPE_I_demo	haddock_1PPE_E_1PPE_I_pose_024	/demo/haddock/1PPE_E_vs_1PPE_I/haddock_1PPE_E_1PPE_I_pose_024.pdb	
HADDOCK	lrmsd	15.29821895989398	1PPE_E	1PPE_I	haddock_1PPE_E_1PPE_I_demo	haddock_1PPE_E_1PPE_I_pose_025	/demo/haddock/1PPE_E_vs_1PPE_I/haddock_1PPE_E_1PPE_I_pose_025.pdb	
HADDOCK	lrmsd	25.849284465276774	1PPE_E	1PPE_I	haddock_1PPE_E_1PPE_I_demo	haddock_1PPE_E_1PPE_I_pose_026	/demo/haddock/1PPE_E_vs_1PPE_I/haddock_1PPE_E_1PPE_I_pose_026.pdb	
HADDOCK	lrmsd	12.534144193809475	1PPE_E	1PPE_I	haddock_1PPE_E_1PPE_I_demo	haddock_1PPE_E_1PPE_I_pose_027	/demo/haddock/1PPE_E_vs_1PPE_I/haddock_1PPE_E_1PPE_I_pose_027.pdb	
HADDOCK	lrmsd	23.08636579114312	1PPE_E	1PPE_I	haddock_1PPE_E_1PPE_I_demo	haddock_1PPE_E_1PPE_I_pose_028	/demo/haddock/1PPE_E_vs_1PPE_I/haddock_1PPE_E_1PPE_I_pose_028.pdb	
HADDOCK	lrmsd	29.875414138043652	1PPE_E	1PPE_I	haddock_1PPE_E_1PPE_I_demo	haddock_1PPE_E_1PPE_I_pose_029	/demo/haddock/1PPE_E_vs_1PPE_I/haddock_1PPE_E_1PPE_I_pose_029.pdb	
HADDOCK	lrmsd	24.443342622336537	1PPE_E	1PPE_I	haddock_1PPE_E_1PPE_I_demo	haddock_1PPE_E_1PPE_I_pose_030	/demo/haddock/1PPE_E_vs_1PPE_I/haddock_1PPE_E_1PPE_I_pose_030.pdb	
HADDOCK	lrmsd	22.853125392698963	1PPE_E	1PPE_I	haddock_1PPE_E_1PPE_I_demo	haddock_1PPE_E_1PPE_I_pose_031	/demo/haddock/1PPE_E_vs_1PPE_I/haddock_1PPE_E_1PPE_I_pose_031.pdb	
HADDOCK	lrmsd	19.197752655984623	1PPE_E	1PPE_I	haddock_1PPE_E_1PPE_I_demo	haddock_1PPE_E_1PPE_I_pose_032	/demo/haddock/1PPE_E_vs_1PPE_I/haddock_1PPE_E_1PPE_I_pose_032.pdb	
HADDOCK	lrmsd	22.15523600244277	1PPE_E	1PPE_I	haddock_1PPE_E_1PPE_I_demo	haddock_1PPE_E_1PPE_I_pose_033	/demo/haddock/1PPE_E_vs_1PPE_I/haddock_1PPE_E_1PPE_I_pose_033.pdb	
HADDOCK	lrmsd	20.73968592298322	1PPE_E	1PPE_I	haddock_1PPE_E_1PPE_I_demo	haddock_1PPE_E_1PPE_I_pose_034	/demo/haddock/1PPE_E_vs_1PPE_I/haddock_1PPE_E_1PPE_I_pose_034.pdb	
HADDOCK	lrmsd	18.070116960343224	1PPE_E	1PPE_I	haddock_1PPE_E_1PPE_I_demo	haddock_1PPE_E_1PPE_I_pose_035	/demo/haddock/1PPE_E_vs_1PPE_I/haddock_1PPE_E_1PPE_I_pose_035.pdb	
HADDOCK	lrmsd	20.550621922625652	1PPE_E	1PPE_I	haddock_1PPE_E_1PPE_I_demo	haddock_1PPE_E_1PPE_I_pose_036	/demo/haddock/1PPE_E_vs_1PPE_I/haddock_1PPE_E_1PPE_I_pose_036.pdb	
HADDOCK	lrmsd	22.991905803132198	1PPE_E	1PPE_I	haddock_1PPE_E_1PPE_I_demo	haddock_1PPE_E_1PPE_I_pose_037	/demo/haddock/1PPE_E_vs_1PPE_I/haddock_1PPE_E_1PPE_I_pose_037.pdb	
HADDOCK	lrmsd	18.163914657346798	1PPE_E	1PPE_I	haddock_1PPE_E_1PPE_I_demo	haddock_1PPE_E_1PPE_I_pose_038	/demo/haddock/1PPE_E_vs_1PPE_I/haddock_1PPE_E_1PPE_I_pose_038.pdb	
HADDOCK	lrmsd	17.96859089657658	1PPE_E	1PPE_I	haddock_1PPE_E_1PPE_I_demo	haddock_1PPE_E_1PPE_I_pose_039	/demo/haddock/1PPE_E_vs_1PPE_I/haddock_1PPE_E_1PPE_I_pose_039.pdb	
HADDOCK	lrmsd	15.198782812039127	1PPE_E	1PPE_I	haddock_1PPE_E_1PPE_I_demo	haddock_1PPE_E_1PPE_I_pose_040	/demo/haddock/1PPE_E_vs_1PPE_I/haddock_1PPE_E_1PPE_I_pose_040.pdb	
HADDOCK	lrmsd	23.95362513044448	1PPE_E	1PPE_I	haddock_1PPE_E_1PPE_I_demo	haddock_1PPE_E_1PPE_I_pose_041	/demo/haddock/1PPE_E_vs_1PPE_I/haddock_1PPE_E_1PPE_I_pose_041.pdb	
HADDOCK	lrmsd	24.7266163098353	1PPE_E	1PPE_I	haddock_1PPE_E_1PPE_I_demo	haddock_1PPE_E_1PPE_I_pose_042	/demo/haddock/1PPE_E_vs_1PPE_I/haddock_1PPE_E_1PPE_I_pose_042.pdb	
HADDOCK	lrmsd	23.158302221182588	1PPE_E	1PPE_I	haddock_1PPE_E_1PPE_I_demo	haddock_1PPE_E_1PPE_I_pose_043	/demo/haddock/1PPE_E_vs_1PPE_I/haddock_1PPE_E_1PPE_I_pose_043.pdb	
HADDOCK	lrmsd	26.82585246364333	1PPE_E	1PPE_I	haddock_1PPE_E_1PPE_I_demo	haddock_1PPE_E_1PPE_I_pose_044	/demo/haddock/1PPE_E_vs_1PPE_I/haddock_1PPE_E_1PPE_I_pose_044.pdb	
HADDOCK	lrmsd	22.43933818540364	1PPE_E	1PPE_I	haddock_1PPE_E_1PPE_I_demo	haddock_1PPE_E_1PPE_I_pose_045	/demo/haddock/1PPE_E_vs_1PPE_I/haddock_1PPE_E_1PPE_I_pose_045.pdb	
HADDOCK	lrmsd	23.960054686828784	1PPE_E	1PPE_I	haddock_1PPE_E_1PPE_I_demo	haddock_1PPE_E_1PPE_I_pose_046	/demo/haddock/1PPE_E_vs_1PPE_I/haddock_1PPE_E_1PPE_I_pose_046.pdb	
HADDOCK	lrmsd	23.519187128187813	1PPE_E	1PPE_I	haddock_1PPE_E_1PPE_I_demo	haddock_1PPE_E_1PPE_I_pose_047	/demo/haddock/1PPE_E_vs_1PPE_I/haddock_1PPE_E_1PPE_I_pose_047.pdb	
HADDOCK	lrmsd	21.54229990290896	1PPE_E	1PPE_I	haddock_1PPE_E_1PPE_I_demo	haddock_1PPE_E_1PPE_I_pose_048	/demo/haddock/1PPE_E_vs_1PPE_I/haddock_1PPE_E_1PPE_I_pose_048.pdb	
HADDOCK	lrmsd	19.345890859351762	1PPE_E	1PPE_I	haddock_1PPE_E_1PPE_I_demo	haddock_1PPE_E_1PPE_I_pose_049	/demo/haddock/1PPE_E_vs_1PPE_I/haddock_1PPE_E_1PPE_I_pose_049.pdb	
HADDOCK	lrmsd	33.07076307895956	1PPE_E	1PPE_I	haddock_1PPE_E_1PPE_I_demo	haddock_1PPE_E_1PPE_I_pose_050	/demo/haddock/1PPE_E_vs_1PPE_I/haddock_1PPE_E_1PPE_I_pose_050.pdb	
LightDock	dockq	0.05288294120878949	1PPE_E	1PPE_I	lightdock_1PPE_E_1PPE_I_demo	lightdock_1PPE_E_1PPE_I_pose_001	/demo/lightdock/1PPE_E_vs_1PPE_I/lightdock_1PPE_E_1PPE_I_pose_001.pdb	
LightDock	dockq	0.04004733733277382	1PPE_E	1PPE_I	lightdock_1PPE_E_1PPE_I_demo	lightdock_1PPE_E_1PPE_I_pose_002	/demo/lightdock/1PPE_E_vs_1PPE_I/lightdock_1PPE_E_1PPE_I_pose_002.pdb	
LightDock	dockq	0.10604058940700642	1PPE_E	1PPE_I	lightdock_1PPE_E_1PPE_I_demo	lightdock_1PPE_E_1PPE_I_pose_003	/demo/lightdock/1PPE_E_vs_1PPE_I/lightdock_1PPE_E_1PPE_I_pose_003.pdb	
LightDock	dockq	0.0951112649177003	1PPE_E	1PPE_I	lightdock_1PPE_E_1PPE_I_demo	lightdock_1PPE_E_1PPE_I_pose_004	/demo/lightdock/1PPE_E_vs_1PPE_I/lightdock_1PPE_E_1PPE_I_pose_004.pdb	
LightDock	dockq	0.0	1PPE_E	1PPE_I	lightdock_1PPE_E_1PPE_I_demo	lightdock_1PPE_E_1PPE_I_pose_005	/demo/lightdock/1PPE_E_vs_1PPE_I/lightdock_1PPE_E_1PPE_I_pose_005.pdb	
LightDock	dockq	0.1473606952738243	1PPE_E	1PPE_I	lightdock_1PPE_E_1PPE_I_demo	lightdock_1PPE_E_1PPE_I_pose_006	/demo/lightdock/1PPE_E_vs_1PPE_I/lightdock_1PPE_E_1PPE_I_pose_006.pdb	
LightDock	dockq	0.07434832547895	1PPE_E	1PPE_I	lightdock_1PPE_E_1PPE_I_demo	lightdock_1PPE_E_1PPE_I_pose_007	/demo/lightdock/1PPE_E_vs_1PPE_I/lightdock_1PPE_E_1PPE_I_pose_007.pdb	
LightDock	dockq	0.013344134287056775	1PPE_E	1PPE_I	lightdock_1PPE_E_1PPE_I_demo	lightdock_1PPE_E_1PPE_I_pose_008	/demo/lightdock/1PPE_E_vs_1PPE_I/lightdock_1PPE_E_1PPE_I_pose_008.pdb	
LightDock	dockq	0.15132704686123244	1PPE_E	1PPE_I	lightdock_1PPE_E_1PPE_I_demo	lightdock_1PPE_E_1PPE_I_pose_009	/demo/lightdock/1PPE_E_vs_1PPE_I/lightdock_1PPE_E_1PPE_I_pose_009.pdb	
LightDock	dockq	0.11754053429576924	1PPE_E	1PPE_I	lightdock_1PPE_E_1PPE_I_demo	lightdock_1PPE_E_1PPE_I_pose_010	/demo/lightdock/1PPE_E_vs_1PPE_I/lightdock_1PPE_E_1PPE_I_pose_010.pdb	
LightDock	dockq	0.004127480483125154	1PPE_E	1PPE_I	lightdock_1PPE_E_1PPE_I_demo	lightdock_1PPE_E_1PPE_I_pose_011	/demo/lightdock/1PPE_E_vs_1PPE_I/lightdock_1PPE_E_1PPE_I_pose_011.pdb	
LightDock	dockq	0.18663097041546345	1PPE_E	1PPE_I	lightdock_1PPE_E_1PPE_I_demo	lightdock_1PPE_E_1PPE_I_pose_012	/demo/lightdock/1PPE_E_vs_1PPE_I/lightdock_1PPE_E_1PPE_I_pose_012.pdb	
LightDock	dockq	0.11952784210197157	1PPE_E	1PPE_I	lightdock_1PPE_E_1PPE_I_demo	lightdock_1PPE_E_1PPE_I_pose_013	/demo/lightdock/1PPE_E_vs_1PPE_I/lightdock_1PPE_E_1PPE_I_pose_013.pdb	
LightDock	dockq	0.07938823306249723	1PPE_E	1PPE_I	lightdock_1PPE_E_1PPE_I_demo	lightdock_1PPE_E_1PPE_I_pose_014	/demo/lightdock/1PPE_E_vs_1PPE_I/lightdock_1PPE_E_1PPE_I_pose_014.pdb	
LightDock	dockq	0.17541312833730677	1PPE_E	1PPE_I	lightdock_1PPE_E_1PPE_I_demo	lightdock_1PPE_E_1PPE_I_pose_015	/demo/lightdock/1PPE_E_vs_1PPE_I/lightdock_1PPE_E_1PPE_I_pose_015.pdb	
LightDock	dockq	0.08955786702977844	1PPE_E	1PPE_I	lightdock_1PPE_E_1PPE_I_demo	lightdock_1PPE_E_1PPE_I_pose_016	/demo/lightdock/1PPE_E_vs_1PPE_I/lightdock_1PPE_E_1PPE_I_pose_016.pdb	
LightDock	dockq	0.07831501549375808	1PPE_E	1PPE_I	lightdock_1PPE_E_1PPE_I_demo	lightdock_1PPE_E_1PPE_I_pose_017	/demo/lightdock/1PPE_E_vs_1PPE_I/lightdock_1PPE_E_1PPE_I_pose_017.pdb	
LightDock	dockq	0.04038199303868066	1PPE_E	1PPE_I	lightdock_1PPE_E_1PPE_I_demo	lightdock_1PPE_E_1PPE_I_pose_018	/demo/lightdock/1PPE_E_vs_1PPE_I/lightdock_1PPE_E_1PPE_I_pose_018.pdb	
LightDock	dockq	0.1149110263584247	1PPE_E	1PPE_I	lightdock_1PPE_E_1PPE_I_demo	lightdock_1PPE_E_1PPE_I_pose_019	/demo/lightdock/1PPE_E_vs_1PPE_I/lightdock_1PPE_E_1PPE_I_pose_019.pdb	
LightDock	dockq	0.1085961780394388	1PPE_E	1PPE_I	lightdock_1PPE_E_1PPE_I_demo	lightdock_1PPE_E_1PPE_I_pose_020	/demo/lightdock/1PPE_E_vs_1PPE_I/lightdock_1PPE_E_1PPE_I_pose_020.pdb	
LightDock	dockq	0.08088080839338267	1PPE_E	1PPE_I	lightdock_1PPE_E_1PPE_I_demo	lightdock_1PPE_E_1PPE_I_pose_021	/demo/lightdock/1PPE_E_vs_1PPE_I/lightdock_1PPE_E_1PPE_I_pose_021.pdb	
LightDock	dockq	0.03260081876794382	1PPE_E	1PPE_I	lightdock_1PPE_E_1PPE_I_demo	lightdock_1PPE_E_1PPE_I_pose_022	/demo/lightdock/1PPE_E_vs_1PPE_I/lightdock_1PPE_E_1PPE_I_pose_022.pdb	
LightDock	dockq	0.08779579124996444	1PPE_E	1PPE_I	lightdock_1PPE_E_1PPE_I_demo	lightdock_1PPE_E_1PPE_I_pose_023	/demo/lightdock/1PPE_E_vs_1PPE_I/lightdock_1PPE_E_1PPE_I_pose_023.pdb	
LightDock	dockq	0.07581207285427173	1PPE_E	1PPE_I	lightdock_1PPE_E_1PPE_I_demo	lightdock_1PPE_E_1PPE_I_pose_024	/demo/lightdock/1PPE_E_vs_1PPE_I/lightdock_1PPE_E_1PPE_I_pose_024.pdb	
LightDock	dockq	0.0	1PPE_E	1PPE_I	lightdock_1PPE_E_1PPE_I_demo	lightdock_1PPE_E_1PPE_I_pose_025	/demo/lightdock/1PPE_E_vs_1PPE_I/lightdock_1PPE_E_1PPE_I_pose_025.pdb	
LightDock	dockq	0.0	1PPE_E	1PPE_I	lightdock_1PPE_E_1PPE_I_demo	lightdock_1PPE_E_1PPE_I_pose_026	/demo/lightdock/1PPE_E_vs_1PPE_I/lightdock_1PPE_E_1PPE_I_pose_026.pdb	
LightDock	dockq	0.11390920272858616	1PPE_E	1PPE_I	lightdock_1PPE_E_1PPE_I_demo	lightdock_1PPE_E_1PPE_I_pose_027	/demo/lightdock/1PPE_E_vs_1PPE_I/lightdock_1PPE_E_1PPE_I_pose_027.pdb	
LightDock	dockq	0.0	1PPE_E	1PPE_I	lightdock_1PPE_E_1PPE_I_demo	lightdock_1PPE_E_1PPE_I_pose_028	/demo/lightdock/1PPE_E_vs_1PPE_I/lightdock_1PPE_E_1PPE_I_pose_028.pdb	
LightDock	dockq	0.0923246316176756	1PPE_E	1PPE_I	lightdock_1PPE_E_1PPE_I_demo	lightdock_1PPE_E_1PPE_I_pose_029	/demo/lightdock/1PPE_E_vs_1PPE_I/lightdock_1PPE_E_1PPE_I_pose_029.pdb	
LightDock	dockq	0.05131501653477054	1PPE_E	1PPE_I	lightdock_1PPE_E_1PPE_I_demo	lightdock_1PPE_E_1PPE_I_pose_030	/demo/lightdock/1PPE_E_vs_1PPE_I/lightdock_1PPE_E_1PPE_I_pose_030.pdb	
LightDock	dockq	0.15849479641279463	1PPE_E	1PPE_I	lightdock_1PPE_E_1PPE_I_demo	lightdock_1PPE_E_1PPE_I_pose_031	/demo/lightdock/1PPE_E_vs_1PPE_I/lightdock_1PPE_E_1PPE_I_pose_031.pdb	
LightDock	dockq	0.05039190745076746	1PPE_E	1PPE_I	lightdock_1PPE_E_1PPE_I_demo	lightdock_1PPE_E_1PPE_I_pose_032	/demo/lightdock/1PPE_E_vs_1PPE_I/lightdock_1PPE_E_1PPE_I_pose_032.pdb	
LightDock	dockq	0.11956905285511377	1PPE_E	1PPE_I	lightdock_1PPE_E_1PPE_I_demo	lightdock_1PPE_E_1PPE_I_pose_033	/demo/lightdock/1PPE_E_vs_1PPE_I/lightdock_1PPE_E_1PPE_I_pose_033.pdb	
LightDock	dockq	0.056185169525732506	1PPE_E	1PPE_I	lightdock_1PPE_E_1PPE_I_demo	lightdock_1PPE_E_1PPE_I_pose_034	/demo/lightdock/1PPE_E_vs_1PPE_I/lightdock_1PPE_E_1PPE_I_pose_034.pdb	
LightDock	dockq	0.08682488920916862	1PPE_E	1PPE_I	lightdock_1PPE_E_1PPE_I_demo	lightdock_1PPE_E_1PPE_I_pose_035	/demo/lightdock/1PPE_E_vs_1PPE_I/lightdock_1PPE_E_1PPE_I_pose_035.pdb	
LightDock	dockq	0.12421019185520307	1PPE_E	1PPE_I	lightdock_1PPE_E_1PPE_I_demo	lightdock_1PPE_E_1PPE_I_pose_036	/demo/lightdock/1PPE_E_vs_1PPE_I/lightdock_1PPE_E_1PPE_I_pose_036.pdb	
LightDock	dockq	0.052246657020525195	1PPE_E	1PPE_I	lightdock_1PPE_E_1PPE_I_demo	lightdock_1PPE_E_1PPE_I_pose_037	/demo/lightdock/1PPE_E_vs_1PPE_I/lightdock_1PPE_E_1PPE_I_pose_037.pdb	
LightDock	dockq	0.13979329306990423	1PPE_E	1PPE_I	lightdock_1PPE_E_1PPE_I_demo	lightdock_1PPE_E_1PPE_I_pose_038	/demo/lightdock/1PPE_E_vs_1PPE_I/lightdock_1PPE_E_1PPE_I_pose_038.pdb	
LightDock	dockq	0.020378127373611013	1PPE_E	1PPE_I	lightdock_1PPE_E_1PPE_I_demo	lightdock_1PPE_E_1PPE_I_pose_039	/demo/lightdock/1PPE_E_vs_1PPE_I/lightdock_1PPE_E_1PPE_I_pose_039.pdb	
LightDock	dockq	0.09767557055350275	1PPE_E	1PPE_I	lightdock_1PPE_E_1PPE_I_demo	lightdock_1PPE_E_1PPE_I_pose_040	/demo/lightdock/1PPE_E_vs_1PPE_I/lightdock_1PPE_E_1PPE_I_pose_040.pdb	
LightDock	dockq	0.13535838336727116	1PPE_E	1PPE_I	lightdock_1PPE_E_1PPE_I_demo	lightdock_1PPE_E_1PPE_I_pose_041	/demo/lightdock/1PPE_E_vs_1PPE_I/lightdock_1PPE_E_1PPE_I_pose_041.pdb	
LightDock	dockq	0.1196022495074201	1PPE_E	1PPE_I	lightdock_1PPE_E_1PPE_I_demo	lightdock_1PPE_E_1PPE_I_pose_042	/demo/lightdock/1PPE_E_vs_1PPE_I/lightdock_1PPE_E_1PPE_I_pose_042.pdb	
LightDock	dockq	0.1949866926041246	1PPE_E	1PPE_I	lightdock_1PPE_E_1PPE_I_demo	lightdock_1PPE_E_1PPE_I_pose_043	/demo/lightdock/1PPE_E_vs_1PPE_I/lightdock_1PPE_E_1PPE_I_pose_043.pdb	
LightDock	dockq	0.03419364096136037	1PPE_E	1PPE_I	lightdock_1PPE_E_1PPE_I_demo	lightdock_1PPE_E_1PPE_I_pose_044	/demo/lightdock/1PPE_E_vs_1PPE_I/lightdock_1PPE_E_1PPE_I_pose_044.pdb	
LightDock	dockq	0.0	1PPE_E	1PPE_I	lightdock_1PPE_E_1PPE_I_demo	lightdock_1PPE_E_1PPE_I_pose_045	/demo/lightdock/1PPE_E_vs_1PPE_I/lightdock_1PPE_E_1PPE_I_pose_045.pdb	
LightDock	dockq	0.02033989349029284	1PPE_E	1PPE_I	lightdock_1PPE_E_1PPE_I_demo	lightdock_1PPE_E_1PPE_I_pose_046	/demo/lightdock/1PPE_E_vs_1PPE_I/lightdock_1PPE_E_1PPE_I_pose_046.pdb	
LightDock	dockq	0.11962655399290623	1PPE_E	1PPE_I	lightdock_1PPE_E_1PPE_I_demo	lightdock_1PPE_E_1PPE_I_pose_047	/demo/lightdock/1PPE_E_vs_1PPE_I/lightdock_1PPE_E_1PPE_I_pose_047.pdb	
LightDock	dockq	0.10987537605616271	1PPE_E	1PPE_I	lightdock_1PPE_E_1PPE_I_demo	lightdock_1PPE_E_1PPE_I_pose_048	/demo/lightdock/1PPE_E_vs_1PPE_I/lightdock_1PPE_E_1PPE_I_pose_048.pdb	
LightDock	dockq	0.08613539957884495	1PPE_E	1PPE_I	lightdock_1PPE_E_1PPE_I_demo	lightdock_1PPE_E_1PPE_I_pose_049	/demo/lightdock/1PPE_E_vs_1PPE_I/lightdock_1PPE_E_1PPE_I_pose_049.pdb	
LightDock	dockq	0.012622577053572212	1PPE_E	1PPE_I	lightdock_1PPE_E_1PPE_I_demo	lightdock_1PPE_E_1PPE_I_pose_050	/demo/lightdock/1PPE_E_vs_1PPE_I/lightdock_1PPE_E_1PPE_I_pose_050.pdb	
LightDock	fnat	0.08067469173316244	1PPE_E	1PPE_I	lightdock_1PPE_E_1PPE_I_demo	lightdock_1PPE_E_1PPE_I_pose_001	/demo/lightdock/1PPE_E_vs_1PPE_I/lightdock_1PPE_E_1PPE_I_pose_001.pdb	
LightDock	fnat	0.0010118088939783873	1PPE_E	1PPE_I	lightdock_1PPE_E_1PPE_I_demo	lightdock_1PPE_E_1PPE_I_pose_002	/demo/lightdock/1PPE_E_vs_1PPE_I/lightdock_1PPE_E_1PPE_I_pose_002.pdb	
LightDock	fnat	0.096357983295076	1PPE_E	1PPE_I	lightdock_1PPE_E_1PPE_I_demo	lightdock_1PPE_E_1PPE_I_pose_003	/demo/lightdock/1PPE_E_vs_1PPE_I/lightdock_1PPE_E_1PPE_I_pose_003.pdb	
LightDock	fnat	0.16429753692559462	1PPE_E	1PPE_I	lightdock_1PPE_E_1PPE_I_demo	lightdock_1PPE_E_1PPE_I_pose_004	/demo/lightdock/1PPE_E_vs_1PPE_I/lightdock_1PPE_E_1PPE_I_pose_004.pdb	
LightDock	fnat	0.06465804586286203	1PPE_E	1PPE_I	lightdock_1PPE_E_1PPE_I_demo	lightdock_1PPE_E_1PPE_I_pose_005	/demo/lightdock/1PPE_E_vs_1PPE_I/lightdock_1PPE_E_1PPE_I_pose_005.pdb	
LightDock	fnat	0.07332432542630973	1PPE_E	1PPE_I	lightdock_1PPE_E_1PPE_I_demo	lightdock_1PPE_E_1PPE_I_pose_006	/demo/lightdock/1PPE_E_vs_1PPE_I/lightdock_1PPE_E_1PPE_I_pose_006.pdb	
LightDock	fnat	0.030285609244177628	1PPE_E	1PPE_I	lightdock_1PPE_E_1PPE_I_demo	lightdock_1PPE_E_1PPE_I_pose_007	/demo/lightdock/1PPE_E_vs_1PPE_I/lightdock_1PPE_E_1PPE_I_pose_007.pdb	
LightDock	fnat	0.0	1PPE_E	1PPE_I	lightdock_1PPE_E_1PPE_I_demo	lightdock_1PPE_E_1PPE_I_pose_008	/demo/lightdock/1PPE_E_vs_1PPE_I/lightdock_1PPE_E_1PPE_I_pose_008.pdb	
LightDock	fnat	0.025891225478791108	1PPE_E	1PPE_I	lightdock_1PPE_E_1PPE_I_demo	lightdock_1PPE_E_1PPE_I_pose_009	/demo/lightdock/1PPE_E_vs_1PPE_I/lightdock_1PPE_E_1PPE_I_pose_009.pdb	
LightDock	fnat	0.006284190356050025	1PPE_E	1PPE_I	lightdock_1PPE_E_1PPE_I_demo	lightdock_1PPE_E_1PPE_I_pose_010	/demo/lightdock/1PPE_E_vs_1PPE_I/lightdock_1PPE_E_1PPE_I_pose_010.pdb	
LightDock	fnat	0.0	1PPE_E	1PPE_I	lightdock_1PPE_E_1PPE_I_demo	lightdock_1PPE_E_1PPE_I_pose_011	/demo/lightdock/1PPE_E_vs_1PPE_I/lightdock_1PPE_E_1PPE_I_pose_011.pdb	
LightDock	fnat	0.11889439767982597	1PPE_E	1PPE_I	lightdock_1PPE_E_1PPE_I_demo	lightdock_1PPE_E_1PPE_I_pose_012	/demo/lightdock/1PPE_E_vs_1PPE_I/lightdock_1PPE_E_1PPE_I_pose_012.pdb	
LightDock	fnat	0.060914500721030926	1PPE_E	1PPE_I	lightdock_1PPE_E_1PPE_I_demo	lightdock_1PPE_E_1PPE_I_pose_013	/demo/lightdock/1PPE_E_vs_1PPE_I/lightdock_1PPE_E_1PPE_I_pose_013.pdb	
LightDock	fnat	0.06518750322455935	1PPE_E	1PPE_I	lightdock_1PPE_E_1PPE_I_demo	lightdock_1PPE_E_1PPE_I_pose_014	/demo/lightdock/1PPE_E_vs_1PPE_I/lightdock_1PPE_E_1PPE_I_pose_014.pdb	
LightDock	fnat	0.03763910539215002	1PPE_E	1PPE_I	lightdock_1PPE_E_1PPE_I_demo	lightdock_1PPE_E_1PPE_I_pose_015	/demo/lightdock/1PPE_E_vs_1PPE_I/lightdock_1PPE_E_1PPE_I_pose_015.pdb	
LightDock	fnat	0.043085156702262546	1PPE_E	1PPE_I	lightdock_1PPE_E_1PPE_I_demo	lightdock_1PPE_E_1PPE_I_pose_016	/demo/lightdock/1PPE_E_vs_1PPE_I/lightdock_1PPE_E_1PPE_I_pose_016.pdb	
LightDock	fnat	0.08858202728957335	1PPE_E	1PPE_I	lightdock_1PPE_E_1PPE_I_demo	lightdock_1PPE_E_1PPE_I_pose_017	/demo/lightdock/1PPE_E_vs_1PPE_I/lightdock_1PPE_E_1PPE_I_pose_017.pdb	
LightDock	fnat	0.048706515252191385	1PPE_E	1PPE_I	lightdock_1PPE_E_1PPE_I_demo	lightdock_1PPE_E_1PPE_I_pose_018	/demo/lightdock/1PPE_E_vs_1PPE_I/lightdock_1PPE_E_1PPE_I_pose_018.pdb	
LightDock	fnat	0.07122775752098931	1PPE_E	1PPE_I	lightdock_1PPE_E_1PPE_I_demo	lightdock_1PPE_E_1PPE_I_pose_019	/demo/lightdock/1PPE_E_vs_1PPE_I/lightdock_1PPE_E_1PPE_I_pose_019.pdb	
LightDock	fnat	0.04215982808619937	1PPE_E	1PPE_I	lightdock_1PPE_E_1PPE_I_demo	lightdock_1PPE_E_1PPE_I_pose_020	/demo/lightdock/1PPE_E_vs_1PPE_I/lightdock_1PPE_E_1PPE_I_pose_020.pdb	
LightDock	fnat	0.036313884370718114	1PPE_E	1PPE_I	lightdock_1PPE_E_1PPE_I_demo	lightdock_1PPE_E_1PPE_I_pose_021	/demo/lightdock/1PPE_E_vs_1PPE_I/lightdock_1PPE_E_1PPE_I_pose_021.pdb	
LightDock	fnat	0.0	1PPE_E	1PPE_I	lightdock_1PPE_E_1PPE_I_demo	lightdock_1PPE_E_1PPE_I_pose_022	/demo/lightdock/1PPE_E_vs_1PPE_I/lightdock_1PPE_E_1PPE_I_pose_022.pdb	
LightDock	fnat	0.0	1PPE_E	1PPE_I	lightdock_1PPE_E_1PPE_I_demo	lightdock_1PPE_E_1PPE_I_pose_023	/demo/lightdock/1PPE_E_vs_1PPE_I/lightdock_1PPE_E_1PPE_I_pose_023.pdb	
LightDock	fnat	0.03953752395734393	1PPE_E	1PPE_I	lightdock_1PPE_E_1PPE_I_demo	lightdock_1PPE_E_1PPE_I_pose_024	/demo/lightdock/1PPE_E_vs_1PPE_I/lightdock_1PPE_E_1PPE_I_pose_024.pdb	
LightDock	fnat	0.05225986767972931	1PPE_E	1PPE_I	lightdock_1PPE_E_1PPE_I_demo	lightdock_1PPE_E_1PPE_I_pose_025	/demo/lightdock/1PPE_E_vs_1PPE_I/lightdock_1PPE_E_1PPE_I_pose_025.pdb	
LightDock	fnat	0.0	1PPE_E	1PPE_I	lightdock_1PPE_E_1PPE_I_demo	lightdock_1PPE_E_1PPE_I_pose_026	/demo/lightdock/1PPE_E_vs_1PPE_I/lightdock_1PPE_E_1PPE_I_pose_026.pdb	
LightDock	fnat	0.048621005398614685	1PPE_E	1PPE_I	lightdock_1PPE_E_1PPE_I_demo	lightdock_1PPE_E_1PPE_I_pose_027	/demo/lightdock/1PPE_E_vs_1PPE_I/lightdock_1PPE_E_1PPE_I_pose_027.pdb	
LightDock	fnat	0.05215010251962009	1PPE_E	1PPE_I	lightdock_1PPE_E_1PPE_I_demo	lightdock_1PPE_E_1PPE_I_pose_028	/demo/lightdock/1PPE_E_vs_1PPE_I/lightdock_1PPE_E_1PPE_I_pose_028.pdb	
LightDock	fnat	0.0	1PPE_E	1PPE_I	lightdock_1PPE_E_1PPE_I_demo	lightdock_1PPE_E_1PPE_I_pose_029	/demo/lightdock/1PPE_E_vs_1PPE_I/lightdock_1PPE_E_1PPE_I_pose_029.pdb	
LightDock	fnat	0.013395013620819955	1PPE_E	1PPE_I	lightdock_1PPE_E_1PPE_I_demo	lightdock_1PPE_E_1PPE_I_pose_030	/demo/lightdock/1PPE_E_vs_1PPE_I/lightdock_1PPE_E_1PPE_I_pose_030.pdb	
LightDock	fnat	0.06629055574941875	1PPE_E	1PPE_I	lightdock_1PPE_E_1PPE_I_demo	lightdock_1PPE_E_1PPE_I_pose_031	/demo/lightdock/1PPE_E_vs_1PPE_I/lightdock_1PPE_E_1PPE_I_pose_031.pdb	
LightDock	fnat	0.06548234917582976	1PPE_E	1PPE_I	lightdock_1PPE_E_1PPE_I_demo	lightdock_1PPE_E_1PPE_I_pose_032	/demo/lightdock/1PPE_E_vs_1PPE_I/lightdock_1PPE_E_1PPE_I_pose_032.pdb	
LightDock	fnat	0.0038530033440095784	1PPE_E	1PPE_I	lightdock_1PPE_E_1PPE_I_demo	lightdock_1PPE_E_1PPE_I_pose_033	/demo/lightdock/1PPE_E_vs_1PPE_I/lightdock_1PPE_E_1PPE_I_pose_033.pdb	
LightDock	fnat	0.0563379220199894	1PPE_E	1PPE_I	lightdock_1PPE_E_1PPE_I_demo	lightdock_1PPE_E_1PPE_I_pose_034	/demo/lightdock/1PPE_E_vs_1PPE_I/lightdock_1PPE_E_1PPE_I_pose_034.pdb	
LightDock	fnat	0.09089628901441889	1PPE_E	1PPE_I	lightdock_1PPE_E_1PPE_I_demo	lightdock_1PPE_E_1PPE_I_pose_035	/demo/lightdock/1PPE_E_vs_1PPE_I/lightdock_1PPE_E_1PPE_I_pose_035.pdb	
LightDock	fnat	0.08108291835963594	1PPE_E	1PPE_I	lightdock_1PPE_E_1PPE_I_demo	lightdock_1PPE_E_1PPE_I_pose_036	/demo/lightdock/1PPE_E_vs_1PPE_I/lightdock_1PPE_E_1PPE_I_pose_036.pdb	
LightDock	fnat	0.04618856851944262	1PPE_E	1PPE_I	lightdock_1PPE_E_1PPE_I_demo	lightdock_1PPE_E_1PPE_I_pose_037	/demo/lightdock/1PPE_E_vs_1PPE_I/lightdock_1PPE_E_1PPE_I_pose_037.pdb	
LightDock	fnat	0.03128094746702831	1PPE_E	1PPE_I	lightdock_1PPE_E_1PPE_I_demo	lightdock_1PPE_E_1PPE_I_pose_038	/demo/lightdock/1PPE_E_vs_1PPE_I/lightdock_1PPE_E_1PPE_I_pose_038.pdb	
LightDock	fnat	0.024826220626619825	1PPE_E	1PPE_I	lightdock_1PPE_E_1PPE_I_demo	lightdock_1PPE_E_1PPE_I_pose_039	/demo/lightdock/1PPE_E_vs_1PPE_I/lightdock_1PPE_E_1PPE_I_pose_039.pdb	
LightDock	fnat	0.06871279131638629	1PPE_E	1PPE_I	lightdock_1PPE_E_1PPE_I_demo	lightdock_1PPE_E_1PPE_I_pose_040	/demo/lightdock/1PPE_E_vs_1PPE_I/lightdock_1PPE_E_1PPE_I_pose_040.pdb	
LightDock	fnat	0.057804158925715526	1PPE_E	1PPE_I	lightdock_1PPE_E_1PPE_I_demo	lightdock_1PPE_E_1PPE_I_pose_041	/demo/lightdock/1PPE_E_vs_1PPE_I/lightdock_1PPE_E_1PPE_I_pose_041.pdb	
LightDock	fnat	0.07517616024408802	1PPE_E	1PPE_I	lightdock_1PPE_E_1PPE_I_demo	lightdock_1PPE_E_1PPE_I_pose_042	/demo/lightdock/1PPE_E_vs_1PPE_I/lightdock_1PPE_E_1PPE_I_pose_042.pdb	
LightDock	fnat	0.055274952524846085	1PPE_E	1PPE_I	lightdock_1PPE_E_1PPE_I_demo	lightdock_1PPE_E_1PPE_I_pose_043	/demo/lightdock/1PPE_E_vs_1PPE_I/lightdock_1PPE_E_1PPE_I_pose_043.pdb	
LightDock	fnat	0.08275055801389768	1PPE_E	1PPE_I	lightdock_1PPE_E_1PPE_I_demo	lightdock_1PPE_E_1PPE_I_pose_044	/demo/lightdock/1PPE_E_vs_1PPE_I/lightdock_1PPE_E_1PPE_I_pose_044.pdb	
LightDock	fnat	0.05378370131830801	1PPE_E	1PPE_I	lightdock_1PPE_E_1PPE_I_demo	lightdock_1PPE_E_1PPE_I_pose_045	/demo/lightdock/1PPE_E_vs_1PPE_I/lightdock_1PPE_E_1PPE_I_pose_045.pdb	
LightDock	fnat	0.08138754864526745	1PPE_E	1PPE_I	lightdock_1PPE_E_1PPE_I_demo	lightdock_1PPE_E_1PPE_I_pose_046	/demo/lightdock/1PPE_E_vs_1PPE_I/lightdock_1PPE_E_1PPE_I_pose_046.pdb	
LightDock	fnat	0.08483291081466557	1PPE_E	1PPE_I	lightdock_1PPE_E_1PPE_I_demo	lightdock_1PPE_E_1PPE_I_pose_047	/demo/lightdock/1PPE_E_vs_1PPE_I/lightdock_1PPE_E_1PPE_I_pose_047.pdb	
LightDock	fnat	0.017818934791007462	1PPE_E	1PPE_I	lightdock_1PPE_E_1PPE_I_demo	lightdock_1PPE_E_1PPE_I_pose_048	/demo/lightdock/1PPE_E_vs_1PPE_I/lightdock_1PPE_E_1PPE_I_pose_048.pdb	
LightDock	fnat	0.0	1PPE_E	1PPE_I	lightdock_1PPE_E_1PPE_I_demo	lightdock_1PPE_E_1PPE_I_pose_049	/demo/lightdock/1PPE_E_vs_1PPE_I/lightdock_1PPE_E_1PPE_I_pose_049.pdb	
LightDock	fnat	0.11173971424058213	1PPE_E	1PPE_I	lightdock_1PPE_E_1PPE_I_demo	lightdock_1PPE_E_1PPE_I_pose_050	/demo/lightdock/1PPE_E_vs_1PPE_I/lightdock_1PPE_E_1PPE_I_pose_050.pdb	
LightDock	irmsd	11.769976192136784	1PPE_E	1PPE_I	lightdock_1PPE_E_1PPE_I_demo	lightdock_1PPE_E_1PPE_I_pose_001	/demo/lightdock/1PPE_E_vs_1PPE_I/lightdock_1PPE_E_1PPE_I_pose_001.pdb	
LightDock	irmsd	5.8565423135116355	1PPE_E	1PPE_I	lightdock_1PPE_E_1PPE_I_demo	lightdock_1PPE_E_1PPE_I_pose_002	/demo/lightdock/1PPE_E_vs_1PPE_I/lightdock_1PPE_E_1PPE_I_pose_002.pdb	
LightDock	irmsd	8.858541508343867	1PPE_E	1PPE_I	lightdock_1PPE_E_1PPE_I_demo	lightdock_1PPE_E_1PPE_I_pose_003	/demo/lightdock/1PPE_E_vs_1PPE_I/lightdock_1PPE_E_1PPE_I_pose_003.pdb	
LightDock	irmsd	13.315622877109485	1PPE_E	1PPE_I	lightdock_1PPE_E_1PPE_I_demo	lightdock_1PPE_E_1PPE_I_pose_004	/demo/lightdock/1PPE_E_vs_1PPE_I/lightdock_1PPE_E_1PPE_I_pose_004.pdb	
LightDock	irmsd	10.16096950660132	1PPE_E	1PPE_I	lightdock_1PPE_E_1PPE_I_demo	lightdock_1PPE_E_1PPE_I_pose_005	/demo/lightdock/1PPE_E_vs_1PPE_I/lightdock_1PPE_E_1PPE_I_pose_005.pdb	
LightDock	irmsd	9.46381574204262	1PPE_E	1PPE_I	lightdock_1PPE_E_1PPE_I_demo	lightdock_1PPE_E_1PPE_I_pose_006	/demo/lightdock/1PPE_E_vs_1PPE_I/lightdock_1PPE_E_1PPE_I_pose_006.pdb	
LightDock	irmsd	15.2026455809389	1PPE_E	1PPE_I	lightdock_1PPE_E_1PPE_I_demo	lightdock_1PPE_E_1PPE_I_pose_007	/demo/lightdock/1PPE_E_vs_1PPE_I/lightdock_1PPE_E_1PPE_I_pose_007.pdb	
LightDock	irmsd	7.858138560848569	1PPE_E	1PPE_I	lightdock_1PPE_E_1PPE_I_demo	lightdock_1PPE_E_1PPE_I_pose_008	/demo/lightdock/1PPE_E_vs_1PPE_I/lightdock_1PPE_E_1PPE_I_pose_008.pdb	
LightDock	irmsd	8.6055399267355	1PPE_E	1PPE_I	lightdock_1PPE_E_1PPE_I_demo	lightdock_1PPE_E_1PPE_I_pose_009	/demo/lightdock/1PPE_E_vs_1PPE_I/lightdock_1PPE_E_1PPE_I_pose_009.pdb	
LightDock	irmsd	11.634159425144803	1PPE_E	1PPE_I	lightdock_1PPE_E_1PPE_I_demo	lightdock_1PPE_E_1PPE_I_pose_010	/demo/lightdock/1PPE_E_vs_1PPE_I/lightdock_1PPE_E_1PPE_I_pose_010.pdb	
LightDock	irmsd	12.171364796161647	1PPE_E	1PPE_I	lightdock_1PPE_E_1PPE_I_demo	lightdock_1PPE_E_1PPE_I_pose_011	/demo/lightdock/1PPE_E_vs_1PPE_I/lightdock_1PPE_E_1PPE_I_pose_011.pdb	
LightDock	irmsd	12.489029103022194	1PPE_E	1PPE_I	lightdock_1PPE_E_1PPE_I_demo	lightdock_1PPE_E_1PPE_I_pose_012	/demo/lightdock/1PPE_E_vs_1PPE_I/lightdock_1PPE_E_1PPE_I_pose_012.pdb	
LightDock	irmsd	13.73371413370684	1PPE_E	1PPE_I	lightdock_1PPE_E_1PPE_I_demo	lightdock_1PPE_E_1PPE_I_pose_013	/demo/lightdock/1PPE_E_vs_1PPE_I/lightdock_1PPE_E_1PPE_I_pose_013.pdb	
LightDock	irmsd	11.59573586204455	1PPE_E	1PPE_I	lightdock_1PPE_E_1PPE_I_demo	lightdock_1PPE_E_1PPE_I_pose_014	/demo/lightdock/1PPE_E_vs_1PPE_I/lightdock_1PPE_E_1PPE_I_pose_014.pdb	
LightDock	irmsd	12.468151816815228	1PPE_E	1PPE_I	lightdock_1PPE_E_1PPE_I_demo	lightdock_1PPE_E_1PPE_I_pose_015	/demo/lightdock/1PPE_E_vs_1PPE_I/lightdock_1PPE_E_1PPE_I_pose_015.pdb	
LightDock	irmsd	10.22237222205475	1PPE_E	1PPE_I	lightdock_1PPE_E_1PPE_I_demo	lightdock_1PPE_E_1PPE_I_pose_016	/demo/lightdock/1PPE_E_vs_1PPE_I/lightdock_1PPE_E_1PPE_I_pose_016.pdb	
LightDock	irmsd	11.188094909710143	1PPE_E	1PPE_I	lightdock_1PPE_E_1PPE_I_demo	lightdock_1PPE_E_1PPE_I_pose_017	/demo/lightdock/1PPE_E_vs_1PPE_I/lightdock_1PPE_E_1PPE_I_pose_017.pdb	
LightDock	irmsd	11.322602540160903	1PPE_E	1PPE_I	lightdock_1PPE_E_1PPE_I_demo	lightdock_1PPE_E_1PPE_I_pose_018	/demo/lightdock/1PPE_E_vs_1PPE_I/lightdock_1PPE_E_1PPE_I_pose_018.pdb	
LightDock	irmsd	11.645294407457108	1PPE_E	1PPE_I	lightdock_1PPE_E_1PPE_I_demo	lightdock_1PPE_E_1PPE_I_pose_019	/demo/lightdock/1PPE_E_vs_1PPE_I/lightdock_1PPE_E_1PPE_I_pose_019.pdb	
LightDock	irmsd	13.317619422748283	1PPE_E	1PPE_I	lightdock_1PPE_E_1PPE_I_demo	lightdock_1PPE_E_1PPE_I_pose_020	/demo/lightdock/1PPE_E_vs_1PPE_I/lightdock_1PPE_E_1PPE_I_pose_020.pdb	
LightDock	irmsd	12.665437045834492	1PPE_E	1PPE_I	lightdock_1PPE_E_1PPE_I_demo	lightdock_1PPE_E_1PPE_I_pose_021	/demo/lightdock/1PPE_E_vs_1PPE_I/lightdock_1PPE_E_1PPE_I_pose_021.pdb	
LightDock	irmsd	11.132651008700549	1PPE_E	1PPE_I	lightdock_1PPE_E_1PPE_I_demo	lightdock_1PPE_E_1PPE_I_pose_022	/demo/lightdock/1PPE_E_vs_1PPE_I/lightdock_1PPE_E_1PPE_I_pose_022.pdb	
LightDock	irmsd	8.57262204517688	1PPE_E	1PPE_I	lightdock_1PPE_E_1PPE_I_demo	lightdock_1PPE_E_1PPE_I_pose_023	/demo/lightdock/1PPE_E_vs_1PPE_I/lightdock_1PPE_E_1PPE_I_pose_023.pdb	
LightDock	irmsd	11.203013774188129	1PPE_E	1PPE_I	lightdock_1PPE_E_1PPE_I_demo	lightdock_1PPE_E_1PPE_I_pose_024	/demo/lightdock/1PPE_E_vs_1PPE_I/lightdock_1PPE_E_1PPE_I_pose_024.pdb	
LightDock	irmsd	10.915946645312768	1PPE_E	1PPE_I	lightdock_1PPE_E_1PPE_I_demo	lightdock_1PPE_E_1PPE_I_pose_025	/demo/lightdock/1PPE_E_vs_1PPE_I/lightdock_1PPE_E_1PPE_I_pose_025.pdb	
LightDock	irmsd	11.579544739439594	1PPE_E	1PPE_I	lightdock_1PPE_E_1PPE_I_demo	lightdock_1PPE_E_1PPE_I_pose_026	/demo/lightdock/1PPE_E_vs_1PPE_I/lightdock_1PPE_E_1PPE_I_pose_026.pdb	
LightDock	irmsd	17.619575921421205	1PPE_E	1PPE_I	lightdock_1PPE_E_1PPE_I_demo	lightdock_1PPE_E_1PPE_I_pose_027	/demo/lightdock/1PPE_E_vs_1PPE_I/lightdock_1PPE_E_1PPE_I_pose_027.pdb	
LightDock	irmsd	9.428681664376294	1PPE_E	1PPE_I	lightdock_1PPE_E_1PPE_I_demo	lightdock_1PPE_E_1PPE_I_pose_028	/demo/lightdock/1PPE_E_vs_1PPE_I/lightdock_1PPE_E_1PPE_I_pose_028.pdb	
LightDock	irmsd	12.266867057376079	1PPE_E	1PPE_I	lightdock_1PPE_E_1PPE_I_demo	lightdock_1PPE_E_1PPE_I_pose_029	/demo/lightdock/1PPE_E_vs_1PPE_I/lightdock_1PPE_E_1PPE_I_pose_029.pdb	
LightDock	irmsd	14.205386201732894	1PPE_E	1PPE_I	lightdock_1PPE_E_1PPE_I_demo	lightdock_1PPE_E_1PPE_I_pose_030	/demo/lightdock/1PPE_E_vs_1PPE_I/lightdock_1PPE_E_1PPE_I_pose_030.pdb	
LightDock	irmsd	11.294005742298149	1PPE_E	1PPE_I	lightdock_1PPE_E_1PPE_I_demo	lightdock_1PPE_E_1PPE_I_pose_031	/demo/lightdock/1PPE_E_vs_1PPE_I/lightdock_1PPE_E_1PPE_I_pose_031.pdb	
LightDock	irmsd	18.013535357516496	1PPE_E	1PPE_I	lightdock_1PPE_E_1PPE_I_demo	lightdock_1PPE_E_1PPE_I_pose_032	/demo/lightdock/1PPE_E_vs_1PPE_I/lightdock_1PPE_E_1PPE_I_pose_032.pdb	
LightDock	irmsd	9.86588212480557	1PPE_E	1PPE_I	lightdock_1PPE_E_1PPE_I_demo	lightdock_1PPE_E_1PPE_I_pose_033	/demo/lightdock/1PPE_E_vs_1PPE_I/lightdock_1PPE_E_1PPE_I_pose_033.pdb	
LightDock	irmsd	11.97226766696014	1PPE_E	1PPE_I	lightdock_1PPE_E_1PPE_I_demo	lightdock_1PPE_E_1PPE_I_pose_034	/demo/lightdock/1PPE_E_vs_1PPE_I/lightdock_1PPE_E_1PPE_I_pose_034.pdb	
LightDock	irmsd	8.603582765321054	1PPE_E	1PPE_I	lightdock_1PPE_E_1PPE_I_demo	lightdock_1PPE_E_1PPE_I_pose_035	/demo/lightdock/1PPE_E_vs_1PPE_I/lightdock_1PPE_E_1PPE_I_pose_035.pdb	
LightDock	irmsd	9.94542579457012	1PPE_E	1PPE_I	lightdock_1PPE_E_1PPE_I_demo	lightdock_1PPE_E_1PPE_I_pose_036	/demo/lightdock/1PPE_E_vs_1PPE_I/lightdock_1PPE_E_1PPE_I_pose_036.pdb	
LightDock	irmsd	11.746801731189974	1PPE_E	1PPE_I	lightdock_1PPE_E_1PPE_I_demo	lightdock_1PPE_E_1PPE_I_pose_037	/demo/lightdock/1PPE_E_vs_1PPE_I/lightdock_1PPE_E_1PPE_I_pose_037.pdb	
LightDock	irmsd	13.53891218692319	1PPE_E	1PPE_I	lightdock_1PPE_E_1PPE_I_demo	lightdock_1PPE_E_1PPE_I_pose_038	/demo/lightdock/1PPE_E_vs_1PPE_I/lightdock_1PPE_E_1PPE_I_pose_038.pdb	
LightDock	irmsd	11.957284502070722	1PPE_E	1PPE_I	lightdock_1PPE_E_1PPE_I_demo	lightdock_1PPE_E_1PPE_I_pose_039	/demo/lightdock/1PPE_E_vs_1PPE_I/lightdock_1PPE_E_1PPE_I_pose_039.pdb	
LightDock	irmsd	14.777344548004208	1PPE_E	1PPE_I	lightdock_1PPE_E_1PPE_I_demo	lightdock_1PPE_E_1PPE_I_pose_040	/demo/lightdock/1PPE_E_vs_1PPE_I/lightdock_1PPE_E_1PPE_I_pose_040.pdb	
LightDock	irmsd	10.715104068221985	1PPE_E	1PPE_I	lightdock_1PPE_E_1PPE_I_demo	lightdock_1PPE_E_1PPE_I_pose_041	/demo/lightdock/1PPE_E_vs_1PPE_I/lightdock_1PPE_E_1PPE_I_pose_041.pdb	
LightDock	irmsd	10.003494410482984	1PPE_E	1PPE_I	lightdock_1PPE_E_1PPE_I_demo	lightdock_1PPE_E_1PPE_I_pose_042	/demo/lightdock/1PPE_E_vs_1PPE_I/lightdock_1PPE_E_1PPE_I_pose_042.pdb	
LightDock	irmsd	19.11195532183816	1PPE_E	1PPE_I	lightdock_1PPE_E_1PPE_I_demo	lightdock_1PPE_E_1PPE_I_pose_043	/demo/lightdock/1PPE_E_vs_1PPE_I/lightdock_1PPE_E_1PPE_I_pose_043.pdb	
LightDock	irmsd	12.182712948326092	1PPE_E	1PPE_I	lightdock_1PPE_E_1PPE_I_demo	lightdock_1PPE_E_1PPE_I_pose_044	/demo/lightdock/1PPE_E_vs_1PPE_I/lightdock_1PPE_E_1PPE_I_pose_044.pdb	
LightDock	irmsd	8.841555362064357	1PPE_E	1PPE_I	lightdock_1PPE_E_1PPE_I_demo	lightdock_1PPE_E_1PPE_I_pose_045	/demo/lightdock/1PPE_E_vs_1PPE_I/lightdock_1PPE_E_1PPE_I_pose_045.pdb	
LightDock	irmsd	8.917208713255793	1PPE_E	1PPE_I	lightdock_1PPE_E_1PPE_I_demo	lightdock_1PPE_E_1PPE_I_pose_046	/demo/lightdock/1PPE_E_vs_1PPE_I/lightdock_1PPE_E_1PPE_I_pose_046.pdb	
LightDock	irmsd	8.171960256405978	1PPE_E	1PPE_I	lightdock_1PPE_E_1PPE_I_demo	lightdock_1PPE_E_1PPE_I_pose_047	/demo/lightdock/1PPE_E_vs_1PPE_I/lightdock_1PPE_E_1PPE_I_pose_047.pdb	
LightDock	irmsd	13.809708067570364	1PPE_E	1PPE_I	lightdock_1PPE_E_1PPE_I_demo	lightdock_1PPE_E_1PPE_I_pose_048	/demo/lightdock/1PPE_E_vs_1PPE_I/lightdock_1PPE_E_1PPE_I_pose_048.pdb	
LightDock	irmsd	9.906868121320274	1PPE_E	1PPE_I	lightdock_1PPE_E_1PPE_I_demo	lightdock_1PPE_E_1PPE_I_pose_049	/demo/lightdock/1PPE_E_vs_1PPE_I/lightdock_1PPE_E_1PPE_I_pose_049.pdb	
LightDock	irmsd	11.382087426969457	1PPE_E	1PPE_I	lightdock_1PPE_E_1PPE_I_demo	lightdock_1PPE_E_1PPE_I_pose_050	/demo/lightdock/1PPE_E_vs_1PPE_I/lightdock_1PPE_E_1PPE_I_pose_050.pdb	
LightDock	lrmsd	23.618947953370387	1PPE_E	1PPE_I	lightdock_1PPE_E_1PPE_I_demo	lightdock_1PPE_E_1PPE_I_pose_001	/demo/lightdock/1PPE_E_vs_1PPE_I/lightdock_1PPE_E_1PPE_I_pose_001.pdb	
LightDock	lrmsd	28.38895444764561	1PPE_E	1PPE_I	lightdock_1PPE_E_1PPE_I_demo	lightdock_1PPE_E_1PPE_I_pose_002	/demo/lightdock/1PPE_E_vs_1PPE_I/lightdock_1PPE_E_1PPE_I_pose_002.pdb	
LightDock	lrmsd	18.91953544269588	1PPE_E	1PPE_I	lightdock_1PPE_E_1PPE_I_demo	lightdock_1PPE_E_1PPE_I_pose_003	/demo/lightdock/1PPE_E_vs_1PPE_I/lightdock_1PPE_E_1PPE_I_pose_003.pdb	
LightDock	lrmsd	17.546566283141907	1PPE_E	1PPE_I	lightdock_1PPE_E_1PPE_I_demo	lightdock_1PPE_E_1PPE_I_pose_004	/demo/lightdock/1PPE_E_vs_1PPE_I/lightdock_1PPE_E_1PPE_I_pose_004.pdb	
LightDock	lrmsd	25.345783843089567	1PPE_E	1PPE_I	lightdock_1PPE_E_1PPE_I_demo	lightdock_1PPE_E_1PPE_I_pose_005	/demo/lightdock/1PPE_E_vs_1PPE_I/lightdock_1PPE_E_1PPE_I_pose_005.pdb	
LightDock	lrmsd	27.605755708199382	1PPE_E	1PPE_I	lightdock_1PPE_E_1PPE_I_demo	lightdock_1PPE_E_1PPE_I_pose_006	/demo/lightdock/1PPE_E_vs_1PPE_I/lightdock_1PPE_E_1PPE_I_pose_006.pdb	
LightDock	lrmsd	25.995193878585845	1PPE_E	1PPE_I	lightdock_1PPE_E_1PPE_I_demo	lightdock_1PPE_E_1PPE_I_pose_007	/demo/lightdock/1PPE_E_vs_1PPE_I/lightdock_1PPE_E_1PPE_I_pose_007.pdb	
LightDock	lrmsd	19.143277625416033	1PPE_E	1PPE_I	lightdock_1PPE_E_1PPE_I_demo	lightdock_1PPE_E_1PPE_I_pose_008	/demo/lightdock/1PPE_E_vs_1PPE_I/lightdock_1PPE_E_1PPE_I_pose_008.pdb	
LightDock	lrmsd	28.064909052548362	1PPE_E	1PPE_I	lightdock_1PPE_E_1PPE_I_demo	lightdock_1PPE_E_1PPE_I_pose_009	/demo/lightdock/1PPE_E_vs_1PPE_I/lightdock_1PPE_E_1PPE_I_pose_009.pdb	
LightDock	lrmsd	19.536834437426194	1PPE_E	1PPE_I	lightdock_1PPE_E_1PPE_I_demo	lightdock_1PPE_E_1PPE_I_pose_010	/demo/lightdock/1PPE_E_vs_1PPE_I/lightdock_1PPE_E_1PPE_I_pose_010.pdb	
LightDock	lrmsd	20.8707681312817	1PPE_E	1PPE_I	lightdock_1PPE_E_1PPE_I_demo	lightdock_1PPE_E_1PPE_I_pose_011	/demo/lightdock/1PPE_E_vs_1PPE_I/lightdock_1PPE_E_1PPE_I_pose_011.pdb	
LightDock	lrmsd	18.336278851667988	1PPE_E	1PPE_I	lightdock_1PPE_E_1PPE_I_demo	lightdock_1PPE_E_1PPE_I_pose_012	/demo/lightdock/1PPE_E_vs_1PPE_I/lightdock_1PPE_E_1PPE_I_pose_012.pdb	
LightDock	lrmsd	31.806950091912185	1PPE_E	1PPE_I	lightdock_1PPE_E_1PPE_I_demo	lightdock_1PPE_E_1PPE_I_pose_013	/demo/lightdock/1PPE_E_vs_1PPE_I/lightdock_1PPE_E_1PPE_I_pose_013.pdb	
LightDock	lrmsd	27.800529246164096	1PPE_E	1PPE_I	lightdock_1PPE_E_1PPE_I_demo	lightdock_1PPE_E_1PPE_I_pose_014	/demo/lightdock/1PPE_E_vs_1PPE_I/lightdock_1PPE_E_1PPE_I_pose_014.pdb	
LightDock	lrmsd	27.62996025407324	1PPE_E	1PPE_I	lightdock_1PPE_E_1PPE_I_demo	lightdock_1PPE_E_1PPE_I_pose_015	/demo/lightdock/1PPE_E_vs_1PPE_I/lightdock_1PPE_E_1PPE_I_pose_015.pdb	
LightDock	lrmsd	31.4832685268547	1PPE_E	1PPE_I	lightdock_1PPE_E_1PPE_I_demo	lightdock_1PPE_E_1PPE_I_pose_016	/demo/lightdock/1PPE_E_vs_1PPE_I/lightdock_1PPE_E_1PPE_I_pose_016.pdb	
LightDock	lrmsd	40.87589548943234	1PPE_E	1PPE_I	lightdock_1PPE_E_1PPE_I_demo	lightdock_1PPE_E_1PPE_I_pose_017	/demo/lightdock/1PPE_E_vs_1PPE_I/lightdock_1PPE_E_1PPE_I_pose_017.pdb	
LightDock	lrmsd	13.744643376539067	1PPE_E	1PPE_I	lightdock_1PPE_E_1PPE_I_demo	lightdock_1PPE_E_1PPE_I_pose_018	/demo/lightdock/1PPE_E_vs_1PPE_I/lightdock_1PPE_E_1PPE_I_pose_018.pdb	
LightDock	lrmsd	19.56974051473735	1PPE_E	1PPE_I	lightdock_1PPE_E_1PPE_I_demo	lightdock_1PPE_E_1PPE_I_pose_019	/demo/lightdock/1PPE_E_vs_1PPE_I/lightdock_1PPE_E_1PPE_I_pose_019.pdb	
LightDock	lrmsd	20.302949494952856	1PPE_E	1PPE_I	lightdock_1PPE_E_1PPE_I_demo	lightdock_1PPE_E_1PPE_I_pose_020	/demo/lightdock/1PPE_E_vs_1PPE_I/lightdock_1PPE_E_1PPE_I_pose_020.pdb	
LightDock	lrmsd	18.89508226570384	1PPE_E	1PPE_I	lightdock_1PPE_E_1PPE_I_demo	lightdock_1PPE_E_1PPE_I_pose_021	/demo/lightdock/1PPE_E_vs_1PPE_I/lightdock_1PPE_E_1PPE_I_pose_021.pdb	
LightDock	lrmsd	17.534500514377726	1PPE_E	1PPE_I	lightdock_1PPE_E_1PPE_I_demo	lightdock_1PPE_E_1PPE_I_pose_022	/demo/lightdock/1PPE_E_vs_1PPE_I/lightdock_1PPE_E_1PPE_I_pose_022.pdb	
LightDock	lrmsd	22.202081615667808	1PPE_E	1PPE_I	lightdock_1PPE_E_1PPE_I_demo	lightdock_1PPE_E_1PPE_I_pose_023	/demo/lightdock/1PPE_E_vs_1PPE_I/lightdock_1PPE_E_1PPE_I_pose_023.pdb	
LightDock	lrmsd	16.70037770826357	1PPE_E	1PPE_I	lightdock_1PPE_E_1PPE_I_demo	lightdock_1PPE_E_1PPE_I_pose_024	/demo/lightdock/1PPE_E_vs_1PPE_I/lightdock_1PPE_E_1PPE_I_pose_024.pdb	
LightDock	lrmsd	26.010254205224477	1PPE_E	1PPE_I	lightdock_1PPE_E_1PPE_I_demo	lightdock_1PPE_E_1PPE_I_pose_025	/demo/lightdock/1PPE_E_vs_1PPE_I/lightdock_1PPE_E_1PPE_I_pose_025.pdb	
LightDock	lrmsd	24.31018992857169	1PPE_E	1PPE_I	lightdock_1PPE_E_1PPE_I_demo	lightdock_1PPE_E_1PPE_I_pose_026	/demo/lightdock/1PPE_E_vs_1PPE_I/lightdock_1PPE_E_1PPE_I_pose_026.pdb	
LightDock	lrmsd	26.886171988581932	1PPE_E	1PPE_I	lightdock_1PPE_E_1PPE_I_demo	lightdock_1PPE_E_1PPE_I_pose_027	/demo/lightdock/1PPE_E_vs_1PPE_I/lightdock_1PPE_E_1PPE_I_pose_027.pdb	
LightDock	lrmsd	27.046370709829514	1PPE_E	1PPE_I	lightdock_1PPE_E_1PPE_I_demo	lightdock_1PPE_E_1PPE_I_pose_028	/demo/lightdock/1PPE_E_vs_1PPE_I/lightdock_1PPE_E_1PPE_I_pose_028.pdb	
LightDock	lrmsd	27.618041120560058	1PPE_E	1PPE_I	lightdock_1PPE_E_1PPE_I_demo	lightdock_1PPE_E_1PPE_I_pose_029	/demo/lightdock/1PPE_E_vs_1PPE_I/lightdock_1PPE_E_1PPE_I_pose_029.pdb	
LightDock	lrmsd	21.759546379056708	1PPE_E	1PPE_I	lightdock_1PPE_E_1PPE_I_demo	lightdock_1PPE_E_1PPE_I_pose_030	/demo/lightdock/1PPE_E_vs_1PPE_I/lightdock_1PPE_E_1PPE_I_pose_030.pdb	
LightDock	lrmsd	36.72686041580201	1PPE_E	1PPE_I	lightdock_1PPE_E_1PPE_I_demo	lightdock_1PPE_E_1PPE_I_pose_031	/demo/lightdock/1PPE_E_vs_1PPE_I/lightdock_1PPE_E_1PPE_I_pose_031.pdb	
LightDock	lrmsd	25.406586698892585	1PPE_E	1PPE_I	lightdock_1PPE_E_1PPE_I_demo	lightdock_1PPE_E_1PPE_I_pose_032	/demo/lightdock/1PPE_E_vs_1PPE_I/lightdock_1PPE_E_1PPE_I_pose_032.pdb	
LightDock	lrmsd	12.82509148425123	1PPE_E	1PPE_I	lightdock_1PPE_E_1PPE_I_demo	lightdock_1PPE_E_1PPE_I_pose_033	/demo/lightdock/1PPE_E_vs_1PPE_I/lightdock_1PPE_E_1PPE_I_pose_033.pdb	
LightDock	lrmsd	17.985745525402695	1PPE_E	1PPE_I	lightdock_1PPE_E_1PPE_I_demo	lightdock_1PPE_E_1PPE_I_pose_034	/demo/lightdock/1PPE_E_vs_1PPE_I/lightdock_1PPE_E_1PPE_I_pose_034.pdb	
LightDock	lrmsd	13.556982065833106	1PPE_E	1PPE_I	lightdock_1PPE_E_1PPE_I_demo	lightdock_1PPE_E_1PPE_I_pose_035	/demo/lightdock/1PPE_E_vs_1PPE_I/lightdock_1PPE_E_1PPE_I_pose_035.pdb	
LightDock	lrmsd	24.104007774907846	1PPE_E	1PPE_I	lightdock_1PPE_E_1PPE_I_demo	lightdock_1PPE_E_1PPE_I_pose_036	/demo/lightdock/1PPE_E_vs_1PPE_I/lightdock_1PPE_E_1PPE_I_pose_036.pdb	
LightDock	lrmsd	23.269168655679998	1PPE_E	1PPE_I	lightdock_1PPE_E_1PPE_I_demo	lightdock_1PPE_E_1PPE_I_pose_037	/demo/lightdock/1PPE_E_vs_1PPE_I/lightdock_1PPE_E_1PPE_I_pose_037.pdb	
LightDock	lrmsd	21.189445812603253	1PPE_E	1PPE_I	lightdock_1PPE_E_1PPE_I_demo	lightdock_1PPE_E_1PPE_I_pose_038	/demo/lightdock/1PPE_E_vs_1PPE_I/lightdock_1PPE_E_1PPE_I_pose_038.pdb	
LightDock	lrmsd	36.06555667440308	1PPE_E	1PPE_I	lightdock_1PPE_E_1PPE_I_demo	lightdock_1PPE_E_1PPE_I_pose_039	/demo/lightdock/1PPE_E_vs_1PPE_I/lightdock_1PPE_E_1PPE_I_pose_039.pdb	
LightDock	lrmsd	27.293897244461466	1PPE_E	1PPE_I	lightdock_1PPE_E_1PPE_I_demo	lightdock_1PPE_E_1PPE_I_pose_040	/demo/lightdock/1PPE_E_vs_1PPE_I/lightdock_1PPE_E_1PPE_I_pose_040.pdb	
LightDock	lrmsd	28.356590168678007	1PPE_E	1PPE_I	lightdock_1PPE_E_1PPE_I_demo	lightdock_1PPE_E_1PPE_I_pose_041	/demo/lightdock/1PPE_E_vs_1PPE_I/lightdock_1PPE_E_1PPE_I_pose_041.pdb	
LightDock	lrmsd	18.413559072347383	1PPE_E	1PPE_I	lightdock_1PPE_E_1PPE_I_demo	lightdock_1PPE_E_1PPE_I_pose_042	/demo/lightdock/1PPE_E_vs_1PPE_I/lightdock_1PPE_E_1PPE_I_pose_042.pdb	
LightDock	lrmsd	18.005130652013925	1PPE_E	1PPE_I	lightdock_1PPE_E_1PPE_I_demo	lightdock_1PPE_E_1PPE_I_pose_043	/demo/lightdock/1PPE_E_vs_1PPE_I/lightdock_1PPE_E_1PPE_I_pose_043.pdb	
LightDock	lrmsd	24.220832994581727	1PPE_E	1PPE_I	lightdock_1PPE_E_1PPE_I_demo	lightdock_1PPE_E_1PPE_I_pose_044	/demo/lightdock/1PPE_E_vs_1PPE_I/lightdock_1PPE_E_1PPE_I_pose_044.pdb	
LightDock	lrmsd	25.038042837913355	1PPE_E	1PPE_I	lightdock_1PPE_E_1PPE_I_demo	lightdock_1PPE_E_1PPE_I_pose_045	/demo/lightdock/1PPE_E_vs_1PPE_I/lightdock_1PPE_E_1PPE_I_pose_045.pdb	
LightDock	lrmsd	12.862130597313257	1PPE_E	1PPE_I	lightdock_1PPE_E_1PPE_I_demo	lightdock_1PPE_E_1PPE_I_pose_046	/demo/lightdock/1PPE_E_vs_1PPE_I/lightdock_1PPE_E_1PPE_I_pose_046.pdb	
LightDock	lrmsd	22.918157862902795	1PPE_E	1PPE_I	lightdock_1PPE_E_1PPE_I_demo	lightdock_1PPE_E_1PPE_I_pose_047	/demo/lightdock/1PPE_E_vs_1PPE_I/lightdock_1PPE_E_1PPE_I_pose_047.pdb	
LightDock	lrmsd	24.08443249724103	1PPE_E	1PPE_I	lightdock_1PPE_E_1PPE_I_demo	lightdock_1PPE_E_1PPE_I_pose_048	/demo/lightdock/1PPE_E_vs_1PPE_I/lightdock_1PPE_E_1PPE_I_pose_048.pdb	
LightDock	lrmsd	22.709105005373225	1PPE_E	1PPE_I	lightdock_1PPE_E_1PPE_I_demo	lightdock_1PPE_E_1PPE_I_pose_049	/demo/lightdock/1PPE_E_vs_1PPE_I/lightdock_1PPE_E_1PPE_I_pose_049.pdb	
LightDock	lrmsd	19.11965752591994	1PPE_E	1PPE_I	lightdock_1PPE_E_1PPE_I_demo	lightdock_1PPE_E_1PPE_I_pose_050	/demo/lightdock/1PPE_E_vs_1PPE_I/lightdock_1PPE_E_1PPE_I_pose_050.pdb	
Rosetta	dockq	0.093023240903943	1PPE_E	1PPE_I	rosetta_1PPE_E_1PPE_I_demo	rosetta_1PPE_E_1PPE_I_pose_001	/demo/rosetta/1PPE_E_vs_1PPE_I/rosetta_1PPE_E_1PPE_I_pose_001.pdb	
Rosetta	dockq	0.1111570403213602	1PPE_E	1PPE_I	rosetta_1PPE_E_1PPE_I_demo	rosetta_1PPE_E_1PPE_I_pose_002	/demo/rosetta/1PPE_E_vs_1PPE_I/rosetta_1PPE_E_1PPE_I_pose_002.pdb	
Rosetta	dockq	0.12454000118050239	1PPE_E	1PPE_I	rosetta_1PPE_E_1PPE_I_demo	rosetta_1PPE_E_1PPE_I_pose_003	/demo/rosetta/1PPE_E_vs_1PPE_I/rosetta_1PPE_E_1PPE_I_pose_003.pdb	
Rosetta	dockq	0.1502395791275284	1PPE_E	1PPE_I	rosetta_1PPE_E_1PPE_I_demo	rosetta_1PPE_E_1PPE_I_pose_004	/demo/rosetta/1PPE_E_vs_1PPE_I/rosetta_1PPE_E_1PPE_I_pose_004.pdb	
Rosetta	dockq	0.17404281024754356	1PPE_E	1PPE_I	rosetta_1PPE_E_1PPE_I_demo	rosetta_1PPE_E_1PPE_I_pose_005	/demo/rosetta/1PPE_E_vs_1PPE_I/rosetta_1PPE_E_1PPE_I_pose_005.pdb	
Rosetta	dockq	0.1052826138236375	1PPE_E	1PPE_I	rosetta_1PPE_E_1PPE_I_demo	rosetta_1PPE_E_1PPE_I_pose_006	/demo/rosetta/1PPE_E_vs_1PPE_I/rosetta_1PPE_E_1PPE_I_pose_006.pdb	
Rosetta	dockq	0.0971921901942321	1PPE_E	1PPE_I	rosetta_1PPE_E_1PPE_I_demo	rosetta_1PPE_E_1PPE_I_pose_007	/demo/rosetta/1PPE_E_vs_1PPE_I/rosetta_1PPE_E_1PPE_I_pose_007.pdb	
Rosetta	dockq	0.1418827836767153	1PPE_E	1PPE_I	rosetta_1PPE_E_1PPE_I_demo	rosetta_1PPE_E_1PPE_I_pose_008	/demo/rosetta/1PPE_E_vs_1PPE_I/rosetta_1PPE_E_1PPE_I_pose_008.pdb	
Rosetta	dockq	0.1505422458205427	1PPE_E	1PPE_I	rosetta_1PPE_E_1PPE_I_demo	rosetta_1PPE_E_1PPE_I_pose_009	/demo/rosetta/1PPE_E_vs_1PPE_I/rosetta_1PPE_E_1PPE_I_pose_009.pdb	
Rosetta	dockq	0.09828997833705572	1PPE_E	1PPE_I	rosetta_1PPE_E_1PPE_I_demo	rosetta_1PPE_E_1PPE_I_pose_010	/demo/rosetta/1PPE_E_vs_1PPE_I/rosetta_1PPE_E_1PPE_I_pose_010.pdb	
Rosetta	dockq	0.15951967384830862	1PPE_E	1PPE_I	rosetta_1PPE_E_1PPE_I_demo	rosetta_1PPE_E_1PPE_I_pose_011	/demo/rosetta/1PPE_E_vs_1PPE_I/rosetta_1PPE_E_1PPE_I_pose_011.pdb	
Rosetta	dockq	0.16897926705779864	1PPE_E	1PPE_I	rosetta_1PPE_E_1PPE_I_demo	rosetta_1PPE_E_1PPE_I_pose_012	/demo/rosetta/1PPE_E_vs_1PPE_I/rosetta_1PPE_E_1PPE_I_pose_012.pdb	
Rosetta	dockq	0.18458432328293367	1PPE_E	1PPE_I	rosetta_1PPE_E_1PPE_I_demo	rosetta_1PPE_E_1PPE_I_pose_013	/demo/rosetta/1PPE_E_vs_1PPE_I/rosetta_1PPE_E_1PPE_I_pose_013.pdb	
Rosetta	dockq	0.20891604533599112	1PPE_E	1PPE_I	rosetta_1PPE_E_1PPE_I_demo	rosetta_1PPE_E_1PPE_I_pose_014	/demo/rosetta/1PPE_E_vs_1PPE_I/rosetta_1PPE_E_1PPE_I_pose_014.pdb	
Rosetta	dockq	0.07667919306702806	1PPE_E	1PPE_I	rosetta_1PPE_E_1PPE_I_demo	rosetta_1PPE_E_1PPE_I_pose_015	/demo/rosetta/1PPE_E_vs_1PPE_I/rosetta_1PPE_E_1PPE_I_pose_015.pdb	
Rosetta	dockq	0.12069491046662556	1PPE_E	1PPE_I	rosetta_1PPE_E_1PPE_I_demo	rosetta_1PPE_E_1PPE_I_pose_016	/demo/rosetta/1PPE_E_vs_1PPE_I/rosetta_1PPE_E_1PPE_I_pose_016.pdb	
Rosetta	dockq	0.120563884830933	1PPE_E	1PPE_I	rosetta_1PPE_E_1PPE_I_demo	rosetta_1PPE_E_1PPE_I_pose_017	/demo/rosetta/1PPE_E_vs_1PPE_I/rosetta_1PPE_E_1PPE_I_pose_017.pdb	
Rosetta	dockq	0.11509632157337461	1PPE_E	1PPE_I	rosetta_1PPE_E_1PPE_I_demo	rosetta_1PPE_E_1PPE_I_pose_018	/demo/rosetta/1PPE_E_vs_1PPE_I/rosetta_1PPE_E_1PPE_I_pose_018.pdb	
Rosetta	dockq	0.08753685401949318	1PPE_E	1PPE_I	rosetta_1PPE_E_1PPE_I_demo	rosetta_1PPE_E_1PPE_I_pose_019	/demo/rosetta/1PPE_E_vs_1PPE_I/rosetta_1PPE_E_1PPE_I_pose_019.pdb	
Rosetta	dockq	0.04572189983844642	1PPE_E	1PPE_I	rosetta_1PPE_E_1PPE_I_demo	rosetta_1PPE_E_1PPE_I_pose_020	/demo/rosetta/1PPE_E_vs_1PPE_I/rosetta_1PPE_E_1PPE_I_pose_020.pdb	
Rosetta	dockq	0.12463397230145018	1PPE_E	1PPE_I	rosetta_1PPE_E_1PPE_I_demo	rosetta_1PPE_E_1PPE_I_pose_021	/demo/rosetta/1PPE_E_vs_1PPE_I/rosetta_1PPE_E_1PPE_I_pose_021.pdb	
Rosetta	dockq	0.08158221702260438	1PPE_E	1PPE_I	rosetta_1PPE_E_1PPE_I_demo	rosetta_1PPE_E_1PPE_I_pose_022	/demo/rosetta/1PPE_E_vs_1PPE_I/rosetta_1PPE_E_1PPE_I_pose_022.pdb	
Rosetta	dockq	0.12429967403738125	1PPE_E	1PPE_I	rosetta_1PPE_E_1PPE_I_demo	rosetta_1PPE_E_1PPE_I_pose_023	/demo/rosetta/1PPE_E_vs_1PPE_I/rosetta_1PPE_E_1PPE_I_pose_023.pdb	
Rosetta	dockq	0.08029782291505733	1PPE_E	1PPE_I	rosetta_1PPE_E_1PPE_I_demo	rosetta_1PPE_E_1PPE_I_pose_024	/demo/rosetta/1PPE_E_vs_1PPE_I/rosetta_1PPE_E_1PPE_I_pose_024.pdb	
Rosetta	dockq	0.06501708270778292	1PPE_E	1PPE_I	rosetta_1PPE_E_1PPE_I_demo	rosetta_1PPE_E_1PPE_I_pose_025	/demo/rosetta/1PPE_E_vs_1PPE_I/rosetta_1PPE_E_1PPE_I_pose_025.pdb	
Rosetta	dockq	0.13171491801884488	1PPE_E	1PPE_I	rosetta_1PPE_E_1PPE_I_demo	rosetta_1PPE_E_1PPE_I_pose_026	/demo/rosetta/1PPE_E_vs_1PPE_I/rosetta_1PPE_E_1PPE_I_pose_026.pdb	
Rosetta	dockq	0.1275460763403248	1PPE_E	1PPE_I	rosetta_1PPE_E_1PPE_I_demo	rosetta_1PPE_E_1PPE_I_pose_027	/demo/rosetta/1PPE_E_vs_1PPE_I/rosetta_1PPE_E_1PPE_I_pose_027.pdb	
Rosetta	dockq	0.14896409856604664	1PPE_E	1PPE_I	rosetta_1PPE_E_1PPE_I_demo	rosetta_1PPE_E_1PPE_I_pose_028	/demo/rosetta/1PPE_E_vs_1PPE_I/rosetta_1PPE_E_1PPE_I_pose_028.pdb	
Rosetta	dockq	0.22929318832088125	1PPE_E	1PPE_I	rosetta_1PPE_E_1PPE_I_demo	rosetta_1PPE_E_1PPE_I_pose_029	/demo/rosetta/1PPE_E_vs_1PPE_I/rosetta_1PPE_E_1PPE_I_pose_029.pdb	
Rosetta	dockq	0.13386447656054234	1PPE_E	1PPE_I	rosetta_1PPE_E_1PPE_I_demo	rosetta_1PPE_E_1PPE_I_pose_030	/demo/rosetta/1PPE_E_vs_1PPE_I/rosetta_1PPE_E_1PPE_I_pose_030.pdb	
Rosetta	dockq	0.14425408835320647	1PPE_E	1PPE_I	rosetta_1PPE_E_1PPE_I_demo	rosetta_1PPE_E_1PPE_I_pose_031	/demo/rosetta/1PPE_E_vs_1PPE_I/rosetta_1PPE_E_1PPE_I_pose_031.pdb	
Rosetta	dockq	0.06612193355663373	1PPE_E	1PPE_I	rosetta_1PPE_E_1PPE_I_demo	rosetta_1PPE_E_1PPE_I_pose_032	/demo/rosetta/1PPE_E_vs_1PPE_I/rosetta_1PPE_E_1PPE_I_pose_032.pdb	
Rosetta	dockq	0.05565462797318127	1PPE_E	1PPE_I	rosetta_1PPE_E_1PPE_I_demo	rosetta_1PPE_E_1PPE_I_pose_033	/demo/rosetta/1PPE_E_vs_1PPE_I/rosetta_1PPE_E_1PPE_I_pose_033.pdb	
Rosetta	dockq	0.1991414723386667	1PPE_E	1PPE_I	rosetta_1PPE_E_1PPE_I_demo	rosetta_1PPE_E_1PPE_I_pose_034	/demo/rosetta/1PPE_E_vs_1PPE_I/rosetta_1PPE_E_1PPE_I_pose_034.pdb	
Rosetta	dockq	0.0738260110033348	1PPE_E	1PPE_I	rosetta_1PPE_E_1PPE_I_demo	rosetta_1PPE_E_1PPE_I_pose_035	/demo/rosetta/1PPE_E_vs_1PPE_I/rosetta_1PPE_E_1PPE_I_pose_035.pdb	
Rosetta	dockq	0.06780279642656789	1PPE_E	1PPE_I	rosetta_1PPE_E_1PPE_I_demo	rosetta_1PPE_E_1PPE_I_pose_036	/demo/rosetta/1PPE_E_vs_1PPE_I/rosetta_1PPE_E_1PPE_I_pose_036.pdb	
Rosetta	dockq	0.11804505393917235	1PPE_E	1PPE_I	rosetta_1PPE_E_1PPE_I_demo	rosetta_1PPE_E_1PPE_I_pose_037	/demo/rosetta/1PPE_E_vs_1PPE_I/rosetta_1PPE_E_1PPE_I_pose_037.pdb	
Rosetta	dockq	0.11549037933113057	1PPE_E	1PPE_I	rosetta_1PPE_E_1PPE_I_demo	rosetta_1PPE_E_1PPE_I_pose_038	/demo/rosetta/1PPE_E_vs_1PPE_I/rosetta_1PPE_E_1PPE_I_pose_038.pdb	
Rosetta	dockq	0.0748746746778354	1PPE_E	1PPE_I	rosetta_1PPE_E_1PPE_I_demo	rosetta_1PPE_E_1PPE_I_pose_039	/demo/rosetta/1PPE_E_vs_1PPE_I/rosetta_1PPE_E_1PPE_I_pose_039.pdb	
Rosetta	dockq	0.104751339064345	1PPE_E	1PPE_I	rosetta_1PPE_E_1PPE_I_demo	rosetta_1PPE_E_1PPE_I_pose_040	/demo/rosetta/1PPE_E_vs_1PPE_I/rosetta_1PPE_E_1PPE_I_pose_040.pdb	
Rosetta	dockq	0.1814687858825052	1PPE_E	1PPE_I	rosetta_1PPE_E_1PPE_I_demo	rosetta_1PPE_E_1PPE_I_pose_041	/demo/rosetta/1PPE_E_vs_1PPE_I/rosetta_1PPE_E_1PPE_I_pose_041.pdb	
Rosetta	dockq	0.07970031955841012	1PPE_E	1PPE_I	rosetta_1PPE_E_1PPE_I_demo	rosetta_1PPE_E_1PPE_I_pose_042	/demo/rosetta/1PPE_E_vs_1PPE_I/rosetta_1PPE_E_1PPE_I_pose_042.pdb	
Rosetta	dockq	0.050316375781691416	1PPE_E	1PPE_I	rosetta_1PPE_E_1PPE_I_demo	rosetta_1PPE_E_1PPE_I_pose_043	/demo/rosetta/1PPE_E_vs_1PPE_I/rosetta_1PPE_E_1PPE_I_pose_043.pdb	
Rosetta	dockq	0.1671296810449896	1PPE_E	1PPE_I	rosetta_1PPE_E_1PPE_I_demo	rosetta_1PPE_E_1PPE_I_pose_044	/demo/rosetta/1PPE_E_vs_1PPE_I/rosetta_1PPE_E_1PPE_I_pose_044.pdb	
Rosetta	dockq	0.14461484559690183	1PPE_E	1PPE_I	rosetta_1PPE_E_1PPE_I_demo	rosetta_1PPE_E_1PPE_I_pose_045	/demo/rosetta/1PPE_E_vs_1PPE_I/rosetta_1PPE_E_1PPE_I_pose_045.pdb	
Rosetta	dockq	0.08897406896756692	1PPE_E	1PPE_I	rosetta_1PPE_E_1PPE_I_demo	rosetta_1PPE_E_1PPE_I_pose_046	/demo/rosetta/1PPE_E_vs_1PPE_I/rosetta_1PPE_E_1PPE_I_pose_046.pdb	
Rosetta	dockq	0.040891649193654095	1PPE_E	1PPE_I	rosetta_1PPE_E_1PPE_I_demo	rosetta_1PPE_E_1PPE_I_pose_047	/demo/rosetta/1PPE_E_vs_1PPE_I/rosetta_1PPE_E_1PPE_I_pose_047.pdb	
Rosetta	dockq	0.08276883217807184	1PPE_E	1PPE_I	rosetta_1PPE_E_1PPE_I_demo	rosetta_1PPE_E_1PPE_I_pose_048	/demo/rosetta/1PPE_E_vs_1PPE_I/rosetta_1PPE_E_1PPE_I_pose_048.pdb	
Rosetta	dockq	0.11726477815753643	1PPE_E	1PPE_I	rosetta_1PPE_E_1PPE_I_demo	rosetta_1PPE_E_1PPE_I_pose_049	/demo/rosetta/1PPE_E_vs_1PPE_I/rosetta_1PPE_E_1PPE_I_pose_049.pdb	
Rosetta	dockq	0.17828360449419095	1PPE_E	1PPE_I	rosetta_1PPE_E_1PPE_I_demo	rosetta_1PPE_E_1PPE_I_pose_050	/demo/rosetta/1PPE_E_vs_1PPE_I/rosetta_1PPE_E_1PPE_I_pose_050.pdb	
Rosetta	fnat	0.028536721005213726	1PPE_E	1PPE_I	rosetta_1PPE_E_1PPE_I_demo	rosetta_1PPE_E_1PPE_I_pose_001	/demo/rosetta/1PPE_E_vs_1PPE_I/rosetta_1PPE_E_1PPE_I_pose_001.pdb	
Rosetta	fnat	0.06661920473954107	1PPE_E	1PPE_I	rosetta_1PPE_E_1PPE_I_demo	rosetta_1PPE_E_1PPE_I_pose_002	/demo/rosetta/1PPE_E_vs_1PPE_I/rosetta_1PPE_E_1PPE_I_pose_002.pdb	
Rosetta	fnat	0.09700578639579593	1PPE_E	1PPE_I	rosetta_1PPE_E_1PPE_I_demo	rosetta_1PPE_E_1PPE_I_pose_003	/demo/rosetta/1PPE_E_vs_1PPE_I/rosetta_1PPE_E_1PPE_I_pose_003.pdb	
Rosetta	fnat	0.0	1PPE_E	1PPE_I	rosetta_1PPE_E_1PPE_I_demo	rosetta_1PPE_E_1PPE_I_pose_004	/demo/rosetta/1PPE_E_vs_1PPE_I/rosetta_1PPE_E_1PPE_I_pose_004.pdb	
Rosetta	fnat	0.11135144671755601	1PPE_E	1PPE_I	rosetta_1PPE_E_1PPE_I_demo	rosetta_1PPE_E_1PPE_I_pose_005	/demo/rosetta/1PPE_E_vs_1PPE_I/rosetta_1PPE_E_1PPE_I_pose_005.pdb	
Rosetta	fnat	0.02270197711174251	1PPE_E	1PPE_I	rosetta_1PPE_E_1PPE_I_demo	rosetta_1PPE_E_1PPE_I_pose_006	/demo/rosetta/1PPE_E_vs_1PPE_I/rosetta_1PPE_E_1PPE_I_pose_006.pdb	
Rosetta	fnat	0.08327981973827739	1PPE_E	1PPE_I	rosetta_1PPE_E_1PPE_I_demo	rosetta_1PPE_E_1PPE_I_pose_007	/demo/rosetta/1PPE_E_vs_1PPE_I/rosetta_1PPE_E_1PPE_I_pose_007.pdb	
Rosetta	fnat	0.07986732598442978	1PPE_E	1PPE_I	rosetta_1PPE_E_1PPE_I_demo	rosetta_1PPE_E_1PPE_I_pose_008	/demo/rosetta/1PPE_E_vs_1PPE_I/rosetta_1PPE_E_1PPE_I_pose_008.pdb	
Rosetta	fnat	0.1133834556585538	1PPE_E	1PPE_I	rosetta_1PPE_E_1PPE_I_demo	rosetta_1PPE_E_1PPE_I_pose_009	/demo/rosetta/1PPE_E_vs_1PPE_I/rosetta_1PPE_E_1PPE_I_pose_009.pdb	
Rosetta	fnat	0.09203697523574161	1PPE_E	1PPE_I	rosetta_1PPE_E_1PPE_I_demo	rosetta_1PPE_E_1PPE_I_pose_010	/demo/rosetta/1PPE_E_vs_1PPE_I/rosetta_1PPE_E_1PPE_I_pose_010.pdb	
Rosetta	fnat	0.0	1PPE_E	1PPE_I	rosetta_1PPE_E_1PPE_I_demo	rosetta_1PPE_E_1PPE_I_pose_011	/demo/rosetta/1PPE_E_vs_1PPE_I/rosetta_1PPE_E_1PPE_I_pose_011.pdb	
Rosetta	fnat	0.03860883011376035	1PPE_E	1PPE_I	rosetta_1PPE_E_1PPE_I_demo	rosetta_1PPE_E_1PPE_I_pose_012	/demo/rosetta/1PPE_E_vs_1PPE_I/rosetta_1PPE_E_1PPE_I_pose_012.pdb	
Rosetta	fnat	0.07552820517413121	1PPE_E	1PPE_I	rosetta_1PPE_E_1PPE_I_demo	rosetta_1PPE_E_1PPE_I_pose_013	/demo/rosetta/1PPE_E_vs_1PPE_I/rosetta_1PPE_E_1PPE_I_pose_013.pdb	
Rosetta	fnat	0.06220080455520853	1PPE_E	1PPE_I	rosetta_1PPE_E_1PPE_I_demo	rosetta_1PPE_E_1PPE_I_pose_014	/demo/rosetta/1PPE_E_vs_1PPE_I/rosetta_1PPE_E_1PPE_I_pose_014.pdb	
Rosetta	fnat	0.08910442919027083	1PPE_E	1PPE_I	rosetta_1PPE_E_1PPE_I_demo	rosetta_1PPE_E_1PPE_I_pose_015	/demo/rosetta/1PPE_E_vs_1PPE_I/rosetta_1PPE_E_1PPE_I_pose_015.pdb	
Rosetta	fnat	0.10157466222678822	1PPE_E	1PPE_I	rosetta_1PPE_E_1PPE_I_demo	rosetta_1PPE_E_1PPE_I_pose_016	/demo/rosetta/1PPE_E_vs_1PPE_I/rosetta_1PPE_E_1PPE_I_pose_016.pdb	
Rosetta	fnat	0.09433806945718717	1PPE_E	1PPE_I	rosetta_1PPE_E_1PPE_I_demo	rosetta_1PPE_E_1PPE_I_pose_017	/demo/rosetta/1PPE_E_vs_1PPE_I/rosetta_1PPE_E_1PPE_I_pose_017.pdb	
Rosetta	fnat	0.061429002297821396	1PPE_E	1PPE_I	rosetta_1PPE_E_1PPE_I_demo	rosetta_1PPE_E_1PPE_I_pose_018	/demo/rosetta/1PPE_E_vs_1PPE_I/rosetta_1PPE_E_1PPE_I_pose_018.pdb	
Rosetta	fnat	0.0	1PPE_E	1PPE_I	rosetta_1PPE_E_1PPE_I_demo	rosetta_1PPE_E_1PPE_I_pose_019	/demo/rosetta/1PPE_E_vs_1PPE_I/rosetta_1PPE_E_1PPE_I_pose_019.pdb	
Rosetta	fnat	0.05178075004580732	1PPE_E	1PPE_I	rosetta_1PPE_E_1PPE_I_demo	rosetta_1PPE_E_1PPE_I_pose_020	/demo/rosetta/1PPE_E_vs_1PPE_I/rosetta_1PPE_E_1PPE_I_pose_020.pdb	
Rosetta	fnat	0.08665472592555822	1PPE_E	1PPE_I	rosetta_1PPE_E_1PPE_I_demo	rosetta_1PPE_E_1PPE_I_pose_021	/demo/rosetta/1PPE_E_vs_1PPE_I/rosetta_1PPE_E_1PPE_I_pose_021.pdb	
Rosetta	fnat	0.026382109897980906	1PPE_E	1PPE_I	rosetta_1PPE_E_1PPE_I_demo	rosetta_1PPE_E_1PPE_I_pose_022	/demo/rosetta/1PPE_E_vs_1PPE_I/rosetta_1PPE_E_1PPE_I_pose_022.pdb	
Rosetta	fnat	0.09525098920486305	1PPE_E	1PPE_I	rosetta_1PPE_E_1PPE_I_demo	rosetta_1PPE_E_1PPE_I_pose_023	/demo/rosetta/1PPE_E_vs_1PPE_I/rosetta_1PPE_E_1PPE_I_pose_023.pdb	
Rosetta	fnat	0.10633573189069218	1PPE_E	1PPE_I	rosetta_1PPE_E_1PPE_I_demo	rosetta_1PPE_E_1PPE_I_pose_024	/demo/rosetta/1PPE_E_vs_1PPE_I/rosetta_1PPE_E_1PPE_I_pose_024.pdb	
Rosetta	fnat	0.07507467905183371	1PPE_E	1PPE_I	rosetta_1PPE_E_1PPE_I_demo	rosetta_1PPE_E_1PPE_I_pose_025	/demo/rosetta/1PPE_E_vs_1PPE_I/rosetta_1PPE_E_1PPE_I_pose_025.pdb	
Rosetta	fnat	0.0	1PPE_E	1PPE_I	rosetta_1PPE_E_1PPE_I_demo	rosetta_1PPE_E_1PPE_I_pose_026	/demo/rosetta/1PPE_E_vs_1PPE_I/rosetta_1PPE_E_1PPE_I_pose_026.pdb	
Rosetta	fnat	0.01887646549152787	1PPE_E	1PPE_I	rosetta_1PPE_E_1PPE_I_demo	rosetta_1PPE_E_1PPE_I_pose_027	/demo/rosetta/1PPE_E_vs_1PPE_I/rosetta_1PPE_E_1PPE_I_pose_027.pdb	
Rosetta	fnat	0.14544756634224326	1PPE_E	1PPE_I	rosetta_1PPE_E_1PPE_I_demo	rosetta_1PPE_E_1PPE_I_pose_028	/demo/rosetta/1PPE_E_vs_1PPE_I/rosetta_1PPE_E_1PPE_I_pose_028.pdb	
Rosetta	fnat	0.04813848827886488	1PPE_E	1PPE_I	rosetta_1PPE_E_1PPE_I_demo	rosetta_1PPE_E_1PPE_I_pose_029	/demo/rosetta/1PPE_E_vs_1PPE_I/rosetta_1PPE_E_1PPE_I_pose_029.pdb	
Rosetta	fnat	0.0	1PPE_E	1PPE_I	rosetta_1PPE_E_1PPE_I_demo	rosetta_1PPE_E_1PPE_I_pose_030	/demo/rosetta/1PPE_E_vs_1PPE_I/rosetta_1PPE_E_1PPE_I_pose_030.pdb	
Rosetta	fnat	0.11940989553241091	1PPE_E	1PPE_I	rosetta_1PPE_E_1PPE_I_demo	rosetta_1PPE_E_1PPE_I_pose_031	/demo/rosetta/1PPE_E_vs_1PPE_I/rosetta_1PPE_E_1PPE_I_pose_031.pdb	
Rosetta	fnat	0.07053422366174691	1PPE_E	1PPE_I	rosetta_1PPE_E_1PPE_I_demo	rosetta_1PPE_E_1PPE_I_pose_032	/demo/rosetta/1PPE_E_vs_1PPE_I/rosetta_1PPE_E_1PPE_I_pose_032.pdb	
Rosetta	fnat	0.11419761955830902	1PPE_E	1PPE_I	rosetta_1PPE_E_1PPE_I_demo	rosetta_1PPE_E_1PPE_I_pose_033	/demo/rosetta/1PPE_E_vs_1PPE_I/rosetta_1PPE_E_1PPE_I_pose_033.pdb	
Rosetta	fnat	0.08107834700877461	1PPE_E	1PPE_I	rosetta_1PPE_E_1PPE_I_demo	rosetta_1PPE_E_1PPE_I_pose_034	/demo/rosetta/1PPE_E_vs_1PPE_I/rosetta_1PPE_E_1PPE_I_pose_034.pdb	
Rosetta	fnat	0.08834236544848675	1PPE_E	1PPE_I	rosetta_1PPE_E_1PPE_I_demo	rosetta_1PPE_E_1PPE_I_pose_035	/demo/rosetta/1PPE_E_vs_1PPE_I/rosetta_1PPE_E_1PPE_I_pose_035.pdb	
Rosetta	fnat	0.08452036990858067	1PPE_E	1PPE_I	rosetta_1PPE_E_1PPE_I_demo	rosetta_1PPE_E_1PPE_I_pose_036	/demo/rosetta/1PPE_E_vs_1PPE_I/rosetta_1PPE_E_1PPE_I_pose_036.pdb	
Rosetta	fnat	0.09789953247684001	1PPE_E	1PPE_I	rosetta_1PPE_E_1PPE_I_demo	rosetta_1PPE_E_1PPE_I_pose_037	/demo/rosetta/1PPE_E_vs_1PPE_I/rosetta_1PPE_E_1PPE_I_pose_037.pdb	
Rosetta	fnat	0.16109721794224394	1PPE_E	1PPE_I	rosetta_1PPE_E_1PPE_I_demo	rosetta_1PPE_E_1PPE_I_pose_038	/demo/rosetta/1PPE_E_vs_1PPE_I/rosetta_1PPE_E_1PPE_I_pose_038.pdb	
Rosetta	fnat	0.10884025343836753	1PPE_E	1PPE_I	rosetta_1PPE_E_1PPE_I_demo	rosetta_1PPE_E_1PPE_I_pose_039	/demo/rosetta/1PPE_E_vs_1PPE_I/rosetta_1PPE_E_1PPE_I_pose_039.pdb	
Rosetta	fnat	0.006786427286178606	1PPE_E	1PPE_I	rosetta_1PPE_E_1PPE_I_demo	rosetta_1PPE_E_1PPE_I_pose_040	/demo/rosetta/1PPE_E_vs_1PPE_I/rosetta_1PPE_E_1PPE_I_pose_040.pdb	
Rosetta	fnat	0.08786646061115615	1PPE_E	1PPE_I	rosetta_1PPE_E_1PPE_I_demo	rosetta_1PPE_E_1PPE_I_pose_041	/demo/rosetta/1PPE_E_vs_1PPE_I/rosetta_1PPE_E_1PPE_I_pose_041.pdb	
Rosetta	fnat	0.11565923072412872	1PPE_E	1PPE_I	rosetta_1PPE_E_1PPE_I_demo	rosetta_1PPE_E_1PPE_I_pose_042	/demo/rosetta/1PPE_E_vs_1PPE_I/rosetta_1PPE_E_1PPE_I_pose_042.pdb	
Rosetta	fnat	0.11810803226144584	1PPE_E	1PPE_I	rosetta_1PPE_E_1PPE_I_demo	rosetta_1PPE_E_1PPE_I_pose_043	/demo/rosetta/1PPE_E_vs_1PPE_I/rosetta_1PPE_E_1PPE_I_pose_043.pdb	
Rosetta	fnat	0.05293580067763602	1PPE_E	1PPE_I	rosetta_1PPE_E_1PPE_I_demo	rosetta_1PPE_E_1PPE_I_pose_044	/demo/rosetta/1PPE_E_vs_1PPE_I/rosetta_1PPE_E_1PPE_I_pose_044.pdb	
Rosetta	fnat	0.11659777780752512	1PPE_E	1PPE_I	rosetta_1PPE_E_1PPE_I_demo	rosetta_1PPE_E_1PPE_I_pose_045	/demo/rosetta/1PPE_E_vs_1PPE_I/rosetta_1PPE_E_1PPE_I_pose_045.pdb	
Rosetta	fnat	0.10710969598204823	1PPE_E	1PPE_I	rosetta_1PPE_E_1PPE_I_demo	rosetta_1PPE_E_1PPE_I_pose_046	/demo/rosetta/1PPE_E_vs_1PPE_I/rosetta_1PPE_E_1PPE_I_pose_046.pdb	
Rosetta	fnat	0.17290069747878922	1PPE_E	1PPE_I	rosetta_1PPE_E_1PPE_I_demo	rosetta_1PPE_E_1PPE_I_pose_047	/demo/rosetta/1PPE_E_vs_1PPE_I/rosetta_1PPE_E_1PPE_I_pose_047.pdb	
Rosetta	fnat	0.03999993055005954	1PPE_E	1PPE_I	rosetta_1PPE_E_1PPE_I_demo	rosetta_1PPE_E_1PPE_I_pose_048	/demo/rosetta/1PPE_E_vs_1PPE_I/rosetta_1PPE_E_1PPE_I_pose_048.pdb	
Rosetta	fnat	0.049703976943983	1PPE_E	1PPE_I	rosetta_1PPE_E_1PPE_I_demo	rosetta_1PPE_E_1PPE_I_pose_049	/demo/rosetta/1PPE_E_vs_1PPE_I/rosetta_1PPE_E_1PPE_I_pose_049.pdb	
Rosetta	fnat	0.05775523806160185	1PPE_E	1PPE_I	rosetta_1PPE_E_1PPE_I_demo	rosetta_1PPE_E_1PPE_I_pose_050	/demo/rosetta/1PPE_E_vs_1PPE_I/rosetta_1PPE_E_1PPE_I_pose_050.pdb	
Rosetta	irmsd	8.421511269914694	1PPE_E	1PPE_I	rosetta_1PPE_E_1PPE_I_demo	rosetta_1PPE_E_1PPE_I_pose_001	/demo/rosetta/1PPE_E_vs_1PPE_I/rosetta_1PPE_E_1PPE_I_pose_001.pdb	
Rosetta	irmsd	7.541954350520073	1PPE_E	1PPE_I	rosetta_1PPE_E_1PPE_I_demo	rosetta_1PPE_E_1PPE_I_pose_002	/demo/rosetta/1PPE_E_vs_1PPE_I/rosetta_1PPE_E_1PPE_I_pose_002.pdb	
Rosetta	irmsd	3.4221138875177646	1PPE_E	1PPE_I	rosetta_1PPE_E_1PPE_I_demo	rosetta_1PPE_E_1PPE_I_pose_003	/demo/rosetta/1PPE_E_vs_1PPE_I/rosetta_1PPE_E_1PPE_I_pose_003.pdb	
Rosetta	irmsd	8.543661157809105	1PPE_E	1PPE_I	rosetta_1PPE_E_1PPE_I_demo	rosetta_1PPE_E_1PPE_I_pose_004	/demo/rosetta/1PPE_E_vs_1PPE_I/rosetta_1PPE_E_1PPE_I_pose_004.pdb	
Rosetta	irmsd	10.31258773133979	1PPE_E	1PPE_I	rosetta_1PPE_E_1PPE_I_demo	rosetta_1PPE_E_1PPE_I_pose_005	/demo/rosetta/1PPE_E_vs_1PPE_I/rosetta_1PPE_E_1PPE_I_pose_005.pdb	
Rosetta	irmsd	8.414911939886997	1PPE_E	1PPE_I	rosetta_1PPE_E_1PPE_I_demo	rosetta_1PPE_E_1PPE_I_pose_006	/demo/rosetta/1PPE_E_vs_1PPE_I/rosetta_1PPE_E_1PPE_I_pose_006.pdb	
Rosetta	irmsd	13.757838603764043	1PPE_E	1PPE_I	rosetta_1PPE_E_1PPE_I_demo	rosetta_1PPE_E_1PPE_I_pose_007	/demo/rosetta/1PPE_E_vs_1PPE_I/rosetta_1PPE_E_1PPE_I_pose_007.pdb	
Rosetta	irmsd	9.529426787974897	1PPE_E	1PPE_I	rosetta_1PPE_E_1PPE_I_demo	rosetta_1PPE_E_1PPE_I_pose_008	/demo/rosetta/1PPE_E_vs_1PPE_I/rosetta_1PPE_E_1PPE_I_pose_008.pdb	
Rosetta	irmsd	12.340263921405098	1PPE_E	1PPE_I	rosetta_1PPE_E_1PPE_I_demo	rosetta_1PPE_E_1PPE_I_pose_009	/demo/rosetta/1PPE_E_vs_1PPE_I/rosetta_1PPE_E_1PPE_I_pose_009.pdb	
Rosetta	irmsd	10.07512490800593	1PPE_E	1PPE_I	rosetta_1PPE_E_1PPE_I_demo	rosetta_1PPE_E_1PPE_I_pose_010	/demo/rosetta/1PPE_E_vs_1PPE_I/rosetta_1PPE_E_1PPE_I_pose_010.pdb	
Rosetta	irmsd	11.318096081765168	1PPE_E	1PPE_I	rosetta_1PPE_E_1PPE_I_demo	rosetta_1PPE_E_1PPE_I_pose_011	/demo/rosetta/1PPE_E_vs_1PPE_I/rosetta_1PPE_E_1PPE_I_pose_011.pdb	
Rosetta	irmsd	10.114331418653837	1PPE_E	1PPE_I	rosetta_1PPE_E_1PPE_I_demo	rosetta_1PPE_E_1PPE_I_pose_012	/demo/rosetta/1PPE_E_vs_1PPE_I/rosetta_1PPE_E_1PPE_I_pose_012.pdb	
Rosetta	irmsd	12.511326190187837	1PPE_E	1PPE_I	rosetta_1PPE_E_1PPE_I_demo	rosetta_1PPE_E_1PPE_I_pose_013	/demo/rosetta/1PPE_E_vs_1PPE_I/rosetta_1PPE_E_1PPE_I_pose_013.pdb	
Rosetta	irmsd	9.623066570291282	1PPE_E	1PPE_I	rosetta_1PPE_E_1PPE_I_demo	rosetta_1PPE_E_1PPE_I_pose_014	/demo/rosetta/1PPE_E_vs_1PPE_I/rosetta_1PPE_E_1PPE_I_pose_014.pdb	
Rosetta	irmsd	10.59146555779533	1PPE_E	1PPE_I	rosetta_1PPE_E_1PPE_I_demo	rosetta_1PPE_E_1PPE_I_pose_015	/demo/rosetta/1PPE_E_vs_1PPE_I/rosetta_1PPE_E_1PPE_I_pose_015.pdb	
Rosetta	irmsd	10.305932454030096	1PPE_E	1PPE_I	rosetta_1PPE_E_1PPE_I_demo	rosetta_1PPE_E_1PPE_I_pose_016	/demo/rosetta/1PPE_E_vs_1PPE_I/rosetta_1PPE_E_1PPE_I_pose_016.pdb	
Rosetta	irmsd	8.865771992119898	1PPE_E	1PPE_I	rosetta_1PPE_E_1PPE_I_demo	rosetta_1PPE_E_1PPE_I_pose_017	/demo/rosetta/1PPE_E_vs_1PPE_I/rosetta_1PPE_E_1PPE_I_pose_017.pdb	
Rosetta	irmsd	10.39096110163429	1PPE_E	1PPE_I	rosetta_1PPE_E_1PPE_I_demo	rosetta_1PPE_E_1PPE_I_pose_018	/demo/rosetta/1PPE_E_vs_1PPE_I/rosetta_1PPE_E_1PPE_I_pose_018.pdb	
Rosetta	irmsd	14.415649741634901	1PPE_E	1PPE_I	rosetta_1PPE_E_1PPE_I_demo	rosetta_1PPE_E_1PPE_I_pose_019	/demo/rosetta/1PPE_E_vs_1PPE_I/rosetta_1PPE_E_1PPE_I_pose_019.pdb	
Rosetta	irmsd	8.905126727390028	1PPE_E	1PPE_I	rosetta_1PPE_E_1PPE_I_demo	rosetta_1PPE_E_1PPE_I_pose_020	/demo/rosetta/1PPE_E_vs_1PPE_I/rosetta_1PPE_E_1PPE_I_pose_020.pdb	
Rosetta	irmsd	10.422822764277146	1PPE_E	1PPE_I	rosetta_1PPE_E_1PPE_I_demo	rosetta_1PPE_E_1PPE_I_pose_021	/demo/rosetta/1PPE_E_vs_1PPE_I/rosetta_1PPE_E_1PPE_I_pose_021.pdb	
Rosetta	irmsd	12.267113691912774	1PPE_E	1PPE_I	rosetta_1PPE_E_1PPE_I_demo	rosetta_1PPE_E_1PPE_I_pose_022	/demo/rosetta/1PPE_E_vs_1PPE_I/rosetta_1PPE_E_1PPE_I_pose_022.pdb	
Rosetta	irmsd	12.008557218077417	1PPE_E	1PPE_I	rosetta_1PPE_E_1PPE_I_demo	rosetta_1PPE_E_1PPE_I_pose_023	/demo/rosetta/1PPE_E_vs_1PPE_I/rosetta_1PPE_E_1PPE_I_pose_023.pdb	
Rosetta	irmsd	9.525776118982604	1PPE_E	1PPE_I	rosetta_1PPE_E_1PPE_I_demo	rosetta_1PPE_E_1PPE_I_pose_024	/demo/rosetta/1PPE_E_vs_1PPE_I/rosetta_1PPE_E_1PPE_I_pose_024.pdb	
Rosetta	irmsd	4.2565448534938035	1PPE_E	1PPE_I	rosetta_1PPE_E_1PPE_I_demo	rosetta_1PPE_E_1PPE_I_pose_025	/demo/rosetta/1PPE_E_vs_1PPE_I/rosetta_1PPE_E_1PPE_I_pose_025.pdb	
Rosetta	irmsd	10.636746201026625	1PPE_E	1PPE_I	rosetta_1PPE_E_1PPE_I_demo	rosetta_1PPE_E_1PPE_I_pose_026	/demo/rosetta/1PPE_E_vs_1PPE_I/rosetta_1PPE_E_1PPE_I_pose_026.pdb	
Rosetta	irmsd	4.6171566310292835	1PPE_E	1PPE_I	rosetta_1PPE_E_1PPE_I_demo	rosetta_1PPE_E_1PPE_I_pose_027	/demo/rosetta/1PPE_E_vs_1PPE_I/rosetta_1PPE_E_1PPE_I_pose_027.pdb	
Rosetta	irmsd	12.733861908070708	1PPE_E	1PPE_I	rosetta_1PPE_E_1PPE_I_demo	rosetta_1PPE_E_1PPE_I_pose_028	/demo/rosetta/1PPE_E_vs_1PPE_I/rosetta_1PPE_E_1PPE_I_pose_028.pdb	
Rosetta	irmsd	9.872842516625173	1PPE_E	1PPE_I	rosetta_1PPE_E_1PPE_I_demo	rosetta_1PPE_E_1PPE_I_pose_029	/demo/rosetta/1PPE_E_vs_1PPE_I/rosetta_1PPE_E_1PPE_I_pose_029.pdb	
Rosetta	irmsd	11.699282843718375	1PPE_E	1PPE_I	rosetta_1PPE_E_1PPE_I_demo	rosetta_1PPE_E_1PPE_I_pose_030	/demo/rosetta/1PPE_E_vs_1PPE_I/rosetta_1PPE_E_1PPE_I_pose_030.pdb	
Rosetta	irmsd	7.515355496001687	1PPE_E	1PPE_I	rosetta_1PPE_E_1PPE_I_demo	rosetta_1PPE_E_1PPE_I_pose_031	/demo/rosetta/1PPE_E_vs_1PPE_I/rosetta_1PPE_E_1PPE_I_pose_031.pdb	
Rosetta	irmsd	6.08448355873988	1PPE_E	1PPE_I	rosetta_1PPE_E_1PPE_I_demo	rosetta_1PPE_E_1PPE_I_pose_032	/demo/rosetta/1PPE_E_vs_1PPE_I/rosetta_1PPE_E_1PPE_I_pose_032.pdb	
Rosetta	irmsd	10.073659645110569	1PPE_E	1PPE_I	rosetta_1PPE_E_1PPE_I_demo	rosetta_1PPE_E_1PPE_I_pose_033	/demo/rosetta/1PPE_E_vs_1PPE_I/rosetta_1PPE_E_1PPE_I_pose_033.pdb	
Rosetta	irmsd	9.426072432096488	1PPE_E	1PPE_I	rosetta_1PPE_E_1PPE_I_demo	rosetta_1PPE_E_1PPE_I_pose_034	/demo/rosetta/1PPE_E_vs_1PPE_I/rosetta_1PPE_E_1PPE_I_pose_034.pdb	
Rosetta	irmsd	8.418610182454236	1PPE_E	1PPE_I	rosetta_1PPE_E_1PPE_I_demo	rosetta_1PPE_E_1PPE_I_pose_035	/demo/rosetta/1PPE_E_vs_1PPE_I/rosetta_1PPE_E_1PPE_I_pose_035.pdb	
Rosetta	irmsd	9.686254817612081	1PPE_E	1PPE_I	rosetta_1PPE_E_1PPE_I_demo	rosetta_1PPE_E_1PPE_I_pose_036	/demo/rosetta/1PPE_E_vs_1PPE_I/rosetta_1PPE_E_1PPE_I_pose_036.pdb	
Rosetta	irmsd	15.588358962470974	1PPE_E	1PPE_I	rosetta_1PPE_E_1PPE_I_demo	rosetta_1PPE_E_1PPE_I_pose_037	/demo/rosetta/1PPE_E_vs_1PPE_I/rosetta_1PPE_E_1PPE_I_pose_037.pdb	
Rosetta	irmsd	11.335956204211927	1PPE_E	1PPE_I	rosetta_1PPE_E_1PPE_I_demo	rosetta_1PPE_E_1PPE_I_pose_038	/demo/rosetta/1PPE_E_vs_1PPE_I/rosetta_1PPE_E_1PPE_I_pose_038.pdb	
Rosetta	irmsd	11.808896932899302	1PPE_E	1PPE_I	rosetta_1PPE_E_1PPE_I_demo	rosetta_1PPE_E_1PPE_I_pose_039	/demo/rosetta/1PPE_E_vs_1PPE_I/rosetta_1PPE_E_1PPE_I_pose_039.pdb	
Rosetta	irmsd	11.356661161417382	1PPE_E	1PPE_I	rosetta_1PPE_E_1PPE_I_demo	rosetta_1PPE_E_1PPE_I_pose_040	/demo/rosetta/1PPE_E_vs_1PPE_I/rosetta_1PPE_E_1PPE_I_pose_040.pdb	
Rosetta	irmsd	12.754816716474824	1PPE_E	1PPE_I	rosetta_1PPE_E_1PPE_I_demo	rosetta_1PPE_E_1PPE_I_pose_041	/demo/rosetta/1PPE_E_vs_1PPE_I/rosetta_1PPE_E_1PPE_I_pose_041.pdb	
Rosetta	irmsd	9.081842319618362	1PPE_E	1PPE_I	rosetta_1PPE_E_1PPE_I_demo	rosetta_1PPE_E_1PPE_I_pose_042	/demo/rosetta/1PPE_E_vs_1PPE_I/rosetta_1PPE_E_1PPE_I_pose_042.pdb	
Rosetta	irmsd	4.979525123114353	1PPE_E	1PPE_I	rosetta_1PPE_E_1PPE_I_demo	rosetta_1PPE_E_1PPE_I_pose_043	/demo/rosetta/1PPE_E_vs_1PPE_I/rosetta_1PPE_E_1PPE_I_pose_043.pdb	
Rosetta	irmsd	9.085110507386778	1PPE_E	1PPE_I	rosetta_1PPE_E_1PPE_I_demo	rosetta_1PPE_E_1PPE_I_pose_044	/demo/rosetta/1PPE_E_vs_1PPE_I/rosetta_1PPE_E_1PPE_I_pose_044.pdb	
Rosetta	irmsd	11.285818561992304	1PPE_E	1PPE_I	rosetta_1PPE_E_1PPE_I_demo	rosetta_1PPE_E_1PPE_I_pose_045	/demo/rosetta/1PPE_E_vs_1PPE_I/rosetta_1PPE_E_1PPE_I_pose_045.pdb	
Rosetta	irmsd	7.366439130746838	1PPE_E	1PPE_I	rosetta_1PPE_E_1PPE_I_demo	rosetta_1PPE_E_1PPE_I_pose_046	/demo/rosetta/1PPE_E_vs_1PPE_I/rosetta_1PPE_E_1PPE_I_pose_046.pdb	
Rosetta	irmsd	9.111994908923473	1PPE_E	1PPE_I	rosetta_1PPE_E_1PPE_I_demo	rosetta_1PPE_E_1PPE_I_pose_047	/demo/rosetta/1PPE_E_vs_1PPE_I/rosetta_1PPE_E_1PPE_I_pose_047.pdb	
Rosetta	irmsd	7.978106565394911	1PPE_E	1PPE_I	rosetta_1PPE_E_1PPE_I_demo	rosetta_1PPE_E_1PPE_I_pose_048	/demo/rosetta/1PPE_E_vs_1PPE_I/rosetta_1PPE_E_1PPE_I_pose_048.pdb	
Rosetta	irmsd	12.804464354054886	1PPE_E	1PPE_I	rosetta_1PPE_E_1PPE_I_demo	rosetta_1PPE_E_1PPE_I_pose_049	/demo/rosetta/1PPE_E_vs_1PPE_I/rosetta_1PPE_E_1PPE_I_pose_049.pdb	
Rosetta	irmsd	11.14880543389444	1PPE_E	1PPE_I	rosetta_1PPE_E_1PPE_I_demo	rosetta_1PPE_E_1PPE_I_pose_050	/demo/rosetta/1PPE_E_vs_1PPE_I/rosetta_1PPE_E_1PPE_I_pose_050.pdb	
Rosetta	lrmsd	22.931932792897815	1PPE_E	1PPE_I	rosetta_1PPE_E_1PPE_I_demo	rosetta_1PPE_E_1PPE_I_pose_001	/demo/rosetta/1PPE_E_vs_1PPE_I/rosetta_1PPE_E_1PPE_I_pose_001.pdb	
Rosetta	lrmsd	22.797205909044372	1PPE_E	1PPE_I	rosetta_1PPE_E_1PPE_I_demo	rosetta_1PPE_E_1PPE_I_pose_002	/demo/rosetta/1PPE_E_vs_1PPE_I/rosetta_1PPE_E_1PPE_I_pose_002.pdb	
Rosetta	lrmsd	19.832378363515428	1PPE_E	1PPE_I	rosetta_1PPE_E_1PPE_I_demo	rosetta_1PPE_E_1PPE_I_pose_003	/demo/rosetta/1PPE_E_vs_1PPE_I/rosetta_1PPE_E_1PPE_I_pose_003.pdb	
Rosetta	lrmsd	20.889003271373767	1PPE_E	1PPE_I	rosetta_1PPE_E_1PPE_I_demo	rosetta_1PPE_E_1PPE_I_pose_004	/demo/rosetta/1PPE_E_vs_1PPE_I/rosetta_1PPE_E_1PPE_I_pose_004.pdb	
Rosetta	lrmsd	14.666669387604571	1PPE_E	1PPE_I	rosetta_1PPE_E_1PPE_I_demo	rosetta_1PPE_E_1PPE_I_pose_005	/demo/rosetta/1PPE_E_vs_1PPE_I/rosetta_1PPE_E_1PPE_I_pose_005.pdb	
Rosetta	lrmsd	10.161011095622445	1PPE_E	1PPE_I	rosetta_1PPE_E_1PPE_I_demo	rosetta_1PPE_E_1PPE_I_pose_006	/demo/rosetta/1PPE_E_vs_1PPE_I/rosetta_1PPE_E_1PPE_I_pose_006.pdb	
Rosetta	lrmsd	20.67536508655261	1PPE_E	1PPE_I	rosetta_1PPE_E_1PPE_I_demo	rosetta_1PPE_E_1PPE_I_pose_007	/demo/rosetta/1PPE_E_vs_1PPE_I/rosetta_1PPE_E_1PPE_I_pose_007.pdb	
Rosetta	lrmsd	21.45795615322465	1PPE_E	1PPE_I	rosetta_1PPE_E_1PPE_I_demo	rosetta_1PPE_E_1PPE_I_pose_008	/demo/rosetta/1PPE_E_vs_1PPE_I/rosetta_1PPE_E_1PPE_I_pose_008.pdb	
Rosetta	lrmsd	25.4416905579142	1PPE_E	1PPE_I	rosetta_1PPE_E_1PPE_I_demo	rosetta_1PPE_E_1PPE_I_pose_009	/demo/rosetta/1PPE_E_vs_1PPE_I/rosetta_1PPE_E_1PPE_I_pose_009.pdb	
Rosetta	lrmsd	27.071011172370653	1PPE_E	1PPE_I	rosetta_1PPE_E_1PPE_I_demo	rosetta_1PPE_E_1PPE_I_pose_010	/demo/rosetta/1PPE_E_vs_1PPE_I/rosetta_1PPE_E_1PPE_I_pose_010.pdb	
Rosetta	lrmsd	27.06499318249526	1PPE_E	1PPE_I	rosetta_1PPE_E_1PPE_I_demo	rosetta_1PPE_E_1PPE_I_pose_011	/demo/rosetta/1PPE_E_vs_1PPE_I/rosetta_1PPE_E_1PPE_I_pose_011.pdb	
Rosetta	lrmsd	15.50889383017755	1PPE_E	1PPE_I	rosetta_1PPE_E_1PPE_I_demo	rosetta_1PPE_E_1PPE_I_pose_012	/demo/rosetta/1PPE_E_vs_1PPE_I/rosetta_1PPE_E_1PPE_I_pose_012.pdb	
Rosetta	lrmsd	18.41480734272604	1PPE_E	1PPE_I	rosetta_1PPE_E_1PPE_I_demo	rosetta_1PPE_E_1PPE_I_pose_013	/demo/rosetta/1PPE_E_vs_1PPE_I/rosetta_1PPE_E_1PPE_I_pose_013.pdb	
Rosetta	lrmsd	22.161504331466208	1PPE_E	1PPE_I	rosetta_1PPE_E_1PPE_I_demo	rosetta_1PPE_E_1PPE_I_pose_014	/demo/rosetta/1PPE_E_vs_1PPE_I/rosetta_1PPE_E_1PPE_I_pose_014.pdb	
Rosetta	lrmsd	31.3935710498398	1PPE_E	1PPE_I	rosetta_1PPE_E_1PPE_I_demo	rosetta_1PPE_E_1PPE_I_pose_015	/demo/rosetta/1PPE_E_vs_1PPE_I/rosetta_1PPE_E_1PPE_I_pose_015.pdb	
Rosetta	lrmsd	26.660446416712624	1PPE_E	1PPE_I	rosetta_1PPE_E_1PPE_I_demo	rosetta_1PPE_E_1PPE_I_pose_016	/demo/rosetta/1PPE_E_vs_1PPE_I/rosetta_1PPE_E_1PPE_I_pose_016.pdb	
Rosetta	lrmsd	25.03728722899271	1PPE_E	1PPE_I	rosetta_1PPE_E_1PPE_I_demo	rosetta_1PPE_E_1PPE_I_pose_017	/demo/rosetta/1PPE_E_vs_1PPE_I/rosetta_1PPE_E_1PPE_I_pose_017.pdb	
Rosetta	lrmsd	18.25495420002819	1PPE_E	1PPE_I	rosetta_1PPE_E_1PPE_I_demo	rosetta_1PPE_E_1PPE_I_pose_018	/demo/rosetta/1PPE_E_vs_1PPE_I/rosetta_1PPE_E_1PPE_I_pose_018.pdb	
Rosetta	lrmsd	16.02560165980194	1PPE_E	1PPE_I	rosetta_1PPE_E_1PPE_I_demo	rosetta_1PPE_E_1PPE_I_pose_019	/demo/rosetta/1PPE_E_vs_1PPE_I/rosetta_1PPE_E_1PPE_I_pose_019.pdb	
Rosetta	lrmsd	23.550085475224577	1PPE_E	1PPE_I	rosetta_1PPE_E_1PPE_I_demo	rosetta_1PPE_E_1PPE_I_pose_020	/demo/rosetta/1PPE_E_vs_1PPE_I/rosetta_1PPE_E_1PPE_I_pose_020.pdb	
Rosetta	lrmsd	15.04702431094538	1PPE_E	1PPE_I	rosetta_1PPE_E_1PPE_I_demo	rosetta_1PPE_E_1PPE_I_pose_021	/demo/rosetta/1PPE_E_vs_1PPE_I/rosetta_1PPE_E_1PPE_I_pose_021.pdb	
Rosetta	lrmsd	18.92703642058864	1PPE_E	1PPE_I	rosetta_1PPE_E_1PPE_I_demo	rosetta_1PPE_E_1PPE_I_pose_022	/demo/rosetta/1PPE_E_vs_1PPE_I/rosetta_1PPE_E_1PPE_I_pose_022.pdb	
Rosetta	lrmsd	19.483499229491347	1PPE_E	1PPE_I	rosetta_1PPE_E_1PPE_I_demo	rosetta_1PPE_E_1PPE_I_pose_023	/demo/rosetta/1PPE_E_vs_1PPE_I/rosetta_1PPE_E_1PPE_I_pose_023.pdb	
Rosetta	lrmsd	27.168104401052638	1PPE_E	1PPE_I	rosetta_1PPE_E_1PPE_I_demo	rosetta_1PPE_E_1PPE_I_pose_024	/demo/rosetta/1PPE_E_vs_1PPE_I/rosetta_1PPE_E_1PPE_I_pose_024.pdb	
Rosetta	lrmsd	18.40386213668145	1PPE_E	1PPE_I	rosetta_1PPE_E_1PPE_I_demo	rosetta_1PPE_E_1PPE_I_pose_025	/demo/rosetta/1PPE_E_vs_1PPE_I/rosetta_1PPE_E_1PPE_I_pose_025.pdb	
Rosetta	lrmsd	9.02337662642323	1PPE_E	1PPE_I	rosetta_1PPE_E_1PPE_I_demo	rosetta_1PPE_E_1PPE_I_pose_026	/demo/rosetta/1PPE_E_vs_1PPE_I/rosetta_1PPE_E_1PPE_I_pose_026.pdb	
Rosetta	lrmsd	22.27000091448111	1PPE_E	1PPE_I	rosetta_1PPE_E_1PPE_I_demo	rosetta_1PPE_E_1PPE_I_pose_027	/demo/rosetta/1PPE_E_vs_1PPE_I/rosetta_1PPE_E_1PPE_I_pose_027.pdb	
Rosetta	lrmsd	16.85440166103233	1PPE_E	1PPE_I	rosetta_1PPE_E_1PPE_I_demo	rosetta_1PPE_E_1PPE_I_pose_028	/demo/rosetta/1PPE_E_vs_1PPE_I/rosetta_1PPE_E_1PPE_I_pose_028.pdb	
Rosetta	lrmsd	20.19183960996986	1PPE_E	1PPE_I	rosetta_1PPE_E_1PPE_I_demo	rosetta_1PPE_E_1PPE_I_pose_029	/demo/rosetta/1PPE_E_vs_1PPE_I/rosetta_1PPE_E_1PPE_I_pose_029.pdb	
Rosetta	lrmsd	19.609828846210444	1PPE_E	1PPE_I	rosetta_1PPE_E_1PPE_I_demo	rosetta_1PPE_E_1PPE_I_pose_030	/demo/rosetta/1PPE_E_vs_1PPE_I/rosetta_1PPE_E_1PPE_I_pose_030.pdb	
Rosetta	lrmsd	18.768332018820043	1PPE_E	1PPE_I	rosetta_1PPE_E_1PPE_I_demo	rosetta_1PPE_E_1PPE_I_pose_031	/demo/rosetta/1PPE_E_vs_1PPE_I/rosetta_1PPE_E_1PPE_I_pose_031.pdb	
Rosetta	lrmsd	23.556532618031166	1PPE_E	1PPE_I	rosetta_1PPE_E_1PPE_I_demo	rosetta_1PPE_E_1PPE_I_pose_032	/demo/rosetta/1PPE_E_vs_1PPE_I/rosetta_1PPE_E_1PPE_I_pose_032.pdb	
Rosetta	lrmsd	13.102108047412816	1PPE_E	1PPE_I	rosetta_1PPE_E_1PPE_I_demo	rosetta_1PPE_E_1PPE_I_pose_033	/demo/rosetta/1PPE_E_vs_1PPE_I/rosetta_1PPE_E_1PPE_I_pose_033.pdb	
Rosetta	lrmsd	17.67343598770538	1PPE_E	1PPE_I	rosetta_1PPE_E_1PPE_I_demo	rosetta_1PPE_E_1PPE_I_pose_034	/demo/rosetta/1PPE_E_vs_1PPE_I/rosetta_1PPE_E_1PPE_I_pose_034.pdb	
Rosetta	lrmsd	23.078170609028216	1PPE_E	1PPE_I	rosetta_1PPE_E_1PPE_I_demo	rosetta_1PPE_E_1PPE_I_pose_035	/demo/rosetta/1PPE_E_vs_1PPE_I/rosetta_1PPE_E_1PPE_I_pose_035.pdb	
Rosetta	lrmsd	17.236618510950343	1PPE_E	1PPE_I	rosetta_1PPE_E_1PPE_I_demo	rosetta_1PPE_E_1PPE_I_pose_036	/demo/rosetta/1PPE_E_vs_1PPE_I/rosetta_1PPE_E_1PPE_I_pose_036.pdb	
Rosetta	lrmsd	12.760369808285127	1PPE_E	1PPE_I	rosetta_1PPE_E_1PPE_I_demo	rosetta_1PPE_E_1PPE_I_pose_037	/demo/rosetta/1PPE_E_vs_1PPE_I/rosetta_1PPE_E_1PPE_I_pose_037.pdb	
Rosetta	lrmsd	23.00849904465531	1PPE_E	1PPE_I	rosetta_1PPE_E_1PPE_I_demo	rosetta_1PPE_E_1PPE_I_pose_038	/demo/rosetta/1PPE_E_vs_1PPE_I/rosetta_1PPE_E_1PPE_I_pose_038.pdb	
Rosetta	lrmsd	25.053925836986927	1PPE_E	1PPE_I	rosetta_1PPE_E_1PPE_I_demo	rosetta_1PPE_E_1PPE_I_pose_039	/demo/rosetta/1PPE_E_vs_1PPE_I/rosetta_1PPE_E_1PPE_I_pose_039.pdb	
Rosetta	lrmsd	19.79752156560647	1PPE_E	1PPE_I	rosetta_1PPE_E_1PPE_I_demo	rosetta_1PPE_E_1PPE_I_pose_040	/demo/rosetta/1PPE_E_vs_1PPE_I/rosetta_1PPE_E_1PPE_I_pose_040.pdb	
Rosetta	lrmsd	11.176194806887104	1PPE_E	1PPE_I	rosetta_1PPE_E_1PPE_I_demo	rosetta_1PPE_E_1PPE_I_pose_041	/demo/rosetta/1PPE_E_vs_1PPE_I/rosetta_1PPE_E_1PPE_I_pose_041.pdb	
Rosetta	lrmsd	23.17686386014467	1PPE_E	1PPE_I	rosetta_1PPE_E_1PPE_I_demo	rosetta_1PPE_E_1PPE_I_pose_042	/demo/rosetta/1PPE_E_vs_1PPE_I/rosetta_1PPE_E_1PPE_I_pose_042.pdb	
Rosetta	lrmsd	12.530504533611403	1PPE_E	1PPE_I	rosetta_1PPE_E_1PPE_I_demo	rosetta_1PPE_E_1PPE_I_pose_043	/demo/rosetta/1PPE_E_vs_1PPE_I/rosetta_1PPE_E_1PPE_I_pose_043.pdb	
Rosetta	lrmsd	21.389596745816746	1PPE_E	1PPE_I	rosetta_1PPE_E_1PPE_I_demo	rosetta_1PPE_E_1PPE_I_pose_044	/demo/rosetta/1PPE_E_vs_1PPE_I/rosetta_1PPE_E_1PPE_I_pose_044.pdb	
Rosetta	lrmsd	16.00641278866028	1PPE_E	1PPE_I	rosetta_1PPE_E_1PPE_I_demo	rosetta_1PPE_E_1PPE_I_pose_045	/demo/rosetta/1PPE_E_vs_1PPE_I/rosetta_1PPE_E_1PPE_I_pose_045.pdb	
Rosetta	lrmsd	14.780723214048656	1PPE_E	1PPE_I	rosetta_1PPE_E_1PPE_I_demo	rosetta_1PPE_E_1PPE_I_pose_046	/demo/rosetta/1PPE_E_vs_1PPE_I/rosetta_1PPE_E_1PPE_I_pose_046.pdb	
Rosetta	lrmsd	18.011404923141395	1PPE_E	1PPE_I	rosetta_1PPE_E_1PPE_I_demo	rosetta_1PPE_E_1PPE_I_pose_047	/demo/rosetta/1PPE_E_vs_1PPE_I/rosetta_1PPE_E_1PPE_I_pose_047.pdb	
Rosetta	lrmsd	19.17516099607733	1PPE_E	1PPE_I	rosetta_1PPE_E_1PPE_I_demo	rosetta_1PPE_E_1PPE_I_pose_048	/demo/rosetta/1PPE_E_vs_1PPE_I/rosetta_1PPE_E_1PPE_I_pose_048.pdb	
Rosetta	lrmsd	17.101062873260982	1PPE_E	1PPE_I	rosetta_1PPE_E_1PPE_I_demo	rosetta_1PPE_E_1PPE_I_pose_049	/demo/rosetta/1PPE_E_vs_1PPE_I/rosetta_1PPE_E_1PPE_I_pose_049.pdb	
Rosetta	lrmsd	22.64916475196818	1PPE_E	1PPE_I	rosetta_1PPE_E_1PPE_I_demo	rosetta_1PPE_E_1PPE_I_pose_050	/demo/rosetta/1PPE_E_vs_1PPE_I/rosetta_1PPE_E_1PPE_I_pose_050.pdb	
HADDOCK	score	-113.92138756917667	2UUY_rec	2UUY_lig	haddock_2UUY_rec_2UUY_lig_demo	haddock_2UUY_rec_2UUY_lig_pose_001	/demo/haddock/2UUY_rec_vs_2UUY_lig/haddock_2UUY_rec_2UUY_lig_pose_001.pdb	
HADDOCK	score	-85.39618256656357	2UUY_rec	2UUY_lig	haddock_2UUY_rec_2UUY_lig_demo	haddock_2UUY_rec_2UUY_lig_pose_002	/demo/haddock/2UUY_rec_vs_2UUY_lig/haddock_2UUY_rec_2UUY_lig_pose_002.pdb	
HADDOCK	score	-99.37653668713041	2UUY_rec	2UUY_lig	haddock_2UUY_rec_2UUY_lig_demo	haddock_2UUY_rec_2UUY_lig_pose_003	/demo/haddock/2UUY_rec_vs_2UUY_lig/haddock_2UUY_rec_2UUY_lig_pose_003.pdb	
HADDOCK	score	-118.95114413192616	2UUY_rec	2UUY_lig	haddock_2UUY_rec_2UUY_lig_demo	haddock_2UUY_rec_2UUY_lig_pose_004	/demo/haddock/2UUY_rec_vs_2UUY_lig/haddock_2UUY_rec_2UUY_lig_pose_004.pdb	
HADDOCK	score	-122.31879767664572	2UUY_rec	2UUY_lig	haddock_2UUY_rec_2UUY_lig_demo	haddock_2UUY_rec_2UUY_lig_pose_005	/demo/haddock/2UUY_rec_vs_2UUY_lig/haddock_2UUY_rec_2UUY_lig_pose_005.pdb	
HADDOCK	score	-137.94992598094876	2UUY_rec	2UUY_lig	haddock_2UUY_rec_2UUY_lig_demo	haddock_2UUY_rec_2UUY_lig_pose_006	/demo/haddock/2UUY_rec_vs_2UUY_lig/haddock_2UUY_rec_2UUY_lig_pose_006.pdb	
HADDOCK	score	-99.18533644266356	2UUY_rec	2UUY_lig	haddock_2UUY_rec_2UUY_lig_demo	haddock_2UUY_rec_2UUY_lig_pose_007	/demo/haddock/2UUY_rec_vs_2UUY_lig/haddock_2UUY_rec_2UUY_lig_pose_007.pdb	
HADDOCK	score	-112.09175094502716	2UUY_rec	2UUY_lig	haddock_2UUY_rec_2UUY_lig_demo	haddock_2UUY_rec_2UUY_lig_pose_008	/demo/haddock/2UUY_rec_vs_2UUY_lig/haddock_2UUY_rec_2UUY_lig_pose_008.pdb	
HADDOCK	score	-152.4439105612703	2UUY_rec	2UUY_lig	haddock_2UUY_rec_2UUY_lig_demo	haddock_2UUY_rec_2UUY_lig_pose_009	/demo/haddock/2UUY_rec_vs_2UUY_lig/haddock_2UUY_rec_2UUY_lig_pose_009.pdb	
HADDOCK	score	-115.714297455388	2UUY_rec	2UUY_lig	haddock_2UUY_rec_2UUY_lig_demo	haddock_2UUY_rec_2UUY_lig_pose_010	/demo/haddock/2UUY_rec_vs_2UUY_lig/haddock_2UUY_rec_2UUY_lig_pose_010.pdb	
HADDOCK	score	-123.02068058509904	2UUY_rec	2UUY_lig	haddock_2UUY_rec_2UUY_lig_demo	haddock_2UUY_rec_2UUY_lig_pose_011	/demo/haddock/2UUY_rec_vs_2UUY_lig/haddock_2UUY_rec_2UUY_lig_pose_011.pdb	
HADDOCK	score	-73.48644815658679	2UUY_rec	2UUY_lig	haddock_2UUY_rec_2UUY_lig_demo	haddock_2UUY_rec_2UUY_lig_pose_012	/demo/haddock/2UUY_rec_vs_2UUY_lig/haddock_2UUY_rec_2UUY_lig_pose_012.pdb	
HADDOCK	score	-139.0555722378662	2UUY_rec	2UUY_lig	haddock_2UUY_rec_2UUY_lig_demo	haddock_2UUY_rec_2UUY_lig_pose_013	/demo/haddock/2UUY_rec_vs_2UUY_lig/haddock_2UUY_rec_2UUY_lig_pose_013.pdb	
HADDOCK	score	-133.82701599468106	2UUY_rec	2UUY_lig	haddock_2UUY_rec_2UUY_lig_demo	haddock_2UUY_rec_2UUY_lig_pose_014	/demo/haddock/2UUY_rec_vs_2UUY_lig/haddock_2UUY_rec_2UUY_lig_pose_014.pdb	
HADDOCK	score	-82.800607137886	2UUY_rec	2UUY_lig	haddock_2UUY_rec_2UUY_lig_demo	haddock_2UUY_rec_2UUY_lig_pose_015	/demo/haddock/2UUY_rec_vs_2UUY_lig/haddock_2UUY_rec_2UUY_lig_pose_015.pdb	
HADDOCK	score	-77.86473685072073	2UUY_rec	2UUY_lig	haddock_2UUY_rec_2UUY_lig_demo	haddock_2UUY_rec_2UUY_lig_pose_016	/demo/haddock/2UUY_rec_vs_2UUY_lig/haddock_2UUY_rec_2UUY_lig_pose_016.pdb	
HADDOCK	score	-119.89965877451283	2UUY_rec	2UUY_lig	haddock_2UUY_rec_2UUY_lig_demo	haddock_2UUY_rec_2UUY_lig_pose_017	/demo/haddock/2UUY_rec_vs_2UUY_lig/haddock_2UUY_rec_2UUY_lig_pose_017.pdb	
HADDOCK	score	-117.64171645617822	2UUY_rec	2UUY_lig	haddock_2UUY_rec_2UUY_lig_demo	haddock_2UUY_rec_2UUY_lig_pose_018	/demo/haddock/2UUY_rec_vs_2UUY_lig/haddock_2UUY_rec_2UUY_lig_pose_018.pdb	
HADDOCK	score	-92.67529206893374	2UUY_rec	2UUY_lig	haddock_2UUY_rec_2UUY_lig_demo	haddock_2UUY_rec_2UUY_lig_pose_019	/demo/haddock/2UUY_rec_vs_2UUY_lig/haddock_2UUY_rec_2UUY_lig_pose_019.pdb	
HADDOCK	score	-151.5419959389062	2UUY_rec	2UUY_lig	haddock_2UUY_rec_2UUY_lig_demo	haddock_2UUY_rec_2UUY_lig_pose_020	/demo/haddock/2UUY_rec_vs_2UUY_lig/haddock_2UUY_rec_2UUY_lig_pose_020.pdb	
HADDOCK	score	-142.22387369011113	2UUY_rec	2UUY_lig	haddock_2UUY_rec_2UUY_lig_demo	haddock_2UUY_rec_2UUY_lig_pose_021	/demo/haddock/2UUY_rec_vs_2UUY_lig/haddock_2UUY_rec_2UUY_lig_pose_021.pdb	
HADDOCK	score	-110.61466801701424	2UUY_rec	2UUY_lig	haddock_2UUY_rec_2UUY_lig_demo	haddock_2UUY_rec_2UUY_lig_pose_022	/demo/haddock/2UUY_rec_vs_2UUY_lig/haddock_2UUY_rec_2UUY_lig_pose_022.pdb	
HADDOCK	score	-74.00218867741748	2UUY_rec	2UUY_lig	haddock_2UUY_rec_2UUY_lig_demo	haddock_2UUY_rec_2UUY_lig_pose_023	/demo/haddock/2UUY_rec_vs_2UUY_lig/haddock_2UUY_rec_2UUY_lig_pose_023.pdb	
HADDOCK	score	-113.7146017633348	2UUY_rec	2UUY_lig	haddock_2UUY_rec_2UUY_lig_demo	haddock_2UUY_rec_2UUY_lig_pose_024	/demo/haddock/2UUY_rec_vs_2UUY_lig/haddock_2UUY_rec_2UUY_lig_pose_024.pdb	
HADDOCK	score	-102.9812641652969	2UUY_rec	2UUY_lig	haddock_2UUY_rec_2UUY_lig_demo	haddock_2UUY_rec_2UUY_lig_pose_025	/demo/haddock/2UUY_rec_vs_2UUY_lig/haddock_2UUY_rec_2UUY_lig_pose_025.pdb	
HADDOCK	score	-82.32421454871977	2UUY_rec	2UUY_lig	haddock_2UUY_rec_2UUY_lig_demo	haddock_2UUY_rec_2UUY_lig_pose_026	/demo/haddock/2UUY_rec_vs_2UUY_lig/haddock_2UUY_rec_2UUY_lig_pose_026.pdb	
HADDOCK	score	-62.862305334437075	2UUY_rec	2UUY_lig	haddock_2UUY_rec_2UUY_lig_demo	haddock_2UUY_rec_2UUY_lig_pose_027	/demo/haddock/2UUY_rec_vs_2UUY_lig/haddock_2UUY_rec_2UUY_lig_pose_027.pdb	
HADDOCK	score	-116.53696946296625	2UUY_rec	2UUY_lig	haddock_2UUY_rec_2UUY_lig_demo	haddock_2UUY_rec_2UUY_lig_pose_028	/demo/haddock/2UUY_rec_vs_2UUY_lig/haddock_2UUY_rec_2UUY_lig_pose_028.pdb	
HADDOCK	score	-105.33673447466852	2UUY_rec	2UUY_lig	haddock_2UUY_rec_2UUY_lig_demo	haddock_2UUY_rec_2UUY_lig_pose_029	/demo/haddock/2UUY_rec_vs_2UUY_lig/haddock_2UUY_rec_2UUY_lig_pose_029.pdb	
HADDOCK	score	-68.55889557314315	2UUY_rec	2UUY_lig	haddock_2UUY_rec_2UUY_lig_demo	haddock_2UUY_rec_2UUY_lig_pose_030	/demo/haddock/2UUY_rec_vs_2UUY_lig/haddock_2UUY_rec_2UUY_lig_pose_030.pdb	
HADDOCK	score	-135.44398550382857	2UUY_rec	2UUY_lig	haddock_2UUY_rec_2UUY_lig_demo	haddock_2UUY_rec_2UUY_lig_pose_031	/demo/haddock/2UUY_rec_vs_2UUY_lig/haddock_2UUY_rec_2UUY_lig_pose_031.pdb	
HADDOCK	score	-84.44837858892356	2UUY_rec	2UUY_lig	haddock_2UUY_rec_2UUY_lig_demo	haddock_2UUY_rec_2UUY_lig_pose_032	/demo/haddock/2UUY_rec_vs_2UUY_lig/haddock_2UUY_rec_2UUY_lig_pose_032.pdb	
HADDOCK	score	-125.36631064722516	2UUY_rec	2UUY_lig	haddock_2UUY_rec_2UUY_lig_demo	haddock_2UUY_rec_2UUY_lig_pose_033	/demo/haddock/2UUY_rec_vs_2UUY_lig/haddock_2UUY_rec_2UUY_lig_pose_033.pdb	
HADDOCK	score	-102.95055265793687	2UUY_rec	2UUY_lig	haddock_2UUY_rec_2UUY_lig_demo	haddock_2UUY_rec_2UUY_lig_pose_034	/demo/haddock/2UUY_rec_vs_2UUY_lig/haddock_2UUY_rec_2UUY_lig_pose_034.pdb	
HADDOCK	score	-109.85238094800549	2UUY_rec	2UUY_lig	haddock_2UUY_rec_2UUY_lig_demo	haddock_2UUY_rec_2UUY_lig_pose_035	/demo/haddock/2UUY_rec_vs_2UUY_lig/haddock_2UUY_rec_2UUY_lig_pose_035.pdb	
HADDOCK	score	-124.16023201402459	2UUY_rec	2UUY_lig	haddock_2UUY_rec_2UUY_lig_demo	haddock_2UUY_rec_2UUY_lig_pose_036	/demo/haddock/2UUY_rec_vs_2UUY_lig/haddock_2UUY_rec_2UUY_lig_pose_036.pdb	
HADDOCK	score	-124.6620385531655	2UUY_rec	2UUY_lig	haddock_2UUY_rec_2UUY_lig_demo	haddock_2UUY_rec_2UUY_lig_pose_037	/demo/haddock/2UUY_rec_vs_2UUY_lig/haddock_2UUY_rec_2UUY_lig_pose_037.pdb	
HADDOCK	score	-99.4717127149249	2UUY_rec	2UUY_lig	haddock_2UUY_rec_2UUY_lig_demo	haddock_2UUY_rec_2UUY_lig_pose_038	/demo/haddock/2UUY_rec_vs_2UUY_lig/haddock_2UUY_rec_2UUY_lig_pose_038.pdb	
HADDOCK	score	-85.08921343674636	2UUY_rec	2UUY_lig	haddock_2UUY_rec_2UUY_lig_demo	haddock_2UUY_rec_2UUY_lig_pose_039	/demo/haddock/2UUY_rec_vs_2UUY_lig/haddock_2UUY_rec_2UUY_lig_pose_039.pdb	
HADDOCK	score	-107.59472406377006	2UUY_rec	2UUY_lig	haddock_2UUY_rec_2UUY_lig_demo	haddock_2UUY_rec_2UUY_lig_pose_040	/demo/haddock/2UUY_rec_vs_2UUY_lig/haddock_2UUY_rec_2UUY_lig_pose_040.pdb	
HADDOCK	score	-103.59773682533567	2UUY_rec	2UUY_lig	haddock_2UUY_rec_2UUY_lig_demo	haddock_2UUY_rec_2UUY_lig_pose_041	/demo/haddock/2UUY_rec_vs_2UUY_lig/haddock_2UUY_rec_2UUY_lig_pose_041.pdb	
HADDOCK	score	-93.57651867417906	2UUY_rec	2UUY_lig	haddock_2UUY_rec_2UUY_lig_demo	haddock_2UUY_rec_2UUY_lig_pose_042	/demo/haddock/2UUY_rec_vs_2UUY_lig/haddock_2UUY_rec_2UUY_lig_pose_042.pdb	
HADDOCK	score	-124.4323754602592	2UUY_rec	2UUY_lig	haddock_2UUY_rec_2UUY_lig_demo	haddock_2UUY_rec_2UUY_lig_pose_043	/demo/haddock/2UUY_rec_vs_2UUY_lig/haddock_2UUY_rec_2UUY_lig_pose_043.pdb	
HADDOCK	score	-90.20614983174154	2UUY_rec	2UUY_lig	haddock_2UUY_rec_2UUY_lig_demo	haddock_2UUY_rec_2UUY_lig_pose_044	/demo/haddock/2UUY_rec_vs_2UUY_lig/haddock_2UUY_rec_2UUY_lig_pose_044.pdb	
HADDOCK	score	-88.61313805880506	2UUY_rec	2UUY_lig	haddock_2UUY_rec_2UUY_lig_demo	haddock_2UUY_rec_2UUY_lig_pose_045	/demo/haddock/2UUY_rec_vs_2UUY_lig/haddock_2UUY_rec_2UUY_lig_pose_045.pdb	
HADDOCK	score	-52.9274740249918	2UUY_rec	2UUY_lig	haddock_2UUY_rec_2UUY_lig_demo	haddock_2UUY_rec_2UUY_lig_pose_046	/demo/haddock/2UUY_rec_vs_2UUY_lig/haddock_2UUY_rec_2UUY_lig_pose_046.pdb	
HADDOCK	score	-112.52208381119165	2UUY_rec	2UUY_lig	haddock_2UUY_rec_2UUY_lig_demo	haddock_2UUY_rec_2UUY_lig_pose_047	/demo/haddock/2UUY_rec_vs_2UUY_lig/haddock_2UUY_rec_2UUY_lig_pose_047.pdb	
HADDOCK	score	-114.16163603336256	2UUY_rec	2UUY_lig	haddock_2UUY_rec_2UUY_lig_demo	haddock_2UUY_rec_2UUY_lig_pose_048	/demo/haddock/2UUY_rec_vs_2UUY_lig/haddock_2UUY_rec_2UUY_lig_pose_048.pdb	
HADDOCK	score	-89.6206825685251	2UUY_rec	2UUY_lig	haddock_2UUY_rec_2UUY_lig_demo	haddock_2UUY_rec_2UUY_lig_pose_049	/demo/haddock/2UUY_rec_vs_2UUY_lig/haddock_2UUY_rec_2UUY_lig_pose_049.pdb	
HADDOCK	score	-88.61791662175723	2UUY_rec	2UUY_lig	haddock_2UUY_rec_2UUY_lig_demo	haddock_2UUY_rec_2UUY_lig_pose_050	/demo/haddock/2UUY_rec_vs_2UUY_lig/haddock_2UUY_rec_2UUY_lig_pose_050.pdb	
LightDock	luciferin_score	16.66228211655822	2UUY_rec	2UUY_lig	lightdock_2UUY_rec_2UUY_lig_demo	lightdock_2UUY_rec_2UUY_lig_pose_001	/demo/lightdock/2UUY_rec_vs_2UUY_lig/lightdock_2UUY_rec_2UUY_lig_pose_001.pdb	
LightDock	luciferin_score	16.992093307674878	2UUY_rec	2UUY_lig	lightdock_2UUY_rec_2UUY_lig_demo	lightdock_2UUY_rec_2UUY_lig_pose_002	/demo/lightdock/2UUY_rec_vs_2UUY_lig/lightdock_2UUY_rec_2UUY_lig_pose_002.pdb	
LightDock	luciferin_score	19.352827095545102	2UUY_rec	2UUY_lig	lightdock_2UUY_rec_2UUY_lig_demo	lightdock_2UUY_rec_2UUY_lig_pose_003	/demo/lightdock/2UUY_rec_vs_2UUY_lig/lightdock_2UUY_rec_2UUY_lig_pose_003.pdb	
LightDock	luciferin_score	15.931039398163346	2UUY_rec	2UUY_lig	lightdock_2UUY_rec_2UUY_lig_demo	lightdock_2UUY_rec_2UUY_lig_pose_004	/demo/lightdock/2UUY_rec_vs_2UUY_lig/lightdock_2UUY_rec_2UUY_lig_pose_004.pdb	
LightDock	luciferin_score	16.97366502996246	2UUY_rec	2UUY_lig	lightdock_2UUY_rec_2UUY_lig_demo	lightdock_2UUY_rec_2UUY_lig_pose_005	/demo/lightdock/2UUY_rec_vs_2UUY_lig/lightdock_2UUY_rec_2UUY_lig_pose_005.pdb	
LightDock	luciferin_score	18.223981918421085	2UUY_rec	2UUY_lig	lightdock_2UUY_rec_2UUY_lig_demo	lightdock_2UUY_rec_2UUY_lig_pose_006	/demo/lightdock/2UUY_rec_vs_2UUY_lig/lightdock_2UUY_rec_2UUY_lig_pose_006.pdb	
LightDock	luciferin_score	20.489846712055645	2UUY_rec	2UUY_lig	lightdock_2UUY_rec_2UUY_lig_demo	lightdock_2UUY_rec_2UUY_lig_pose_007	/demo/lightdock/2UUY_rec_vs_2UUY_lig/lightdock_2UUY_rec_2UUY_lig_pose_007.pdb	
LightDock	luciferin_score	16.488503459551147	2UUY_rec	2UUY_lig	lightdock_2UUY_rec_2UUY_lig_demo	lightdock_2UUY_rec_2UUY_lig_pose_008	/demo/lightdock/2UUY_rec_vs_2UUY_lig/lightdock_2UUY_rec_2UUY_lig_pose_008.pdb	
LightDock	luciferin_score	13.394038844923319	2UUY_rec	2UUY_lig	lightdock_2UUY_rec_2UUY_lig_demo	lightdock_2UUY_rec_2UUY_lig_pose_009	/demo/lightdock/2UUY_rec_vs_2UUY_lig/lightdock_2UUY_rec_2UUY_lig_pose_009.pdb	
LightDock	luciferin_score	13.208506331204472	2UUY_rec	2UUY_lig	lightdock_2UUY_rec_2UUY_lig_demo	lightdock_2UUY_rec_2UUY_lig_pose_010	/demo/lightdock/2UUY_rec_vs_2UUY_lig/lightdock_2UUY_rec_2UUY_lig_pose_010.pdb	
LightDock	luciferin_score	14.851467333234666	2UUY_rec	2UUY_lig	lightdock_2UUY_rec_2UUY_lig_demo	lightdock_2UUY_rec_2UUY_lig_pose_011	/demo/lightdock/2UUY_rec_vs_2UUY_lig/lightdock_2UUY_rec_2UUY_lig_pose_011.pdb	
LightDock	luciferin_score	14.717080704500157	2UUY_rec	2UUY_lig	lightdock_2UUY_rec_2UUY_lig_demo	lightdock_2UUY_rec_2UUY_lig_pose_012	/demo/lightdock/2UUY_rec_vs_2UUY_lig/lightdock_2UUY_rec_2UUY_lig_pose_012.pdb	
LightDock	luciferin_score	17.61347310345023	2UUY_rec	2UUY_lig	lightdock_2UUY_rec_2UUY_lig_demo	lightdock_2UUY_rec_2UUY_lig_pose_013	/demo/lightdock/2UUY_rec_vs_2UUY_lig/lightdock_2UUY_rec_2UUY_lig_pose_013.pdb	
LightDock	luciferin_score	15.027799616005987	2UUY_rec	2UUY_lig	lightdock_2UUY_rec_2UUY_lig_demo	lightdock_2UUY_rec_2UUY_lig_pose_014	/demo/lightdock/2UUY_rec_vs_2UUY_lig/lightdock_2UUY_rec_2UUY_lig_pose_014.pdb	
LightDock	luciferin_score	16.24311260044699	2UUY_rec	2UUY_lig	lightdock_2UUY_rec_2UUY_lig_demo	lightdock_2UUY_rec_2UUY_lig_pose_015	/demo/lightdock/2UUY_rec_vs_2UUY_lig/lightdock_2UUY_rec_2UUY_lig_pose_015.pdb	
LightDock	luciferin_score	16.064785287544876	2UUY_rec	2UUY_lig	lightdock_2UUY_rec_2UUY_lig_demo	lightdock_2UUY_rec_2UUY_lig_pose_016	/demo/lightdock/2UUY_rec_vs_2UUY_lig/lightdock_2UUY_rec_2UUY_lig_pose_016.pdb	
LightDock	luciferin_score	16.898730347880015	2UUY_rec	2UUY_lig	lightdock_2UUY_rec_2UUY_lig_demo	lightdock_2UUY_rec_2UUY_lig_pose_017	/demo/lightdock/2UUY_rec_vs_2UUY_lig/lightdock_2UUY_rec_2UUY_lig_pose_017.pdb	
LightDock	luciferin_score	21.306260828807805	2UUY_rec	2UUY_lig	lightdock_2UUY_rec_2UUY_lig_demo	lightdock_2UUY_rec_2UUY_lig_pose_018	/demo/lightdock/2UUY_rec_vs_2UUY_lig/lightdock_2UUY_rec_2UUY_lig_pose_018.pdb	
LightDock	luciferin_score	19.654868973576292	2UUY_rec	2UUY_lig	lightdock_2UUY_rec_2UUY_lig_demo	lightdock_2UUY_rec_2UUY_lig_pose_019	/demo/lightdock/2UUY_rec_vs_2UUY_lig/lightdock_2UUY_rec_2UUY_lig_pose_019.pdb	
LightDock	luciferin_score	18.04032353819001	2UUY_rec	2UUY_lig	lightdock_2UUY_rec_2UUY_lig_demo	lightdock_2UUY_rec_2UUY_lig_pose_020	/demo/lightdock/2UUY_rec_vs_2UUY_lig/lightdock_2UUY_rec_2UUY_lig_pose_020.pdb	
LightDock	luciferin_score	16.847434298547906	2UUY_rec	2UUY_lig	lightdock_2UUY_rec_2UUY_lig_demo	lightdock_2UUY_rec_2UUY_lig_pose_021	/demo/lightdock/2UUY_rec_vs_2UUY_lig/lightdock_2UUY_rec_2UUY_lig_pose_021.pdb	
LightDock	luciferin_score	16.916918358442448	2UUY_rec	2UUY_lig	lightdock_2UUY_rec_2UUY_lig_demo	lightdock_2UUY_rec_2UUY_lig_pose_022	/demo/lightdock/2UUY_rec_vs_2UUY_lig/lightdock_2UUY_rec_2UUY_lig_pose_022.pdb	
LightDock	luciferin_score	18.819366174879875	2UUY_rec	2UUY_lig	lightdock_2UUY_rec_2UUY_lig_demo	lightdock_2UUY_rec_2UUY_lig_pose_023	/demo/lightdock/2UUY_rec_vs_2UUY_lig/lightdock_2UUY_rec_2UUY_lig_pose_023.pdb	
LightDock	luciferin_score	19.460422683380724	2UUY_rec	2UUY_lig	lightdock_2UUY_rec_2UUY_lig_demo	lightdock_2UUY_rec_2UUY_lig_pose_024	/demo/lightdock/2UUY_rec_vs_2UUY_lig/lightdock_2UUY_rec_2UUY_lig_pose_024.pdb	
LightDock	luciferin_score	15.730956234748499	2UUY_rec	2UUY_lig	lightdock_2UUY_rec_2UUY_lig_demo	lightdock_2UUY_rec_2UUY_lig_pose_025	/demo/lightdock/2UUY_rec_vs_2UUY_lig/lightdock_2UUY_rec_2UUY_lig_pose_025.pdb	
LightDock	luciferin_score	18.091201889035577	2UUY_rec	2UUY_lig	lightdock_2UUY_rec_2UUY_lig_demo	lightdock_2UUY_rec_2UUY_lig_pose_026	/demo/lightdock/2UUY_rec_vs_2UUY_lig/lightdock_2UUY_rec_2UUY_lig_pose_026.pdb	
LightDock	luciferin_score	12.920951078342434	2UUY_rec	2UUY_lig	lightdock_2UUY_rec_2UUY_lig_demo	lightdock_2UUY_rec_2UUY_lig_pose_027	/demo/lightdock/2UUY_rec_vs_2UUY_lig/lightdock_2UUY_rec_2UUY_lig_pose_027.pdb	
LightDock	luciferin_score	18.529284460426492	2UUY_rec	2UUY_lig	lightdock_2UUY_rec_2UUY_lig_demo	lightdock_2UUY_rec_2UUY_lig_pose_028	/demo/lightdock/2UUY_rec_vs_2UUY_lig/lightdock_2UUY_rec_2UUY_lig_pose_028.pdb	
LightDock	luciferin_score	19.905373104896714	2UUY_rec	2UUY_lig	lightdock_2UUY_rec_2UUY_lig_demo	lightdock_2UUY_rec_2UUY_lig_pose_029	/demo/lightdock/2UUY_rec_vs_2UUY_lig/lightdock_2UUY_rec_2UUY_lig_pose_029.pdb	
LightDock	luciferin_score	17.29982843279781	2UUY_rec	2UUY_lig	lightdock_2UUY_rec_2UUY_lig_demo	lightdock_2UUY_rec_2UUY_lig_pose_030	/demo/lightdock/2UUY_rec_vs_2UUY_lig/lightdock_2UUY_rec_2UUY_lig_pose_030.pdb	
LightDock	luciferin_score	22.541317490350263	2UUY_rec	2UUY_lig	lightdock_2UUY_rec_2UUY_lig_demo	lightdock_2UUY_rec_2UUY_lig_pose_031	/demo/lightdock/2UUY_rec_vs_2UUY_lig/lightdock_2UUY_rec_2UUY_lig_pose_031.pdb	
LightDock	luciferin_score	15.796903881409873	2UUY_rec	2UUY_lig	lightdock_2UUY_rec_2UUY_lig_demo	lightdock_2UUY_rec_2UUY_lig_pose_032	/demo/lightdock/2UUY_rec_vs_2UUY_lig/lightdock_2UUY_rec_2UUY_lig_pose_032.pdb	
LightDock	luciferin_score	18.543601038258153	2UUY_rec	2UUY_lig	lightdock_2UUY_rec_2UUY_lig_demo	lightdock_2UUY_rec_2UUY_lig_pose_033	/demo/lightdock/2UUY_rec_vs_2UUY_lig/lightdock_2UUY_rec_2UUY_lig_pose_033.pdb	
LightDock	luciferin_score	17.910438133335113	2UUY_rec	2UUY_lig	lightdock_2UUY_rec_2UUY_lig_demo	lightdock_2UUY_rec_2UUY_lig_pose_034	/demo/lightdock/2UUY_rec_vs_2UUY_lig/lightdock_2UUY_rec_2UUY_lig_pose_034.pdb	
LightDock	luciferin_score	17.74925583139148	2UUY_rec	2UUY_lig	lightdock_2UUY_rec_2UUY_lig_demo	lightdock_2UUY_rec_2UUY_lig_pose_035	/demo/lightdock/2UUY_rec_vs_2UUY_lig/lightdock_2UUY_rec_2UUY_lig_pose_035.pdb	
LightDock	luciferin_score	17.71419457998813	2UUY_rec	2UUY_lig	lightdock_2UUY_rec_2UUY_lig_demo	lightdock_2UUY_rec_2UUY_lig_pose_036	/demo/lightdock/2UUY_rec_vs_2UUY_lig/lightdock_2UUY_rec_2UUY_lig_pose_036.pdb	
LightDock	luciferin_score	18.267762575023678	2UUY_rec	2UUY_lig	lightdock_2UUY_rec_2UUY_lig_demo	lightdock_2UUY_rec_2UUY_lig_pose_037	/demo/lightdock/2UUY_rec_vs_2UUY_lig/lightdock_2UUY_rec_2UUY_lig_pose_037.pdb	
LightDock	luciferin_score	20.11989685865925	2UUY_rec	2UUY_lig	lightdock_2UUY_rec_2UUY_lig_demo	lightdock_2UUY_rec_2UUY_lig_pose_038	/demo/lightdock/2UUY_rec_vs_2UUY_lig/lightdock_2UUY_rec_2UUY_lig_pose_038.pdb	
LightDock	luciferin_score	21.44434059068686	2UUY_rec	2UUY_lig	lightdock_2UUY_rec_2UUY_lig_demo	lightdock_2UUY_rec_2UUY_lig_pose_039	/demo/lightdock/2UUY_rec_vs_2UUY_lig/lightdock_2UUY_rec_2UUY_lig_pose_039.pdb	
LightDock	luciferin_score	17.994374388739608	2UUY_rec	2UUY_lig	lightdock_2UUY_rec_2UUY_lig_demo	lightdock_2UUY_rec_2UUY_lig_pose_040	/demo/lightdock/2UUY_rec_vs_2UUY_lig/lightdock_2UUY_rec_2UUY_lig_pose_040.pdb	
LightDock	luciferin_score	20.038290180429083	2UUY_rec	2UUY_lig	lightdock_2UUY_rec_2UUY_lig_demo	lightdock_2UUY_rec_2UUY_lig_pose_041	/demo/lightdock/2UUY_rec_vs_2UUY_lig/lightdock_2UUY_rec_2UUY_lig_pose_041.pdb	
LightDock	luciferin_score	16.245582634333044	2UUY_rec	2UUY_lig	lightdock_2UUY_rec_2UUY_lig_demo	lightdock_2UUY_rec_2UUY_lig_pose_042	/demo/lightdock/2UUY_rec_vs_2UUY_lig/lightdock_2UUY_rec_2UUY_lig_pose_042.pdb	
LightDock	luciferin_score	19.914888631815582	2UUY_rec	2UUY_lig	lightdock_2UUY_rec_2UUY_lig_demo	lightdock_2UUY_rec_2UUY_lig_pose_043	/demo/lightdock/2UUY_rec_vs_2UUY_lig/lightdock_2UUY_rec_2UUY_lig_pose_043.pdb	
LightDock	luciferin_score	16.095021190432526	2UUY_rec	2UUY_lig	lightdock_2UUY_rec_2UUY_lig_demo	lightdock_2UUY_rec_2UUY_lig_pose_044	/demo/lightdock/2UUY_rec_vs_2UUY_lig/lightdock_2UUY_rec_2UUY_lig_pose_044.pdb	
LightDock	luciferin_score	20.72664984022033	2UUY_rec	2UUY_lig	lightdock_2UUY_rec_2UUY_lig_demo	lightdock_2UUY_rec_2UUY_lig_pose_045	/demo/lightdock/2UUY_rec_vs_2UUY_lig/lightdock_2UUY_rec_2UUY_lig_pose_045.pdb	
LightDock	luciferin_score	23.5266021934831	2UUY_rec	2UUY_lig	lightdock_2UUY_rec_2UUY_lig_demo	lightdock_2UUY_rec_2UUY_lig_pose_046	/demo/lightdock/2UUY_rec_vs_2UUY_lig/lightdock_2UUY_rec_2UUY_lig_pose_046.pdb	
LightDock	luciferin_score	17.69479028007152	2UUY_rec	2UUY_lig	lightdock_2UUY_rec_2UUY_lig_demo	lightdock_2UUY_rec_2UUY_lig_pose_047	/demo/lightdock/2UUY_rec_vs_2UUY_lig/lightdock_2UUY_rec_2UUY_lig_pose_047.pdb	
LightDock	luciferin_score	12.518641272981478	2UUY_rec	2UUY_lig	lightdock_2UUY_rec_2UUY_lig_demo	lightdock_2UUY_rec_2UUY_lig_pose_048	/demo/lightdock/2UUY_rec_vs_2UUY_lig/lightdock_2UUY_rec_2UUY_lig_pose_048.pdb	
LightDock	luciferin_score	16.62981766688794	2UUY_rec	2UUY_lig	lightdock_2UUY_rec_2UUY_lig_demo	lightdock_2UUY_rec_2UUY_lig_pose_049	/demo/lightdock/2UUY_rec_vs_2UUY_lig/lightdock_2UUY_rec_2UUY_lig_pose_049.pdb	
LightDock	luciferin_score	21.07968783572326	2UUY_rec	2UUY_lig	lightdock_2UUY_rec_2UUY_lig_demo	lightdock_2UUY_rec_2UUY_lig_pose_050	/demo/lightdock/2UUY_rec_vs_2UUY_lig/lightdock_2UUY_rec_2UUY_lig_pose_050.pdb	
Rosetta	total_score	-187.46923212974755	2UUY_rec	2UUY_lig	rosetta_2UUY_rec_2UUY_lig_demo	rosetta_2UUY_rec_2UUY_lig_pose_001	/demo/rosetta/2UUY_rec_vs_2UUY_lig/rosetta_2UUY_rec_2UUY_lig_pose_001.pdb	
Rosetta	total_score	-190.51086401324972	2UUY_rec	2UUY_lig	rosetta_2UUY_rec_2UUY_lig_demo	rosetta_2UUY_rec_2UUY_lig_pose_002	/demo/rosetta/2UUY_rec_vs_2UUY_lig/rosetta_2UUY_rec_2UUY_lig_pose_002.pdb	
Rosetta	total_score	-182.9133164404516	2UUY_rec	2UUY_lig	rosetta_2UUY_rec_2UUY_lig_demo	rosetta_2UUY_rec_2UUY_lig_pose_003	/demo/rosetta/2UUY_rec_vs_2UUY_lig/rosetta_2UUY_rec_2UUY_lig_pose_003.pdb	
Rosetta	total_score	-188.1554656075158	2UUY_rec	2UUY_lig	rosetta_2UUY_rec_2UUY_lig_demo	rosetta_2UUY_rec_2UUY_lig_pose_004	/demo/rosetta/2UUY_rec_vs_2UUY_lig/rosetta_2UUY_rec_2UUY_lig_pose_004.pdb	
Rosetta	total_score	-180.82274812548863	2UUY_rec	2UUY_lig	rosetta_2UUY_rec_2UUY_lig_demo	rosetta_2UUY_rec_2UUY_lig_pose_005	/demo/rosetta/2UUY_rec_vs_2UUY_lig/rosetta_2UUY_rec_2UUY_lig_pose_005.pdb	
Rosetta	total_score	-183.80576323353014	2UUY_rec	2UUY_lig	rosetta_2UUY_rec_2UUY_lig_demo	rosetta_2UUY_rec_2UUY_lig_pose_006	/demo/rosetta/2UUY_rec_vs_2UUY_lig/rosetta_2UUY_rec_2UUY_lig_pose_006.pdb	
Rosetta	total_score	-177.7829954726304	2UUY_rec	2UUY_lig	rosetta_2UUY_rec_2UUY_lig_demo	rosetta_2UUY_rec_2UUY_lig_pose_007	/demo/rosetta/2UUY_rec_vs_2UUY_lig/rosetta_2UUY_rec_2UUY_lig_pose_007.pdb	
Rosetta	total_score	-189.41203916093747	2UUY_rec	2UUY_lig	rosetta_2UUY_rec_2UUY_lig_demo	rosetta_2UUY_rec_2UUY_lig_pose_008	/demo/rosetta/2UUY_rec_vs_2UUY_lig/rosetta_2UUY_rec_2UUY_lig_pose_008.pdb	
Rosetta	total_score	-183.94740598506044	2UUY_rec	2UUY_lig	rosetta_2UUY_rec_2UUY_lig_demo	rosetta_2UUY_rec_2UUY_lig_pose_009	/demo/rosetta/2UUY_rec_vs_2UUY_lig/rosetta_2UUY_rec_2UUY_lig_pose_009.pdb	
Rosetta	total_score	-196.07127073085786	2UUY_rec	2UUY_lig	rosetta_2UUY_rec_2UUY_lig_demo	rosetta_2UUY_rec_2UUY_lig_pose_010	/demo/rosetta/2UUY_rec_vs_2UUY_lig/rosetta_2UUY_rec_2UUY_lig_pose_010.pdb	
Rosetta	total_score	-199.01460811559005	2UUY_rec	2UUY_lig	rosetta_2UUY_rec_2UUY_lig_demo	rosetta_2UUY_rec_2UUY_lig_pose_011	/demo/rosetta/2UUY_rec_vs_2UUY_lig/rosetta_2UUY_rec_2UUY_lig_pose_011.pdb	
Rosetta	total_score	-175.93232359581026	2UUY_rec	2UUY_lig	rosetta_2UUY_rec_2UUY_lig_demo	rosetta_2UUY_rec_2UUY_lig_pose_012	/demo/rosetta/2UUY_rec_vs_2UUY_lig/rosetta_2UUY_rec_2UUY_lig_pose_012.pdb	
Rosetta	total_score	-190.83795323677313	2UUY_rec	2UUY_lig	rosetta_2UUY_rec_2UUY_lig_demo	rosetta_2UUY_rec_2UUY_lig_pose_013	/demo/rosetta/2UUY_rec_vs_2UUY_lig/rosetta_2UUY_rec_2UUY_lig_pose_013.pdb	
Rosetta	total_score	-184.9511943413762	2UUY_rec	2UUY_lig	rosetta_2UUY_rec_2UUY_lig_demo	rosetta_2UUY_rec_2UUY_lig_pose_014	/demo/rosetta/2UUY_rec_vs_2UUY_lig/rosetta_2UUY_rec_2UUY_lig_pose_014.pdb	
Rosetta	total_score	-191.7625998558861	2UUY_rec	2UUY_lig	rosetta_2UUY_rec_2UUY_lig_demo	rosetta_2UUY_rec_2UUY_lig_pose_015	/demo/rosetta/2UUY_rec_vs_2UUY_lig/rosetta_2UUY_rec_2UUY_lig_pose_015.pdb	
Rosetta	total_score	-198.86515650919964	2UUY_rec	2UUY_lig	rosetta_2UUY_rec_2UUY_lig_demo	rosetta_2UUY_rec_2UUY_lig_pose_016	/demo/rosetta/2UUY_rec_vs_2UUY_lig/rosetta_2UUY_rec_2UUY_lig_pose_016.pdb	
Rosetta	total_score	-192.89017107417598	2UUY_rec	2UUY_lig	rosetta_2UUY_rec_2UUY_lig_demo	rosetta_2UUY_rec_2UUY_lig_pose_017	/demo/rosetta/2UUY_rec_vs_2UUY_lig/rosetta_2UUY_rec_2UUY_lig_pose_017.pdb	
Rosetta	total_score	-178.64005982232285	2UUY_rec	2UUY_lig	rosetta_2UUY_rec_2UUY_lig_demo	rosetta_2UUY_rec_2UUY_lig_pose_018	/demo/rosetta/2UUY_rec_vs_2UUY_lig/rosetta_2UUY_rec_2UUY_lig_pose_018.pdb	
Rosetta	total_score	-187.44759925720575	2UUY_rec	2UUY_lig	rosetta_2UUY_rec_2UUY_lig_demo	rosetta_2UUY_rec_2UUY_lig_pose_019	/demo/rosetta/2UUY_rec_vs_2UUY_lig/rosetta_2UUY_rec_2UUY_lig_pose_019.pdb	
Rosetta	total_score	-210.1147315973046	2UUY_rec	2UUY_lig	rosetta_2UUY_rec_2UUY_lig_demo	rosetta_2UUY_rec_2UUY_lig_pose_020	/demo/rosetta/2UUY_rec_vs_2UUY_lig/rosetta_2UUY_rec_2UUY_lig_pose_020.pdb	
Rosetta	total_score	-195.15244456576156	2UUY_rec	2UUY_lig	rosetta_2UUY_rec_2UUY_lig_demo	rosetta_2UUY_rec_2UUY_lig_pose_021	/demo/rosetta/2UUY_rec_vs_2UUY_lig/rosetta_2UUY_rec_2UUY_lig_pose_021.pdb	
Rosetta	total_score	-175.17706207295288	2UUY_rec	2UUY_lig	rosetta_2UUY_rec_2UUY_lig_demo	rosetta_2UUY_rec_2UUY_lig_pose_022	/demo/rosetta/2UUY_rec_vs_2UUY_lig/rosetta_2UUY_rec_2UUY_lig_pose_022.pdb	
Rosetta	total_score	-195.13796861849957	2UUY_rec	2UUY_lig	rosetta_2UUY_rec_2UUY_lig_demo	rosetta_2UUY_rec_2UUY_lig_pose_023	/demo/rosetta/2UUY_rec_vs_2UUY_lig/rosetta_2UUY_rec_2UUY_lig_pose_023.pdb	
Rosetta	total_score	-211.00478691734182	2UUY_rec	2UUY_lig	rosetta_2UUY_rec_2UUY_lig_demo	rosetta_2UUY_rec_2UUY_lig_pose_024	/demo/rosetta/2UUY_rec_vs_2UUY_lig/rosetta_2UUY_rec_2UUY_lig_pose_024.pdb	
Rosetta	total_score	-174.06951114577456	2UUY_rec	2UUY_lig	rosetta_2UUY_rec_2UUY_lig_demo	rosetta_2UUY_rec_2UUY_lig_pose_025	/demo/rosetta/2UUY_rec_vs_2UUY_lig/rosetta_2UUY_rec_2UUY_lig_pose_025.pdb	
Rosetta	total_score	-186.17607490187208	2UUY_rec	2UUY_lig	rosetta_2UUY_rec_2UUY_lig_demo	rosetta_2UUY_rec_2UUY_lig_pose_026	/demo/rosetta/2UUY_rec_vs_2UUY_lig/rosetta_2UUY_rec_2UUY_lig_pose_026.pdb	
Rosetta	total_score	-193.700128588128	2UUY_rec	2UUY_lig	rosetta_2UUY_rec_2UUY_lig_demo	rosetta_2UUY_rec_2UUY_lig_pose_027	/demo/rosetta/2UUY_rec_vs_2UUY_lig/rosetta_2UUY_rec_2UUY_lig_pose_027.pdb	
Rosetta	total_score	-196.71417736082068	2UUY_rec	2UUY_lig	rosetta_2UUY_rec_2UUY_lig_demo	rosetta_2UUY_rec_2UUY_lig_pose_028	/demo/rosetta/2UUY_rec_vs_2UUY_lig/rosetta_2UUY_rec_2UUY_lig_pose_028.pdb	
Rosetta	total_score	-182.17648070208264	2UUY_rec	2UUY_lig	rosetta_2UUY_rec_2UUY_lig_demo	rosetta_2UUY_rec_2UUY_lig_pose_029	/demo/rosetta/2UUY_rec_vs_2UUY_lig/rosetta_2UUY_rec_2UUY_lig_pose_029.pdb	
Rosetta	total_score	-198.41983400226192	2UUY_rec	2UUY_lig	rosetta_2UUY_rec_2UUY_lig_demo	rosetta_2UUY_rec_2UUY_lig_pose_030	/demo/rosetta/2UUY_rec_vs_2UUY_lig/rosetta_2UUY_rec_2UUY_lig_pose_030.pdb	
Rosetta	total_score	-181.5174357548401	2UUY_rec	2UUY_lig	rosetta_2UUY_rec_2UUY_lig_demo	rosetta_2UUY_rec_2UUY_lig_pose_031	/demo/rosetta/2UUY_rec_vs_2UUY_lig/rosetta_2UUY_rec_2UUY_lig_pose_031.pdb	
Rosetta	total_score	-187.57804714275744	2UUY_rec	2UUY_lig	rosetta_2UUY_rec_2UUY_lig_demo	rosetta_2UUY_rec_2UUY_lig_pose_032	/demo/rosetta/2UUY_rec_vs_2UUY_lig/rosetta_2UUY_rec_2UUY_lig_pose_032.pdb	
Rosetta	total_score	-190.5531807451265	2UUY_rec	2UUY_lig	rosetta_2UUY_rec_2UUY_lig_demo	rosetta_2UUY_rec_2UUY_lig_pose_033	/demo/rosetta/2UUY_rec_vs_2UUY_lig/rosetta_2UUY_rec_2UUY_lig_pose_033.pdb	
Rosetta	total_score	-191.54485194664406	2UUY_rec	2UUY_lig	rosetta_2UUY_rec_2UUY_lig_demo	rosetta_2UUY_rec_2UUY_lig_pose_034	/demo/rosetta/2UUY_rec_vs_2UUY_lig/rosetta_2UUY_rec_2UUY_lig_pose_034.pdb	
Rosetta	total_score	-194.7496803671418	2UUY_rec	2UUY_lig	rosetta_2UUY_rec_2UUY_lig_demo	rosetta_2UUY_rec_2UUY_lig_pose_035	/demo/rosetta/2UUY_rec_vs_2UUY_lig/rosetta_2UUY_rec_2UUY_lig_pose_035.pdb	
Rosetta	total_score	-182.54359879790735	2UUY_rec	2UUY_lig	rosetta_2UUY_rec_2UUY_lig_demo	rosetta_2UUY_rec_2UUY_lig_pose_036	/demo/rosetta/2UUY_rec_vs_2UUY_lig/rosetta_2UUY_rec_2UUY_lig_pose_036.pdb	
Rosetta	total_score	-201.65342832101834	2UUY_rec	2UUY_lig	rosetta_2UUY_rec_2UUY_lig_demo	rosetta_2UUY_rec_2UUY_lig_pose_037	/demo/rosetta/2UUY_rec_vs_2UUY_lig/rosetta_2UUY_rec_2UUY_lig_pose_037.pdb	
Rosetta	total_score	-209.2192512683021	2UUY_rec	2UUY_lig	rosetta_2UUY_rec_2UUY_lig_demo	rosetta_2UUY_rec_2UUY_lig_pose_038	/demo/rosetta/2UUY_rec_vs_2UUY_lig/rosetta_2UUY_rec_2UUY_lig_pose_038.pdb	
Rosetta	total_score	-186.85559877107525	2UUY_rec	2UUY_lig	rosetta_2UUY_rec_2UUY_lig_demo	rosetta_2UUY_rec_2UUY_lig_pose_039	/demo/rosetta/2UUY_rec_vs_2UUY_lig/rosetta_2UUY_rec_2UUY_lig_pose_039.pdb	
Rosetta	total_score	-186.68761671932853	2UUY_rec	2UUY_lig	rosetta_2UUY_rec_2UUY_lig_demo	rosetta_2UUY_rec_2UUY_lig_pose_040	/demo/rosetta/2UUY_rec_vs_2UUY_lig/rosetta_2UUY_rec_2UUY_lig_pose_040.pdb	
Rosetta	total_score	-188.19758847488234	2UUY_rec	2UUY_lig	rosetta_2UUY_rec_2UUY_lig_demo	rosetta_2UUY_rec_2UUY_lig_pose_041	/demo/rosetta/2UUY_rec_vs_2UUY_lig/rosetta_2UUY_rec_2UUY_lig_pose_041.pdb	
Rosetta	total_score	-188.9227163038196	2UUY_rec	2UUY_lig	rosetta_2UUY_rec_2UUY_lig_demo	rosetta_2UUY_rec_2UUY_lig_pose_042	/demo/rosetta/2UUY_rec_vs_2UUY_lig/rosetta_2UUY_rec_2UUY_lig_pose_042.pdb	
Rosetta	total_score	-196.2054037833755	2UUY_rec	2UUY_lig	rosetta_2UUY_rec_2UUY_lig_demo	rosetta_2UUY_rec_2UUY_lig_pose_043	/demo/rosetta/2UUY_rec_vs_2UUY_lig/rosetta_2UUY_rec_2UUY_lig_pose_043.pdb	
Rosetta	total_score	-185.12517295614475	2UUY_rec	2UUY_lig	rosetta_2UUY_rec_2UUY_lig_demo	rosetta_2UUY_rec_2UUY_lig_pose_044	/demo/rosetta/2UUY_rec_vs_2UUY_lig/rosetta_2UUY_rec_2UUY_lig_pose_044.pdb	
Rosetta	total_score	-193.4555812675454	2UUY_rec	2UUY_lig	rosetta_2UUY_rec_2UUY_lig_demo	rosetta_2UUY_rec_2UUY_lig_pose_045	/demo/rosetta/2UUY_rec_vs_2UUY_lig/rosetta_2UUY_rec_2UUY_lig_pose_045.pdb	
Rosetta	total_score	-197.87113560815177	2UUY_rec	2UUY_lig	rosetta_2UUY_rec_2UUY_lig_demo	rosetta_2UUY_rec_2UUY_lig_pose_046	/demo/rosetta/2UUY_rec_vs_2UUY_lig/rosetta_2UUY_rec_2UUY_lig_pose_046.pdb	
Rosetta	total_score	-196.118913122554	2UUY_rec	2UUY_lig	rosetta_2UUY_rec_2UUY_lig_demo	rosetta_2UUY_rec_2UUY_lig_pose_047	/demo/rosetta/2UUY_rec_vs_2UUY_lig/rosetta_2UUY_rec_2UUY_lig_pose_047.pdb	
Rosetta	total_score	-172.79360301224168	2UUY_rec	2UUY_lig	rosetta_2UUY_rec_2UUY_lig_demo	rosetta_2UUY_rec_2UUY_lig_pose_048	/demo/rosetta/2UUY_rec_vs_2UUY_lig/rosetta_2UUY_rec_2UUY_lig_pose_048.pdb	
Rosetta	total_score	-210.34976082045432	2UUY_rec	2UUY_lig	rosetta_2UUY_rec_2UUY_lig_demo	rosetta_2UUY_rec_2UUY_lig_pose_049	/demo/rosetta/2UUY_rec_vs_2UUY_lig/rosetta_2UUY_rec_2UUY_lig_pose_049.pdb	
Rosetta	total_score	-188.002118957042	2UUY_rec	2UUY_lig	rosetta_2UUY_rec_2UUY_lig_demo	rosetta_2UUY_rec_2UUY_lig_pose_050	/demo/rosetta/2UUY_rec_vs_2UUY_lig/rosetta_2UUY_rec_2UUY_lig_pose_050.pdb	
HADDOCK	score	-85.2239876972269	3HFM_H	3HFM_Y	haddock_3HFM_H_3HFM_Y_demo	haddock_3HFM_H_3HFM_Y_pose_001	/demo/haddock/3HFM_H_vs_3HFM_Y/haddock_3HFM_H_3HFM_Y_pose_001.pdb	
HADDOCK	score	-56.94820008981352	3HFM_H	3HFM_Y	haddock_3HFM_H_3HFM_Y_demo	haddock_3HFM_H_3HFM_Y_pose_002	/demo/haddock/3HFM_H_vs_3HFM_Y/haddock_3HFM_H_3HFM_Y_pose_002.pdb	
HADDOCK	score	-62.80529473277538	3HFM_H	3HFM_Y	haddock_3HFM_H_3HFM_Y_demo	haddock_3HFM_H_3HFM_Y_pose_003	/demo/haddock/3HFM_H_vs_3HFM_Y/haddock_3HFM_H_3HFM_Y_pose_003.pdb	
HADDOCK	score	-92.5305093402378	3HFM_H	3HFM_Y	haddock_3HFM_H_3HFM_Y_demo	haddock_3HFM_H_3HFM_Y_pose_004	/demo/haddock/3HFM_H_vs_3HFM_Y/haddock_3HFM_H_3HFM_Y_pose_004.pdb	
HADDOCK	score	-47.99732337219227	3HFM_H	3HFM_Y	haddock_3HFM_H_3HFM_Y_demo	haddock_3HFM_H_3HFM_Y_pose_005	/demo/haddock/3HFM_H_vs_3HFM_Y/haddock_3HFM_H_3HFM_Y_pose_005.pdb	
HADDOCK	score	-61.84068511945952	3HFM_H	3HFM_Y	haddock_3HFM_H_3HFM_Y_demo	haddock_3HFM_H_3HFM_Y_pose_006	/demo/haddock/3HFM_H_vs_3HFM_Y/haddock_3HFM_H_3HFM_Y_pose_006.pdb	
HADDOCK	score	-92.7857141661024	3HFM_H	3HFM_Y	haddock_3HFM_H_3HFM_Y_demo	haddock_3HFM_H_3HFM_Y_pose_007	/demo/haddock/3HFM_H_vs_3HFM_Y/haddock_3HFM_H_3HFM_Y_pose_007.pdb	
HADDOCK	score	-39.88777436606346	3HFM_H	3HFM_Y	haddock_3HFM_H_3HFM_Y_demo	haddock_3HFM_H_3HFM_Y_pose_008	/demo/haddock/3HFM_H_vs_3HFM_Y/haddock_3HFM_H_3HFM_Y_pose_008.pdb	
HADDOCK	score	-29.16988879619917	3HFM_H	3HFM_Y	haddock_3HFM_H_3HFM_Y_demo	haddock_3HFM_H_3HFM_Y_pose_009	/demo/haddock/3HFM_H_vs_3HFM_Y/haddock_3HFM_H_3HFM_Y_pose_009.pdb	
HADDOCK	score	-28.177761838661706	3HFM_H	3HFM_Y	haddock_3HFM_H_3HFM_Y_demo	haddock_3HFM_H_3HFM_Y_pose_010	/demo/haddock/3HFM_H_vs_3HFM_Y/haddock_3HFM_H_3HFM_Y_pose_010.pdb	
HADDOCK	score	-48.53878406827352	3HFM_H	3HFM_Y	haddock_3HFM_H_3HFM_Y_demo	haddock_3HFM_H_3HFM_Y_pose_011	/demo/haddock/3HFM_H_vs_3HFM_Y/haddock_3HFM_H_3HFM_Y_pose_011.pdb	
HADDOCK	score	-54.17095350561192	3HFM_H	3HFM_Y	haddock_3HFM_H_3HFM_Y_demo	haddock_3HFM_H_3HFM_Y_pose_012	/demo/haddock/3HFM_H_vs_3HFM_Y/haddock_3HFM_H_3HFM_Y_pose_012.pdb	
HADDOCK	score	-31.093180823875656	3HFM_H	3HFM_Y	haddock_3HFM_H_3HFM_Y_demo	haddock_3HFM_H_3HFM_Y_pose_013	/demo/haddock/3HFM_H_vs_3HFM_Y/haddock_3HFM_H_3HFM_Y_pose_013.pdb	
HADDOCK	score	-24.71709546387823	3HFM_H	3HFM_Y	haddock_3HFM_H_3HFM_Y_demo	haddock_3HFM_H_3HFM_Y_pose_014	/demo/haddock/3HFM_H_vs_3HFM_Y/haddock_3HFM_H_3HFM_Y_pose_014.pdb	
HADDOCK	score	-34.59576334823875	3HFM_H	3HFM_Y	haddock_3HFM_H_3HFM_Y_demo	haddock_3HFM_H_3HFM_Y_pose_015	/demo/haddock/3HFM_H_vs_3HFM_Y/haddock_3HFM_H_3HFM_Y_pose_015.pdb	
HADDOCK	score	-71.94767684013642	3HFM_H	3HFM_Y	haddock_3HFM_H_3HFM_Y_demo	haddock_3HFM_H_3HFM_Y_pose_016	/demo/haddock/3HFM_H_vs_3HFM_Y/haddock_3HFM_H_3HFM_Y_pose_016.pdb	
HADDOCK	score	-51.37579264213141	3HFM_H	3HFM_Y	haddock_3HFM_H_3HFM_Y_demo	haddock_3HFM_H_3HFM_Y_pose_017	/demo/haddock/3HFM_H_vs_3HFM_Y/haddock_3HFM_H_3HFM_Y_pose_017.pdb	
HADDOCK	score	-47.08870940275428	3HFM_H	3HFM_Y	haddock_3HFM_H_3HFM_Y_demo	haddock_3HFM_H_3HFM_Y_pose_018	/demo/haddock/3HFM_H_vs_3HFM_Y/haddock_3HFM_H_3HFM_Y_pose_018.pdb	
HADDOCK	score	-87.57310544051012	3HFM_H	3HFM_Y	haddock_3HFM_H_3HFM_Y_demo	haddock_3HFM_H_3HFM_Y_pose_019	/demo/haddock/3HFM_H_vs_3HFM_Y/haddock_3HFM_H_3HFM_Y_pose_019.pdb	
HADDOCK	score	-46.551508126826064	3HFM_H	3HFM_Y	haddock_3HFM_H_3HFM_Y_demo	haddock_3HFM_H_3HFM_Y_pose_020	/demo/haddock/3HFM_H_vs_3HFM_Y/haddock_3HFM_H_3HFM_Y_pose_020.pdb	
HADDOCK	score	-14.086147132370996	3HFM_H	3HFM_Y	haddock_3HFM_H_3HFM_Y_demo	haddock_3HFM_H_3HFM_Y_pose_021	/demo/haddock/3HFM_H_vs_3HFM_Y/haddock_3HFM_H_3HFM_Y_pose_021.pdb	
HADDOCK	score	-43.48114901558576	3HFM_H	3HFM_Y	haddock_3HFM_H_3HFM_Y_demo	haddock_3HFM_H_3HFM_Y_pose_022	/demo/haddock/3HFM_H_vs_3HFM_Y/haddock_3HFM_H_3HFM_Y_pose_022.pdb	
HADDOCK	score	-28.478564534048388	3HFM_H	3HFM_Y	haddock_3HFM_H_3HFM_Y_demo	haddock_3HFM_H_3HFM_Y_pose_023	/demo/haddock/3HFM_H_vs_3HFM_Y/haddock_3HFM_H_3HFM_Y_pose_023.pdb	
HADDOCK	score	-51.70753485768331	3HFM_H	3HFM_Y	haddock_3HFM_H_3HFM_Y_demo	haddock_3HFM_H_3HFM_Y_pose_024	/demo/haddock/3HFM_H_vs_3HFM_Y/haddock_3HFM_H_3HFM_Y_pose_024.pdb	
HADDOCK	score	-56.31792983170879	3HFM_H	3HFM_Y	haddock_3HFM_H_3HFM_Y_demo	haddock_3HFM_H_3HFM_Y_pose_025	/demo/haddock/3HFM_H_vs_3HFM_Y/haddock_3HFM_H_3HFM_Y_pose_025.pdb	
HADDOCK	score	-48.13711497854244	3HFM_H	3HFM_Y	haddock_3HFM_H_3HFM_Y_demo	haddock_3HFM_H_3HFM_Y_pose_026	/demo/haddock/3HFM_H_vs_3HFM_Y/haddock_3HFM_H_3HFM_Y_pose_026.pdb	
HADDOCK	score	-69.68487966371978	3HFM_H	3HFM_Y	haddock_3HFM_H_3HFM_Y_demo	haddock_3HFM_H_3HFM_Y_pose_027	/demo/haddock/3HFM_H_vs_3HFM_Y/haddock_3HFM_H_3HFM_Y_pose_027.pdb	
HADDOCK	score	-72.34795337021899	3HFM_H	3HFM_Y	haddock_3HFM_H_3HFM_Y_demo	haddock_3HFM_H_3HFM_Y_pose_028	/demo/haddock/3HFM_H_vs_3HFM_Y/haddock_3HFM_H_3HFM_Y_pose_028.pdb	
HADDOCK	score	-32.20651797095142	3HFM_H	3HFM_Y	haddock_3HFM_H_3HFM_Y_demo	haddock_3HFM_H_3HFM_Y_pose_029	/demo/haddock/3HFM_H_vs_3HFM_Y/haddock_3HFM_H_3HFM_Y_pose_029.pdb	
HADDOCK	score	-30.29783782840267	3HFM_H	3HFM_Y	haddock_3HFM_H_3HFM_Y_demo	haddock_3HFM_H_3HFM_Y_pose_030	/demo/haddock/3HFM_H_vs_3HFM_Y/haddock_3HFM_H_3HFM_Y_pose_030.pdb	
HADDOCK	score	-72.83991368057231	3HFM_H	3HFM_Y	haddock_3HFM_H_3HFM_Y_demo	haddock_3HFM_H_3HFM_Y_pose_031	/demo/haddock/3HFM_H_vs_3HFM_Y/haddock_3HFM_H_3HFM_Y_pose_031.pdb	
HADDOCK	score	-37.576021518030444	3HFM_H	3HFM_Y	haddock_3HFM_H_3HFM_Y_demo	haddock_3HFM_H_3HFM_Y_pose_032	/demo/haddock/3HFM_H_vs_3HFM_Y/haddock_3HFM_H_3HFM_Y_pose_032.pdb	
HADDOCK	score	-56.56527956090838	3HFM_H	3HFM_Y	haddock_3HFM_H_3HFM_Y_demo	haddock_3HFM_H_3HFM_Y_pose_033	/demo/haddock/3HFM_H_vs_3HFM_Y/haddock_3HFM_H_3HFM_Y_pose_033.pdb	
HADDOCK	score	-48.88344565917225	3HFM_H	3HFM_Y	haddock_3HFM_H_3HFM_Y_demo	haddock_3HFM_H_3HFM_Y_pose_034	/demo/haddock/3HFM_H_vs_3HFM_Y/haddock_3HFM_H_3HFM_Y_pose_034.pdb	
HADDOCK	score	-46.71606449016886	3HFM_H	3HFM_Y	haddock_3HFM_H_3HFM_Y_demo	haddock_3HFM_H_3HFM_Y_pose_035	/demo/haddock/3HFM_H_vs_3HFM_Y/haddock_3HFM_H_3HFM_Y_pose_035.pdb	
HADDOCK	score	-37.10169157376227	3HFM_H	3HFM_Y	haddock_3HFM_H_3HFM_Y_demo	haddock_3HFM_H_3HFM_Y_pose_036	/demo/haddock/3HFM_H_vs_3HFM_Y/haddock_3HFM_H_3HFM_Y_pose_036.pdb	
HADDOCK	score	-53.5110723664626	3HFM_H	3HFM_Y	haddock_3HFM_H_3HFM_Y_demo	haddock_3HFM_H_3HFM_Y_pose_037	/demo/haddock/3HFM_H_vs_3HFM_Y/haddock_3HFM_H_3HFM_Y_pose_037.pdb	
HADDOCK	score	-29.617084084565153	3HFM_H	3HFM_Y	haddock_3HFM_H_3HFM_Y_demo	haddock_3HFM_H_3HFM_Y_pose_038	/demo/haddock/3HFM_H_vs_3HFM_Y/haddock_3HFM_H_3HFM_Y_pose_038.pdb	
HADDOCK	score	-49.43056888432135	3HFM_H	3HFM_Y	haddock_3HFM_H_3HFM_Y_demo	haddock_3HFM_H_3HFM_Y_pose_039	/demo/haddock/3HFM_H_vs_3HFM_Y/haddock_3HFM_H_3HFM_Y_pose_039.pdb	
HADDOCK	score	-43.76468309554841	3HFM_H	3HFM_Y	haddock_3HFM_H_3HFM_Y_demo	haddock_3HFM_H_3HFM_Y_pose_040	/demo/haddock/3HFM_H_vs_3HFM_Y/haddock_3HFM_H_3HFM_Y_pose_040.pdb	
HADDOCK	score	-69.99872664767044	3HFM_H	3HFM_Y	haddock_3HFM_H_3HFM_Y_demo	haddock_3HFM_H_3HFM_Y_pose_041	/demo/haddock/3HFM_H_vs_3HFM_Y/haddock_3HFM_H_3HFM_Y_pose_041.pdb	
HADDOCK	score	-16.144137807312987	3HFM_H	3HFM_Y	haddock_3HFM_H_3HFM_Y_demo	haddock_3HFM_H_3HFM_Y_pose_042	/demo/haddock/3HFM_H_vs_3HFM_Y/haddock_3HFM_H_3HFM_Y_pose_042.pdb	
HADDOCK	score	-46.543151382310604	3HFM_H	3HFM_Y	haddock_3HFM_H_3HFM_Y_demo	haddock_3HFM_H_3HFM_Y_pose_043	/demo/haddock/3HFM_H_vs_3HFM_Y/haddock_3HFM_H_3HFM_Y_pose_043.pdb	
HADDOCK	score	-42.16604634378821	3HFM_H	3HFM_Y	haddock_3HFM_H_3HFM_Y_demo	haddock_3HFM_H_3HFM_Y_pose_044	/demo/haddock/3HFM_H_vs_3HFM_Y/haddock_3HFM_H_3HFM_Y_pose_044.pdb	
HADDOCK	score	-83.94734460180774	3HFM_H	3HFM_Y	haddock_3HFM_H_3HFM_Y_demo	haddock_3HFM_H_3HFM_Y_pose_045	/demo/haddock/3HFM_H_vs_3HFM_Y/haddock_3HFM_H_3HFM_Y_pose_045.pdb	
HADDOCK	score	-69.80863641542382	3HFM_H	3HFM_Y	haddock_3HFM_H_3HFM_Y_demo	haddock_3HFM_H_3HFM_Y_pose_046	/demo/haddock/3HFM_H_vs_3HFM_Y/haddock_3HFM_H_3HFM_Y_pose_046.pdb	
HADDOCK	score	-32.718093617462856	3HFM_H	3HFM_Y	haddock_3HFM_H_3HFM_Y_demo	haddock_3HFM_H_3HFM_Y_pose_047	/demo/haddock/3HFM_H_vs_3HFM_Y/haddock_3HFM_H_3HFM_Y_pose_047.pdb	
HADDOCK	score	-49.83595987073311	3HFM_H	3HFM_Y	haddock_3HFM_H_3HFM_Y_demo	haddock_3HFM_H_3HFM_Y_pose_048	/demo/haddock/3HFM_H_vs_3HFM_Y/haddock_3HFM_H_3HFM_Y_pose_048.pdb	
HADDOCK	score	-89.44803522692067	3HFM_H	3HFM_Y	haddock_3HFM_H_3HFM_Y_demo	haddock_3HFM_H_3HFM_Y_pose_049	/demo/haddock/3HFM_H_vs_3HFM_Y/haddock_3HFM_H_3HFM_Y_pose_049.pdb	
HADDOCK	score	-36.31078127829126	3HFM_H	3HFM_Y	haddock_3HFM_H_3HFM_Y_demo	haddock_3HFM_H_3HFM_Y_pose_050	/demo/haddock/3HFM_H_vs_3HFM_Y/haddock_3HFM_H_3HFM_Y_pose_050.pdb	
LightDock	luciferin_score	12.36865158694183	3HFM_H	3HFM_Y	lightdock_3HFM_H_3HFM_Y_demo	lightdock_3HFM_H_3HFM_Y_pose_001	/demo/lightdock/3HFM_H_vs_3HFM_Y/lightdock_3HFM_H_3HFM_Y_pose_001.pdb	
LightDock	luciferin_score	18.233950957630135	3HFM_H	3HFM_Y	lightdock_3HFM_H_3HFM_Y_demo	lightdock_3HFM_H_3HFM_Y_pose_002	/demo/lightdock/3HFM_H_vs_3HFM_Y/lightdock_3HFM_H_3HFM_Y_pose_002.pdb	
LightDock	luciferin_score	13.736492964188901	3HFM_H	3HFM_Y	lightdock_3HFM_H_3HFM_Y_demo	lightdock_3HFM_H_3HFM_Y_pose_003	/demo/lightdock/3HFM_H_vs_3HFM_Y/lightdock_3HFM_H_3HFM_Y_pose_003.pdb	
LightDock	luciferin_score	14.614120058061589	3HFM_H	3HFM_Y	lightdock_3HFM_H_3HFM_Y_demo	lightdock_3HFM_H_3HFM_Y_pose_004	/demo/lightdock/3HFM_H_vs_3HFM_Y/lightdock_3HFM_H_3HFM_Y_pose_004.pdb	
LightDock	luciferin_score	17.536863735774944	3HFM_H	3HFM_Y	lightdock_3HFM_H_3HFM_Y_demo	lightdock_3HFM_H_3HFM_Y_pose_005	/demo/lightdock/3HFM_H_vs_3HFM_Y/lightdock_3HFM_H_3HFM_Y_pose_005.pdb	
LightDock	luciferin_score	11.307521087436013	3HFM_H	3HFM_Y	lightdock_3HFM_H_3HFM_Y_demo	lightdock_3HFM_H_3HFM_Y_pose_006	/demo/lightdock/3HFM_H_vs_3HFM_Y/lightdock_3HFM_H_3HFM_Y_pose_006.pdb	
LightDock	luciferin_score	11.02145957649818	3HFM_H	3HFM_Y	lightdock_3HFM_H_3HFM_Y_demo	lightdock_3HFM_H_3HFM_Y_pose_007	/demo/lightdock/3HFM_H_vs_3HFM_Y/lightdock_3HFM_H_3HFM_Y_pose_007.pdb	
LightDock	luciferin_score	13.410504738805678	3HFM_H	3HFM_Y	lightdock_3HFM_H_3HFM_Y_demo	lightdock_3HFM_H_3HFM_Y_pose_008	/demo/lightdock/3HFM_H_vs_3HFM_Y/lightdock_3HFM_H_3HFM_Y_pose_008.pdb	
LightDock	luciferin_score	16.481518398863667	3HFM_H	3HFM_Y	lightdock_3HFM_H_3HFM_Y_demo	lightdock_3HFM_H_3HFM_Y_pose_009	/demo/lightdock/3HFM_H_vs_3HFM_Y/lightdock_3HFM_H_3HFM_Y_pose_009.pdb	
LightDock	luciferin_score	10.007368242159528	3HFM_H	3HFM_Y	lightdock_3HFM_H_3HFM_Y_demo	lightdock_3HFM_H_3HFM_Y_pose_010	/demo/lightdock/3HFM_H_vs_3HFM_Y/lightdock_3HFM_H_3HFM_Y_pose_010.pdb	
LightDock	luciferin_score	8.99589620033271	3HFM_H	3HFM_Y	lightdock_3HFM_H_3HFM_Y_demo	lightdock_3HFM_H_3HFM_Y_pose_011	/demo/lightdock/3HFM_H_vs_3HFM_Y/lightdock_3HFM_H_3HFM_Y_pose_011.pdb	
LightDock	luciferin_score	16.471162781131376	3HFM_H	3HFM_Y	lightdock_3HFM_H_3HFM_Y_demo	lightdock_3HFM_H_3HFM_Y_pose_012	/demo/lightdock/3HFM_H_vs_3HFM_Y/lightdock_3HFM_H_3HFM_Y_pose_012.pdb	
LightDock	luciferin_score	12.19106506229899	3HFM_H	3HFM_Y	lightdock_3HFM_H_3HFM_Y_demo	lightdock_3HFM_H_3HFM_Y_pose_013	/demo/lightdock/3HFM_H_vs_3HFM_Y/lightdock_3HFM_H_3HFM_Y_pose_013.pdb	
LightDock	luciferin_score	12.82332196123915	3HFM_H	3HFM_Y	lightdock_3HFM_H_3HFM_Y_demo	lightdock_3HFM_H_3HFM_Y_pose_014	/demo/lightdock/3HFM_H_vs_3HFM_Y/lightdock_3HFM_H_3HFM_Y_pose_014.pdb	
LightDock	luciferin_score	8.429568794179502	3HFM_H	3HFM_Y	lightdock_3HFM_H_3HFM_Y_demo	lightdock_3HFM_H_3HFM_Y_pose_015	/demo/lightdock/3HFM_H_vs_3HFM_Y/lightdock_3HFM_H_3HFM_Y_pose_015.pdb	
LightDock	luciferin_score	11.963062056944054	3HFM_H	3HFM_Y	lightdock_3HFM_H_3HFM_Y_demo	lightdock_3HFM_H_3HFM_Y_pose_016	/demo/lightdock/3HFM_H_vs_3HFM_Y/lightdock_3HFM_H_3HFM_Y_pose_016.pdb	
LightDock	luciferin_score	13.977298110106547	3HFM_H	3HFM_Y	lightdock_3HFM_H_3HFM_Y_demo	lightdock_3HFM_H_3HFM_Y_pose_017	/demo/lightdock/3HFM_H_vs_3HFM_Y/lightdock_3HFM_H_3HFM_Y_pose_017.pdb	
LightDock	luciferin_score	16.791133572868677	3HFM_H	3HFM_Y	lightdock_3HFM_H_3HFM_Y_demo	lightdock_3HFM_H_3HFM_Y_pose_018	/demo/lightdock/3HFM_H_vs_3HFM_Y/lightdock_3HFM_H_3HFM_Y_pose_018.pdb	
LightDock	luciferin_score	11.686309501296083	3HFM_H	3HFM_Y	lightdock_3HFM_H_3HFM_Y_demo	lightdock_3HFM_H_3HFM_Y_pose_019	/demo/lightdock/3HFM_H_vs_3HFM_Y/lightdock_3HFM_H_3HFM_Y_pose_019.pdb	
LightDock	luciferin_score	18.97212836069749	3HFM_H	3HFM_Y	lightdock_3HFM_H_3HFM_Y_demo	lightdock_3HFM_H_3HFM_Y_pose_020	/demo/lightdock/3HFM_H_vs_3HFM_Y/lightdock_3HFM_H_3HFM_Y_pose_020.pdb	
LightDock	luciferin_score	11.946331927460598	3HFM_H	3HFM_Y	lightdock_3HFM_H_3HFM_Y_demo	lightdock_3HFM_H_3HFM_Y_pose_021	/demo/lightdock/3HFM_H_vs_3HFM_Y/lightdock_3HFM_H_3HFM_Y_pose_021.pdb	
LightDock	luciferin_score	11.950724595244477	3HFM_H	3HFM_Y	lightdock_3HFM_H_3HFM_Y_demo	lightdock_3HFM_H_3HFM_Y_pose_022	/demo/lightdock/3HFM_H_vs_3HFM_Y/lightdock_3HFM_H_3HFM_Y_pose_022.pdb	
LightDock	luciferin_score	18.612072655693407	3HFM_H	3HFM_Y	lightdock_3HFM_H_3HFM_Y_demo	lightdock_3HFM_H_3HFM_Y_pose_023	/demo/lightdock/3HFM_H_vs_3HFM_Y/lightdock_3HFM_H_3HFM_Y_pose_023.pdb	
LightDock	luciferin_score	14.634380457091751	3HFM_H	3HFM_Y	lightdock_3HFM_H_3HFM_Y_demo	lightdock_3HFM_H_3HFM_Y_pose_024	/demo/lightdock/3HFM_H_vs_3HFM_Y/lightdock_3HFM_H_3HFM_Y_pose_024.pdb	
LightDock	luciferin_score	12.34392581296527	3HFM_H	3HFM_Y	lightdock_3HFM_H_3HFM_Y_demo	lightdock_3HFM_H_3HFM_Y_pose_025	/demo/lightdock/3HFM_H_vs_3HFM_Y/lightdock_3HFM_H_3HFM_Y_pose_025.pdb	
LightDock	luciferin_score	13.53460060645822	3HFM_H	3HFM_Y	lightdock_3HFM_H_3HFM_Y_demo	lightdock_3HFM_H_3HFM_Y_pose_026	/demo/lightdock/3HFM_H_vs_3HFM_Y/lightdock_3HFM_H_3HFM_Y_pose_026.pdb	
LightDock	luciferin_score	18.05922073262618	3HFM_H	3HFM_Y	lightdock_3HFM_H_3HFM_Y_demo	lightdock_3HFM_H_3HFM_Y_pose_027	/demo/lightdock/3HFM_H_vs_3HFM_Y/lightdock_3HFM_H_3HFM_Y_pose_027.pdb	
LightDock	luciferin_score	18.398608458877046	3HFM_H	3HFM_Y	lightdock_3HFM_H_3HFM_Y_demo	lightdock_3HFM_H_3HFM_Y_pose_028	/demo/lightdock/3HFM_H_vs_3HFM_Y/lightdock_3HFM_H_3HFM_Y_pose_028.pdb	
LightDock	luciferin_score	11.549620462189232	3HFM_H	3HFM_Y	lightdock_3HFM_H_3HFM_Y_demo	lightdock_3HFM_H_3HFM_Y_pose_029	/demo/lightdock/3HFM_H_vs_3HFM_Y/lightdock_3HFM_H_3HFM_Y_pose_029.pdb	
LightDock	luciferin_score	13.872698569762676	3HFM_H	3HFM_Y	lightdock_3HFM_H_3HFM_Y_demo	lightdock_3HFM_H_3HFM_Y_pose_030	/demo/lightdock/3HFM_H_vs_3HFM_Y/lightdock_3HFM_H_3HFM_Y_pose_030.pdb	
LightDock	luciferin_score	14.27047048300272	3HFM_H	3HFM_Y	lightdock_3HFM_H_3HFM_Y_demo	lightdock_3HFM_H_3HFM_Y_pose_031	/demo/lightdock/3HFM_H_vs_3HFM_Y/lightdock_3HFM_H_3HFM_Y_pose_031.pdb	
LightDock	luciferin_score	11.041279668450208	3HFM_H	3HFM_Y	lightdock_3HFM_H_3HFM_Y_demo	lightdock_3HFM_H_3HFM_Y_pose_032	/demo/lightdock/3HFM_H_vs_3HFM_Y/lightdock_3HFM_H_3HFM_Y_pose_032.pdb	
LightDock	luciferin_score	13.832944842050017	3HFM_H	3HFM_Y	lightdock_3HFM_H_3HFM_Y_demo	lightdock_3HFM_H_3HFM_Y_pose_033	/demo/lightdock/3HFM_H_vs_3HFM_Y/lightdock_3HFM_H_3HFM_Y_pose_033.pdb	
LightDock	luciferin_score	14.015968581355102	3HFM_H	3HFM_Y	lightdock_3HFM_H_3HFM_Y_demo	lightdock_3HFM_H_3HFM_Y_pose_034	/demo/lightdock/3HFM_H_vs_3HFM_Y/lightdock_3HFM_H_3HFM_Y_pose_034.pdb	
LightDock	luciferin_score	17.42062843681021	3HFM_H	3HFM_Y	lightdock_3HFM_H_3HFM_Y_demo	lightdock_3HFM_H_3HFM_Y_pose_035	/demo/lightdock/3HFM_H_vs_3HFM_Y/lightdock_3HFM_H_3HFM_Y_pose_035.pdb	
LightDock	luciferin_score	17.6222750849336	3HFM_H	3HFM_Y	lightdock_3HFM_H_3HFM_Y_demo	lightdock_3HFM_H_3HFM_Y_pose_036	/demo/lightdock/3HFM_H_vs_3HFM_Y/lightdock_3HFM_H_3HFM_Y_pose_036.pdb	
LightDock	luciferin_score	13.012371804922976	3HFM_H	3HFM_Y	lightdock_3HFM_H_3HFM_Y_demo	lightdock_3HFM_H_3HFM_Y_pose_037	/demo/lightdock/3HFM_H_vs_3HFM_Y/lightdock_3HFM_H_3HFM_Y_pose_037.pdb	
LightDock	luciferin_score	13.358140568417564	3HFM_H	3HFM_Y	lightdock_3HFM_H_3HFM_Y_demo	lightdock_3HFM_H_3HFM_Y_pose_038	/demo/lightdock/3HFM_H_vs_3HFM_Y/lightdock_3HFM_H_3HFM_Y_pose_038.pdb	
LightDock	luciferin_score	15.992876906166906	3HFM_H	3HFM_Y	lightdock_3HFM_H_3HFM_Y_demo	lightdock_3HFM_H_3HFM_Y_pose_039	/demo/lightdock/3HFM_H_vs_3HFM_Y/lightdock_3HFM_H_3HFM_Y_pose_039.pdb	
LightDock	luciferin_score	12.244434653218965	3HFM_H	3HFM_Y	lightdock_3HFM_H_3HFM_Y_demo	lightdock_3HFM_H_3HFM_Y_pose_040	/demo/lightdock/3HFM_H_vs_3HFM_Y/lightdock_3HFM_H_3HFM_Y_pose_040.pdb	
LightDock	luciferin_score	15.765920455212209	3HFM_H	3HFM_Y	lightdock_3HFM_H_3HFM_Y_demo	lightdock_3HFM_H_3HFM_Y_pose_041	/demo/lightdock/3HFM_H_vs_3HFM_Y/lightdock_3HFM_H_3HFM_Y_pose_041.pdb	
LightDock	luciferin_score	13.736280537892355	3HFM_H	3HFM_Y	lightdock_3HFM_H_3HFM_Y_demo	lightdock_3HFM_H_3HFM_Y_pose_042	/demo/lightdock/3HFM_H_vs_3HFM_Y/lightdock_3HFM_H_3HFM_Y_pose_042.pdb	
LightDock	luciferin_score	11.091804266784138	3HFM_H	3HFM_Y	lightdock_3HFM_H_3HFM_Y_demo	lightdock_3HFM_H_3HFM_Y_pose_043	/demo/lightdock/3HFM_H_vs_3HFM_Y/lightdock_3HFM_H_3HFM_Y_pose_043.pdb	
LightDock	luciferin_score	11.12948986136106	3HFM_H	3HFM_Y	lightdock_3HFM_H_3HFM_Y_demo	lightdock_3HFM_H_3HFM_Y_pose_044	/demo/lightdock/3HFM_H_vs_3HFM_Y/lightdock_3HFM_H_3HFM_Y_pose_044.pdb	
LightDock	luciferin_score	18.341176088093306	3HFM_H	3HFM_Y	lightdock_3HFM_H_3HFM_Y_demo	lightdock_3HFM_H_3HFM_Y_pose_045	/demo/lightdock/3HFM_H_vs_3HFM_Y/lightdock_3HFM_H_3HFM_Y_pose_045.pdb	
LightDock	luciferin_score	13.530735562570104	3HFM_H	3HFM_Y	lightdock_3HFM_H_3HFM_Y_demo	lightdock_3HFM_H_3HFM_Y_pose_046	/demo/lightdock/3HFM_H_vs_3HFM_Y/lightdock_3HFM_H_3HFM_Y_pose_046.pdb	
LightDock	luciferin_score	18.921062281694933	3HFM_H	3HFM_Y	lightdock_3HFM_H_3HFM_Y_demo	lightdock_3HFM_H_3HFM_Y_pose_047	/demo/lightdock/3HFM_H_vs_3HFM_Y/lightdock_3HFM_H_3HFM_Y_pose_047.pdb	
LightDock	luciferin_score	12.45909121785527	3HFM_H	3HFM_Y	lightdock_3HFM_H_3HFM_Y_demo	lightdock_3HFM_H_3HFM_Y_pose_048	/demo/lightdock/3HFM_H_vs_3HFM_Y/lightdock_3HFM_H_3HFM_Y_pose_048.pdb	
LightDock	luciferin_score	14.87361560339448	3HFM_H	3HFM_Y	lightdock_3HFM_H_3HFM_Y_demo	lightdock_3HFM_H_3HFM_Y_pose_049	/demo/lightdock/3HFM_H_vs_3HFM_Y/lightdock_3HFM_H_3HFM_Y_pose_049.pdb	
LightDock	luciferin_score	21.178030169054725	3HFM_H	3HFM_Y	lightdock_3HFM_H_3HFM_Y_demo	lightdock_3HFM_H_3HFM_Y_pose_050	/demo/lightdock/3HFM_H_vs_3HFM_Y/lightdock_3HFM_H_3HFM_Y_pose_050.pdb	
Rosetta	total_score	-190.86080116994918	3HFM_H	3HFM_Y	rosetta_3HFM_H_3HFM_Y_demo	rosetta_3HFM_H_3HFM_Y_pose_001	/demo/rosetta/3HFM_H_vs_3HFM_Y/rosetta_3HFM_H_3HFM_Y_pose_001.pdb	
Rosetta	total_score	-203.46721749849664	3HFM_H	3HFM_Y	rosetta_3HFM_H_3HFM_Y_demo	rosetta_3HFM_H_3HFM_Y_pose_002	/demo/rosetta/3HFM_H_vs_3HFM_Y/rosetta_3HFM_H_3HFM_Y_pose_002.pdb	
Rosetta	total_score	-155.7011480306915	3HFM_H	3HFM_Y	rosetta_3HFM_H_3HFM_Y_demo	rosetta_3HFM_H_3HFM_Y_pose_003	/demo/rosetta/3HFM_H_vs_3HFM_Y/rosetta_3HFM_H_3HFM_Y_pose_003.pdb	
Rosetta	total_score	-187.4021365808961	3HFM_H	3HFM_Y	rosetta_3HFM_H_3HFM_Y_demo	rosetta_3HFM_H_3HFM_Y_pose_004	/demo/rosetta/3HFM_H_vs_3HFM_Y/rosetta_3HFM_H_3HFM_Y_pose_004.pdb	
Rosetta	total_score	-175.3105954615935	3HFM_H	3HFM_Y	rosetta_3HFM_H_3HFM_Y_demo	rosetta_3HFM_H_3HFM_Y_pose_005	/demo/rosetta/3HFM_H_vs_3HFM_Y/rosetta_3HFM_H_3HFM_Y_pose_005.pdb	
Rosetta	total_score	-183.78877315677377	3HFM_H	3HFM_Y	rosetta_3HFM_H_3HFM_Y_demo	rosetta_3HFM_H_3HFM_Y_pose_006	/demo/rosetta/3HFM_H_vs_3HFM_Y/rosetta_3HFM_H_3HFM_Y_pose_006.pdb	
Rosetta	total_score	-170.97755828567026	3HFM_H	3HFM_Y	rosetta_3HFM_H_3HFM_Y_demo	rosetta_3HFM_H_3HFM_Y_pose_007	/demo/rosetta/3HFM_H_vs_3HFM_Y/rosetta_3HFM_H_3HFM_Y_pose_007.pdb	
Rosetta	total_score	-189.25804310778614	3HFM_H	3HFM_Y	rosetta_3HFM_H_3HFM_Y_demo	rosetta_3HFM_H_3HFM_Y_pose_008	/demo/rosetta/3HFM_H_vs_3HFM_Y/rosetta_3HFM_H_3HFM_Y_pose_008.pdb	
Rosetta	total_score	-177.6991013182496	3HFM_H	3HFM_Y	rosetta_3HFM_H_3HFM_Y_demo	rosetta_3HFM_H_3HFM_Y_pose_009	/demo/rosetta/3HFM_H_vs_3HFM_Y/rosetta_3HFM_H_3HFM_Y_pose_009.pdb	
Rosetta	total_score	-168.25277010165198	3HFM_H	3HFM_Y	rosetta_3HFM_H_3HFM_Y_demo	rosetta_3HFM_H_3HFM_Y_pose_010	/demo/rosetta/3HFM_H_vs_3HFM_Y/rosetta_3HFM_H_3HFM_Y_pose_010.pdb	
Rosetta	total_score	-190.12463329411392	3HFM_H	3HFM_Y	rosetta_3HFM_H_3HFM_Y_demo	rosetta_3HFM_H_3HFM_Y_pose_011	/demo/rosetta/3HFM_H_vs_3HFM_Y/rosetta_3HFM_H_3HFM_Y_pose_011.pdb	
Rosetta	total_score	-185.50126044468834	3HFM_H	3HFM_Y	rosetta_3HFM_H_3HFM_Y_demo	rosetta_3HFM_H_3HFM_Y_pose_012	/demo/rosetta/3HFM_H_vs_3HFM_Y/rosetta_3HFM_H_3HFM_Y_pose_012.pdb	
Rosetta	total_score	-180.21074250397797	3HFM_H	3HFM_Y	rosetta_3HFM_H_3HFM_Y_demo	rosetta_3HFM_H_3HFM_Y_pose_013	/demo/rosetta/3HFM_H_vs_3HFM_Y/rosetta_3HFM_H_3HFM_Y_pose_013.pdb	
Rosetta	total_score	-196.43223151339419	3HFM_H	3HFM_Y	rosetta_3HFM_H_3HFM_Y_demo	rosetta_3HFM_H_3HFM_Y_pose_014	/demo/rosetta/3HFM_H_vs_3HFM_Y/rosetta_3HFM_H_3HFM_Y_pose_014.pdb	
Rosetta	total_score	-181.33841474198118	3HFM_H	3HFM_Y	rosetta_3HFM_H_3HFM_Y_demo	rosetta_3HFM_H_3HFM_Y_pose_015	/demo/rosetta/3HFM_H_vs_3HFM_Y/rosetta_3HFM_H_3HFM_Y_pose_015.pdb	
Rosetta	total_score	-173.21805190145648	3HFM_H	3HFM_Y	rosetta_3HFM_H_3HFM_Y_demo	rosetta_3HFM_H_3HFM_Y_pose_016	/demo/rosetta/3HFM_H_vs_3HFM_Y/rosetta_3HFM_H_3HFM_Y_pose_016.pdb	
Rosetta	total_score	-180.99323412382643	3HFM_H	3HFM_Y	rosetta_3HFM_H_3HFM_Y_demo	rosetta_3HFM_H_3HFM_Y_pose_017	/demo/rosetta/3HFM_H_vs_3HFM_Y/rosetta_3HFM_H_3HFM_Y_pose_017.pdb	
Rosetta	total_score	-179.07064739397586	3HFM_H	3HFM_Y	rosetta_3HFM_H_3HFM_Y_demo	rosetta_3HFM_H_3HFM_Y_pose_018	/demo/rosetta/3HFM_H_vs_3HFM_Y/rosetta_3HFM_H_3HFM_Y_pose_018.pdb	
Rosetta	total_score	-175.2985250635988	3HFM_H	3HFM_Y	rosetta_3HFM_H_3HFM_Y_demo	rosetta_3HFM_H_3HFM_Y_pose_019	/demo/rosetta/3HFM_H_vs_3HFM_Y/rosetta_3HFM_H_3HFM_Y_pose_019.pdb	
Rosetta	total_score	-184.8361519364847	3HFM_H	3HFM_Y	rosetta_3HFM_H_3HFM_Y_demo	rosetta_3HFM_H_3HFM_Y_pose_020	/demo/rosetta/3HFM_H_vs_3HFM_Y/rosetta_3HFM_H_3HFM_Y_pose_020.pdb	
Rosetta	total_score	-164.63406151199683	3HFM_H	3HFM_Y	rosetta_3HFM_H_3HFM_Y_demo	rosetta_3HFM_H_3HFM_Y_pose_021	/demo/rosetta/3HFM_H_vs_3HFM_Y/rosetta_3HFM_H_3HFM_Y_pose_021.pdb	
Rosetta	total_score	-153.46032812797336	3HFM_H	3HFM_Y	rosetta_3HFM_H_3HFM_Y_demo	rosetta_3HFM_H_3HFM_Y_pose_022	/demo/rosetta/3HFM_H_vs_3HFM_Y/rosetta_3HFM_H_3HFM_Y_pose_022.pdb	
Rosetta	total_score	-181.96570588293173	3HFM_H	3HFM_Y	rosetta_3HFM_H_3HFM_Y_demo	rosetta_3HFM_H_3HFM_Y_pose_023	/demo/rosetta/3HFM_H_vs_3HFM_Y/rosetta_3HFM_H_3HFM_Y_pose_023.pdb	
Rosetta	total_score	-167.7220265278344	3HFM_H	3HFM_Y	rosetta_3HFM_H_3HFM_Y_demo	rosetta_3HFM_H_3HFM_Y_pose_024	/demo/rosetta/3HFM_H_vs_3HFM_Y/rosetta_3HFM_H_3HFM_Y_pose_024.pdb	
Rosetta	total_score	-178.5942573315197	3HFM_H	3HFM_Y	rosetta_3HFM_H_3HFM_Y_demo	rosetta_3HFM_H_3HFM_Y_pose_025	/demo/rosetta/3HFM_H_vs_3HFM_Y/rosetta_3HFM_H_3HFM_Y_pose_025.pdb	
Rosetta	total_score	-169.51768982442243	3HFM_H	3HFM_Y	rosetta_3HFM_H_3HFM_Y_demo	rosetta_3HFM_H_3HFM_Y_pose_026	/demo/rosetta/3HFM_H_vs_3HFM_Y/rosetta_3HFM_H_3HFM_Y_pose_026.pdb	
Rosetta	total_score	-151.51330703195117	3HFM_H	3HFM_Y	rosetta_3HFM_H_3HFM_Y_demo	rosetta_3HFM_H_3HFM_Y_pose_027	/demo/rosetta/3HFM_H_vs_3HFM_Y/rosetta_3HFM_H_3HFM_Y_pose_027.pdb	
Rosetta	total_score	-167.3701068547285	3HFM_H	3HFM_Y	rosetta_3HFM_H_3HFM_Y_demo	rosetta_3HFM_H_3HFM_Y_pose_028	/demo/rosetta/3HFM_H_vs_3HFM_Y/rosetta_3HFM_H_3HFM_Y_pose_028.pdb	
Rosetta	total_score	-201.6012180821452	3HFM_H	3HFM_Y	rosetta_3HFM_H_3HFM_Y_demo	rosetta_3HFM_H_3HFM_Y_pose_029	/demo/rosetta/3HFM_H_vs_3HFM_Y/rosetta_3HFM_H_3HFM_Y_pose_029.pdb	
Rosetta	total_score	-168.1900655282956	3HFM_H	3HFM_Y	rosetta_3HFM_H_3HFM_Y_demo	rosetta_3HFM_H_3HFM_Y_pose_030	/demo/rosetta/3HFM_H_vs_3HFM_Y/rosetta_3HFM_H_3HFM_Y_pose_030.pdb	
Rosetta	total_score	-156.50704385036485	3HFM_H	3HFM_Y	rosetta_3HFM_H_3HFM_Y_demo	rosetta_3HFM_H_3HFM_Y_pose_031	/demo/rosetta/3HFM_H_vs_3HFM_Y/rosetta_3HFM_H_3HFM_Y_pose_031.pdb	
Rosetta	total_score	-178.32394254997155	3HFM_H	3HFM_Y	rosetta_3HFM_H_3HFM_Y_demo	rosetta_3HFM_H_3HFM_Y_pose_032	/demo/rosetta/3HFM_H_vs_3HFM_Y/rosetta_3HFM_H_3HFM_Y_pose_032.pdb	
Rosetta	total_score	-160.0654779082325	3HFM_H	3HFM_Y	rosetta_3HFM_H_3HFM_Y_demo	rosetta_3HFM_H_3HFM_Y_pose_033	/demo/rosetta/3HFM_H_vs_3HFM_Y/rosetta_3HFM_H_3HFM_Y_pose_033.pdb	
Rosetta	total_score	-185.3517331172792	3HFM_H	3HFM_Y	rosetta_3HFM_H_3HFM_Y_demo	rosetta_3HFM_H_3HFM_Y_pose_034	/demo/rosetta/3HFM_H_vs_3HFM_Y/rosetta_3HFM_H_3HFM_Y_pose_034.pdb	
Rosetta	total_score	-197.2830873928341	3HFM_H	3HFM_Y	rosetta_3HFM_H_3HFM_Y_demo	rosetta_3HFM_H_3HFM_Y_pose_035	/demo/rosetta/3HFM_H_vs_3HFM_Y/rosetta_3HFM_H_3HFM_Y_pose_035.pdb	
Rosetta	total_score	-172.8824647175104	3HFM_H	3HFM_Y	rosetta_3HFM_H_3HFM_Y_demo	rosetta_3HFM_H_3HFM_Y_pose_036	/demo/rosetta/3HFM_H_vs_3HFM_Y/rosetta_3HFM_H_3HFM_Y_pose_036.pdb	
Rosetta	total_score	-201.34715081119472	3HFM_H	3HFM_Y	rosetta_3HFM_H_3HFM_Y_demo	rosetta_3HFM_H_3HFM_Y_pose_037	/demo/rosetta/3HFM_H_vs_3HFM_Y/rosetta_3HFM_H_3HFM_Y_pose_037.pdb	
Rosetta	total_score	-178.59656519340388	3HFM_H	3HFM_Y	rosetta_3HFM_H_3HFM_Y_demo	rosetta_3HFM_H_3HFM_Y_pose_038	/demo/rosetta/3HFM_H_vs_3HFM_Y/rosetta_3HFM_H_3HFM_Y_pose_038.pdb	
Rosetta	total_score	-155.69736606031745	3HFM_H	3HFM_Y	rosetta_3HFM_H_3HFM_Y_demo	rosetta_3HFM_H_3HFM_Y_pose_039	/demo/rosetta/3HFM_H_vs_3HFM_Y/rosetta_3HFM_H_3HFM_Y_pose_039.pdb	
Rosetta	total_score	-203.6464435861942	3HFM_H	3HFM_Y	rosetta_3HFM_H_3HFM_Y_demo	rosetta_3HFM_H_3HFM_Y_pose_040	/demo/rosetta/3HFM_H_vs_3HFM_Y/rosetta_3HFM_H_3HFM_Y_pose_040.pdb	
Rosetta	total_score	-194.19245193870847	3HFM_H	3HFM_Y	rosetta_3HFM_H_3HFM_Y_demo	rosetta_3HFM_H_3HFM_Y_pose_041	/demo/rosetta/3HFM_H_vs_3HFM_Y/rosetta_3HFM_H_3HFM_Y_pose_041.pdb	
Rosetta	total_score	-190.48048367742365	3HFM_H	3HFM_Y	rosetta_3HFM_H_3HFM_Y_demo	rosetta_3HFM_H_3HFM_Y_pose_042	/demo/rosetta/3HFM_H_vs_3HFM_Y/rosetta_3HFM_H_3HFM_Y_pose_042.pdb	
Rosetta	total_score	-175.9497978956644	3HFM_H	3HFM_Y	rosetta_3HFM_H_3HFM_Y_demo	rosetta_3HFM_H_3HFM_Y_pose_043	/demo/rosetta/3HFM_H_vs_3HFM_Y/rosetta_3HFM_H_3HFM_Y_pose_043.pdb	
Rosetta	total_score	-180.48575178469315	3HFM_H	3HFM_Y	rosetta_3HFM_H_3HFM_Y_demo	rosetta_3HFM_H_3HFM_Y_pose_044	/demo/rosetta/3HFM_H_vs_3HFM_Y/rosetta_3HFM_H_3HFM_Y_pose_044.pdb	
Rosetta	total_score	-154.0129542745587	3HFM_H	3HFM_Y	rosetta_3HFM_H_3HFM_Y_demo	rosetta_3HFM_H_3HFM_Y_pose_045	/demo/rosetta/3HFM_H_vs_3HFM_Y/rosetta_3HFM_H_3HFM_Y_pose_045.pdb	
Rosetta	total_score	-160.68477506362453	3HFM_H	3HFM_Y	rosetta_3HFM_H_3HFM_Y_demo	rosetta_3HFM_H_3HFM_Y_pose_046	/demo/rosetta/3HFM_H_vs_3HFM_Y/rosetta_3HFM_H_3HFM_Y_pose_046.pdb	
Rosetta	total_score	-167.57090580897102	3HFM_H	3HFM_Y	rosetta_3HFM_H_3HFM_Y_demo	rosetta_3HFM_H_3HFM_Y_pose_047	/demo/rosetta/3HFM_H_vs_3HFM_Y/rosetta_3HFM_H_3HFM_Y_pose_047.pdb	
Rosetta	total_score	-172.81554528484173	3HFM_H	3HFM_Y	rosetta_3HFM_H_3HFM_Y_demo	rosetta_3HFM_H_3HFM_Y_pose_048	/demo/rosetta/3HFM_H_vs_3HFM_Y/rosetta_3HFM_H_3HFM_Y_pose_048.pdb	
Rosetta	total_score	-169.1015533452276	3HFM_H	3HFM_Y	rosetta_3HFM_H_3HFM_Y_demo	rosetta_3HFM_H_3HFM_Y_pose_049	/demo/rosetta/3HFM_H_vs_3HFM_Y/rosetta_3HFM_H_3HFM_Y_pose_049.pdb	
Rosetta	total_score	-187.92973532970063	3HFM_H	3HFM_Y	rosetta_3HFM_H_3HFM_Y_demo	rosetta_3HFM_H_3HFM_Y_pose_050	/demo/rosetta/3HFM_H_vs_3HFM_Y/rosetta_3HFM_H_3HFM_Y_pose_050.pdb	
HADDOCK	score	-9.713475757320653	1BRS_barnase	1BRS_barstar	haddock_1BRS_barnase_1BRS_barstar_demo	haddock_1BRS_barnase_1BRS_barstar_pose_001	/demo/haddock/1BRS_barnase_vs_1BRS_barstar/haddock_1BRS_barnase_1BRS_barstar_pose_001.pdb	
HADDOCK	score	-33.344531052310415	1BRS_barnase	1BRS_barstar	haddock_1BRS_barnase_1BRS_barstar_demo	haddock_1BRS_barnase_1BRS_barstar_pose_002	/demo/haddock/1BRS_barnase_vs_1BRS_barstar/haddock_1BRS_barnase_1BRS_barstar_pose_002.pdb	
HADDOCK	score	-9.97547607317323	1BRS_barnase	1BRS_barstar	haddock_1BRS_barnase_1BRS_barstar_demo	haddock_1BRS_barnase_1BRS_barstar_pose_003	/demo/haddock/1BRS_barnase_vs_1BRS_barstar/haddock_1BRS_barnase_1BRS_barstar_pose_003.pdb	
HADDOCK	score	-5.766289974574029	1BRS_barnase	1BRS_barstar	haddock_1BRS_barnase_1BRS_barstar_demo	haddock_1BRS_barnase_1BRS_barstar_pose_004	/demo/haddock/1BRS_barnase_vs_1BRS_barstar/haddock_1BRS_barnase_1BRS_barstar_pose_004.pdb	
HADDOCK	score	-17.469624774942954	1BRS_barnase	1BRS_barstar	haddock_1BRS_barnase_1BRS_barstar_demo	haddock_1BRS_barnase_1BRS_barstar_pose_005	/demo/haddock/1BRS_barnase_vs_1BRS_barstar/haddock_1BRS_barnase_1BRS_barstar_pose_005.pdb	
HADDOCK	score	-22.11455670754371	1BRS_barnase	1BRS_barstar	haddock_1BRS_barnase_1BRS_barstar_demo	haddock_1BRS_barnase_1BRS_barstar_pose_006	/demo/haddock/1BRS_barnase_vs_1BRS_barstar/haddock_1BRS_barnase_1BRS_barstar_pose_006.pdb	
HADDOCK	score	-15.19628110028392	1BRS_barnase	1BRS_barstar	haddock_1BRS_barnase_1BRS_barstar_demo	haddock_1BRS_barnase_1BRS_barstar_pose_007	/demo/haddock/1BRS_barnase_vs_1BRS_barstar/haddock_1BRS_barnase_1BRS_barstar_pose_007.pdb	
HADDOCK	score	-54.33822044120808	1BRS_barnase	1BRS_barstar	haddock_1BRS_barnase_1BRS_barstar_demo	haddock_1BRS_barnase_1BRS_barstar_pose_008	/demo/haddock/1BRS_barnase_vs_1BRS_barstar/haddock_1BRS_barnase_1BRS_barstar_pose_008.pdb	
HADDOCK	score	-16.372901378174465	1BRS_barnase	1BRS_barstar	haddock_1BRS_barnase_1BRS_barstar_demo	haddock_1BRS_barnase_1BRS_barstar_pose_009	/demo/haddock/1BRS_barnase_vs_1BRS_barstar/haddock_1BRS_barnase_1BRS_barstar_pose_009.pdb	
HADDOCK	score	-21.360247974077684	1BRS_barnase	1BRS_barstar	haddock_1BRS_barnase_1BRS_barstar_demo	haddock_1BRS_barnase_1BRS_barstar_pose_010	/demo/haddock/1BRS_barnase_vs_1BRS_barstar/haddock_1BRS_barnase_1BRS_barstar_pose_010.pdb	
HADDOCK	score	-20.607537356683892	1BRS_barnase	1BRS_barstar	haddock_1BRS_barnase_1BRS_barstar_demo	haddock_1BRS_barnase_1BRS_barstar_pose_011	/demo/haddock/1BRS_barnase_vs_1BRS_barstar/haddock_1BRS_barnase_1BRS_barstar_pose_011.pdb	
HADDOCK	score	-11.52160984522607	1BRS_barnase	1BRS_barstar	haddock_1BRS_barnase_1BRS_barstar_demo	haddock_1BRS_barnase_1BRS_barstar_pose_012	/demo/haddock/1BRS_barnase_vs_1BRS_barstar/haddock_1BRS_barnase_1BRS_barstar_pose_012.pdb	
HADDOCK	score	-20.897227058776735	1BRS_barnase	1BRS_barstar	haddock_1BRS_barnase_1BRS_barstar_demo	haddock_1BRS_barnase_1BRS_barstar_pose_013	/demo/haddock/1BRS_barnase_vs_1BRS_barstar/haddock_1BRS_barnase_1BRS_barstar_pose_013.pdb	
HADDOCK	score	-33.6824822798139	1BRS_barnase	1BRS_barstar	haddock_1BRS_barnase_1BRS_barstar_demo	haddock_1BRS_barnase_1BRS_barstar_pose_014	/demo/haddock/1BRS_barnase_vs_1BRS_barstar/haddock_1BRS_barnase_1BRS_barstar_pose_014.pdb	
HADDOCK	score	-21.696832049904536	1BRS_barnase	1BRS_barstar	haddock_1BRS_barnase_1BRS_barstar_demo	haddock_1BRS_barnase_1BRS_barstar_pose_015	/demo/haddock/1BRS_barnase_vs_1BRS_barstar/haddock_1BRS_barnase_1BRS_barstar_pose_015.pdb	
HADDOCK	score	-19.189334191030106	1BRS_barnase	1BRS_barstar	haddock_1BRS_barnase_1BRS_barstar_demo	haddock_1BRS_barnase_1BRS_barstar_pose_016	/demo/haddock/1BRS_barnase_vs_1BRS_barstar/haddock_1BRS_barnase_1BRS_barstar_pose_016.pdb	
HADDOCK	score	-18.620793061027847	1BRS_barnase	1BRS_barstar	haddock_1BRS_barnase_1BRS_barstar_demo	haddock_1BRS_barnase_1BRS_barstar_pose_017	/demo/haddock/1BRS_barnase_vs_1BRS_barstar/haddock_1BRS_barnase_1BRS_barstar_pose_017.pdb	
HADDOCK	score	-18.056967592579184	1BRS_barnase	1BRS_barstar	haddock_1BRS_barnase_1BRS_barstar_demo	haddock_1BRS_barnase_1BRS_barstar_pose_018	/demo/haddock/1BRS_barnase_vs_1BRS_barstar/haddock_1BRS_barnase_1BRS_barstar_pose_018.pdb	
HADDOCK	score	-7.527571460977359	1BRS_barnase	1BRS_barstar	haddock_1BRS_barnase_1BRS_barstar_demo	haddock_1BRS_barnase_1BRS_barstar_pose_019	/demo/haddock/1BRS_barnase_vs_1BRS_barstar/haddock_1BRS_barnase_1BRS_barstar_pose_019.pdb	
HADDOCK	score	-33.03241463640977	1BRS_barnase	1BRS_barstar	haddock_1BRS_barnase_1BRS_barstar_demo	haddock_1BRS_barnase_1BRS_barstar_pose_020	/demo/haddock/1BRS_barnase_vs_1BRS_barstar/haddock_1BRS_barnase_1BRS_barstar_pose_020.pdb	
HADDOCK	score	-17.8915945260218	1BRS_barnase	1BRS_barstar	haddock_1BRS_barnase_1BRS_barstar_demo	haddock_1BRS_barnase_1BRS_barstar_pose_021	/demo/haddock/1BRS_barnase_vs_1BRS_barstar/haddock_1BRS_barnase_1BRS_barstar_pose_021.pdb	
HADDOCK	score	-4.520843616581109	1BRS_barnase	1BRS_barstar	haddock_1BRS_barnase_1BRS_barstar_demo	haddock_1BRS_barnase_1BRS_barstar_pose_022	/demo/haddock/1BRS_barnase_vs_1BRS_barstar/haddock_1BRS_barnase_1BRS_barstar_pose_022.pdb	
HADDOCK	score	-40.81533796324634	1BRS_barnase	1BRS_barstar	haddock_1BRS_barnase_1BRS_barstar_demo	haddock_1BRS_barnase_1BRS_barstar_pose_023	/demo/haddock/1BRS_barnase_vs_1BRS_barstar/haddock_1BRS_barnase_1BRS_barstar_pose_023.pdb	
HADDOCK	score	-17.844239830639356	1BRS_barnase	1BRS_barstar	haddock_1BRS_barnase_1BRS_barstar_demo	haddock_1BRS_barnase_1BRS_barstar_pose_024	/demo/haddock/1BRS_barnase_vs_1BRS_barstar/haddock_1BRS_barnase_1BRS_barstar_pose_024.pdb	
HADDOCK	score	-27.02454202367652	1BRS_barnase	1BRS_barstar	haddock_1BRS_barnase_1BRS_barstar_demo	haddock_1BRS_barnase_1BRS_barstar_pose_025	/demo/haddock/1BRS_barnase_vs_1BRS_barstar/haddock_1BRS_barnase_1BRS_barstar_pose_025.pdb	
HADDOCK	score	-24.448524613677257	1BRS_barnase	1BRS_barstar	haddock_1BRS_barnase_1BRS_barstar_demo	haddock_1BRS_barnase_1BRS_barstar_pose_026	/demo/haddock/1BRS_barnase_vs_1BRS_barstar/haddock_1BRS_barnase_1BRS_barstar_pose_026.pdb	
HADDOCK	score	-30.857690038573065	1BRS_barnase	1BRS_barstar	haddock_1BRS_barnase_1BRS_barstar_demo	haddock_1BRS_barnase_1BRS_barstar_pose_027	/demo/haddock/1BRS_barnase_vs_1BRS_barstar/haddock_1BRS_barnase_1BRS_barstar_pose_027.pdb	
HADDOCK	score	-22.03460858840533	1BRS_barnase	1BRS_barstar	haddock_1BRS_barnase_1BRS_barstar_demo	haddock_1BRS_barnase_1BRS_barstar_pose_028	/demo/haddock/1BRS_barnase_vs_1BRS_barstar/haddock_1BRS_barnase_1BRS_barstar_pose_028.pdb	
HADDOCK	score	2.095067373122852	1BRS_barnase	1BRS_barstar	haddock_1BRS_barnase_1BRS_barstar_demo	haddock_1BRS_barnase_1BRS_barstar_pose_029	/demo/haddock/1BRS_barnase_vs_1BRS_barstar/haddock_1BRS_barnase_1BRS_barstar_pose_029.pdb	
HADDOCK	score	-35.17316433412657	1BRS_barnase	1BRS_barstar	haddock_1BRS_barnase_1BRS_barstar_demo	haddock_1BRS_barnase_1BRS_barstar_pose_030	/demo/haddock/1BRS_barnase_vs_1BRS_barstar/haddock_1BRS_barnase_1BRS_barstar_pose_030.pdb	
HADDOCK	score	-34.03532002974593	1BRS_barnase	1BRS_barstar	haddock_1BRS_barnase_1BRS_barstar_demo	haddock_1BRS_barnase_1BRS_barstar_pose_031	/demo/haddock/1BRS_barnase_vs_1BRS_barstar/haddock_1BRS_barnase_1BRS_barstar_pose_031.pdb	
HADDOCK	score	-35.62321484196205	1BRS_barnase	1BRS_barstar	haddock_1BRS_barnase_1BRS_barstar_demo	haddock_1BRS_barnase_1BRS_barstar_pose_032	/demo/haddock/1BRS_barnase_vs_1BRS_barstar/haddock_1BRS_barnase_1BRS_barstar_pose_032.pdb	
HADDOCK	score	0.7290194395372112	1BRS_barnase	1BRS_barstar	haddock_1BRS_barnase_1BRS_barstar_demo	haddock_1BRS_barnase_1BRS_barstar_pose_033	/demo/haddock/1BRS_barnase_vs_1BRS_barstar/haddock_1BRS_barnase_1BRS_barstar_pose_033.pdb	
HADDOCK	score	-25.548076466255445	1BRS_barnase	1BRS_barstar	haddock_1BRS_barnase_1BRS_barstar_demo	haddock_1BRS_barnase_1BRS_barstar_pose_034	/demo/haddock/1BRS_barnase_vs_1BRS_barstar/haddock_1BRS_barnase_1BRS_barstar_pose_034.pdb	
HADDOCK	score	-20.30766872417209	1BRS_barnase	1BRS_barstar	haddock_1BRS_barnase_1BRS_barstar_demo	haddock_1BRS_barnase_1BRS_barstar_pose_035	/demo/haddock/1BRS_barnase_vs_1BRS_barstar/haddock_1BRS_barnase_1BRS_barstar_pose_035.pdb	
HADDOCK	score	-24.833395293274876	1BRS_barnase	1BRS_barstar	haddock_1BRS_barnase_1BRS_barstar_demo	haddock_1BRS_barnase_1BRS_barstar_pose_036	/demo/haddock/1BRS_barnase_vs_1BRS_barstar/haddock_1BRS_barnase_1BRS_barstar_pose_036.pdb	
HADDOCK	score	-31.333074540837096	1BRS_barnase	1BRS_barstar	haddock_1BRS_barnase_1BRS_barstar_demo	haddock_1BRS_barnase_1BRS_barstar_pose_037	/demo/haddock/1BRS_barnase_vs_1BRS_barstar/haddock_1BRS_barnase_1BRS_barstar_pose_037.pdb	
HADDOCK	score	-22.821807759373225	1BRS_barnase	1BRS_barstar	haddock_1BRS_barnase_1BRS_barstar_demo	haddock_1BRS_barnase_1BRS_barstar_pose_038	/demo/haddock/1BRS_barnase_vs_1BRS_barstar/haddock_1BRS_barnase_1BRS_barstar_pose_038.pdb	
HADDOCK	score	9.49892326883872	1BRS_barnase	1BRS_barstar	haddock_1BRS_barnase_1BRS_barstar_demo	haddock_1BRS_barnase_1BRS_barstar_pose_039	/demo/haddock/1BRS_barnase_vs_1BRS_barstar/haddock_1BRS_barnase_1BRS_barstar_pose_039.pdb	
HADDOCK	score	-3.295148948308942	1BRS_barnase	1BRS_barstar	haddock_1BRS_barnase_1BRS_barstar_demo	haddock_1BRS_barnase_1BRS_barstar_pose_040	/demo/haddock/1BRS_barnase_vs_1BRS_barstar/haddock_1BRS_barnase_1BRS_barstar_pose_040.pdb	
HADDOCK	score	-30.235253813507267	1BRS_barnase	1BRS_barstar	haddock_1BRS_barnase_1BRS_barstar_demo	haddock_1BRS_barnase_1BRS_barstar_pose_041	/demo/haddock/1BRS_barnase_vs_1BRS_barstar/haddock_1BRS_barnase_1BRS_barstar_pose_041.pdb	
HADDOCK	score	-12.229110763259772	1BRS_barnase	1BRS_barstar	haddock_1BRS_barnase_1BRS_barstar_demo	haddock_1BRS_barnase_1BRS_barstar_pose_042	/demo/haddock/1BRS_barnase_vs_1BRS_barstar/haddock_1BRS_barnase_1BRS_barstar_pose_042.pdb	
HADDOCK	score	-29.978273271996517	1BRS_barnase	1BRS_barstar	haddock_1BRS_barnase_1BRS_barstar_demo	haddock_1BRS_barnase_1BRS_barstar_pose_043	/demo/haddock/1BRS_barnase_vs_1BRS_barstar/haddock_1BRS_barnase_1BRS_barstar_pose_043.pdb	
HADDOCK	score	-41.31641166615465	1BRS_barnase	1BRS_barstar	haddock_1BRS_barnase_1BRS_barstar_demo	haddock_1BRS_barnase_1BRS_barstar_pose_044	/demo/haddock/1BRS_barnase_vs_1BRS_barstar/haddock_1BRS_barnase_1BRS_barstar_pose_044.pdb	
HADDOCK	score	-7.765868988024446	1BRS_barnase	1BRS_barstar	haddock_1BRS_barnase_1BRS_barstar_demo	haddock_1BRS_barnase_1BRS_barstar_pose_045	/demo/haddock/1BRS_barnase_vs_1BRS_barstar/haddock_1BRS_barnase_1BRS_barstar_pose_045.pdb	
HADDOCK	score	-6.07888584027739	1BRS_barnase	1BRS_barstar	haddock_1BRS_barnase_1BRS_barstar_demo	haddock_1BRS_barnase_1BRS_barstar_pose_046	/demo/haddock/1BRS_barnase_vs_1BRS_barstar/haddock_1BRS_barnase_1BRS_barstar_pose_046.pdb	
HADDOCK	score	-7.447372987425208	1BRS_barnase	1BRS_barstar	haddock_1BRS_barnase_1BRS_barstar_demo	haddock_1BRS_barnase_1BRS_barstar_pose_047	/demo/haddock/1BRS_barnase_vs_1BRS_barstar/haddock_1BRS_barnase_1BRS_barstar_pose_047.pdb	
HADDOCK	score	-25.638382990634874	1BRS_barnase	1BRS_barstar	haddock_1BRS_barnase_1BRS_barstar_demo	haddock_1BRS_barnase_1BRS_barstar_pose_048	/demo/haddock/1BRS_barnase_vs_1BRS_barstar/haddock_1BRS_barnase_1BRS_barstar_pose_048.pdb	
HADDOCK	score	-22.001308808023836	1BRS_barnase	1BRS_barstar	haddock_1BRS_barnase_1BRS_barstar_demo	haddock_1BRS_barnase_1BRS_barstar_pose_049	/demo/haddock/1BRS_barnase_vs_1BRS_barstar/haddock_1BRS_barnase_1BRS_barstar_pose_049.pdb	
HADDOCK	score	-11.002813356102521	1BRS_barnase	1BRS_barstar	haddock_1BRS_barnase_1BRS_barstar_demo	haddock_1BRS_barnase_1BRS_barstar_pose_050	/demo/haddock/1BRS_barnase_vs_1BRS_barstar/haddock_1BRS_barnase_1BRS_barstar_pose_050.pdb	
LightDock	luciferin_score	11.348976224088643	1BRS_barnase	1BRS_barstar	lightdock_1BRS_barnase_1BRS_barstar_demo	lightdock_1BRS_barnase_1BRS_barstar_pose_001	/demo/lightdock/1BRS_barnase_vs_1BRS_barstar/lightdock_1BRS_barnase_1BRS_barstar_pose_001.pdb	
LightDock	luciferin_score	6.638175172217734	1BRS_barnase	1BRS_barstar	lightdock_1BRS_barnase_1BRS_barstar_demo	lightdock_1BRS_barnase_1BRS_barstar_pose_002	/demo/lightdock/1BRS_barnase_vs_1BRS_barstar/lightdock_1BRS_barnase_1BRS_barstar_pose_002.pdb	
LightDock	luciferin_score	-0.7144309207089883	1BRS_barnase	1BRS_barstar	lightdock_1BRS_barnase_1BRS_barstar_demo	lightdock_1BRS_barnase_1BRS_barstar_pose_003	/demo/lightdock/1BRS_barnase_vs_1BRS_barstar/lightdock_1BRS_barnase_1BRS_barstar_pose_003.pdb	
LightDock	luciferin_score	9.683251164852074	1BRS_barnase	1BRS_barstar	lightdock_1BRS_barnase_1BRS_barstar_demo	lightdock_1BRS_barnase_1BRS_barstar_pose_004	/demo/lightdock/1BRS_barnase_vs_1BRS_barstar/lightdock_1BRS_barnase_1BRS_barstar_pose_004.pdb	
LightDock	luciferin_score	15.47405783541668	1BRS_barnase	1BRS_barstar	lightdock_1BRS_barnase_1BRS_barstar_demo	lightdock_1BRS_barnase_1BRS_barstar_pose_005	/demo/lightdock/1BRS_barnase_vs_1BRS_barstar/lightdock_1BRS_barnase_1BRS_barstar_pose_005.pdb	
LightDock	luciferin_score	1.814470265795057	1BRS_barnase	1BRS_barstar	lightdock_1BRS_barnase_1BRS_barstar_demo	lightdock_1BRS_barnase_1BRS_barstar_pose_006	/demo/lightdock/1BRS_barnase_vs_1BRS_barstar/lightdock_1BRS_barnase_1BRS_barstar_pose_006.pdb	
LightDock	luciferin_score	12.832556290055862	1BRS_barnase	1BRS_barstar	lightdock_1BRS_barnase_1BRS_barstar_demo	lightdock_1BRS_barnase_1BRS_barstar_pose_007	/demo/lightdock/1BRS_barnase_vs_1BRS_barstar/lightdock_1BRS_barnase_1BRS_barstar_pose_007.pdb	
LightDock	luciferin_score	10.989250170802155	1BRS_barnase	1BRS_barstar	lightdock_1BRS_barnase_1BRS_barstar_demo	lightdock_1BRS_barnase_1BRS_barstar_pose_008	/demo/lightdock/1BRS_barnase_vs_1BRS_barstar/lightdock_1BRS_barnase_1BRS_barstar_pose_008.pdb	
LightDock	luciferin_score	13.500889579394002	1BRS_barnase	1BRS_barstar	lightdock_1BRS_barnase_1BRS_barstar_demo	lightdock_1BRS_barnase_1BRS_barstar_pose_009	/demo/lightdock/1BRS_barnase_vs_1BRS_barstar/lightdock_1BRS_barnase_1BRS_barstar_pose_009.pdb	
LightDock	luciferin_score	14.231852998314043	1BRS_barnase	1BRS_barstar	lightdock_1BRS_barnase_1BRS_barstar_demo	lightdock_1BRS_barnase_1BRS_barstar_pose_010	/demo/lightdock/1BRS_barnase_vs_1BRS_barstar/lightdock_1BRS_barnase_1BRS_barstar_pose_010.pdb	
LightDock	luciferin_score	4.833208548447882	1BRS_barnase	1BRS_barstar	lightdock_1BRS_barnase_1BRS_barstar_demo	lightdock_1BRS_barnase_1BRS_barstar_pose_011	/demo/lightdock/1BRS_barnase_vs_1BRS_barstar/lightdock_1BRS_barnase_1BRS_barstar_pose_011.pdb	
LightDock	luciferin_score	-0.7017564009896766	1BRS_barnase	1BRS_barstar	lightdock_1BRS_barnase_1BRS_barstar_demo	lightdock_1BRS_barnase_1BRS_barstar_pose_012	/demo/lightdock/1BRS_barnase_vs_1BRS_barstar/lightdock_1BRS_barnase_1BRS_barstar_pose_012.pdb	
LightDock	luciferin_score	5.798882845902725	1BRS_barnase	1BRS_barstar	lightdock_1BRS_barnase_1BRS_barstar_demo	lightdock_1BRS_barnase_1BRS_barstar_pose_013	/demo/lightdock/1BRS_barnase_vs_1BRS_barstar/lightdock_1BRS_barnase_1BRS_barstar_pose_013.pdb	
LightDock	luciferin_score	14.334763905162044	1BRS_barnase	1BRS_barstar	lightdock_1BRS_barnase_1BRS_barstar_demo	lightdock_1BRS_barnase_1BRS_barstar_pose_014	/demo/lightdock/1BRS_barnase_vs_1BRS_barstar/lightdock_1BRS_barnase_1BRS_barstar_pose_014.pdb	
LightDock	luciferin_score	5.747976578844174	1BRS_barnase	1BRS_barstar	lightdock_1BRS_barnase_1BRS_barstar_demo	lightdock_1BRS_barnase_1BRS_barstar_pose_015	/demo/lightdock/1BRS_barnase_vs_1BRS_barstar/lightdock_1BRS_barnase_1BRS_barstar_pose_015.pdb	
LightDock	luciferin_score	4.835740056854148	1BRS_barnase	1BRS_barstar	lightdock_1BRS_barnase_1BRS_barstar_demo	lightdock_1BRS_barnase_1BRS_barstar_pose_016	/demo/lightdock/1BRS_barnase_vs_1BRS_barstar/lightdock_1BRS_barnase_1BRS_barstar_pose_016.pdb	
LightDock	luciferin_score	-1.92810205154783	1BRS_barnase	1BRS_barstar	lightdock_1BRS_barnase_1BRS_barstar_demo	lightdock_1BRS_barnase_1BRS_barstar_pose_017	/demo/lightdock/1BRS_barnase_vs_1BRS_barstar/lightdock_1BRS_barnase_1BRS_barstar_pose_017.pdb	
LightDock	luciferin_score	19.515885327305632	1BRS_barnase	1BRS_barstar	lightdock_1BRS_barnase_1BRS_barstar_demo	lightdock_1BRS_barnase_1BRS_barstar_pose_018	/demo/lightdock/1BRS_barnase_vs_1BRS_barstar/lightdock_1BRS_barnase_1BRS_barstar_pose_018.pdb	
LightDock	luciferin_score	13.95428184855186	1BRS_barnase	1BRS_barstar	lightdock_1BRS_barnase_1BRS_barstar_demo	lightdock_1BRS_barnase_1BRS_barstar_pose_019	/demo/lightdock/1BRS_barnase_vs_1BRS_barstar/lightdock_1BRS_barnase_1BRS_barstar_pose_019.pdb	
LightDock	luciferin_score	13.619375887648587	1BRS_barnase	1BRS_barstar	lightdock_1BRS_barnase_1BRS_barstar_demo	lightdock_1BRS_barnase_1BRS_barstar_pose_020	/demo/lightdock/1BRS_barnase_vs_1BRS_barstar/lightdock_1BRS_barnase_1BRS_barstar_pose_020.pdb	
LightDock	luciferin_score	14.806352320676842	1BRS_barnase	1BRS_barstar	lightdock_1BRS_barnase_1BRS_barstar_demo	lightdock_1BRS_barnase_1BRS_barstar_pose_021	/demo/lightdock/1BRS_barnase_vs_1BRS_barstar/lightdock_1BRS_barnase_1BRS_barstar_pose_021.pdb	
LightDock	luciferin_score	12.46025016926041	1BRS_barnase	1BRS_barstar	lightdock_1BRS_barnase_1BRS_barstar_demo	lightdock_1BRS_barnase_1BRS_barstar_pose_022	/demo/lightdock/1BRS_barnase_vs_1BRS_barstar/lightdock_1BRS_barnase_1BRS_barstar_pose_022.pdb	
LightDock	luciferin_score	7.534026868922826	1BRS_barnase	1BRS_barstar	lightdock_1BRS_barnase_1BRS_barstar_demo	lightdock_1BRS_barnase_1BRS_barstar_pose_023	/demo/lightdock/1BRS_barnase_vs_1BRS_barstar/lightdock_1BRS_barnase_1BRS_barstar_pose_023.pdb	
LightDock	luciferin_score	8.01741537526679	1BRS_barnase	1BRS_barstar	lightdock_1BRS_barnase_1BRS_barstar_demo	lightdock_1BRS_barnase_1BRS_barstar_pose_024	/demo/lightdock/1BRS_barnase_vs_1BRS_barstar/lightdock_1BRS_barnase_1BRS_barstar_pose_024.pdb	
LightDock	luciferin_score	6.434613812447251	1BRS_barnase	1BRS_barstar	lightdock_1BRS_barnase_1BRS_barstar_demo	lightdock_1BRS_barnase_1BRS_barstar_pose_025	/demo/lightdock/1BRS_barnase_vs_1BRS_barstar/lightdock_1BRS_barnase_1BRS_barstar_pose_025.pdb	
LightDock	luciferin_score	24.80844452649	1BRS_barnase	1BRS_barstar	lightdock_1BRS_barnase_1BRS_barstar_demo	lightdock_1BRS_barnase_1BRS_barstar_pose_026	/demo/lightdock/1BRS_barnase_vs_1BRS_barstar/lightdock_1BRS_barnase_1BRS_barstar_pose_026.pdb	
LightDock	luciferin_score	12.335472187796656	1BRS_barnase	1BRS_barstar	lightdock_1BRS_barnase_1BRS_barstar_demo	lightdock_1BRS_barnase_1BRS_barstar_pose_027	/demo/lightdock/1BRS_barnase_vs_1BRS_barstar/lightdock_1BRS_barnase_1BRS_barstar_pose_027.pdb	
LightDock	luciferin_score	6.217197351891393	1BRS_barnase	1BRS_barstar	lightdock_1BRS_barnase_1BRS_barstar_demo	lightdock_1BRS_barnase_1BRS_barstar_pose_028	/demo/lightdock/1BRS_barnase_vs_1BRS_barstar/lightdock_1BRS_barnase_1BRS_barstar_pose_028.pdb	
LightDock	luciferin_score	11.792980644997678	1BRS_barnase	1BRS_barstar	lightdock_1BRS_barnase_1BRS_barstar_demo	lightdock_1BRS_barnase_1BRS_barstar_pose_029	/demo/lightdock/1BRS_barnase_vs_1BRS_barstar/lightdock_1BRS_barnase_1BRS_barstar_pose_029.pdb	
LightDock	luciferin_score	2.934786492862095	1BRS_barnase	1BRS_barstar	lightdock_1BRS_barnase_1BRS_barstar_demo	lightdock_1BRS_barnase_1BRS_barstar_pose_030	/demo/lightdock/1BRS_barnase_vs_1BRS_barstar/lightdock_1BRS_barnase_1BRS_barstar_pose_030.pdb	
LightDock	luciferin_score	18.027040311535362	1BRS_barnase	1BRS_barstar	lightdock_1BRS_barnase_1BRS_barstar_demo	lightdock_1BRS_barnase_1BRS_barstar_pose_031	/demo/lightdock/1BRS_barnase_vs_1BRS_barstar/lightdock_1BRS_barnase_1BRS_barstar_pose_031.pdb	
LightDock	luciferin_score	5.03358542515716	1BRS_barnase	1BRS_barstar	lightdock_1BRS_barnase_1BRS_barstar_demo	lightdock_1BRS_barnase_1BRS_barstar_pose_032	/demo/lightdock/1BRS_barnase_vs_1BRS_barstar/lightdock_1BRS_barnase_1BRS_barstar_pose_032.pdb	
LightDock	luciferin_score	12.006512595734794	1BRS_barnase	1BRS_barstar	lightdock_1BRS_barnase_1BRS_barstar_demo	lightdock_1BRS_barnase_1BRS_barstar_pose_033	/demo/lightdock/1BRS_barnase_vs_1BRS_barstar/lightdock_1BRS_barnase_1BRS_barstar_pose_033.pdb	
LightDock	luciferin_score	15.395865778458807	1BRS_barnase	1BRS_barstar	lightdock_1BRS_barnase_1BRS_barstar_demo	lightdock_1BRS_barnase_1BRS_barstar_pose_034	/demo/lightdock/1BRS_barnase_vs_1BRS_barstar/lightdock_1BRS_barnase_1BRS_barstar_pose_034.pdb	
LightDock	luciferin_score	11.308611265229956	1BRS_barnase	1BRS_barstar	lightdock_1BRS_barnase_1BRS_barstar_demo	lightdock_1BRS_barnase_1BRS_barstar_pose_035	/demo/lightdock/1BRS_barnase_vs_1BRS_barstar/lightdock_1BRS_barnase_1BRS_barstar_pose_035.pdb	
LightDock	luciferin_score	9.566819950917829	1BRS_barnase	1BRS_barstar	lightdock_1BRS_barnase_1BRS_barstar_demo	lightdock_1BRS_barnase_1BRS_barstar_pose_036	/demo/lightdock/1BRS_barnase_vs_1BRS_barstar/lightdock_1BRS_barnase_1BRS_barstar_pose_036.pdb	
LightDock	luciferin_score	9.064812509136091	1BRS_barnase	1BRS_barstar	lightdock_1BRS_barnase_1BRS_barstar_demo	lightdock_1BRS_barnase_1BRS_barstar_pose_037	/demo/lightdock/1BRS_barnase_vs_1BRS_barstar/lightdock_1BRS_barnase_1BRS_barstar_pose_037.pdb	
LightDock	luciferin_score	8.661353418677358	1BRS_barnase	1BRS_barstar	lightdock_1BRS_barnase_1BRS_barstar_demo	lightdock_1BRS_barnase_1BRS_barstar_pose_038	/demo/lightdock/1BRS_barnase_vs_1BRS_barstar/lightdock_1BRS_barnase_1BRS_barstar_pose_038.pdb	
LightDock	luciferin_score	5.539809066434987	1BRS_barnase	1BRS_barstar	lightdock_1BRS_barnase_1BRS_barstar_demo	lightdock_1BRS_barnase_1BRS_barstar_pose_039	/demo/lightdock/1BRS_barnase_vs_1BRS_barstar/lightdock_1BRS_barnase_1BRS_barstar_pose_039.pdb	
LightDock	luciferin_score	6.303099421381774	1BRS_barnase	1BRS_barstar	lightdock_1BRS_barnase_1BRS_barstar_demo	lightdock_1BRS_barnase_1BRS_barstar_pose_040	/demo/lightdock/1BRS_barnase_vs_1BRS_barstar/lightdock_1BRS_barnase_1BRS_barstar_pose_040.pdb	
LightDock	luciferin_score	17.87754224190561	1BRS_barnase	1BRS_barstar	lightdock_1BRS_barnase_1BRS_barstar_demo	lightdock_1BRS_barnase_1BRS_barstar_pose_041	/demo/lightdock/1BRS_barnase_vs_1BRS_barstar/lightdock_1BRS_barnase_1BRS_barstar_pose_041.pdb	
LightDock	luciferin_score	8.34878020388906	1BRS_barnase	1BRS_barstar	lightdock_1BRS_barnase_1BRS_barstar_demo	lightdock_1BRS_barnase_1BRS_barstar_pose_042	/demo/lightdock/1BRS_barnase_vs_1BRS_barstar/lightdock_1BRS_barnase_1BRS_barstar_pose_042.pdb	
LightDock	luciferin_score	4.285222383703362	1BRS_barnase	1BRS_barstar	lightdock_1BRS_barnase_1BRS_barstar_demo	lightdock_1BRS_barnase_1BRS_barstar_pose_043	/demo/lightdock/1BRS_barnase_vs_1BRS_barstar/lightdock_1BRS_barnase_1BRS_barstar_pose_043.pdb	
LightDock	luciferin_score	5.902214418830948	1BRS_barnase	1BRS_barstar	lightdock_1BRS_barnase_1BRS_barstar_demo	lightdock_1BRS_barnase_1BRS_barstar_pose_044	/demo/lightdock/1BRS_barnase_vs_1BRS_barstar/lightdock_1BRS_barnase_1BRS_barstar_pose_044.pdb	
LightDock	luciferin_score	15.602224084183339	1BRS_barnase	1BRS_barstar	lightdock_1BRS_barnase_1BRS_barstar_demo	lightdock_1BRS_barnase_1BRS_barstar_pose_045	/demo/lightdock/1BRS_barnase_vs_1BRS_barstar/lightdock_1BRS_barnase_1BRS_barstar_pose_045.pdb	
LightDock	luciferin_score	13.053639798986872	1BRS_barnase	1BRS_barstar	lightdock_1BRS_barnase_1BRS_barstar_demo	lightdock_1BRS_barnase_1BRS_barstar_pose_046	/demo/lightdock/1BRS_barnase_vs_1BRS_barstar/lightdock_1BRS_barnase_1BRS_barstar_pose_046.pdb	
LightDock	luciferin_score	12.36197506939354	1BRS_barnase	1BRS_barstar	lightdock_1BRS_barnase_1BRS_barstar_demo	lightdock_1BRS_barnase_1BRS_barstar_pose_047	/demo/lightdock/1BRS_barnase_vs_1BRS_barstar/lightdock_1BRS_barnase_1BRS_barstar_pose_047.pdb	
LightDock	luciferin_score	7.4548728065412515	1BRS_barnase	1BRS_barstar	lightdock_1BRS_barnase_1BRS_barstar_demo	lightdock_1BRS_barnase_1BRS_barstar_pose_048	/demo/lightdock/1BRS_barnase_vs_1BRS_barstar/lightdock_1BRS_barnase_1BRS_barstar_pose_048.pdb	
LightDock	luciferin_score	12.44017482103767	1BRS_barnase	1BRS_barstar	lightdock_1BRS_barnase_1BRS_barstar_demo	lightdock_1BRS_barnase_1BRS_barstar_pose_049	/demo/lightdock/1BRS_barnase_vs_1BRS_barstar/lightdock_1BRS_barnase_1BRS_barstar_pose_049.pdb	
LightDock	luciferin_score	5.138633250296112	1BRS_barnase	1BRS_barstar	lightdock_1BRS_barnase_1BRS_barstar_demo	lightdock_1BRS_barnase_1BRS_barstar_pose_050	/demo/lightdock/1BRS_barnase_vs_1BRS_barstar/lightdock_1BRS_barnase_1BRS_barstar_pose_050.pdb	
Rosetta	total_score	-154.67305256422395	1BRS_barnase	1BRS_barstar	rosetta_1BRS_barnase_1BRS_barstar_demo	rosetta_1BRS_barnase_1BRS_barstar_pose_001	/demo/rosetta/1BRS_barnase_vs_1BRS_barstar/rosetta_1BRS_barnase_1BRS_barstar_pose_001.pdb	
Rosetta	total_score	-132.54351922694858	1BRS_barnase	1BRS_barstar	rosetta_1BRS_barnase_1BRS_barstar_demo	rosetta_1BRS_barnase_1BRS_barstar_pose_002	/demo/rosetta/1BRS_barnase_vs_1BRS_barstar/rosetta_1BRS_barnase_1BRS_barstar_pose_002.pdb	
Rosetta	total_score	-134.26300177945683	1BRS_barnase	1BRS_barstar	rosetta_1BRS_barnase_1BRS_barstar_demo	rosetta_1BRS_barnase_1BRS_barstar_pose_003	/demo/rosetta/1BRS_barnase_vs_1BRS_barstar/rosetta_1BRS_barnase_1BRS_barstar_pose_003.pdb	
Rosetta	total_score	-167.67437722711446	1BRS_barnase	1BRS_barstar	rosetta_1BRS_barnase_1BRS_barstar_demo	rosetta_1BRS_barnase_1BRS_barstar_pose_004	/demo/rosetta/1BRS_barnase_vs_1BRS_barstar/rosetta_1BRS_barnase_1BRS_barstar_pose_004.pdb	
Rosetta	total_score	-165.39947615235437	1BRS_barnase	1BRS_barstar	rosetta_1BRS_barnase_1BRS_barstar_demo	rosetta_1BRS_barnase_1BRS_barstar_pose_005	/demo/rosetta/1BRS_barnase_vs_1BRS_barstar/rosetta_1BRS_barnase_1BRS_barstar_pose_005.pdb	
Rosetta	total_score	-148.04336124935864	1BRS_barnase	1BRS_barstar	rosetta_1BRS_barnase_1BRS_barstar_demo	rosetta_1BRS_barnase_1BRS_barstar_pose_006	/demo/rosetta/1BRS_barnase_vs_1BRS_barstar/rosetta_1BRS_barnase_1BRS_barstar_pose_006.pdb	
Rosetta	total_score	-118.92961725594883	1BRS_barnase	1BRS_barstar	rosetta_1BRS_barnase_1BRS_barstar_demo	rosetta_1BRS_barnase_1BRS_barstar_pose_007	/demo/rosetta/1BRS_barnase_vs_1BRS_barstar/rosetta_1BRS_barnase_1BRS_barstar_pose_007.pdb	
Rosetta	total_score	-184.4801729604419	1BRS_barnase	1BRS_barstar	rosetta_1BRS_barnase_1BRS_barstar_demo	rosetta_1BRS_barnase_1BRS_barstar_pose_008	/demo/rosetta/1BRS_barnase_vs_1BRS_barstar/rosetta_1BRS_barnase_1BRS_barstar_pose_008.pdb	
Rosetta	total_score	-144.99000708773093	1BRS_barnase	1BRS_barstar	rosetta_1BRS_barnase_1BRS_barstar_demo	rosetta_1BRS_barnase_1BRS_barstar_pose_009	/demo/rosetta/1BRS_barnase_vs_1BRS_barstar/rosetta_1BRS_barnase_1BRS_barstar_pose_009.pdb	
Rosetta	total_score	-174.76877996831666	1BRS_barnase	1BRS_barstar	rosetta_1BRS_barnase_1BRS_barstar_demo	rosetta_1BRS_barnase_1BRS_barstar_pose_010	/demo/rosetta/1BRS_barnase_vs_1BRS_barstar/rosetta_1BRS_barnase_1BRS_barstar_pose_010.pdb	
Rosetta	total_score	-161.41795788345982	1BRS_barnase	1BRS_barstar	rosetta_1BRS_barnase_1BRS_barstar_demo	rosetta_1BRS_barnase_1BRS_barstar_pose_011	/demo/rosetta/1BRS_barnase_vs_1BRS_barstar/rosetta_1BRS_barnase_1BRS_barstar_pose_011.pdb	
Rosetta	total_score	-156.55971152515633	1BRS_barnase	1BRS_barstar	rosetta_1BRS_barnase_1BRS_barstar_demo	rosetta_1BRS_barnase_1BRS_barstar_pose_012	/demo/rosetta/1BRS_barnase_vs_1BRS_barstar/rosetta_1BRS_barnase_1BRS_barstar_pose_012.pdb	
Rosetta	total_score	-157.56915018186405	1BRS_barnase	1BRS_barstar	rosetta_1BRS_barnase_1BRS_barstar_demo	rosetta_1BRS_barnase_1BRS_barstar_pose_013	/demo/rosetta/1BRS_barnase_vs_1BRS_barstar/rosetta_1BRS_barnase_1BRS_barstar_pose_013.pdb	
Rosetta	total_score	-159.60832691386577	1BRS_barnase	1BRS_barstar	rosetta_1BRS_barnase_1BRS_barstar_demo	rosetta_1BRS_barnase_1BRS_barstar_pose_014	/demo/rosetta/1BRS_barnase_vs_1BRS_barstar/rosetta_1BRS_barnase_1BRS_barstar_pose_014.pdb	
Rosetta	total_score	-149.87027291322534	1BRS_barnase	1BRS_barstar	rosetta_1BRS_barnase_1BRS_barstar_demo	rosetta_1BRS_barnase_1BRS_barstar_pose_015	/demo/rosetta/1BRS_barnase_vs_1BRS_barstar/rosetta_1BRS_barnase_1BRS_barstar_pose_015.pdb	
Rosetta	total_score	-159.63460019935042	1BRS_barnase	1BRS_barstar	rosetta_1BRS_barnase_1BRS_barstar_demo	rosetta_1BRS_barnase_1BRS_barstar_pose_016	/demo/rosetta/1BRS_barnase_vs_1BRS_barstar/rosetta_1BRS_barnase_1BRS_barstar_pose_016.pdb	
Rosetta	total_score	-176.32423292737474	1BRS_barnase	1BRS_barstar	rosetta_1BRS_barnase_1BRS_barstar_demo	rosetta_1BRS_barnase_1BRS_barstar_pose_017	/demo/rosetta/1BRS_barnase_vs_1BRS_barstar/rosetta_1BRS_barnase_1BRS_barstar_pose_017.pdb	
Rosetta	total_score	-135.96234697459002	1BRS_barnase	1BRS_barstar	rosetta_1BRS_barnase_1BRS_barstar_demo	rosetta_1BRS_barnase_1BRS_barstar_pose_018	/demo/rosetta/1BRS_barnase_vs_1BRS_barstar/rosetta_1BRS_barnase_1BRS_barstar_pose_018.pdb	
Rosetta	total_score	-136.44830099132014	1BRS_barnase	1BRS_barstar	rosetta_1BRS_barnase_1BRS_barstar_demo	rosetta_1BRS_barnase_1BRS_barstar_pose_019	/demo/rosetta/1BRS_barnase_vs_1BRS_barstar/rosetta_1BRS_barnase_1BRS_barstar_pose_019.pdb	
Rosetta	total_score	-134.82286241959196	1BRS_barnase	1BRS_barstar	rosetta_1BRS_barnase_1BRS_barstar_demo	rosetta_1BRS_barnase_1BRS_barstar_pose_020	/demo/rosetta/1BRS_barnase_vs_1BRS_barstar/rosetta_1BRS_barnase_1BRS_barstar_pose_020.pdb	
Rosetta	total_score	-177.73322093275348	1BRS_barnase	1BRS_barstar	rosetta_1BRS_barnase_1BRS_barstar_demo	rosetta_1BRS_barnase_1BRS_barstar_pose_021	/demo/rosetta/1BRS_barnase_vs_1BRS_barstar/rosetta_1BRS_barnase_1BRS_barstar_pose_021.pdb	
Rosetta	total_score	-144.6194732534853	1BRS_barnase	1BRS_barstar	rosetta_1BRS_barnase_1BRS_barstar_demo	rosetta_1BRS_barnase_1BRS_barstar_pose_022	/demo/rosetta/1BRS_barnase_vs_1BRS_barstar/rosetta_1BRS_barnase_1BRS_barstar_pose_022.pdb	
Rosetta	total_score	-137.83238059547537	1BRS_barnase	1BRS_barstar	rosetta_1BRS_barnase_1BRS_barstar_demo	rosetta_1BRS_barnase_1BRS_barstar_pose_023	/demo/rosetta/1BRS_barnase_vs_1BRS_barstar/rosetta_1BRS_barnase_1BRS_barstar_pose_023.pdb	
Rosetta	total_score	-168.56163723191253	1BRS_barnase	1BRS_barstar	rosetta_1BRS_barnase_1BRS_barstar_demo	rosetta_1BRS_barnase_1BRS_barstar_pose_024	/demo/rosetta/1BRS_barnase_vs_1BRS_barstar/rosetta_1BRS_barnase_1BRS_barstar_pose_024.pdb	
Rosetta	total_score	-149.83488153272168	1BRS_barnase	1BRS_barstar	rosetta_1BRS_barnase_1BRS_barstar_demo	rosetta_1BRS_barnase_1BRS_barstar_pose_025	/demo/rosetta/1BRS_barnase_vs_1BRS_barstar/rosetta_1BRS_barnase_1BRS_barstar_pose_025.pdb	
Rosetta	total_score	-152.09279961558659	1BRS_barnase	1BRS_barstar	rosetta_1BRS_barnase_1BRS_barstar_demo	rosetta_1BRS_barnase_1BRS_barstar_pose_026	/demo/rosetta/1BRS_barnase_vs_1BRS_barstar/rosetta_1BRS_barnase_1BRS_barstar_pose_026.pdb	
Rosetta	total_score	-116.84128814577124	1BRS_barnase	1BRS_barstar	rosetta_1BRS_barnase_1BRS_barstar_demo	rosetta_1BRS_barnase_1BRS_barstar_pose_027	/demo/rosetta/1BRS_barnase_vs_1BRS_barstar/rosetta_1BRS_barnase_1BRS_barstar_pose_027.pdb	
Rosetta	total_score	-115.35907133377368	1BRS_barnase	1BRS_barstar	rosetta_1BRS_barnase_1BRS_barstar_demo	rosetta_1BRS_barnase_1BRS_barstar_pose_028	/demo/rosetta/1BRS_barnase_vs_1BRS_barstar/rosetta_1BRS_barnase_1BRS_barstar_pose_028.pdb	
Rosetta	total_score	-179.95841507994362	1BRS_barnase	1BRS_barstar	rosetta_1BRS_barnase_1BRS_barstar_demo	rosetta_1BRS_barnase_1BRS_barstar_pose_029	/demo/rosetta/1BRS_barnase_vs_1BRS_barstar/rosetta_1BRS_barnase_1BRS_barstar_pose_029.pdb	
Rosetta	total_score	-105.1093138968962	1BRS_barnase	1BRS_barstar	rosetta_1BRS_barnase_1BRS_barstar_demo	rosetta_1BRS_barnase_1BRS_barstar_pose_030	/demo/rosetta/1BRS_barnase_vs_1BRS_barstar/rosetta_1BRS_barnase_1BRS_barstar_pose_030.pdb	
Rosetta	total_score	-166.47406298075984	1BRS_barnase	1BRS_barstar	rosetta_1BRS_barnase_1BRS_barstar_demo	rosetta_1BRS_barnase_1BRS_barstar_pose_031	/demo/rosetta/1BRS_barnase_vs_1BRS_barstar/rosetta_1BRS_barnase_1BRS_barstar_pose_031.pdb	
Rosetta	total_score	-132.34788070210635	1BRS_barnase	1BRS_barstar	rosetta_1BRS_barnase_1BRS_barstar_demo	rosetta_1BRS_barnase_1BRS_barstar_pose_032	/demo/rosetta/1BRS_barnase_vs_1BRS_barstar/rosetta_1BRS_barnase_1BRS_barstar_pose_032.pdb	
Rosetta	total_score	-132.53103634445284	1BRS_barnase	1BRS_barstar	rosetta_1BRS_barnase_1BRS_barstar_demo	rosetta_1BRS_barnase_1BRS_barstar_pose_033	/demo/rosetta/1BRS_barnase_vs_1BRS_barstar/rosetta_1BRS_barnase_1BRS_barstar_pose_033.pdb	
Rosetta	total_score	-167.92242408315252	1BRS_barnase	1BRS_barstar	rosetta_1BRS_barnase_1BRS_barstar_demo	rosetta_1BRS_barnase_1BRS_barstar_pose_034	/demo/rosetta/1BRS_barnase_vs_1BRS_barstar/rosetta_1BRS_barnase_1BRS_barstar_pose_034.pdb	
Rosetta	total_score	-141.12117971089623	1BRS_barnase	1BRS_barstar	rosetta_1BRS_barnase_1BRS_barstar_demo	rosetta_1BRS_barnase_1BRS_barstar_pose_035	/demo/rosetta/1BRS_barnase_vs_1BRS_barstar/rosetta_1BRS_barnase_1BRS_barstar_pose_035.pdb	
Rosetta	total_score	-151.93560739678915	1BRS_barnase	1BRS_barstar	rosetta_1BRS_barnase_1BRS_barstar_demo	rosetta_1BRS_barnase_1BRS_barstar_pose_036	/demo/rosetta/1BRS_barnase_vs_1BRS_barstar/rosetta_1BRS_barnase_1BRS_barstar_pose_036.pdb	
Rosetta	total_score	-140.02205991661697	1BRS_barnase	1BRS_barstar	rosetta_1BRS_barnase_1BRS_barstar_demo	rosetta_1BRS_barnase_1BRS_barstar_pose_037	/demo/rosetta/1BRS_barnase_vs_1BRS_barstar/rosetta_1BRS_barnase_1BRS_barstar_pose_037.pdb	
Rosetta	total_score	-145.84789855714874	1BRS_barnase	1BRS_barstar	rosetta_1BRS_barnase_1BRS_barstar_demo	rosetta_1BRS_barnase_1BRS_barstar_pose_038	/demo/rosetta/1BRS_barnase_vs_1BRS_barstar/rosetta_1BRS_barnase_1BRS_barstar_pose_038.pdb	
Rosetta	total_score	-128.46588926333555	1BRS_barnase	1BRS_barstar	rosetta_1BRS_barnase_1BRS_barstar_demo	rosetta_1BRS_barnase_1BRS_barstar_pose_039	/demo/rosetta/1BRS_barnase_vs_1BRS_barstar/rosetta_1BRS_barnase_1BRS_barstar_pose_039.pdb	
Rosetta	total_score	-148.64280822337088	1BRS_barnase	1BRS_barstar	rosetta_1BRS_barnase_1BRS_barstar_demo	rosetta_1BRS_barnase_1BRS_barstar_pose_040	/demo/rosetta/1BRS_barnase_vs_1BRS_barstar/rosetta_1BRS_barnase_1BRS_barstar_pose_040.pdb	
Rosetta	total_score	-153.02173324967362	1BRS_barnase	1BRS_barstar	rosetta_1BRS_barnase_1BRS_barstar_demo	rosetta_1BRS_barnase_1BRS_barstar_pose_041	/demo/rosetta/1BRS_barnase_vs_1BRS_barstar/rosetta_1BRS_barnase_1BRS_barstar_pose_041.pdb	
Rosetta	total_score	-130.27084380497075	1BRS_barnase	1BRS_barstar	rosetta_1BRS_barnase_1BRS_barstar_demo	rosetta_1BRS_barnase_1BRS_barstar_pose_042	/demo/rosetta/1BRS_barnase_vs_1BRS_barstar/rosetta_1BRS_barnase_1BRS_barstar_pose_042.pdb	
Rosetta	total_score	-139.55287263254513	1BRS_barnase	1BRS_barstar	rosetta_1BRS_barnase_1BRS_barstar_demo	rosetta_1BRS_barnase_1BRS_barstar_pose_043	/demo/rosetta/1BRS_barnase_vs_1BRS_barstar/rosetta_1BRS_barnase_1BRS_barstar_pose_043.pdb	
Rosetta	total_score	-136.827358902224	1BRS_barnase	1BRS_barstar	rosetta_1BRS_barnase_1BRS_barstar_demo	rosetta_1BRS_barnase_1BRS_barstar_pose_044	/demo/rosetta/1BRS_barnase_vs_1BRS_barstar/rosetta_1BRS_barnase_1BRS_barstar_pose_044.pdb	
Rosetta	total_score	-161.96256010065474	1BRS_barnase	1BRS_barstar	rosetta_1BRS_barnase_1BRS_barstar_demo	rosetta_1BRS_barnase_1BRS_barstar_pose_045	/demo/rosetta/1BRS_barnase_vs_1BRS_barstar/rosetta_1BRS_barnase_1BRS_barstar_pose_045.pdb	
Rosetta	total_score	-168.81473006517254	1BRS_barnase	1BRS_barstar	rosetta_1BRS_barnase_1BRS_barstar_demo	rosetta_1BRS_barnase_1BRS_barstar_pose_046	/demo/rosetta/1BRS_barnase_vs_1BRS_barstar/rosetta_1BRS_barnase_1BRS_barstar_pose_046.pdb	
Rosetta	total_score	-160.21899857854862	1BRS_barnase	1BRS_barstar	rosetta_1BRS_barnase_1BRS_barstar_demo	rosetta_1BRS_barnase_1BRS_barstar_pose_047	/demo/rosetta/1BRS_barnase_vs_1BRS_barstar/rosetta_1BRS_barnase_1BRS_barstar_pose_047.pdb	
Rosetta	total_score	-161.1747849422506	1BRS_barnase	1BRS_barstar	rosetta_1BRS_barnase_1BRS_barstar_demo	rosetta_1BRS_barnase_1BRS_barstar_pose_048	/demo/rosetta/1BRS_barnase_vs_1BRS_barstar/rosetta_1BRS_barnase_1BRS_barstar_pose_048.pdb	
Rosetta	total_score	-135.84841316424755	1BRS_barnase	1BRS_barstar	rosetta_1BRS_barnase_1BRS_barstar_demo	rosetta_1BRS_barnase_1BRS_barstar_pose_049	/demo/rosetta/1BRS_barnase_vs_1BRS_barstar/rosetta_1BRS_barnase_1BRS_barstar_pose_049.pdb	
Rosetta	total_score	-132.43228709470708	1BRS_barnase	1BRS_barstar	rosetta_1BRS_barnase_1BRS_barstar_demo	rosetta_1BRS_barnase_1BRS_barstar_pose_050	/demo/rosetta/1BRS_barnase_vs_1BRS_barstar/rosetta_1BRS_barnase_1BRS_barstar_pose_050.pdb	
HADDOCK	score	-9.241042316259204	1PPE_E	1PPE_I	haddock_1PPE_E_1PPE_I_demo	haddock_1PPE_E_1PPE_I_pose_001	/demo/haddock/1PPE_E_vs_1PPE_I/haddock_1PPE_E_1PPE_I_pose_001.pdb	
HADDOCK	score	3.447352150594819	1PPE_E	1PPE_I	haddock_1PPE_E_1PPE_I_demo	haddock_1PPE_E_1PPE_I_pose_002	/demo/haddock/1PPE_E_vs_1PPE_I/haddock_1PPE_E_1PPE_I_pose_002.pdb	
HADDOCK	score	2.947755150121038	1PPE_E	1PPE_I	haddock_1PPE_E_1PPE_I_demo	haddock_1PPE_E_1PPE_I_pose_003	/demo/haddock/1PPE_E_vs_1PPE_I/haddock_1PPE_E_1PPE_I_pose_003.pdb	
HADDOCK	score	-6.052808668795686	1PPE_E	1PPE_I	haddock_1PPE_E_1PPE_I_demo	haddock_1PPE_E_1PPE_I_pose_004	/demo/haddock/1PPE_E_vs_1PPE_I/haddock_1PPE_E_1PPE_I_pose_004.pdb	
HADDOCK	score	-14.57513417234432	1PPE_E	1PPE_I	haddock_1PPE_E_1PPE_I_demo	haddock_1PPE_E_1PPE_I_pose_005	/demo/haddock/1PPE_E_vs_1PPE_I/haddock_1PPE_E_1PPE_I_pose_005.pdb	
HADDOCK	score	4.603013195484321	1PPE_E	1PPE_I	haddock_1PPE_E_1PPE_I_demo	haddock_1PPE_E_1PPE_I_pose_006	/demo/haddock/1PPE_E_vs_1PPE_I/haddock_1PPE_E_1PPE_I_pose_006.pdb	
HADDOCK	score	-8.488138808227266	1PPE_E	1PPE_I	haddock_1PPE_E_1PPE_I_demo	haddock_1PPE_E_1PPE_I_pose_007	/demo/haddock/1PPE_E_vs_1PPE_I/haddock_1PPE_E_1PPE_I_pose_007.pdb	
HADDOCK	score	-6.9906784285522034	1PPE_E	1PPE_I	haddock_1PPE_E_1PPE_I_demo	haddock_1PPE_E_1PPE_I_pose_008	/demo/haddock/1PPE_E_vs_1PPE_I/haddock_1PPE_E_1PPE_I_pose_008.pdb	
HADDOCK	score	-10.716840204852549	1PPE_E	1PPE_I	haddock_1PPE_E_1PPE_I_demo	haddock_1PPE_E_1PPE_I_pose_009	/demo/haddock/1PPE_E_vs_1PPE_I/haddock_1PPE_E_1PPE_I_pose_009.pdb	
HADDOCK	score	-15.11832261037758	1PPE_E	1PPE_I	haddock_1PPE_E_1PPE_I_demo	haddock_1PPE_E_1PPE_I_pose_010	/demo/haddock/1PPE_E_vs_1PPE_I/haddock_1PPE_E_1PPE_I_pose_010.pdb	
HADDOCK	score	-19.749115442522335	1PPE_E	1PPE_I	haddock_1PPE_E_1PPE_I_demo	haddock_1PPE_E_1PPE_I_pose_011	/demo/haddock/1PPE_E_vs_1PPE_I/haddock_1PPE_E_1PPE_I_pose_011.pdb	
HADDOCK	score	-2.9370534115416955	1PPE_E	1PPE_I	haddock_1PPE_E_1PPE_I_demo	haddock_1PPE_E_1PPE_I_pose_012	/demo/haddock/1PPE_E_vs_1PPE_I/haddock_1PPE_E_1PPE_I_pose_012.pdb	
HADDOCK	score	-14.267208431172964	1PPE_E	1PPE_I	haddock_1PPE_E_1PPE_I_demo	haddock_1PPE_E_1PPE_I_pose_013	/demo/haddock/1PPE_E_vs_1PPE_I/haddock_1PPE_E_1PPE_I_pose_013.pdb	
HADDOCK	score	16.476249831974588	1PPE_E	1PPE_I	haddock_1PPE_E_1PPE_I_demo	haddock_1PPE_E_1PPE_I_pose_014	/demo/haddock/1PPE_E_vs_1PPE_I/haddock_1PPE_E_1PPE_I_pose_014.pdb	
HADDOCK	score	-16.688588660899832	1PPE_E	1PPE_I	haddock_1PPE_E_1PPE_I_demo	haddock_1PPE_E_1PPE_I_pose_015	/demo/haddock/1PPE_E_vs_1PPE_I/haddock_1PPE_E_1PPE_I_pose_015.pdb	
HADDOCK	score	-18.05905979985096	1PPE_E	1PPE_I	haddock_1PPE_E_1PPE_I_demo	haddock_1PPE_E_1PPE_I_pose_016	/demo/haddock/1PPE_E_vs_1PPE_I/haddock_1PPE_E_1PPE_I_pose_016.pdb	
HADDOCK	score	-3.918890275092471	1PPE_E	1PPE_I	haddock_1PPE_E_1PPE_I_demo	haddock_1PPE_E_1PPE_I_pose_017	/demo/haddock/1PPE_E_vs_1PPE_I/haddock_1PPE_E_1PPE_I_pose_017.pdb	
HADDOCK	score	4.234507831738362	1PPE_E	1PPE_I	haddock_1PPE_E_1PPE_I_demo	haddock_1PPE_E_1PPE_I_pose_018	/demo/haddock/1PPE_E_vs_1PPE_I/haddock_1PPE_E_1PPE_I_pose_018.pdb	
HADDOCK	score	-7.483282744454227	1PPE_E	1PPE_I	haddock_1PPE_E_1PPE_I_demo	haddock_1PPE_E_1PPE_I_pose_019	/demo/haddock/1PPE_E_vs_1PPE_I/haddock_1PPE_E_1PPE_I_pose_019.pdb	
HADDOCK	score	-3.4220606385018053	1PPE_E	1PPE_I	haddock_1PPE_E_1PPE_I_demo	haddock_1PPE_E_1PPE_I_pose_020	/demo/haddock/1PPE_E_vs_1PPE_I/haddock_1PPE_E_1PPE_I_pose_020.pdb	
HADDOCK	score	-22.748379339669675	1PPE_E	1PPE_I	haddock_1PPE_E_1PPE_I_demo	haddock_1PPE_E_1PPE_I_pose_021	/demo/haddock/1PPE_E_vs_1PPE_I/haddock_1PPE_E_1PPE_I_pose_021.pdb	
HADDOCK	score	-13.420092365534135	1PPE_E	1PPE_I	haddock_1PPE_E_1PPE_I_demo	haddock_1PPE_E_1PPE_I_pose_022	/demo/haddock/1PPE_E_vs_1PPE_I/haddock_1PPE_E_1PPE_I_pose_022.pdb	
HADDOCK	score	-16.588925833100536	1PPE_E	1PPE_I	haddock_1PPE_E_1PPE_I_demo	haddock_1PPE_E_1PPE_I_pose_023	/demo/haddock/1PPE_E_vs_1PPE_I/haddock_1PPE_E_1PPE_I_pose_023.pdb	
HADDOCK	score	-23.16036679958305	1PPE_E	1PPE_I	haddock_1PPE_E_1PPE_I_demo	haddock_1PPE_E_1PPE_I_pose_024	/demo/haddock/1PPE_E_vs_1PPE_I/haddock_1PPE_E_1PPE_I_pose_024.pdb	
HADDOCK	score	-7.064158127808905	1PPE_E	1PPE_I	haddock_1PPE_E_1PPE_I_demo	haddock_1PPE_E_1PPE_I_pose_025	/demo/haddock/1PPE_E_vs_1PPE_I/haddock_1PPE_E_1PPE_I_pose_025.pdb	
HADDOCK	score	-25.942620972883468	1PPE_E	1PPE_I	haddock_1PPE_E_1PPE_I_demo	haddock_1PPE_E_1PPE_I_pose_026	/demo/haddock/1PPE_E_vs_1PPE_I/haddock_1PPE_E_1PPE_I_pose_026.pdb	
HADDOCK	score	-18.57756772869959	1PPE_E	1PPE_I	haddock_1PPE_E_1PPE_I_demo	haddock_1PPE_E_1PPE_I_pose_027	/demo/haddock/1PPE_E_vs_1PPE_I/haddock_1PPE_E_1PPE_I_pose_027.pdb	
HADDOCK	score	-12.297550352107343	1PPE_E	1PPE_I	haddock_1PPE_E_1PPE_I_demo	haddock_1PPE_E_1PPE_I_pose_028	/demo/haddock/1PPE_E_vs_1PPE_I/haddock_1PPE_E_1PPE_I_pose_028.pdb	
HADDOCK	score	-14.65028668760861	1PPE_E	1PPE_I	haddock_1PPE_E_1PPE_I_demo	haddock_1PPE_E_1PPE_I_pose_029	/demo/haddock/1PPE_E_vs_1PPE_I/haddock_1PPE_E_1PPE_I_pose_029.pdb	
HADDOCK	score	-4.8287319823434585	1PPE_E	1PPE_I	haddock_1PPE_E_1PPE_I_demo	haddock_1PPE_E_1PPE_I_pose_030	/demo/haddock/1PPE_E_vs_1PPE_I/haddock_1PPE_E_1PPE_I_pose_030.pdb	
HADDOCK	score	-5.55535846478016	1PPE_E	1PPE_I	haddock_1PPE_E_1PPE_I_demo	haddock_1PPE_E_1PPE_I_pose_031	/demo/haddock/1PPE_E_vs_1PPE_I/haddock_1PPE_E_1PPE_I_pose_031.pdb	
HADDOCK	score	-0.8496100325163454	1PPE_E	1PPE_I	haddock_1PPE_E_1PPE_I_demo	haddock_1PPE_E_1PPE_I_pose_032	/demo/haddock/1PPE_E_vs_1PPE_I/haddock_1PPE_E_1PPE_I_pose_032.pdb	
HADDOCK	score	-1.9809301382985751	1PPE_E	1PPE_I	haddock_1PPE_E_1PPE_I_demo	haddock_1PPE_E_1PPE_I_pose_033	/demo/haddock/1PPE_E_vs_1PPE_I/haddock_1PPE_E_1PPE_I_pose_033.pdb	
HADDOCK	score	1.126502314891047	1PPE_E	1PPE_I	haddock_1PPE_E_1PPE_I_demo	haddock_1PPE_E_1PPE_I_pose_034	/demo/haddock/1PPE_E_vs_1PPE_I/haddock_1PPE_E_1PPE_I_pose_034.pdb	
HADDOCK	score	-8.015347200072434	1PPE_E	1PPE_I	haddock_1PPE_E_1PPE_I_demo	haddock_1PPE_E_1PPE_I_pose_035	/demo/haddock/1PPE_E_vs_1PPE_I/haddock_1PPE_E_1PPE_I_pose_035.pdb	
HADDOCK	score	-5.572264793466642	1PPE_E	1PPE_I	haddock_1PPE_E_1PPE_I_demo	haddock_1PPE_E_1PPE_I_pose_036	/demo/haddock/1PPE_E_vs_1PPE_I/haddock_1PPE_E_1PPE_I_pose_036.pdb	
HADDOCK	score	-3.9078903846464694	1PPE_E	1PPE_I	haddock_1PPE_E_1PPE_I_demo	haddock_1PPE_E_1PPE_I_pose_037	/demo/haddock/1PPE_E_vs_1PPE_I/haddock_1PPE_E_1PPE_I_pose_037.pdb	
HADDOCK	score	-6.866746420871794	1PPE_E	1PPE_I	haddock_1PPE_E_1PPE_I_demo	haddock_1PPE_E_1PPE_I_pose_038	/demo/haddock/1PPE_E_vs_1PPE_I/haddock_1PPE_E_1PPE_I_pose_038.pdb	
HADDOCK	score	-11.17755447933659	1PPE_E	1PPE_I	haddock_1PPE_E_1PPE_I_demo	haddock_1PPE_E_1PPE_I_pose_039	/demo/haddock/1PPE_E_vs_1PPE_I/haddock_1PPE_E_1PPE_I_pose_039.pdb	
HADDOCK	score	-10.659540274718161	1PPE_E	1PPE_I	haddock_1PPE_E_1PPE_I_demo	haddock_1PPE_E_1PPE_I_pose_040	/demo/haddock/1PPE_E_vs_1PPE_I/haddock_1PPE_E_1PPE_I_pose_040.pdb	
HADDOCK	score	-14.540467186639724	1PPE_E	1PPE_I	haddock_1PPE_E_1PPE_I_demo	haddock_1PPE_E_1PPE_I_pose_041	/demo/haddock/1PPE_E_vs_1PPE_I/haddock_1PPE_E_1PPE_I_pose_041.pdb	
HADDOCK	score	-4.627065360721363	1PPE_E	1PPE_I	haddock_1PPE_E_1PPE_I_demo	haddock_1PPE_E_1PPE_I_pose_042	/demo/haddock/1PPE_E_vs_1PPE_I/haddock_1PPE_E_1PPE_I_pose_042.pdb	
HADDOCK	score	-8.752121392681245	1PPE_E	1PPE_I	haddock_1PPE_E_1PPE_I_demo	haddock_1PPE_E_1PPE_I_pose_043	/demo/haddock/1PPE_E_vs_1PPE_I/haddock_1PPE_E_1PPE_I_pose_043.pdb	
HADDOCK	score	-13.305390005094118	1PPE_E	1PPE_I	haddock_1PPE_E_1PPE_I_demo	haddock_1PPE_E_1PPE_I_pose_044	/demo/haddock/1PPE_E_vs_1PPE_I/haddock_1PPE_E_1PPE_I_pose_044.pdb	
HADDOCK	score	-13.297958554596741	1PPE_E	1PPE_I	haddock_1PPE_E_1PPE_I_demo	haddock_1PPE_E_1PPE_I_pose_045	/demo/haddock/1PPE_E_vs_1PPE_I/haddock_1PPE_E_1PPE_I_pose_045.pdb	
HADDOCK	score	-17.683189822262307	1PPE_E	1PPE_I	haddock_1PPE_E_1PPE_I_demo	haddock_1PPE_E_1PPE_I_pose_046	/demo/haddock/1PPE_E_vs_1PPE_I/haddock_1PPE_E_1PPE_I_pose_046.pdb	
HADDOCK	score	-0.16926927010240256	1PPE_E	1PPE_I	haddock_1PPE_E_1PPE_I_demo	haddock_1PPE_E_1PPE_I_pose_047	/demo/haddock/1PPE_E_vs_1PPE_I/haddock_1PPE_E_1PPE_I_pose_047.pdb	
HADDOCK	score	-7.3710586437457	1PPE_E	1PPE_I	haddock_1PPE_E_1PPE_I_demo	haddock_1PPE_E_1PPE_I_pose_048	/demo/haddock/1PPE_E_vs_1PPE_I/haddock_1PPE_E_1PPE_I_pose_048.pdb	
HADDOCK	score	-14.902400156586161	1PPE_E	1PPE_I	haddock_1PPE_E_1PPE_I_demo	haddock_1PPE_E_1PPE_I_pose_049	/demo/haddock/1PPE_E_vs_1PPE_I/haddock_1PPE_E_1PPE_I_pose_049.pdb	
HADDOCK	score	-1.531618003183854	1PPE_E	1PPE_I	haddock_1PPE_E_1PPE_I_demo	haddock_1PPE_E_1PPE_I_pose_050	/demo/haddock/1PPE_E_vs_1PPE_I/haddock_1PPE_E_1PPE_I_pose_050.pdb	
LightDock	luciferin_score	-34.08807857629871	1PPE_E	1PPE_I	lightdock_1PPE_E_1PPE_I_demo	lightdock_1PPE_E_1PPE_I_pose_001	/demo/lightdock/1PPE_E_vs_1PPE_I/lightdock_1PPE_E_1PPE_I_pose_001.pdb	
LightDock	luciferin_score	-49.317011286220186	1PPE_E	1PPE_I	lightdock_1PPE_E_1PPE_I_demo	lightdock_1PPE_E_1PPE_I_pose_002	/demo/lightdock/1PPE_E_vs_1PPE_I/lightdock_1PPE_E_1PPE_I_pose_002.pdb	
LightDock	luciferin_score	-5.617998794055609	1PPE_E	1PPE_I	lightdock_1PPE_E_1PPE_I_demo	lightdock_1PPE_E_1PPE_I_pose_003	/demo/lightdock/1PPE_E_vs_1PPE_I/lightdock_1PPE_E_1PPE_I_pose_003.pdb	
LightDock	luciferin_score	-33.667745812190034	1PPE_E	1PPE_I	lightdock_1PPE_E_1PPE_I_demo	lightdock_1PPE_E_1PPE_I_pose_004	/demo/lightdock/1PPE_E_vs_1PPE_I/lightdock_1PPE_E_1PPE_I_pose_004.pdb	
LightDock	luciferin_score	-31.36018362375821	1PPE_E	1PPE_I	lightdock_1PPE_E_1PPE_I_demo	lightdock_1PPE_E_1PPE_I_pose_005	/demo/lightdock/1PPE_E_vs_1PPE_I/lightdock_1PPE_E_1PPE_I_pose_005.pdb	
LightDock	luciferin_score	-23.258759633714806	1PPE_E	1PPE_I	lightdock_1PPE_E_1PPE_I_demo	lightdock_1PPE_E_1PPE_I_pose_006	/demo/lightdock/1PPE_E_vs_1PPE_I/lightdock_1PPE_E_1PPE_I_pose_006.pdb	
LightDock	luciferin_score	-3.433393989777933	1PPE_E	1PPE_I	lightdock_1PPE_E_1PPE_I_demo	lightdock_1PPE_E_1PPE_I_pose_007	/demo/lightdock/1PPE_E_vs_1PPE_I/lightdock_1PPE_E_1PPE_I_pose_007.pdb	
LightDock	luciferin_score	-23.63932876440639	1PPE_E	1PPE_I	lightdock_1PPE_E_1PPE_I_demo	lightdock_1PPE_E_1PPE_I_pose_008	/demo/lightdock/1PPE_E_vs_1PPE_I/lightdock_1PPE_E_1PPE_I_pose_008.pdb	
LightDock	luciferin_score	-45.584108270614145	1PPE_E	1PPE_I	lightdock_1PPE_E_1PPE_I_demo	lightdock_1PPE_E_1PPE_I_pose_009	/demo/lightdock/1PPE_E_vs_1PPE_I/lightdock_1PPE_E_1PPE_I_pose_009.pdb	
LightDock	luciferin_score	-14.210213925980756	1PPE_E	1PPE_I	lightdock_1PPE_E_1PPE_I_demo	lightdock_1PPE_E_1PPE_I_pose_010	/demo/lightdock/1PPE_E_vs_1PPE_I/lightdock_1PPE_E_1PPE_I_pose_010.pdb	
LightDock	luciferin_score	-32.72981503671103	1PPE_E	1PPE_I	lightdock_1PPE_E_1PPE_I_demo	lightdock_1PPE_E_1PPE_I_pose_011	/demo/lightdock/1PPE_E_vs_1PPE_I/lightdock_1PPE_E_1PPE_I_pose_011.pdb	
LightDock	luciferin_score	9.98263148753039	1PPE_E	1PPE_I	lightdock_1PPE_E_1PPE_I_demo	lightdock_1PPE_E_1PPE_I_pose_012	/demo/lightdock/1PPE_E_vs_1PPE_I/lightdock_1PPE_E_1PPE_I_pose_012.pdb	
LightDock	luciferin_score	-24.020154995962024	1PPE_E	1PPE_I	lightdock_1PPE_E_1PPE_I_demo	lightdock_1PPE_E_1PPE_I_pose_013	/demo/lightdock/1PPE_E_vs_1PPE_I/lightdock_1PPE_E_1PPE_I_pose_013.pdb	
LightDock	luciferin_score	-64.23063896217599	1PPE_E	1PPE_I	lightdock_1PPE_E_1PPE_I_demo	lightdock_1PPE_E_1PPE_I_pose_014	/demo/lightdock/1PPE_E_vs_1PPE_I/lightdock_1PPE_E_1PPE_I_pose_014.pdb	
LightDock	luciferin_score	-17.56743050119787	1PPE_E	1PPE_I	lightdock_1PPE_E_1PPE_I_demo	lightdock_1PPE_E_1PPE_I_pose_015	/demo/lightdock/1PPE_E_vs_1PPE_I/lightdock_1PPE_E_1PPE_I_pose_015.pdb	
LightDock	luciferin_score	11.002760260684113	1PPE_E	1PPE_I	lightdock_1PPE_E_1PPE_I_demo	lightdock_1PPE_E_1PPE_I_pose_016	/demo/lightdock/1PPE_E_vs_1PPE_I/lightdock_1PPE_E_1PPE_I_pose_016.pdb	
LightDock	luciferin_score	4.366565193817014	1PPE_E	1PPE_I	lightdock_1PPE_E_1PPE_I_demo	lightdock_1PPE_E_1PPE_I_pose_017	/demo/lightdock/1PPE_E_vs_1PPE_I/lightdock_1PPE_E_1PPE_I_pose_017.pdb	
LightDock	luciferin_score	8.957177197618172	1PPE_E	1PPE_I	lightdock_1PPE_E_1PPE_I_demo	lightdock_1PPE_E_1PPE_I_pose_018	/demo/lightdock/1PPE_E_vs_1PPE_I/lightdock_1PPE_E_1PPE_I_pose_018.pdb	
LightDock	luciferin_score	-42.35568333686634	1PPE_E	1PPE_I	lightdock_1PPE_E_1PPE_I_demo	lightdock_1PPE_E_1PPE_I_pose_019	/demo/lightdock/1PPE_E_vs_1PPE_I/lightdock_1PPE_E_1PPE_I_pose_019.pdb	
LightDock	luciferin_score	-7.581256872417981	1PPE_E	1PPE_I	lightdock_1PPE_E_1PPE_I_demo	lightdock_1PPE_E_1PPE_I_pose_020	/demo/lightdock/1PPE_E_vs_1PPE_I/lightdock_1PPE_E_1PPE_I_pose_020.pdb	
LightDock	luciferin_score	-36.995901715260814	1PPE_E	1PPE_I	lightdock_1PPE_E_1PPE_I_demo	lightdock_1PPE_E_1PPE_I_pose_021	/demo/lightdock/1PPE_E_vs_1PPE_I/lightdock_1PPE_E_1PPE_I_pose_021.pdb	
LightDock	luciferin_score	-19.96279081049536	1PPE_E	1PPE_I	lightdock_1PPE_E_1PPE_I_demo	lightdock_1PPE_E_1PPE_I_pose_022	/demo/lightdock/1PPE_E_vs_1PPE_I/lightdock_1PPE_E_1PPE_I_pose_022.pdb	
LightDock	luciferin_score	-46.91314371731518	1PPE_E	1PPE_I	lightdock_1PPE_E_1PPE_I_demo	lightdock_1PPE_E_1PPE_I_pose_023	/demo/lightdock/1PPE_E_vs_1PPE_I/lightdock_1PPE_E_1PPE_I_pose_023.pdb	
LightDock	luciferin_score	-35.60020376788889	1PPE_E	1PPE_I	lightdock_1PPE_E_1PPE_I_demo	lightdock_1PPE_E_1PPE_I_pose_024	/demo/lightdock/1PPE_E_vs_1PPE_I/lightdock_1PPE_E_1PPE_I_pose_024.pdb	
LightDock	luciferin_score	-36.172440552545076	1PPE_E	1PPE_I	lightdock_1PPE_E_1PPE_I_demo	lightdock_1PPE_E_1PPE_I_pose_025	/demo/lightdock/1PPE_E_vs_1PPE_I/lightdock_1PPE_E_1PPE_I_pose_025.pdb	
LightDock	luciferin_score	-7.826004957432907	1PPE_E	1PPE_I	lightdock_1PPE_E_1PPE_I_demo	lightdock_1PPE_E_1PPE_I_pose_026	/demo/lightdock/1PPE_E_vs_1PPE_I/lightdock_1PPE_E_1PPE_I_pose_026.pdb	
LightDock	luciferin_score	-9.587055809946202	1PPE_E	1PPE_I	lightdock_1PPE_E_1PPE_I_demo	lightdock_1PPE_E_1PPE_I_pose_027	/demo/lightdock/1PPE_E_vs_1PPE_I/lightdock_1PPE_E_1PPE_I_pose_027.pdb	
LightDock	luciferin_score	-19.017244872045225	1PPE_E	1PPE_I	lightdock_1PPE_E_1PPE_I_demo	lightdock_1PPE_E_1PPE_I_pose_028	/demo/lightdock/1PPE_E_vs_1PPE_I/lightdock_1PPE_E_1PPE_I_pose_028.pdb	
LightDock	luciferin_score	-48.30758552499694	1PPE_E	1PPE_I	lightdock_1PPE_E_1PPE_I_demo	lightdock_1PPE_E_1PPE_I_pose_029	/demo/lightdock/1PPE_E_vs_1PPE_I/lightdock_1PPE_E_1PPE_I_pose_029.pdb	
LightDock	luciferin_score	-29.60950981109496	1PPE_E	1PPE_I	lightdock_1PPE_E_1PPE_I_demo	lightdock_1PPE_E_1PPE_I_pose_030	/demo/lightdock/1PPE_E_vs_1PPE_I/lightdock_1PPE_E_1PPE_I_pose_030.pdb	
LightDock	luciferin_score	-37.43009669296907	1PPE_E	1PPE_I	lightdock_1PPE_E_1PPE_I_demo	lightdock_1PPE_E_1PPE_I_pose_031	/demo/lightdock/1PPE_E_vs_1PPE_I/lightdock_1PPE_E_1PPE_I_pose_031.pdb	
LightDock	luciferin_score	-8.345836379499161	1PPE_E	1PPE_I	lightdock_1PPE_E_1PPE_I_demo	lightdock_1PPE_E_1PPE_I_pose_032	/demo/lightdock/1PPE_E_vs_1PPE_I/lightdock_1PPE_E_1PPE_I_pose_032.pdb	
LightDock	luciferin_score	-2.7926726492906795	1PPE_E	1PPE_I	lightdock_1PPE_E_1PPE_I_demo	lightdock_1PPE_E_1PPE_I_pose_033	/demo/lightdock/1PPE_E_vs_1PPE_I/lightdock_1PPE_E_1PPE_I_pose_033.pdb	
LightDock	luciferin_score	-4.985059451444105	1PPE_E	1PPE_I	lightdock_1PPE_E_1PPE_I_demo	lightdock_1PPE_E_1PPE_I_pose_034	/demo/lightdock/1PPE_E_vs_1PPE_I/lightdock_1PPE_E_1PPE_I_pose_034.pdb	
LightDock	luciferin_score	-37.59394954950637	1PPE_E	1PPE_I	lightdock_1PPE_E_1PPE_I_demo	lightdock_1PPE_E_1PPE_I_pose_035	/demo/lightdock/1PPE_E_vs_1PPE_I/lightdock_1PPE_E_1PPE_I_pose_035.pdb	
LightDock	luciferin_score	-73.31159620121062	1PPE_E	1PPE_I	lightdock_1PPE_E_1PPE_I_demo	lightdock_1PPE_E_1PPE_I_pose_036	/demo/lightdock/1PPE_E_vs_1PPE_I/lightdock_1PPE_E_1PPE_I_pose_036.pdb	
LightDock	luciferin_score	-55.80531416634098	1PPE_E	1PPE_I	lightdock_1PPE_E_1PPE_I_demo	lightdock_1PPE_E_1PPE_I_pose_037	/demo/lightdock/1PPE_E_vs_1PPE_I/lightdock_1PPE_E_1PPE_I_pose_037.pdb	
LightDock	luciferin_score	1.589285605479752	1PPE_E	1PPE_I	lightdock_1PPE_E_1PPE_I_demo	lightdock_1PPE_E_1PPE_I_pose_038	/demo/lightdock/1PPE_E_vs_1PPE_I/lightdock_1PPE_E_1PPE_I_pose_038.pdb	
LightDock	luciferin_score	-31.22258890775683	1PPE_E	1PPE_I	lightdock_1PPE_E_1PPE_I_demo	lightdock_1PPE_E_1PPE_I_pose_039	/demo/lightdock/1PPE_E_vs_1PPE_I/lightdock_1PPE_E_1PPE_I_pose_039.pdb	
LightDock	luciferin_score	-37.513043128772026	1PPE_E	1PPE_I	lightdock_1PPE_E_1PPE_I_demo	lightdock_1PPE_E_1PPE_I_pose_040	/demo/lightdock/1PPE_E_vs_1PPE_I/lightdock_1PPE_E_1PPE_I_pose_040.pdb	
LightDock	luciferin_score	5.567885281852213	1PPE_E	1PPE_I	lightdock_1PPE_E_1PPE_I_demo	lightdock_1PPE_E_1PPE_I_pose_041	/demo/lightdock/1PPE_E_vs_1PPE_I/lightdock_1PPE_E_1PPE_I_pose_041.pdb	
LightDock	luciferin_score	-1.227120981210117	1PPE_E	1PPE_I	lightdock_1PPE_E_1PPE_I_demo	lightdock_1PPE_E_1PPE_I_pose_042	/demo/lightdock/1PPE_E_vs_1PPE_I/lightdock_1PPE_E_1PPE_I_pose_042.pdb	
LightDock	luciferin_score	-23.55992300544384	1PPE_E	1PPE_I	lightdock_1PPE_E_1PPE_I_demo	lightdock_1PPE_E_1PPE_I_pose_043	/demo/lightdock/1PPE_E_vs_1PPE_I/lightdock_1PPE_E_1PPE_I_pose_043.pdb	
LightDock	luciferin_score	-29.28125563915153	1PPE_E	1PPE_I	lightdock_1PPE_E_1PPE_I_demo	lightdock_1PPE_E_1PPE_I_pose_044	/demo/lightdock/1PPE_E_vs_1PPE_I/lightdock_1PPE_E_1PPE_I_pose_044.pdb	
LightDock	luciferin_score	-26.377821830636254	1PPE_E	1PPE_I	lightdock_1PPE_E_1PPE_I_demo	lightdock_1PPE_E_1PPE_I_pose_045	/demo/lightdock/1PPE_E_vs_1PPE_I/lightdock_1PPE_E_1PPE_I_pose_045.pdb	
LightDock	luciferin_score	-19.91106962902561	1PPE_E	1PPE_I	lightdock_1PPE_E_1PPE_I_demo	lightdock_1PPE_E_1PPE_I_pose_046	/demo/lightdock/1PPE_E_vs_1PPE_I/lightdock_1PPE_E_1PPE_I_pose_046.pdb	
LightDock	luciferin_score	4.800851063752944	1PPE_E	1PPE_I	lightdock_1PPE_E_1PPE_I_demo	lightdock_1PPE_E_1PPE_I_pose_047	/demo/lightdock/1PPE_E_vs_1PPE_I/lightdock_1PPE_E_1PPE_I_pose_047.pdb	
LightDock	luciferin_score	-16.39558636372992	1PPE_E	1PPE_I	lightdock_1PPE_E_1PPE_I_demo	lightdock_1PPE_E_1PPE_I_pose_048	/demo/lightdock/1PPE_E_vs_1PPE_I/lightdock_1PPE_E_1PPE_I_pose_048.pdb	
LightDock	luciferin_score	-10.931477405295455	1PPE_E	1PPE_I	lightdock_1PPE_E_1PPE_I_demo	lightdock_1PPE_E_1PPE_I_pose_049	/demo/lightdock/1PPE_E_vs_1PPE_I/lightdock_1PPE_E_1PPE_I_pose_049.pdb	
LightDock	luciferin_score	-2.9531380367369167	1PPE_E	1PPE_I	lightdock_1PPE_E_1PPE_I_demo	lightdock_1PPE_E_1PPE_I_pose_050	/demo/lightdock/1PPE_E_vs_1PPE_I/lightdock_1PPE_E_1PPE_I_pose_050.pdb	
Rosetta	total_score	-143.39352002048838	1PPE_E	1PPE_I	rosetta_1PPE_E_1PPE_I_demo	rosetta_1PPE_E_1PPE_I_pose_001	/demo/rosetta/1PPE_E_vs_1PPE_I/rosetta_1PPE_E_1PPE_I_pose_001.pdb	
Rosetta	total_score	-104.90276215051914	1PPE_E	1PPE_I	rosetta_1PPE_E_1PPE_I_demo	rosetta_1PPE_E_1PPE_I_pose_002	/demo/rosetta/1PPE_E_vs_1PPE_I/rosetta_1PPE_E_1PPE_I_pose_002.pdb	
Rosetta	total_score	-125.89137509323223	1PPE_E	1PPE_I	rosetta_1PPE_E_1PPE_I_demo	rosetta_1PPE_E_1PPE_I_pose_003	/demo/rosetta/1PPE_E_vs_1PPE_I/rosetta_1PPE_E_1PPE_I_pose_003.pdb	
Rosetta	total_score	-170.32190391545532	1PPE_E	1PPE_I	rosetta_1PPE_E_1PPE_I_demo	rosetta_1PPE_E_1PPE_I_pose_004	/demo/rosetta/1PPE_E_vs_1PPE_I/rosetta_1PPE_E_1PPE_I_pose_004.pdb	
Rosetta	total_score	-162.56339083971625	1PPE_E	1PPE_I	rosetta_1PPE_E_1PPE_I_demo	rosetta_1PPE_E_1PPE_I_pose_005	/demo/rosetta/1PPE_E_vs_1PPE_I/rosetta_1PPE_E_1PPE_I_pose_005.pdb	
Rosetta	total_score	-140.36235223037372	1PPE_E	1PPE_I	rosetta_1PPE_E_1PPE_I_demo	rosetta_1PPE_E_1PPE_I_pose_006	/demo/rosetta/1PPE_E_vs_1PPE_I/rosetta_1PPE_E_1PPE_I_pose_006.pdb	
Rosetta	total_score	-109.37553542814837	1PPE_E	1PPE_I	rosetta_1PPE_E_1PPE_I_demo	rosetta_1PPE_E_1PPE_I_pose_007	/demo/rosetta/1PPE_E_vs_1PPE_I/rosetta_1PPE_E_1PPE_I_pose_007.pdb	
Rosetta	total_score	-117.72400869319407	1PPE_E	1PPE_I	rosetta_1PPE_E_1PPE_I_demo	rosetta_1PPE_E_1PPE_I_pose_008	/demo/rosetta/1PPE_E_vs_1PPE_I/rosetta_1PPE_E_1PPE_I_pose_008.pdb	
Rosetta	total_score	-116.31266585648672	1PPE_E	1PPE_I	rosetta_1PPE_E_1PPE_I_demo	rosetta_1PPE_E_1PPE_I_pose_009	/demo/rosetta/1PPE_E_vs_1PPE_I/rosetta_1PPE_E_1PPE_I_pose_009.pdb	
Rosetta	total_score	-80.98113034626616	1PPE_E	1PPE_I	rosetta_1PPE_E_1PPE_I_demo	rosetta_1PPE_E_1PPE_I_pose_010	/demo/rosetta/1PPE_E_vs_1PPE_I/rosetta_1PPE_E_1PPE_I_pose_010.pdb	
Rosetta	total_score	-145.38179229719626	1PPE_E	1PPE_I	rosetta_1PPE_E_1PPE_I_demo	rosetta_1PPE_E_1PPE_I_pose_011	/demo/rosetta/1PPE_E_vs_1PPE_I/rosetta_1PPE_E_1PPE_I_pose_011.pdb	
Rosetta	total_score	-120.54866708367447	1PPE_E	1PPE_I	rosetta_1PPE_E_1PPE_I_demo	rosetta_1PPE_E_1PPE_I_pose_012	/demo/rosetta/1PPE_E_vs_1PPE_I/rosetta_1PPE_E_1PPE_I_pose_012.pdb	
Rosetta	total_score	-113.91128954372368	1PPE_E	1PPE_I	rosetta_1PPE_E_1PPE_I_demo	rosetta_1PPE_E_1PPE_I_pose_013	/demo/rosetta/1PPE_E_vs_1PPE_I/rosetta_1PPE_E_1PPE_I_pose_013.pdb	
Rosetta	total_score	-134.7254623307667	1PPE_E	1PPE_I	rosetta_1PPE_E_1PPE_I_demo	rosetta_1PPE_E_1PPE_I_pose_014	/demo/rosetta/1PPE_E_vs_1PPE_I/rosetta_1PPE_E_1PPE_I_pose_014.pdb	
Rosetta	total_score	-119.43346509834119	1PPE_E	1PPE_I	rosetta_1PPE_E_1PPE_I_demo	rosetta_1PPE_E_1PPE_I_pose_015	/demo/rosetta/1PPE_E_vs_1PPE_I/rosetta_1PPE_E_1PPE_I_pose_015.pdb	
Rosetta	total_score	-151.9989866816869	1PPE_E	1PPE_I	rosetta_1PPE_E_1PPE_I_demo	rosetta_1PPE_E_1PPE_I_pose_016	/demo/rosetta/1PPE_E_vs_1PPE_I/rosetta_1PPE_E_1PPE_I_pose_016.pdb	
Rosetta	total_score	-91.80187565449944	1PPE_E	1PPE_I	rosetta_1PPE_E_1PPE_I_demo	rosetta_1PPE_E_1PPE_I_pose_017	/demo/rosetta/1PPE_E_vs_1PPE_I/rosetta_1PPE_E_1PPE_I_pose_017.pdb	
Rosetta	total_score	-133.63229105060867	1PPE_E	1PPE_I	rosetta_1PPE_E_1PPE_I_demo	rosetta_1PPE_E_1PPE_I_pose_018	/demo/rosetta/1PPE_E_vs_1PPE_I/rosetta_1PPE_E_1PPE_I_pose_018.pdb	
Rosetta	total_score	-79.37199670442993	1PPE_E	1PPE_I	rosetta_1PPE_E_1PPE_I_demo	rosetta_1PPE_E_1PPE_I_pose_019	/demo/rosetta/1PPE_E_vs_1PPE_I/rosetta_1PPE_E_1PPE_I_pose_019.pdb	
Rosetta	total_score	-120.6494864783491	1PPE_E	1PPE_I	rosetta_1PPE_E_1PPE_I_demo	rosetta_1PPE_E_1PPE_I_pose_020	/demo/rosetta/1PPE_E_vs_1PPE_I/rosetta_1PPE_E_1PPE_I_pose_020.pdb	
Rosetta	total_score	-99.43892869201633	1PPE_E	1PPE_I	rosetta_1PPE_E_1PPE_I_demo	rosetta_1PPE_E_1PPE_I_pose_021	/demo/rosetta/1PPE_E_vs_1PPE_I/rosetta_1PPE_E_1PPE_I_pose_021.pdb	
Rosetta	total_score	-121.06605737982309	1PPE_E	1PPE_I	rosetta_1PPE_E_1PPE_I_demo	rosetta_1PPE_E_1PPE_I_pose_022	/demo/rosetta/1PPE_E_vs_1PPE_I/rosetta_1PPE_E_1PPE_I_pose_022.pdb	
Rosetta	total_score	-120.6148766452106	1PPE_E	1PPE_I	rosetta_1PPE_E_1PPE_I_demo	rosetta_1PPE_E_1PPE_I_pose_023	/demo/rosetta/1PPE_E_vs_1PPE_I/rosetta_1PPE_E_1PPE_I_pose_023.pdb	
Rosetta	total_score	-131.68058666444017	1PPE_E	1PPE_I	rosetta_1PPE_E_1PPE_I_demo	rosetta_1PPE_E_1PPE_I_pose_024	/demo/rosetta/1PPE_E_vs_1PPE_I/rosetta_1PPE_E_1PPE_I_pose_024.pdb	
Rosetta	total_score	-117.61752141267445	1PPE_E	1PPE_I	rosetta_1PPE_E_1PPE_I_demo	rosetta_1PPE_E_1PPE_I_pose_025	/demo/rosetta/1PPE_E_vs_1PPE_I/rosetta_1PPE_E_1PPE_I_pose_025.pdb	
Rosetta	total_score	-113.64002611171905	1PPE_E	1PPE_I	rosetta_1PPE_E_1PPE_I_demo	rosetta_1PPE_E_1PPE_I_pose_026	/demo/rosetta/1PPE_E_vs_1PPE_I/rosetta_1PPE_E_1PPE_I_pose_026.pdb	
Rosetta	total_score	-135.6851701783036	1PPE_E	1PPE_I	rosetta_1PPE_E_1PPE_I_demo	rosetta_1PPE_E_1PPE_I_pose_027	/demo/rosetta/1PPE_E_vs_1PPE_I/rosetta_1PPE_E_1PPE_I_pose_027.pdb	
Rosetta	total_score	-122.50088831719768	1PPE_E	1PPE_I	rosetta_1PPE_E_1PPE_I_demo	rosetta_1PPE_E_1PPE_I_pose_028	/demo/rosetta/1PPE_E_vs_1PPE_I/rosetta_1PPE_E_1PPE_I_pose_028.pdb	
Rosetta	total_score	-132.20197732114227	1PPE_E	1PPE_I	rosetta_1PPE_E_1PPE_I_demo	rosetta_1PPE_E_1PPE_I_pose_029	/demo/rosetta/1PPE_E_vs_1PPE_I/rosetta_1PPE_E_1PPE_I_pose_029.pdb	
Rosetta	total_score	-74.00671860770322	1PPE_E	1PPE_I	rosetta_1PPE_E_1PPE_I_demo	rosetta_1PPE_E_1PPE_I_pose_030	/demo/rosetta/1PPE_E_vs_1PPE_I/rosetta_1PPE_E_1PPE_I_pose_030.pdb	
Rosetta	total_score	-121.79461539823237	1PPE_E	1PPE_I	rosetta_1PPE_E_1PPE_I_demo	rosetta_1PPE_E_1PPE_I_pose_031	/demo/rosetta/1PPE_E_vs_1PPE_I/rosetta_1PPE_E_1PPE_I_pose_031.pdb	
Rosetta	total_score	-89.0953569660688	1PPE_E	1PPE_I	rosetta_1PPE_E_1PPE_I_demo	rosetta_1PPE_E_1PPE_I_pose_032	/demo/rosetta/1PPE_E_vs_1PPE_I/rosetta_1PPE_E_1PPE_I_pose_032.pdb	
Rosetta	total_score	-123.91244661615377	1PPE_E	1PPE_I	rosetta_1PPE_E_1PPE_I_demo	rosetta_1PPE_E_1PPE_I_pose_033	/demo/rosetta/1PPE_E_vs_1PPE_I/rosetta_1PPE_E_1PPE_I_pose_033.pdb	
Rosetta	total_score	-114.81424716930184	1PPE_E	1PPE_I	rosetta_1PPE_E_1PPE_I_demo	rosetta_1PPE_E_1PPE_I_pose_034	/demo/rosetta/1PPE_E_vs_1PPE_I/rosetta_1PPE_E_1PPE_I_pose_034.pdb	
Rosetta	total_score	-146.42728143290537	1PPE_E	1PPE_I	rosetta_1PPE_E_1PPE_I_demo	rosetta_1PPE_E_1PPE_I_pose_035	/demo/rosetta/1PPE_E_vs_1PPE_I/rosetta_1PPE_E_1PPE_I_pose_035.pdb	
Rosetta	total_score	-128.9414518373573	1PPE_E	1PPE_I	rosetta_1PPE_E_1PPE_I_demo	rosetta_1PPE_E_1PPE_I_pose_036	/demo/rosetta/1PPE_E_vs_1PPE_I/rosetta_1PPE_E_1PPE_I_pose_036.pdb	
Rosetta	total_score	-115.78930658421507	1PPE_E	1PPE_I	rosetta_1PPE_E_1PPE_I_demo	rosetta_1PPE_E_1PPE_I_pose_037	/demo/rosetta/1PPE_E_vs_1PPE_I/rosetta_1PPE_E_1PPE_I_pose_037.pdb	
Rosetta	total_score	-88.27992338080267	1PPE_E	1PPE_I	rosetta_1PPE_E_1PPE_I_demo	rosetta_1PPE_E_1PPE_I_pose_038	/demo/rosetta/1PPE_E_vs_1PPE_I/rosetta_1PPE_E_1PPE_I_pose_038.pdb	
Rosetta	total_score	-115.56034444647457	1PPE_E	1PPE_I	rosetta_1PPE_E_1PPE_I_demo	rosetta_1PPE_E_1PPE_I_pose_039	/demo/rosetta/1PPE_E_vs_1PPE_I/rosetta_1PPE_E_1PPE_I_pose_039.pdb	
Rosetta	total_score	-92.32559277614001	1PPE_E	1PPE_I	rosetta_1PPE_E_1PPE_I_demo	rosetta_1PPE_E_1PPE_I_pose_040	/demo/rosetta/1PPE_E_vs_1PPE_I/rosetta_1PPE_E_1PPE_I_pose_040.pdb	
Rosetta	total_score	-107.18541779594159	1PPE_E	1PPE_I	rosetta_1PPE_E_1PPE_I_demo	rosetta_1PPE_E_1PPE_I_pose_041	/demo/rosetta/1PPE_E_vs_1PPE_I/rosetta_1PPE_E_1PPE_I_pose_041.pdb	
Rosetta	total_score	-87.45197321070629	1PPE_E	1PPE_I	rosetta_1PPE_E_1PPE_I_demo	rosetta_1PPE_E_1PPE_I_pose_042	/demo/rosetta/1PPE_E_vs_1PPE_I/rosetta_1PPE_E_1PPE_I_pose_042.pdb	
Rosetta	total_score	-121.18084434610111	1PPE_E	1PPE_I	rosetta_1PPE_E_1PPE_I_demo	rosetta_1PPE_E_1PPE_I_pose_043	/demo/rosetta/1PPE_E_vs_1PPE_I/rosetta_1PPE_E_1PPE_I_pose_043.pdb	
Rosetta	total_score	-72.19554578696392	1PPE_E	1PPE_I	rosetta_1PPE_E_1PPE_I_demo	rosetta_1PPE_E_1PPE_I_pose_044	/demo/rosetta/1PPE_E_vs_1PPE_I/rosetta_1PPE_E_1PPE_I_pose_044.pdb	
Rosetta	total_score	-129.70792405828246	1PPE_E	1PPE_I	rosetta_1PPE_E_1PPE_I_demo	rosetta_1PPE_E_1PPE_I_pose_045	/demo/rosetta/1PPE_E_vs_1PPE_I/rosetta_1PPE_E_1PPE_I_pose_045.pdb	
Rosetta	total_score	-135.32923668395338	1PPE_E	1PPE_I	rosetta_1PPE_E_1PPE_I_demo	rosetta_1PPE_E_1PPE_I_pose_046	/demo/rosetta/1PPE_E_vs_1PPE_I/rosetta_1PPE_E_1PPE_I_pose_046.pdb	
Rosetta	total_score	-144.2010569937807	1PPE_E	1PPE_I	rosetta_1PPE_E_1PPE_I_demo	rosetta_1PPE_E_1PPE_I_pose_047	/demo/rosetta/1PPE_E_vs_1PPE_I/rosetta_1PPE_E_1PPE_I_pose_047.pdb	
Rosetta	total_score	-73.3795065688386	1PPE_E	1PPE_I	rosetta_1PPE_E_1PPE_I_demo	rosetta_1PPE_E_1PPE_I_pose_048	/demo/rosetta/1PPE_E_vs_1PPE_I/rosetta_1PPE_E_1PPE_I_pose_048.pdb	
Rosetta	total_score	-103.61104854764204	1PPE_E	1PPE_I	rosetta_1PPE_E_1PPE_I_demo	rosetta_1PPE_E_1PPE_I_pose_049	/demo/rosetta/1PPE_E_vs_1PPE_I/rosetta_1PPE_E_1PPE_I_pose_049.pdb	
Rosetta	total_score	-126.68241466760617	1PPE_E	1PPE_I	rosetta_1PPE_E_1PPE_I_demo	rosetta_1PPE_E_1PPE_I_pose_050	/demo/rosetta/1PPE_E_vs_1PPE_I/rosetta_1PPE_E_1PPE_I_pose_050.pdb	
HADDOCK	dockq	0.6748240854372292	bind_rec_00	bind_lig_00	haddock_bind_rec_00_bind_lig_00_demo	haddock_bind_rec_00_bind_lig_00_pose_001	/demo/haddock/bind_rec_00_vs_bind_lig_00/haddock_bind_rec_00_bind_lig_00_pose_001.pdb	interaction
HADDOCK	dockq	0.5737845933212008	bind_rec_01	bind_lig_01	haddock_bind_rec_01_bind_lig_01_demo	haddock_bind_rec_01_bind_lig_01_pose_002	/demo/haddock/bind_rec_01_vs_bind_lig_01/haddock_bind_rec_01_bind_lig_01_pose_002.pdb	interaction
HADDOCK	dockq	0.8039029448476063	bind_rec_02	bind_lig_02	haddock_bind_rec_02_bind_lig_02_demo	haddock_bind_rec_02_bind_lig_02_pose_003	/demo/haddock/bind_rec_02_vs_bind_lig_02/haddock_bind_rec_02_bind_lig_02_pose_003.pdb	interaction
HADDOCK	dockq	0.171390090106816	bind_rec_03	bind_lig_03	haddock_bind_rec_03_bind_lig_03_demo	haddock_bind_rec_03_bind_lig_03_pose_004	/demo/haddock/bind_rec_03_vs_bind_lig_03/haddock_bind_rec_03_bind_lig_03_pose_004.pdb	interaction
HADDOCK	dockq	0.4022351805034342	bind_rec_04	bind_lig_04	haddock_bind_rec_04_bind_lig_04_demo	haddock_bind_rec_04_bind_lig_04_pose_005	/demo/haddock/bind_rec_04_vs_bind_lig_04/haddock_bind_rec_04_bind_lig_04_pose_005.pdb	interaction
HADDOCK	dockq	0.36674615089029144	bind_rec_05	bind_lig_05	haddock_bind_rec_05_bind_lig_05_demo	haddock_bind_rec_05_bind_lig_05_pose_006	/demo/haddock/bind_rec_05_vs_bind_lig_05/haddock_bind_rec_05_bind_lig_05_pose_006.pdb	interaction
HADDOCK	dockq	0.09473711824645176	bind_rec_06	bind_lig_06	haddock_bind_rec_06_bind_lig_06_demo	haddock_bind_rec_06_bind_lig_06_pose_007	/demo/haddock/bind_rec_06_vs_bind_lig_06/haddock_bind_rec_06_bind_lig_06_pose_007.pdb	interaction
HADDOCK	dockq	0.6408588968603449	bind_rec_07	bind_lig_07	haddock_bind_rec_07_bind_lig_07_demo	haddock_bind_rec_07_bind_lig_07_pose_008	/demo/haddock/bind_rec_07_vs_bind_lig_07/haddock_bind_rec_07_bind_lig_07_pose_008.pdb	interaction
HADDOCK	dockq	0.4013286199553955	bind_rec_08	bind_lig_08	haddock_bind_rec_08_bind_lig_08_demo	haddock_bind_rec_08_bind_lig_08_pose_009	/demo/haddock/bind_rec_08_vs_bind_lig_08/haddock_bind_rec_08_bind_lig_08_pose_009.pdb	interaction
HADDOCK	dockq	0.5831336168975811	bind_rec_09	bind_lig_09	haddock_bind_rec_09_bind_lig_09_demo	haddock_bind_rec_09_bind_lig_09_pose_010	/demo/haddock/bind_rec_09_vs_bind_lig_09/haddock_bind_rec_09_bind_lig_09_pose_010.pdb	interaction
HADDOCK	dockq	0.8747589481793301	bind_rec_10	bind_lig_10	haddock_bind_rec_10_bind_lig_10_demo	haddock_bind_rec_10_bind_lig_10_pose_011	/demo/haddock/bind_rec_10_vs_bind_lig_10/haddock_bind_rec_10_bind_lig_10_pose_011.pdb	interaction
HADDOCK	dockq	0.38641613547103054	bind_rec_11	bind_lig_11	haddock_bind_rec_11_bind_lig_11_demo	haddock_bind_rec_11_bind_lig_11_pose_012	/demo/haddock/bind_rec_11_vs_bind_lig_11/haddock_bind_rec_11_bind_lig_11_pose_012.pdb	interaction
HADDOCK	dockq	0.37419246312171206	bind_rec_12	bind_lig_12	haddock_bind_rec_12_bind_lig_12_demo	haddock_bind_rec_12_bind_lig_12_pose_013	/demo/haddock/bind_rec_12_vs_bind_lig_12/haddock_bind_rec_12_bind_lig_12_pose_013.pdb	interaction
HADDOCK	dockq	0.4713595505503193	bind_rec_13	bind_lig_13	haddock_bind_rec_13_bind_lig_13_demo	haddock_bind_rec_13_bind_lig_13_pose_014	/demo/haddock/bind_rec_13_vs_bind_lig_13/haddock_bind_rec_13_bind_lig_13_pose_014.pdb	interaction
HADDOCK	dockq	0.6277045235370138	bind_rec_14	bind_lig_14	haddock_bind_rec_14_bind_lig_14_demo	haddock_bind_rec_14_bind_lig_14_pose_015	/demo/haddock/bind_rec_14_vs_bind_lig_14/haddock_bind_rec_14_bind_lig_14_pose_015.pdb	interaction
HADDOCK	dockq	0.34799165544417304	bind_rec_15	bind_lig_15	haddock_bind_rec_15_bind_lig_15_demo	haddock_bind_rec_15_bind_lig_15_pose_016	/demo/haddock/bind_rec_15_vs_bind_lig_15/haddock_bind_rec_15_bind_lig_15_pose_016.pdb	interaction
HADDOCK	dockq	0.3364269125162165	bind_rec_16	bind_lig_16	haddock_bind_rec_16_bind_lig_16_demo	haddock_bind_rec_16_bind_lig_16_pose_017	/demo/haddock/bind_rec_16_vs_bind_lig_16/haddock_bind_rec_16_bind_lig_16_pose_017.pdb	interaction
HADDOCK	dockq	0.6402940686434458	bind_rec_17	bind_lig_17	haddock_bind_rec_17_bind_lig_17_demo	haddock_bind_rec_17_bind_lig_17_pose_018	/demo/haddock/bind_rec_17_vs_bind_lig_17/haddock_bind_rec_17_bind_lig_17_pose_018.pdb	interaction
HADDOCK	dockq	0.5181550782908464	bind_rec_18	bind_lig_18	haddock_bind_rec_18_bind_lig_18_demo	haddock_bind_rec_18_bind_lig_18_pose_019	/demo/haddock/bind_rec_18_vs_bind_lig_18/haddock_bind_rec_18_bind_lig_18_pose_019.pdb	interaction
HADDOCK	dockq	0.08194891265913229	bind_rec_19	bind_lig_19	haddock_bind_rec_19_bind_lig_19_demo	haddock_bind_rec_19_bind_lig_19_pose_020	/demo/haddock/bind_rec_19_vs_bind_lig_19/haddock_bind_rec_19_bind_lig_19_pose_020.pdb	interaction
HADDOCK	dockq	0.22942947609556055	bind_rec_20	bind_lig_20	haddock_bind_rec_20_bind_lig_20_demo	haddock_bind_rec_20_bind_lig_20_pose_021	/demo/haddock/bind_rec_20_vs_bind_lig_20/haddock_bind_rec_20_bind_lig_20_pose_021.pdb	interaction
HADDOCK	dockq	0.7202224554888979	bind_rec_21	bind_lig_21	haddock_bind_rec_21_bind_lig_21_demo	haddock_bind_rec_21_bind_lig_21_pose_022	/demo/haddock/bind_rec_21_vs_bind_lig_21/haddock_bind_rec_21_bind_lig_21_pose_022.pdb	interaction
HADDOCK	dockq	0.5223470909541863	bind_rec_22	bind_lig_22	haddock_bind_rec_22_bind_lig_22_demo	haddock_bind_rec_22_bind_lig_22_pose_023	/demo/haddock/bind_rec_22_vs_bind_lig_22/haddock_bind_rec_22_bind_lig_22_pose_023.pdb	interaction
HADDOCK	dockq	0.3128047324132952	bind_rec_23	bind_lig_23	haddock_bind_rec_23_bind_lig_23_demo	haddock_bind_rec_23_bind_lig_23_pose_024	/demo/haddock/bind_rec_23_vs_bind_lig_23/haddock_bind_rec_23_bind_lig_23_pose_024.pdb	interaction
HADDOCK	dockq	0.4193262616977032	bind_rec_24	bind_lig_24	haddock_bind_rec_24_bind_lig_24_demo	haddock_bind_rec_24_bind_lig_24_pose_025	/demo/haddock/bind_rec_24_vs_bind_lig_24/haddock_bind_rec_24_bind_lig_24_pose_025.pdb	interaction
HADDOCK	dockq	0.4523826011043007	bind_rec_25	bind_lig_25	haddock_bind_rec_25_bind_lig_25_demo	haddock_bind_rec_25_bind_lig_25_pose_026	/demo/haddock/bind_rec_25_vs_bind_lig_25/haddock_bind_rec_25_bind_lig_25_pose_026.pdb	interaction
HADDOCK	dockq	0.5824320048504295	bind_rec_26	bind_lig_26	haddock_bind_rec_26_bind_lig_26_demo	haddock_bind_rec_26_bind_lig_26_pose_027	/demo/haddock/bind_rec_26_vs_bind_lig_26/haddock_bind_rec_26_bind_lig_26_pose_027.pdb	interaction
HADDOCK	dockq	0.20551258892541793	bind_rec_27	bind_lig_27	haddock_bind_rec_27_bind_lig_27_demo	haddock_bind_rec_27_bind_lig_27_pose_028	/demo/haddock/bind_rec_27_vs_bind_lig_27/haddock_bind_rec_27_bind_lig_27_pose_028.pdb	interaction
HADDOCK	dockq	0.29862915503931753	bind_rec_28	bind_lig_28	haddock_bind_rec_28_bind_lig_28_demo	haddock_bind_rec_28_bind_lig_28_pose_029	/demo/haddock/bind_rec_28_vs_bind_lig_28/haddock_bind_rec_28_bind_lig_28_pose_029.pdb	interaction
HADDOCK	dockq	0.49913203587541	bind_rec_29	bind_lig_29	haddock_bind_rec_29_bind_lig_29_demo	haddock_bind_rec_29_bind_lig_29_pose_030	/demo/haddock/bind_rec_29_vs_bind_lig_29/haddock_bind_rec_29_bind_lig_29_pose_030.pdb	interaction
HADDOCK	dockq	0.43202977551081895	bind_rec_30	bind_lig_30	haddock_bind_rec_30_bind_lig_30_demo	haddock_bind_rec_30_bind_lig_30_pose_031	/demo/haddock/bind_rec_30_vs_bind_lig_30/haddock_bind_rec_30_bind_lig_30_pose_031.pdb	interaction
HADDOCK	dockq	0.5529346528746077	bind_rec_31	bind_lig_31	haddock_bind_rec_31_bind_lig_31_demo	haddock_bind_rec_31_bind_lig_31_pose_032	/demo/haddock/bind_rec_31_vs_bind_lig_31/haddock_bind_rec_31_bind_lig_31_pose_032.pdb	interaction
HADDOCK	dockq	0.22868866847527242	bind_rec_32	bind_lig_32	haddock_bind_rec_32_bind_lig_32_demo	haddock_bind_rec_32_bind_lig_32_pose_033	/demo/haddock/bind_rec_32_vs_bind_lig_32/haddock_bind_rec_32_bind_lig_32_pose_033.pdb	interaction
HADDOCK	dockq	0.5142831617288378	bind_rec_33	bind_lig_33	haddock_bind_rec_33_bind_lig_33_demo	haddock_bind_rec_33_bind_lig_33_pose_034	/demo/haddock/bind_rec_33_vs_bind_lig_33/haddock_bind_rec_33_bind_lig_33_pose_034.pdb	interaction
HADDOCK	dockq	0.646485051487945	bind_rec_34	bind_lig_34	haddock_bind_rec_34_bind_lig_34_demo	haddock_bind_rec_34_bind_lig_34_pose_035	/demo/haddock/bind_rec_34_vs_bind_lig_34/haddock_bind_rec_34_bind_lig_34_pose_035.pdb	interaction
HADDOCK	dockq	0.537627338486871	bind_rec_35	bind_lig_35	haddock_bind_rec_35_bind_lig_35_demo	haddock_bind_rec_35_bind_lig_35_pose_036	/demo/haddock/bind_rec_35_vs_bind_lig_35/haddock_bind_rec_35_bind_lig_35_pose_036.pdb	interaction
HADDOCK	dockq	0.47504011315708655	bind_rec_36	bind_lig_36	haddock_bind_rec_36_bind_lig_36_demo	haddock_bind_rec_36_bind_lig_36_pose_037	/demo/haddock/bind_rec_36_vs_bind_lig_36/haddock_bind_rec_36_bind_lig_36_pose_037.pdb	interaction
HADDOCK	dockq	0.43274095153812525	bind_rec_37	bind_lig_37	haddock_bind_rec_37_bind_lig_37_demo	haddock_bind_rec_37_bind_lig_37_pose_038	/demo/haddock/bind_rec_37_vs_bind_lig_37/haddock_bind_rec_37_bind_lig_37_pose_038.pdb	interaction
HADDOCK	dockq	0.29972679250112966	bind_rec_38	bind_lig_38	haddock_bind_rec_38_bind_lig_38_demo	haddock_bind_rec_38_bind_lig_38_pose_039	/demo/haddock/bind_rec_38_vs_bind_lig_38/haddock_bind_rec_38_bind_lig_38_pose_039.pdb	interaction
HADDOCK	dockq	0.43704025336083807	bind_rec_39	bind_lig_39	haddock_bind_rec_39_bind_lig_39_demo	haddock_bind_rec_39_bind_lig_39_pose_040	/demo/haddock/bind_rec_39_vs_bind_lig_39/haddock_bind_rec_39_bind_lig_39_pose_040.pdb	interaction
HADDOCK	dockq	0.6767470535184731	bind_rec_40	bind_lig_40	haddock_bind_rec_40_bind_lig_40_demo	haddock_bind_rec_40_bind_lig_40_pose_041	/demo/haddock/bind_rec_40_vs_bind_lig_40/haddock_bind_rec_40_bind_lig_40_pose_041.pdb	interaction
HADDOCK	dockq	0.4285748688119775	bind_rec_41	bind_lig_41	haddock_bind_rec_41_bind_lig_41_demo	haddock_bind_rec_41_bind_lig_41_pose_042	/demo/haddock/bind_rec_41_vs_bind_lig_41/haddock_bind_rec_41_bind_lig_41_pose_042.pdb	interaction
HADDOCK	dockq	0.2898352819172862	bind_rec_42	bind_lig_42	haddock_bind_rec_42_bind_lig_42_demo	haddock_bind_rec_42_bind_lig_42_pose_043	/demo/haddock/bind_rec_42_vs_bind_lig_42/haddock_bind_rec_42_bind_lig_42_pose_043.pdb	interaction
HADDOCK	dockq	0.36139552402223046	bind_rec_43	bind_lig_43	haddock_bind_rec_43_bind_lig_43_demo	haddock_bind_rec_43_bind_lig_43_pose_044	/demo/haddock/bind_rec_43_vs_bind_lig_43/haddock_bind_rec_43_bind_lig_43_pose_044.pdb	interaction
HADDOCK	dockq	0.4861530535096674	bind_rec_44	bind_lig_44	haddock_bind_rec_44_bind_lig_44_demo	haddock_bind_rec_44_bind_lig_44_pose_045	/demo/haddock/bind_rec_44_vs_bind_lig_44/haddock_bind_rec_44_bind_lig_44_pose_045.pdb	interaction
HADDOCK	dockq	0.3827674805074476	bind_rec_45	bind_lig_45	haddock_bind_rec_45_bind_lig_45_demo	haddock_bind_rec_45_bind_lig_45_pose_046	/demo/haddock/bind_rec_45_vs_bind_lig_45/haddock_bind_rec_45_bind_lig_45_pose_046.pdb	interaction
HADDOCK	dockq	0.5373545909513653	bind_rec_46	bind_lig_46	haddock_bind_rec_46_bind_lig_46_demo	haddock_bind_rec_46_bind_lig_46_pose_047	/demo/haddock/bind_rec_46_vs_bind_lig_46/haddock_bind_rec_46_bind_lig_46_pose_047.pdb	interaction
HADDOCK	dockq	0.5441118769348254	bind_rec_47	bind_lig_47	haddock_bind_rec_47_bind_lig_47_demo	haddock_bind_rec_47_bind_lig_47_pose_048	/demo/haddock/bind_rec_47_vs_bind_lig_47/haddock_bind_rec_47_bind_lig_47_pose_048.pdb	interaction
HADDOCK	dockq	0.6100169724728367	bind_rec_48	bind_lig_48	haddock_bind_rec_48_bind_lig_48_demo	haddock_bind_rec_48_bind_lig_48_pose_049	/demo/haddock/bind_rec_48_vs_bind_lig_48/haddock_bind_rec_48_bind_lig_48_pose_049.pdb	interaction
HADDOCK	dockq	0.706240705007706	bind_rec_49	bind_lig_49	haddock_bind_rec_49_bind_lig_49_demo	haddock_bind_rec_49_bind_lig_49_pose_050	/demo/haddock/bind_rec_49_vs_bind_lig_49/haddock_bind_rec_49_bind_lig_49_pose_050.pdb	interaction
HADDOCK	dockq	0.43933739589957777	decoy_rec_00	decoy_lig_00	haddock_decoy_rec_00_decoy_lig_00_demo	haddock_decoy_rec_00_decoy_lig_00_pose_001	/demo/haddock/decoy_rec_00_vs_decoy_lig_00/haddock_decoy_rec_00_decoy_lig_00_pose_001.pdb	non-interaction
HADDOCK	dockq	0.13052174973632644	decoy_rec_01	decoy_lig_01	haddock_decoy_rec_01_decoy_lig_01_demo	haddock_decoy_rec_01_decoy_lig_01_pose_002	/demo/haddock/decoy_rec_01_vs_decoy_lig_01/haddock_decoy_rec_01_decoy_lig_01_pose_002.pdb	non-interaction
HADDOCK	dockq	0.13543448854779647	decoy_rec_02	decoy_lig_02	haddock_decoy_rec_02_decoy_lig_02_demo	haddock_decoy_rec_02_decoy_lig_02_pose_003	/demo/haddock/decoy_rec_02_vs_decoy_lig_02/haddock_decoy_rec_02_decoy_lig_02_pose_003.pdb	non-interaction
HADDOCK	dockq	0.2678765637664281	decoy_rec_03	decoy_lig_03	haddock_decoy_rec_03_decoy_lig_03_demo	haddock_decoy_rec_03_decoy_lig_03_pose_004	/demo/haddock/decoy_rec_03_vs_decoy_lig_03/haddock_decoy_rec_03_decoy_lig_03_pose_004.pdb	non-interaction
HADDOCK	dockq	0.2078119428416937	decoy_rec_04	decoy_lig_04	haddock_decoy_rec_04_decoy_lig_04_demo	haddock_decoy_rec_04_decoy_lig_04_pose_005	/demo/haddock/decoy_rec_04_vs_decoy_lig_04/haddock_decoy_rec_04_decoy_lig_04_pose_005.pdb	non-interaction
HADDOCK	dockq	0.09786772368624919	decoy_rec_05	decoy_lig_05	haddock_decoy_rec_05_decoy_lig_05_demo	haddock_decoy_rec_05_decoy_lig_05_pose_006	/demo/haddock/decoy_rec_05_vs_decoy_lig_05/haddock_decoy_rec_05_decoy_lig_05_pose_006.pdb	non-interaction
HADDOCK	dockq	0.20932931293232093	decoy_rec_06	decoy_lig_06	haddock_decoy_rec_06_decoy_lig_06_demo	haddock_decoy_rec_06_decoy_lig_06_pose_007	/demo/haddock/decoy_rec_06_vs_decoy_lig_06/haddock_decoy_rec_06_decoy_lig_06_pose_007.pdb	non-interaction
HADDOCK	dockq	0.20407793062095378	decoy_rec_07	decoy_lig_07	haddock_decoy_rec_07_decoy_lig_07_demo	haddock_decoy_rec_07_decoy_lig_07_pose_008	/demo/haddock/decoy_rec_07_vs_decoy_lig_07/haddock_decoy_rec_07_decoy_lig_07_pose_008.pdb	non-interaction
HADDOCK	dockq	0.1725043616382071	decoy_rec_08	decoy_lig_08	haddock_decoy_rec_08_decoy_lig_08_demo	haddock_decoy_rec_08_decoy_lig_08_pose_009	/demo/haddock/decoy_rec_08_vs_decoy_lig_08/haddock_decoy_rec_08_decoy_lig_08_pose_009.pdb	non-interaction
HADDOCK	dockq	0.22947368221519912	decoy_rec_09	decoy_lig_09	haddock_decoy_rec_09_decoy_lig_09_demo	haddock_decoy_rec_09_decoy_lig_09_pose_010	/demo/haddock/decoy_rec_09_vs_decoy_lig_09/haddock_decoy_rec_09_decoy_lig_09_pose_010.pdb	non-interaction
HADDOCK	dockq	0.46855213605093304	decoy_rec_10	decoy_lig_10	haddock_decoy_rec_10_decoy_lig_10_demo	haddock_decoy_rec_10_decoy_lig_10_pose_011	/demo/haddock/decoy_rec_10_vs_decoy_lig_10/haddock_decoy_rec_10_decoy_lig_10_pose_011.pdb	non-interaction
HADDOCK	dockq	0.3118780865998783	decoy_rec_11	decoy_lig_11	haddock_decoy_rec_11_decoy_lig_11_demo	haddock_decoy_rec_11_decoy_lig_11_pose_012	/demo/haddock/decoy_rec_11_vs_decoy_lig_11/haddock_decoy_rec_11_decoy_lig_11_pose_012.pdb	non-interaction
HADDOCK	dockq	0.6754894521688751	decoy_rec_12	decoy_lig_12	haddock_decoy_rec_12_decoy_lig_12_demo	haddock_decoy_rec_12_decoy_lig_12_pose_013	/demo/haddock/decoy_rec_12_vs_decoy_lig_12/haddock_decoy_rec_12_decoy_lig_12_pose_013.pdb	non-interaction
HADDOCK	dockq	0.30728130976314394	decoy_rec_13	decoy_lig_13	haddock_decoy_rec_13_decoy_lig_13_demo	haddock_decoy_rec_13_decoy_lig_13_pose_014	/demo/haddock/decoy_rec_13_vs_decoy_lig_13/haddock_decoy_rec_13_decoy_lig_13_pose_014.pdb	non-interaction
HADDOCK	dockq	0.23358947617003975	decoy_rec_14	decoy_lig_14	haddock_decoy_rec_14_decoy_lig_14_demo	haddock_decoy_rec_14_decoy_lig_14_pose_015	/demo/haddock/decoy_rec_14_vs_decoy_lig_14/haddock_decoy_rec_14_decoy_lig_14_pose_015.pdb	non-interaction
HADDOCK	dockq	0.2806612612247786	decoy_rec_15	decoy_lig_15	haddock_decoy_rec_15_decoy_lig_15_demo	haddock_decoy_rec_15_decoy_lig_15_pose_016	/demo/haddock/decoy_rec_15_vs_decoy_lig_15/haddock_decoy_rec_15_decoy_lig_15_pose_016.pdb	non-interaction
HADDOCK	dockq	0.32103871655096644	decoy_rec_16	decoy_lig_16	haddock_decoy_rec_16_decoy_lig_16_demo	haddock_decoy_rec_16_decoy_lig_16_pose_017	/demo/haddock/decoy_rec_16_vs_decoy_lig_16/haddock_decoy_rec_16_decoy_lig_16_pose_017.pdb	non-interaction
HADDOCK	dockq	0.3496406331473702	decoy_rec_17	decoy_lig_17	haddock_decoy_rec_17_decoy_lig_17_demo	haddock_decoy_rec_17_decoy_lig_17_pose_018	/demo/haddock/decoy_rec_17_vs_decoy_lig_17/haddock_decoy_rec_17_decoy_lig_17_pose_018.pdb	non-interaction
HADDOCK	dockq	0.6122738121374438	decoy_rec_18	decoy_lig_18	haddock_decoy_rec_18_decoy_lig_18_demo	haddock_decoy_rec_18_decoy_lig_18_pose_019	/demo/haddock/decoy_rec_18_vs_decoy_lig_18/haddock_decoy_rec_18_decoy_lig_18_pose_019.pdb	non-interaction
HADDOCK	dockq	0.14474872560358903	decoy_rec_19	decoy_lig_19	haddock_decoy_rec_19_decoy_lig_19_demo	haddock_decoy_rec_19_decoy_lig_19_pose_020	/demo/haddock/decoy_rec_19_vs_decoy_lig_19/haddock_decoy_rec_19_decoy_lig_19_pose_020.pdb	non-interaction
HADDOCK	dockq	0.41744736930843773	decoy_rec_20	decoy_lig_20	haddock_decoy_rec_20_decoy_lig_20_demo	haddock_decoy_rec_20_decoy_lig_20_pose_021	/demo/haddock/decoy_rec_20_vs_decoy_lig_20/haddock_decoy_rec_20_decoy_lig_20_pose_021.pdb	non-interaction
HADDOCK	dockq	0.31324009561825983	decoy_rec_21	decoy_lig_21	haddock_decoy_rec_21_decoy_lig_21_demo	haddock_decoy_rec_21_decoy_lig_21_pose_022	/demo/haddock/decoy_rec_21_vs_decoy_lig_21/haddock_decoy_rec_21_decoy_lig_21_pose_022.pdb	non-interaction
HADDOCK	dockq	0.02862436118870121	decoy_rec_22	decoy_lig_22	haddock_decoy_rec_22_decoy_lig_22_demo	haddock_decoy_rec_22_decoy_lig_22_pose_023	/demo/haddock/decoy_rec_22_vs_decoy_lig_22/haddock_decoy_rec_22_decoy_lig_22_pose_023.pdb	non-interaction
HADDOCK	dockq	0.4033118051351622	decoy_rec_23	decoy_lig_23	haddock_decoy_rec_23_decoy_lig_23_demo	haddock_decoy_rec_23_decoy_lig_23_pose_024	/demo/haddock/decoy_rec_23_vs_decoy_lig_23/haddock_decoy_rec_23_decoy_lig_23_pose_024.pdb	non-interaction
HADDOCK	dockq	0.48281976972862484	decoy_rec_24	decoy_lig_24	haddock_decoy_rec_24_decoy_lig_24_demo	haddock_decoy_rec_24_decoy_lig_24_pose_025	/demo/haddock/decoy_rec_24_vs_decoy_lig_24/haddock_decoy_rec_24_decoy_lig_24_pose_025.pdb	non-interaction
HADDOCK	dockq	0.14285177539561125	decoy_rec_25	decoy_lig_25	haddock_decoy_rec_25_decoy_lig_25_demo	haddock_decoy_rec_25_decoy_lig_25_pose_026	/demo/haddock/decoy_rec_25_vs_decoy_lig_25/haddock_decoy_rec_25_decoy_lig_25_pose_026.pdb	non-interaction
HADDOCK	dockq	0.2785705811372847	decoy_rec_26	decoy_lig_26	haddock_decoy_rec_26_decoy_lig_26_demo	haddock_decoy_rec_26_decoy_lig_26_pose_027	/demo/haddock/decoy_rec_26_vs_decoy_lig_26/haddock_decoy_rec_26_decoy_lig_26_pose_027.pdb	non-interaction
HADDOCK	dockq	0.003943318078767466	decoy_rec_27	decoy_lig_27	haddock_decoy_rec_27_decoy_lig_27_demo	haddock_decoy_rec_27_decoy_lig_27_pose_028	/demo/haddock/decoy_rec_27_vs_decoy_lig_27/haddock_decoy_rec_27_decoy_lig_27_pose_028.pdb	non-interaction
HADDOCK	dockq	0.0785909664505062	decoy_rec_28	decoy_lig_28	haddock_decoy_rec_28_decoy_lig_28_demo	haddock_decoy_rec_28_decoy_lig_28_pose_029	/demo/haddock/decoy_rec_28_vs_decoy_lig_28/haddock_decoy_rec_28_decoy_lig_28_pose_029.pdb	non-interaction
HADDOCK	dockq	0.44768473241876044	decoy_rec_29	decoy_lig_29	haddock_decoy_rec_29_decoy_lig_29_demo	haddock_decoy_rec_29_decoy_lig_29_pose_030	/demo/haddock/decoy_rec_29_vs_decoy_lig_29/haddock_decoy_rec_29_decoy_lig_29_pose_030.pdb	non-interaction
HADDOCK	dockq	0.2053733590388105	decoy_rec_30	decoy_lig_30	haddock_decoy_rec_30_decoy_lig_30_demo	haddock_decoy_rec_30_decoy_lig_30_pose_031	/demo/haddock/decoy_rec_30_vs_decoy_lig_30/haddock_decoy_rec_30_decoy_lig_30_pose_031.pdb	non-interaction
HADDOCK	dockq	0.10259152400991375	decoy_rec_31	decoy_lig_31	haddock_decoy_rec_31_decoy_lig_31_demo	haddock_decoy_rec_31_decoy_lig_31_pose_032	/demo/haddock/decoy_rec_31_vs_decoy_lig_31/haddock_decoy_rec_31_decoy_lig_31_pose_032.pdb	non-interaction
HADDOCK	dockq	0.3167136583133488	decoy_rec_32	decoy_lig_32	haddock_decoy_rec_32_decoy_lig_32_demo	haddock_decoy_rec_32_decoy_lig_32_pose_033	/demo/haddock/decoy_rec_32_vs_decoy_lig_32/haddock_decoy_rec_32_decoy_lig_32_pose_033.pdb	non-interaction
HADDOCK	dockq	0.1964140109710363	decoy_rec_33	decoy_lig_33	haddock_decoy_rec_33_decoy_lig_33_demo	haddock_decoy_rec_33_decoy_lig_33_pose_034	/demo/haddock/decoy_rec_33_vs_decoy_lig_33/haddock_decoy_rec_33_decoy_lig_33_pose_034.pdb	non-interaction
HADDOCK	dockq	0.20466853475591423	decoy_rec_34	decoy_lig_34	haddock_decoy_rec_34_decoy_lig_34_demo	haddock_decoy_rec_34_decoy_lig_34_pose_035	/demo/haddock/decoy_rec_34_vs_decoy_lig_34/haddock_decoy_rec_34_decoy_lig_34_pose_035.pdb	non-interaction
HADDOCK	dockq	0.3982921641079845	decoy_rec_35	decoy_lig_35	haddock_decoy_rec_35_decoy_lig_35_demo	haddock_decoy_rec_35_decoy_lig_35_pose_036	/demo/haddock/decoy_rec_35_vs_decoy_lig_35/haddock_decoy_rec_35_decoy_lig_35_pose_036.pdb	non-interaction
HADDOCK	dockq	0.09412266257050456	decoy_rec_36	decoy_lig_36	haddock_decoy_rec_36_decoy_lig_36_demo	haddock_decoy_rec_36_decoy_lig_36_pose_037	/demo/haddock/decoy_rec_36_vs_decoy_lig_36/haddock_decoy_rec_36_decoy_lig_36_pose_037.pdb	non-interaction
HADDOCK	dockq	0.13514156597090687	decoy_rec_37	decoy_lig_37	haddock_decoy_rec_37_decoy_lig_37_demo	haddock_decoy_rec_37_decoy_lig_37_pose_038	/demo/haddock/decoy_rec_37_vs_decoy_lig_37/haddock_decoy_rec_37_decoy_lig_37_pose_038.pdb	non-interaction
HADDOCK	dockq	0.304652798743819	decoy_rec_38	decoy_lig_38	haddock_decoy_rec_38_decoy_lig_38_demo	haddock_decoy_rec_38_decoy_lig_38_pose_039	/demo/haddock/decoy_rec_38_vs_decoy_lig_38/haddock_decoy_rec_38_decoy_lig_38_pose_039.pdb	non-interaction
HADDOCK	dockq	0.4351055665197129	decoy_rec_39	decoy_lig_39	haddock_decoy_rec_39_decoy_lig_39_demo	haddock_decoy_rec_39_decoy_lig_39_pose_040	/demo/haddock/decoy_rec_39_vs_decoy_lig_39/haddock_decoy_rec_39_decoy_lig_39_pose_040.pdb	non-interaction
HADDOCK	dockq	0.478105648238376	decoy_rec_40	decoy_lig_40	haddock_decoy_rec_40_decoy_lig_40_demo	haddock_decoy_rec_40_decoy_lig_40_pose_041	/demo/haddock/decoy_rec_40_vs_decoy_lig_40/haddock_decoy_rec_40_decoy_lig_40_pose_041.pdb	non-interaction
HADDOCK	dockq	0.17359012474214033	decoy_rec_41	decoy_lig_41	haddock_decoy_rec_41_decoy_lig_41_demo	haddock_decoy_rec_41_decoy_lig_41_pose_042	/demo/haddock/decoy_rec_41_vs_decoy_lig_41/haddock_decoy_rec_41_decoy_lig_41_pose_042.pdb	non-interaction
HADDOCK	dockq	0.4299803147071437	decoy_rec_42	decoy_lig_42	haddock_decoy_rec_42_decoy_lig_42_demo	haddock_decoy_rec_42_decoy_lig_42_pose_043	/demo/haddock/decoy_rec_42_vs_decoy_lig_42/haddock_decoy_rec_42_decoy_lig_42_pose_043.pdb	non-interaction
HADDOCK	dockq	0.1545372330447346	decoy_rec_43	decoy_lig_43	haddock_decoy_rec_43_decoy_lig_43_demo	haddock_decoy_rec_43_decoy_lig_43_pose_044	/demo/haddock/decoy_rec_43_vs_decoy_lig_43/haddock_decoy_rec_43_decoy_lig_43_pose_044.pdb	non-interaction
HADDOCK	dockq	0.572193495505088	decoy_rec_44	decoy_lig_44	haddock_decoy_rec_44_decoy_lig_44_demo	haddock_decoy_rec_44_decoy_lig_44_pose_045	/demo/haddock/decoy_rec_44_vs_decoy_lig_44/haddock_decoy_rec_44_decoy_lig_44_pose_045.pdb	non-interaction
HADDOCK	dockq	0.09859663593284348	decoy_rec_45	decoy_lig_45	haddock_decoy_rec_45_decoy_lig_45_demo	haddock_decoy_rec_45_decoy_lig_45_pose_046	/demo/haddock/decoy_rec_45_vs_decoy_lig_45/haddock_decoy_rec_45_decoy_lig_45_pose_046.pdb	non-interaction
HADDOCK	dockq	0.492556609726677	decoy_rec_46	decoy_lig_46	haddock_decoy_rec_46_decoy_lig_46_demo	haddock_decoy_rec_46_decoy_lig_46_pose_047	/demo/haddock/decoy_rec_46_vs_decoy_lig_46/haddock_decoy_rec_46_decoy_lig_46_pose_047.pdb	non-interaction
HADDOCK	dockq	0.1749622229090042	decoy_rec_47	decoy_lig_47	haddock_decoy_rec_47_decoy_lig_47_demo	haddock_decoy_rec_47_decoy_lig_47_pose_048	/demo/haddock/decoy_rec_47_vs_decoy_lig_47/haddock_decoy_rec_47_decoy_lig_47_pose_048.pdb	non-interaction
HADDOCK	dockq	0.6021194327671361	decoy_rec_48	decoy_lig_48	haddock_decoy_rec_48_decoy_lig_48_demo	haddock_decoy_rec_48_decoy_lig_48_pose_049	/demo/haddock/decoy_rec_48_vs_decoy_lig_48/haddock_decoy_rec_48_decoy_lig_48_pose_049.pdb	non-interaction
HADDOCK	dockq	0.3746113166163975	decoy_rec_49	decoy_lig_49	haddock_decoy_rec_49_decoy_lig_49_demo	haddock_decoy_rec_49_decoy_lig_49_pose_050	/demo/haddock/decoy_rec_49_vs_decoy_lig_49/haddock_decoy_rec_49_decoy_lig_49_pose_050.pdb	non-interaction
LightDock	dockq	0.2167966941183556	bind_rec_00	bind_lig_00	lightdock_bind_rec_00_bind_lig_00_demo	lightdock_bind_rec_00_bind_lig_00_pose_001	/demo/lightdock/bind_rec_00_vs_bind_lig_00/lightdock_bind_rec_00_bind_lig_00_pose_001.pdb	interaction
LightDock	dockq	0.3155523040914986	bind_rec_01	bind_lig_01	lightdock_bind_rec_01_bind_lig_01_demo	lightdock_bind_rec_01_bind_lig_01_pose_002	/demo/lightdock/bind_rec_01_vs_bind_lig_01/lightdock_bind_rec_01_bind_lig_01_pose_002.pdb	interaction
LightDock	dockq	0.5762362410447484	bind_rec_02	bind_lig_02	lightdock_bind_rec_02_bind_lig_02_demo	lightdock_bind_rec_02_bind_lig_02_pose_003	/demo/lightdock/bind_rec_02_vs_bind_lig_02/lightdock_bind_rec_02_bind_lig_02_pose_003.pdb	interaction
LightDock	dockq	0.6305288835231122	bind_rec_03	bind_lig_03	lightdock_bind_rec_03_bind_lig_03_demo	lightdock_bind_rec_03_bind_lig_03_pose_004	/demo/lightdock/bind_rec_03_vs_bind_lig_03/lightdock_bind_rec_03_bind_lig_03_pose_004.pdb	interaction
LightDock	dockq	0.40585688165510747	bind_rec_04	bind_lig_04	lightdock_bind_rec_04_bind_lig_04_demo	lightdock_bind_rec_04_bind_lig_04_pose_005	/demo/lightdock/bind_rec_04_vs_bind_lig_04/lightdock_bind_rec_04_bind_lig_04_pose_005.pdb	interaction
LightDock	dockq	0.42893165619269324	bind_rec_05	bind_lig_05	lightdock_bind_rec_05_bind_lig_05_demo	lightdock_bind_rec_05_bind_lig_05_pose_006	/demo/lightdock/bind_rec_05_vs_bind_lig_05/lightdock_bind_rec_05_bind_lig_05_pose_006.pdb	interaction
LightDock	dockq	0.5716706065288131	bind_rec_06	bind_lig_06	lightdock_bind_rec_06_bind_lig_06_demo	lightdock_bind_rec_06_bind_lig_06_pose_007	/demo/lightdock/bind_rec_06_vs_bind_lig_06/lightdock_bind_rec_06_bind_lig_06_pose_007.pdb	interaction
LightDock	dockq	0.446359685402164	bind_rec_07	bind_lig_07	lightdock_bind_rec_07_bind_lig_07_demo	lightdock_bind_rec_07_bind_lig_07_pose_008	/demo/lightdock/bind_rec_07_vs_bind_lig_07/lightdock_bind_rec_07_bind_lig_07_pose_008.pdb	interaction
LightDock	dockq	0.16129902813232483	bind_rec_08	bind_lig_08	lightdock_bind_rec_08_bind_lig_08_demo	lightdock_bind_rec_08_bind_lig_08_pose_009	/demo/lightdock/bind_rec_08_vs_bind_lig_08/lightdock_bind_rec_08_bind_lig_08_pose_009.pdb	interaction
LightDock	dockq	0.25740519507196385	bind_rec_09	bind_lig_09	lightdock_bind_rec_09_bind_lig_09_demo	lightdock_bind_rec_09_bind_lig_09_pose_010	/demo/lightdock/bind_rec_09_vs_bind_lig_09/lightdock_bind_rec_09_bind_lig_09_pose_010.pdb	interaction
LightDock	dockq	0.467023988630333	bind_rec_10	bind_lig_10	lightdock_bind_rec_10_bind_lig_10_demo	lightdock_bind_rec_10_bind_lig_10_pose_011	/demo/lightdock/bind_rec_10_vs_bind_lig_10/lightdock_bind_rec_10_bind_lig_10_pose_011.pdb	interaction
LightDock	dockq	0.6630964832995387	bind_rec_11	bind_lig_11	lightdock_bind_rec_11_bind_lig_11_demo	lightdock_bind_rec_11_bind_lig_11_pose_012	/demo/lightdock/bind_rec_11_vs_bind_lig_11/lightdock_bind_rec_11_bind_lig_11_pose_012.pdb	interaction
LightDock	dockq	0.7431964848324095	bind_rec_12	bind_lig_12	lightdock_bind_rec_12_bind_lig_12_demo	lightdock_bind_rec_12_bind_lig_12_pose_013	/demo/lightdock/bind_rec_12_vs_bind_lig_12/lightdock_bind_rec_12_bind_lig_12_pose_013.pdb	interaction
LightDock	dockq	0.5759058841542901	bind_rec_13	bind_lig_13	lightdock_bind_rec_13_bind_lig_13_demo	lightdock_bind_rec_13_bind_lig_13_pose_014	/demo/lightdock/bind_rec_13_vs_bind_lig_13/lightdock_bind_rec_13_bind_lig_13_pose_014.pdb	interaction
LightDock	dockq	0.4774581522072727	bind_rec_14	bind_lig_14	lightdock_bind_rec_14_bind_lig_14_demo	lightdock_bind_rec_14_bind_lig_14_pose_015	/demo/lightdock/bind_rec_14_vs_bind_lig_14/lightdock_bind_rec_14_bind_lig_14_pose_015.pdb	interaction
LightDock	dockq	0.5697627771964954	bind_rec_15	bind_lig_15	lightdock_bind_rec_15_bind_lig_15_demo	lightdock_bind_rec_15_bind_lig_15_pose_016	/demo/lightdock/bind_rec_15_vs_bind_lig_15/lightdock_bind_rec_15_bind_lig_15_pose_016.pdb	interaction
LightDock	dockq	0.28664982995862887	bind_rec_16	bind_lig_16	lightdock_bind_rec_16_bind_lig_16_demo	lightdock_bind_rec_16_bind_lig_16_pose_017	/demo/lightdock/bind_rec_16_vs_bind_lig_16/lightdock_bind_rec_16_bind_lig_16_pose_017.pdb	interaction
LightDock	dockq	0.38935380794835717	bind_rec_17	bind_lig_17	lightdock_bind_rec_17_bind_lig_17_demo	lightdock_bind_rec_17_bind_lig_17_pose_018	/demo/lightdock/bind_rec_17_vs_bind_lig_17/lightdock_bind_rec_17_bind_lig_17_pose_018.pdb	interaction
LightDock	dockq	0.25517385573210466	bind_rec_18	bind_lig_18	lightdock_bind_rec_18_bind_lig_18_demo	lightdock_bind_rec_18_bind_lig_18_pose_019	/demo/lightdock/bind_rec_18_vs_bind_lig_18/lightdock_bind_rec_18_bind_lig_18_pose_019.pdb	interaction
LightDock	dockq	0.17025147785845768	bind_rec_19	bind_lig_19	lightdock_bind_rec_19_bind_lig_19_demo	lightdock_bind_rec_19_bind_lig_19_pose_020	/demo/lightdock/bind_rec_19_vs_bind_lig_19/lightdock_bind_rec_19_bind_lig_19_pose_020.pdb	interaction
LightDock	dockq	0.486709802327241	bind_rec_20	bind_lig_20	lightdock_bind_rec_20_bind_lig_20_demo	lightdock_bind_rec_20_bind_lig_20_pose_021	/demo/lightdock/bind_rec_20_vs_bind_lig_20/lightdock_bind_rec_20_bind_lig_20_pose_021.pdb	interaction
LightDock	dockq	0.4571026613169487	bind_rec_21	bind_lig_21	lightdock_bind_rec_21_bind_lig_21_demo	lightdock_bind_rec_21_bind_lig_21_pose_022	/demo/lightdock/bind_rec_21_vs_bind_lig_21/lightdock_bind_rec_21_bind_lig_21_pose_022.pdb	interaction
LightDock	dockq	0.5575304969018026	bind_rec_22	bind_lig_22	lightdock_bind_rec_22_bind_lig_22_demo	lightdock_bind_rec_22_bind_lig_22_pose_023	/demo/lightdock/bind_rec_22_vs_bind_lig_22/lightdock_bind_rec_22_bind_lig_22_pose_023.pdb	interaction
LightDock	dockq	0.5292223661784894	bind_rec_23	bind_lig_23	lightdock_bind_rec_23_bind_lig_23_demo	lightdock_bind_rec_23_bind_lig_23_pose_024	/demo/lightdock/bind_rec_23_vs_bind_lig_23/lightdock_bind_rec_23_bind_lig_23_pose_024.pdb	interaction
LightDock	dockq	0.4685288542647724	bind_rec_24	bind_lig_24	lightdock_bind_rec_24_bind_lig_24_demo	lightdock_bind_rec_24_bind_lig_24_pose_025	/demo/lightdock/bind_rec_24_vs_bind_lig_24/lightdock_bind_rec_24_bind_lig_24_pose_025.pdb	interaction
LightDock	dockq	0.5313233331355108	bind_rec_25	bind_lig_25	lightdock_bind_rec_25_bind_lig_25_demo	lightdock_bind_rec_25_bind_lig_25_pose_026	/demo/lightdock/bind_rec_25_vs_bind_lig_25/lightdock_bind_rec_25_bind_lig_25_pose_026.pdb	interaction
LightDock	dockq	0.41146338075450467	bind_rec_26	bind_lig_26	lightdock_bind_rec_26_bind_lig_26_demo	lightdock_bind_rec_26_bind_lig_26_pose_027	/demo/lightdock/bind_rec_26_vs_bind_lig_26/lightdock_bind_rec_26_bind_lig_26_pose_027.pdb	interaction
LightDock	dockq	0.5025782790444802	bind_rec_27	bind_lig_27	lightdock_bind_rec_27_bind_lig_27_demo	lightdock_bind_rec_27_bind_lig_27_pose_028	/demo/lightdock/bind_rec_27_vs_bind_lig_27/lightdock_bind_rec_27_bind_lig_27_pose_028.pdb	interaction
LightDock	dockq	0.27477111946272803	bind_rec_28	bind_lig_28	lightdock_bind_rec_28_bind_lig_28_demo	lightdock_bind_rec_28_bind_lig_28_pose_029	/demo/lightdock/bind_rec_28_vs_bind_lig_28/lightdock_bind_rec_28_bind_lig_28_pose_029.pdb	interaction
LightDock	dockq	0.49394118512782603	bind_rec_29	bind_lig_29	lightdock_bind_rec_29_bind_lig_29_demo	lightdock_bind_rec_29_bind_lig_29_pose_030	/demo/lightdock/bind_rec_29_vs_bind_lig_29/lightdock_bind_rec_29_bind_lig_29_pose_030.pdb	interaction
LightDock	dockq	0.5536835370572019	bind_rec_30	bind_lig_30	lightdock_bind_rec_30_bind_lig_30_demo	lightdock_bind_rec_30_bind_lig_30_pose_031	/demo/lightdock/bind_rec_30_vs_bind_lig_30/lightdock_bind_rec_30_bind_lig_30_pose_031.pdb	interaction
LightDock	dockq	0.28606371438555933	bind_rec_31	bind_lig_31	lightdock_bind_rec_31_bind_lig_31_demo	lightdock_bind_rec_31_bind_lig_31_pose_032	/demo/lightdock/bind_rec_31_vs_bind_lig_31/lightdock_bind_rec_31_bind_lig_31_pose_032.pdb	interaction
LightDock	dockq	0.4303664197985693	bind_rec_32	bind_lig_32	lightdock_bind_rec_32_bind_lig_32_demo	lightdock_bind_rec_32_bind_lig_32_pose_033	/demo/lightdock/bind_rec_32_vs_bind_lig_32/lightdock_bind_rec_32_bind_lig_32_pose_033.pdb	interaction
LightDock	dockq	0.29527949807412807	bind_rec_33	bind_lig_33	lightdock_bind_rec_33_bind_lig_33_demo	lightdock_bind_rec_33_bind_lig_33_pose_034	/demo/lightdock/bind_rec_33_vs_bind_lig_33/lightdock_bind_rec_33_bind_lig_33_pose_034.pdb	interaction
LightDock	dockq	0.314698660696777	bind_rec_34	bind_lig_34	lightdock_bind_rec_34_bind_lig_34_demo	lightdock_bind_rec_34_bind_lig_34_pose_035	/demo/lightdock/bind_rec_34_vs_bind_lig_34/lightdock_bind_rec_34_bind_lig_34_pose_035.pdb	interaction
LightDock	dockq	0.19501412897956905	bind_rec_35	bind_lig_35	lightdock_bind_rec_35_bind_lig_35_demo	lightdock_bind_rec_35_bind_lig_35_pose_036	/demo/lightdock/bind_rec_35_vs_bind_lig_35/lightdock_bind_rec_35_bind_lig_35_pose_036.pdb	interaction
LightDock	dockq	0.6731549850333112	bind_rec_36	bind_lig_36	lightdock_bind_rec_36_bind_lig_36_demo	lightdock_bind_rec_36_bind_lig_36_pose_037	/demo/lightdock/bind_rec_36_vs_bind_lig_36/lightdock_bind_rec_36_bind_lig_36_pose_037.pdb	interaction
LightDock	dockq	0.6331370349440095	bind_rec_37	bind_lig_37	lightdock_bind_rec_37_bind_lig_37_demo	lightdock_bind_rec_37_bind_lig_37_pose_038	/demo/lightdock/bind_rec_37_vs_bind_lig_37/lightdock_bind_rec_37_bind_lig_37_pose_038.pdb	interaction
LightDock	dockq	0.5274867708454674	bind_rec_38	bind_lig_38	lightdock_bind_rec_38_bind_lig_38_demo	lightdock_bind_rec_38_bind_lig_38_pose_039	/demo/lightdock/bind_rec_38_vs_bind_lig_38/lightdock_bind_rec_38_bind_lig_38_pose_039.pdb	interaction
LightDock	dockq	0.8144391903887628	bind_rec_39	bind_lig_39	lightdock_bind_rec_39_bind_lig_39_demo	lightdock_bind_rec_39_bind_lig_39_pose_040	/demo/lightdock/bind_rec_39_vs_bind_lig_39/lightdock_bind_rec_39_bind_lig_39_pose_040.pdb	interaction
LightDock	dockq	0.38215086068632165	bind_rec_40	bind_lig_40	lightdock_bind_rec_40_bind_lig_40_demo	lightdock_bind_rec_40_bind_lig_40_pose_041	/demo/lightdock/bind_rec_40_vs_bind_lig_40/lightdock_bind_rec_40_bind_lig_40_pose_041.pdb	interaction
LightDock	dockq	1.0	bind_rec_41	bind_lig_41	lightdock_bind_rec_41_bind_lig_41_demo	lightdock_bind_rec_41_bind_lig_41_pose_042	/demo/lightdock/bind_rec_41_vs_bind_lig_41/lightdock_bind_rec_41_bind_lig_41_pose_042.pdb	interaction
LightDock	dockq	0.3744941169273559	bind_rec_42	bind_lig_42	lightdock_bind_rec_42_bind_lig_42_demo	lightdock_bind_rec_42_bind_lig_42_pose_043	/demo/lightdock/bind_rec_42_vs_bind_lig_42/lightdock_bind_rec_42_bind_lig_42_pose_043.pdb	interaction
LightDock	dockq	0.4710386703512033	bind_rec_43	bind_lig_43	lightdock_bind_rec_43_bind_lig_43_demo	lightdock_bind_rec_43_bind_lig_43_pose_044	/demo/lightdock/bind_rec_43_vs_bind_lig_43/lightdock_bind_rec_43_bind_lig_43_pose_044.pdb	interaction
LightDock	dockq	0.34044441721195834	bind_rec_44	bind_lig_44	lightdock_bind_rec_44_bind_lig_44_demo	lightdock_bind_rec_44_bind_lig_44_pose_045	/demo/lightdock/bind_rec_44_vs_bind_lig_44/lightdock_bind_rec_44_bind_lig_44_pose_045.pdb	interaction
LightDock	dockq	0.494465112012061	bind_rec_45	bind_lig_45	lightdock_bind_rec_45_bind_lig_45_demo	lightdock_bind_rec_45_bind_lig_45_pose_046	/demo/lightdock/bind_rec_45_vs_bind_lig_45/lightdock_bind_rec_45_bind_lig_45_pose_046.pdb	interaction
LightDock	dockq	0.5871229855772488	bind_rec_46	bind_lig_46	lightdock_bind_rec_46_bind_lig_46_demo	lightdock_bind_rec_46_bind_lig_46_pose_047	/demo/lightdock/bind_rec_46_vs_bind_lig_46/lightdock_bind_rec_46_bind_lig_46_pose_047.pdb	interaction
LightDock	dockq	0.3972167213893832	bind_rec_47	bind_lig_47	lightdock_bind_rec_47_bind_lig_47_demo	lightdock_bind_rec_47_bind_lig_47_pose_048	/demo/lightdock/bind_rec_47_vs_bind_lig_47/lightdock_bind_rec_47_bind_lig_47_pose_048.pdb	interaction
LightDock	dockq	0.7753439694235241	bind_rec_48	bind_lig_48	lightdock_bind_rec_48_bind_lig_48_demo	lightdock_bind_rec_48_bind_lig_48_pose_049	/demo/lightdock/bind_rec_48_vs_bind_lig_48/lightdock_bind_rec_48_bind_lig_48_pose_049.pdb	interaction
LightDock	dockq	0.4678298569266921	bind_rec_49	bind_lig_49	lightdock_bind_rec_49_bind_lig_49_demo	lightdock_bind_rec_49_bind_lig_49_pose_050	/demo/lightdock/bind_rec_49_vs_bind_lig_49/lightdock_bind_rec_49_bind_lig_49_pose_050.pdb	interaction
LightDock	dockq	0.30868736949983583	decoy_rec_00	decoy_lig_00	lightdock_decoy_rec_00_decoy_lig_00_demo	lightdock_decoy_rec_00_decoy_lig_00_pose_001	/demo/lightdock/decoy_rec_00_vs_decoy_lig_00/lightdock_decoy_rec_00_decoy_lig_00_pose_001.pdb	non-interaction
LightDock	dockq	0.09638041498753086	decoy_rec_01	decoy_lig_01	lightdock_decoy_rec_01_decoy_lig_01_demo	lightdock_decoy_rec_01_decoy_lig_01_pose_002	/demo/lightdock/decoy_rec_01_vs_decoy_lig_01/lightdock_decoy_rec_01_decoy_lig_01_pose_002.pdb	non-interaction
LightDock	dockq	0.3353298334190692	decoy_rec_02	decoy_lig_02	lightdock_decoy_rec_02_decoy_lig_02_demo	lightdock_decoy_rec_02_decoy_lig_02_pose_003	/demo/lightdock/decoy_rec_02_vs_decoy_lig_02/lightdock_decoy_rec_02_decoy_lig_02_pose_003.pdb	non-interaction
LightDock	dockq	0.2358751002543142	decoy_rec_03	decoy_lig_03	lightdock_decoy_rec_03_decoy_lig_03_demo	lightdock_decoy_rec_03_decoy_lig_03_pose_004	/demo/lightdock/decoy_rec_03_vs_decoy_lig_03/lightdock_decoy_rec_03_decoy_lig_03_pose_004.pdb	non-interaction
LightDock	dockq	0.1505168487192884	decoy_rec_04	decoy_lig_04	lightdock_decoy_rec_04_decoy_lig_04_demo	lightdock_decoy_rec_04_decoy_lig_04_pose_005	/demo/lightdock/decoy_rec_04_vs_decoy_lig_04/lightdock_decoy_rec_04_decoy_lig_04_pose_005.pdb	non-interaction
LightDock	dockq	0.12023460653329451	decoy_rec_05	decoy_lig_05	lightdock_decoy_rec_05_decoy_lig_05_demo	lightdock_decoy_rec_05_decoy_lig_05_pose_006	/demo/lightdock/decoy_rec_05_vs_decoy_lig_05/lightdock_decoy_rec_05_decoy_lig_05_pose_006.pdb	non-interaction
LightDock	dockq	0.7409174083562033	decoy_rec_06	decoy_lig_06	lightdock_decoy_rec_06_decoy_lig_06_demo	lightdock_decoy_rec_06_decoy_lig_06_pose_007	/demo/lightdock/decoy_rec_06_vs_decoy_lig_06/lightdock_decoy_rec_06_decoy_lig_06_pose_007.pdb	non-interaction
LightDock	dockq	0.21257409496777363	decoy_rec_07	decoy_lig_07	lightdock_decoy_rec_07_decoy_lig_07_demo	lightdock_decoy_rec_07_decoy_lig_07_pose_008	/demo/lightdock/decoy_rec_07_vs_decoy_lig_07/lightdock_decoy_rec_07_decoy_lig_07_pose_008.pdb	non-interaction
LightDock	dockq	0.0	decoy_rec_08	decoy_lig_08	lightdock_decoy_rec_08_decoy_lig_08_demo	lightdock_decoy_rec_08_decoy_lig_08_pose_009	/demo/lightdock/decoy_rec_08_vs_decoy_lig_08/lightdock_decoy_rec_08_decoy_lig_08_pose_009.pdb	non-interaction
LightDock	dockq	0.13432013724813696	decoy_rec_09	decoy_lig_09	lightdock_decoy_rec_09_decoy_lig_09_demo	lightdock_decoy_rec_09_decoy_lig_09_pose_010	/demo/lightdock/decoy_rec_09_vs_decoy_lig_09/lightdock_decoy_rec_09_decoy_lig_09_pose_010.pdb	non-interaction
LightDock	dockq	0.25071778889428153	decoy_rec_10	decoy_lig_10	lightdock_decoy_rec_10_decoy_lig_10_demo	lightdock_decoy_rec_10_decoy_lig_10_pose_011	/demo/lightdock/decoy_rec_10_vs_decoy_lig_10/lightdock_decoy_rec_10_decoy_lig_10_pose_011.pdb	non-interaction
LightDock	dockq	0.3584000658709673	decoy_rec_11	decoy_lig_11	lightdock_decoy_rec_11_decoy_lig_11_demo	lightdock_decoy_rec_11_decoy_lig_11_pose_012	/demo/lightdock/decoy_rec_11_vs_decoy_lig_11/lightdock_decoy_rec_11_decoy_lig_11_pose_012.pdb	non-interaction
LightDock	dockq	0.35986337391055645	decoy_rec_12	decoy_lig_12	lightdock_decoy_rec_12_decoy_lig_12_demo	lightdock_decoy_rec_12_decoy_lig_12_pose_013	/demo/lightdock/decoy_rec_12_vs_decoy_lig_12/lightdock_decoy_rec_12_decoy_lig_12_pose_013.pdb	non-interaction
LightDock	dockq	0.3817906193197746	decoy_rec_13	decoy_lig_13	lightdock_decoy_rec_13_decoy_lig_13_demo	lightdock_decoy_rec_13_decoy_lig_13_pose_014	/demo/lightdock/decoy_rec_13_vs_decoy_lig_13/lightdock_decoy_rec_13_decoy_lig_13_pose_014.pdb	non-interaction
LightDock	dockq	0.14392514480528068	decoy_rec_14	decoy_lig_14	lightdock_decoy_rec_14_decoy_lig_14_demo	lightdock_decoy_rec_14_decoy_lig_14_pose_015	/demo/lightdock/decoy_rec_14_vs_decoy_lig_14/lightdock_decoy_rec_14_decoy_lig_14_pose_015.pdb	non-interaction
LightDock	dockq	0.3212792798302782	decoy_rec_15	decoy_lig_15	lightdock_decoy_rec_15_decoy_lig_15_demo	lightdock_decoy_rec_15_decoy_lig_15_pose_016	/demo/lightdock/decoy_rec_15_vs_decoy_lig_15/lightdock_decoy_rec_15_decoy_lig_15_pose_016.pdb	non-interaction
LightDock	dockq	0.1023092964600959	decoy_rec_16	decoy_lig_16	lightdock_decoy_rec_16_decoy_lig_16_demo	lightdock_decoy_rec_16_decoy_lig_16_pose_017	/demo/lightdock/decoy_rec_16_vs_decoy_lig_16/lightdock_decoy_rec_16_decoy_lig_16_pose_017.pdb	non-interaction
LightDock	dockq	0.1484642630574779	decoy_rec_17	decoy_lig_17	lightdock_decoy_rec_17_decoy_lig_17_demo	lightdock_decoy_rec_17_decoy_lig_17_pose_018	/demo/lightdock/decoy_rec_17_vs_decoy_lig_17/lightdock_decoy_rec_17_decoy_lig_17_pose_018.pdb	non-interaction
LightDock	dockq	0.09481238458995331	decoy_rec_18	decoy_lig_18	lightdock_decoy_rec_18_decoy_lig_18_demo	lightdock_decoy_rec_18_decoy_lig_18_pose_019	/demo/lightdock/decoy_rec_18_vs_decoy_lig_18/lightdock_decoy_rec_18_decoy_lig_18_pose_019.pdb	non-interaction
LightDock	dockq	0.046090006172311515	decoy_rec_19	decoy_lig_19	lightdock_decoy_rec_19_decoy_lig_19_demo	lightdock_decoy_rec_19_decoy_lig_19_pose_020	/demo/lightdock/decoy_rec_19_vs_decoy_lig_19/lightdock_decoy_rec_19_decoy_lig_19_pose_020.pdb	non-interaction
LightDock	dockq	0.45155770799444156	decoy_rec_20	decoy_lig_20	lightdock_decoy_rec_20_decoy_lig_20_demo	lightdock_decoy_rec_20_decoy_lig_20_pose_021	/demo/lightdock/decoy_rec_20_vs_decoy_lig_20/lightdock_decoy_rec_20_decoy_lig_20_pose_021.pdb	non-interaction
LightDock	dockq	0.3839501061761998	decoy_rec_21	decoy_lig_21	lightdock_decoy_rec_21_decoy_lig_21_demo	lightdock_decoy_rec_21_decoy_lig_21_pose_022	/demo/lightdock/decoy_rec_21_vs_decoy_lig_21/lightdock_decoy_rec_21_decoy_lig_21_pose_022.pdb	non-interaction
LightDock	dockq	0.4357997665960634	decoy_rec_22	decoy_lig_22	lightdock_decoy_rec_22_decoy_lig_22_demo	lightdock_decoy_rec_22_decoy_lig_22_pose_023	/demo/lightdock/decoy_rec_22_vs_decoy_lig_22/lightdock_decoy_rec_22_decoy_lig_22_pose_023.pdb	non-interaction
LightDock	dockq	0.26707635188437334	decoy_rec_23	decoy_lig_23	lightdock_decoy_rec_23_decoy_lig_23_demo	lightdock_decoy_rec_23_decoy_lig_23_pose_024	/demo/lightdock/decoy_rec_23_vs_decoy_lig_23/lightdock_decoy_rec_23_decoy_lig_23_pose_024.pdb	non-interaction
LightDock	dockq	0.39982538579572635	decoy_rec_24	decoy_lig_24	lightdock_decoy_rec_24_decoy_lig_24_demo	lightdock_decoy_rec_24_decoy_lig_24_pose_025	/demo/lightdock/decoy_rec_24_vs_decoy_lig_24/lightdock_decoy_rec_24_decoy_lig_24_pose_025.pdb	non-interaction
LightDock	dockq	0.0	decoy_rec_25	decoy_lig_25	lightdock_decoy_rec_25_decoy_lig_25_demo	lightdock_decoy_rec_25_decoy_lig_25_pose_026	/demo/lightdock/decoy_rec_25_vs_decoy_lig_25/lightdock_decoy_rec_25_decoy_lig_25_pose_026.pdb	non-interaction
LightDock	dockq	0.41535575324816393	decoy_rec_26	decoy_lig_26	lightdock_decoy_rec_26_decoy_lig_26_demo	lightdock_decoy_rec_26_decoy_lig_26_pose_027	/demo/lightdock/decoy_rec_26_vs_decoy_lig_26/lightdock_decoy_rec_26_decoy_lig_26_pose_027.pdb	non-interaction
LightDock	dockq	0.2918815694009054	decoy_rec_27	decoy_lig_27	lightdock_decoy_rec_27_decoy_lig_27_demo	lightdock_decoy_rec_27_decoy_lig_27_pose_028	/demo/lightdock/decoy_rec_27_vs_decoy_lig_27/lightdock_decoy_rec_27_decoy_lig_27_pose_028.pdb	non-interaction
LightDock	dockq	0.3728797280268498	decoy_rec_28	decoy_lig_28	lightdock_decoy_rec_28_decoy_lig_28_demo	lightdock_decoy_rec_28_decoy_lig_28_pose_029	/demo/lightdock/decoy_rec_28_vs_decoy_lig_28/lightdock_decoy_rec_28_decoy_lig_28_pose_029.pdb	non-interaction
LightDock	dockq	0.32840419382875036	decoy_rec_29	decoy_lig_29	lightdock_decoy_rec_29_decoy_lig_29_demo	lightdock_decoy_rec_29_decoy_lig_29_pose_030	/demo/lightdock/decoy_rec_29_vs_decoy_lig_29/lightdock_decoy_rec_29_decoy_lig_29_pose_030.pdb	non-interaction
LightDock	dockq	0.08233007218336041	decoy_rec_30	decoy_lig_30	lightdock_decoy_rec_30_decoy_lig_30_demo	lightdock_decoy_rec_30_decoy_lig_30_pose_031	/demo/lightdock/decoy_rec_30_vs_decoy_lig_30/lightdock_decoy_rec_30_decoy_lig_30_pose_031.pdb	non-interaction
LightDock	dockq	0.0	decoy_rec_31	decoy_lig_31	lightdock_decoy_rec_31_decoy_lig_31_demo	lightdock_decoy_rec_31_decoy_lig_31_pose_032	/demo/lightdock/decoy_rec_31_vs_decoy_lig_31/lightdock_decoy_rec_31_decoy_lig_31_pose_032.pdb	non-interaction
LightDock	dockq	0.13183025008706664	decoy_rec_32	decoy_lig_32	lightdock_decoy_rec_32_decoy_lig_32_demo	lightdock_decoy_rec_32_decoy_lig_32_pose_033	/demo/lightdock/decoy_rec_32_vs_decoy_lig_32/lightdock_decoy_rec_32_decoy_lig_32_pose_033.pdb	non-interaction
LightDock	dockq	0.36168511062912423	decoy_rec_33	decoy_lig_33	lightdock_decoy_rec_33_decoy_lig_33_demo	lightdock_decoy_rec_33_decoy_lig_33_pose_034	/demo/lightdock/decoy_rec_33_vs_decoy_lig_33/lightdock_decoy_rec_33_decoy_lig_33_pose_034.pdb	non-interaction
LightDock	dockq	0.3842164547315712	decoy_rec_34	decoy_lig_34	lightdock_decoy_rec_34_decoy_lig_34_demo	lightdock_decoy_rec_34_decoy_lig_34_pose_035	/demo/lightdock/decoy_rec_34_vs_decoy_lig_34/lightdock_decoy_rec_34_decoy_lig_34_pose_035.pdb	non-interaction
LightDock	dockq	0.01377039007126471	decoy_rec_35	decoy_lig_35	lightdock_decoy_rec_35_decoy_lig_35_demo	lightdock_decoy_rec_35_decoy_lig_35_pose_036	/demo/lightdock/decoy_rec_35_vs_decoy_lig_35/lightdock_decoy_rec_35_decoy_lig_35_pose_036.pdb	non-interaction
LightDock	dockq	0.08340211385572138	decoy_rec_36	decoy_lig_36	lightdock_decoy_rec_36_decoy_lig_36_demo	lightdock_decoy_rec_36_decoy_lig_36_pose_037	/demo/lightdock/decoy_rec_36_vs_decoy_lig_36/lightdock_decoy_rec_36_decoy_lig_36_pose_037.pdb	non-interaction
LightDock	dockq	0.12981757653064893	decoy_rec_37	decoy_lig_37	lightdock_decoy_rec_37_decoy_lig_37_demo	lightdock_decoy_rec_37_decoy_lig_37_pose_038	/demo/lightdock/decoy_rec_37_vs_decoy_lig_37/lightdock_decoy_rec_37_decoy_lig_37_pose_038.pdb	non-interaction
LightDock	dockq	0.1956850891519732	decoy_rec_38	decoy_lig_38	lightdock_decoy_rec_38_decoy_lig_38_demo	lightdock_decoy_rec_38_decoy_lig_38_pose_039	/demo/lightdock/decoy_rec_38_vs_decoy_lig_38/lightdock_decoy_rec_38_decoy_lig_38_pose_039.pdb	non-interaction
LightDock	dockq	0.014830850446522631	decoy_rec_39	decoy_lig_39	lightdock_decoy_rec_39_decoy_lig_39_demo	lightdock_decoy_rec_39_decoy_lig_39_pose_040	/demo/lightdock/decoy_rec_39_vs_decoy_lig_39/lightdock_decoy_rec_39_decoy_lig_39_pose_040.pdb	non-interaction
LightDock	dockq	0.004030682094776139	decoy_rec_40	decoy_lig_40	lightdock_decoy_rec_40_decoy_lig_40_demo	lightdock_decoy_rec_40_decoy_lig_40_pose_041	/demo/lightdock/decoy_rec_40_vs_decoy_lig_40/lightdock_decoy_rec_40_decoy_lig_40_pose_041.pdb	non-interaction
LightDock	dockq	0.11206964664664032	decoy_rec_41	decoy_lig_41	lightdock_decoy_rec_41_decoy_lig_41_demo	lightdock_decoy_rec_41_decoy_lig_41_pose_042	/demo/lightdock/decoy_rec_41_vs_decoy_lig_41/lightdock_decoy_rec_41_decoy_lig_41_pose_042.pdb	non-interaction
LightDock	dockq	0.275525690520501	decoy_rec_42	decoy_lig_42	lightdock_decoy_rec_42_decoy_lig_42_demo	lightdock_decoy_rec_42_decoy_lig_42_pose_043	/demo/lightdock/decoy_rec_42_vs_decoy_lig_42/lightdock_decoy_rec_42_decoy_lig_42_pose_043.pdb	non-interaction
LightDock	dockq	0.04749301884437171	decoy_rec_43	decoy_lig_43	lightdock_decoy_rec_43_decoy_lig_43_demo	lightdock_decoy_rec_43_decoy_lig_43_pose_044	/demo/lightdock/decoy_rec_43_vs_decoy_lig_43/lightdock_decoy_rec_43_decoy_lig_43_pose_044.pdb	non-interaction
LightDock	dockq	0.2391553682050821	decoy_rec_44	decoy_lig_44	lightdock_decoy_rec_44_decoy_lig_44_demo	lightdock_decoy_rec_44_decoy_lig_44_pose_045	/demo/lightdock/decoy_rec_44_vs_decoy_lig_44/lightdock_decoy_rec_44_decoy_lig_44_pose_045.pdb	non-interaction
LightDock	dockq	0.4505395069055268	decoy_rec_45	decoy_lig_45	lightdock_decoy_rec_45_decoy_lig_45_demo	lightdock_decoy_rec_45_decoy_lig_45_pose_046	/demo/lightdock/decoy_rec_45_vs_decoy_lig_45/lightdock_decoy_rec_45_decoy_lig_45_pose_046.pdb	non-interaction
LightDock	dockq	0.025679647265568206	decoy_rec_46	decoy_lig_46	lightdock_decoy_rec_46_decoy_lig_46_demo	lightdock_decoy_rec_46_decoy_lig_46_pose_047	/demo/lightdock/decoy_rec_46_vs_decoy_lig_46/lightdock_decoy_rec_46_decoy_lig_46_pose_047.pdb	non-interaction
LightDock	dockq	0.2228397634861029	decoy_rec_47	decoy_lig_47	lightdock_decoy_rec_47_decoy_lig_47_demo	lightdock_decoy_rec_47_decoy_lig_47_pose_048	/demo/lightdock/decoy_rec_47_vs_decoy_lig_47/lightdock_decoy_rec_47_decoy_lig_47_pose_048.pdb	non-interaction
LightDock	dockq	0.4444562120751391	decoy_rec_48	decoy_lig_48	lightdock_decoy_rec_48_decoy_lig_48_demo	lightdock_decoy_rec_48_decoy_lig_48_pose_049	/demo/lightdock/decoy_rec_48_vs_decoy_lig_48/lightdock_decoy_rec_48_decoy_lig_48_pose_049.pdb	non-interaction
LightDock	dockq	0.18471168973451435	decoy_rec_49	decoy_lig_49	lightdock_decoy_rec_49_decoy_lig_49_demo	lightdock_decoy_rec_49_decoy_lig_49_pose_050	/demo/lightdock/decoy_rec_49_vs_decoy_lig_49/lightdock_decoy_rec_49_decoy_lig_49_pose_050.pdb	non-interaction
Rosetta	dockq	0.37100275873690036	bind_rec_00	bind_lig_00	rosetta_bind_rec_00_bind_lig_00_demo	rosetta_bind_rec_00_bind_lig_00_pose_001	/demo/rosetta/bind_rec_00_vs_bind_lig_00/rosetta_bind_rec_00_bind_lig_00_pose_001.pdb	interaction
Rosetta	dockq	0.70106420471823	bind_rec_01	bind_lig_01	rosetta_bind_rec_01_bind_lig_01_demo	rosetta_bind_rec_01_bind_lig_01_pose_002	/demo/rosetta/bind_rec_01_vs_bind_lig_01/rosetta_bind_rec_01_bind_lig_01_pose_002.pdb	interaction
Rosetta	dockq	0.4218216049954059	bind_rec_02	bind_lig_02	rosetta_bind_rec_02_bind_lig_02_demo	rosetta_bind_rec_02_bind_lig_02_pose_003	/demo/rosetta/bind_rec_02_vs_bind_lig_02/rosetta_bind_rec_02_bind_lig_02_pose_003.pdb	interaction
Rosetta	dockq	0.6898540547890579	bind_rec_03	bind_lig_03	rosetta_bind_rec_03_bind_lig_03_demo	rosetta_bind_rec_03_bind_lig_03_pose_004	/demo/rosetta/bind_rec_03_vs_bind_lig_03/rosetta_bind_rec_03_bind_lig_03_pose_004.pdb	interaction
Rosetta	dockq	0.5615034243141678	bind_rec_04	bind_lig_04	rosetta_bind_rec_04_bind_lig_04_demo	rosetta_bind_rec_04_bind_lig_04_pose_005	/demo/rosetta/bind_rec_04_vs_bind_lig_04/rosetta_bind_rec_04_bind_lig_04_pose_005.pdb	interaction
Rosetta	dockq	0.414859515947131	bind_rec_05	bind_lig_05	rosetta_bind_rec_05_bind_lig_05_demo	rosetta_bind_rec_05_bind_lig_05_pose_006	/demo/rosetta/bind_rec_05_vs_bind_lig_05/rosetta_bind_rec_05_bind_lig_05_pose_006.pdb	interaction
Rosetta	dockq	0.5711412008135308	bind_rec_06	bind_lig_06	rosetta_bind_rec_06_bind_lig_06_demo	rosetta_bind_rec_06_bind_lig_06_pose_007	/demo/rosetta/bind_rec_06_vs_bind_lig_06/rosetta_bind_rec_06_bind_lig_06_pose_007.pdb	interaction
Rosetta	dockq	0.5408854076307472	bind_rec_07	bind_lig_07	rosetta_bind_rec_07_bind_lig_07_demo	rosetta_bind_rec_07_bind_lig_07_pose_008	/demo/rosetta/bind_rec_07_vs_bind_lig_07/rosetta_bind_rec_07_bind_lig_07_pose_008.pdb	interaction
Rosetta	dockq	0.6739677359904701	bind_rec_08	bind_lig_08	rosetta_bind_rec_08_bind_lig_08_demo	rosetta_bind_rec_08_bind_lig_08_pose_009	/demo/rosetta/bind_rec_08_vs_bind_lig_08/rosetta_bind_rec_08_bind_lig_08_pose_009.pdb	interaction
Rosetta	dockq	0.3758143478056465	bind_rec_09	bind_lig_09	rosetta_bind_rec_09_bind_lig_09_demo	rosetta_bind_rec_09_bind_lig_09_pose_010	/demo/rosetta/bind_rec_09_vs_bind_lig_09/rosetta_bind_rec_09_bind_lig_09_pose_010.pdb	interaction
Rosetta	dockq	0.48782915268850774	bind_rec_10	bind_lig_10	rosetta_bind_rec_10_bind_lig_10_demo	rosetta_bind_rec_10_bind_lig_10_pose_011	/demo/rosetta/bind_rec_10_vs_bind_lig_10/rosetta_bind_rec_10_bind_lig_10_pose_011.pdb	interaction
Rosetta	dockq	0.46831202087511886	bind_rec_11	bind_lig_11	rosetta_bind_rec_11_bind_lig_11_demo	rosetta_bind_rec_11_bind_lig_11_pose_012	/demo/rosetta/bind_rec_11_vs_bind_lig_11/rosetta_bind_rec_11_bind_lig_11_pose_012.pdb	interaction
Rosetta	dockq	0.6137881469115591	bind_rec_12	bind_lig_12	rosetta_bind_rec_12_bind_lig_12_demo	rosetta_bind_rec_12_bind_lig_12_pose_013	/demo/rosetta/bind_rec_12_vs_bind_lig_12/rosetta_bind_rec_12_bind_lig_12_pose_013.pdb	interaction
Rosetta	dockq	0.2852159530556066	bind_rec_13	bind_lig_13	rosetta_bind_rec_13_bind_lig_13_demo	rosetta_bind_rec_13_bind_lig_13_pose_014	/demo/rosetta/bind_rec_13_vs_bind_lig_13/rosetta_bind_rec_13_bind_lig_13_pose_014.pdb	interaction
Rosetta	dockq	0.6732256391651926	bind_rec_14	bind_lig_14	rosetta_bind_rec_14_bind_lig_14_demo	rosetta_bind_rec_14_bind_lig_14_pose_015	/demo/rosetta/bind_rec_14_vs_bind_lig_14/rosetta_bind_rec_14_bind_lig_14_pose_015.pdb	interaction
Rosetta	dockq	0.5686024667123791	bind_rec_15	bind_lig_15	rosetta_bind_rec_15_bind_lig_15_demo	rosetta_bind_rec_15_bind_lig_15_pose_016	/demo/rosetta/bind_rec_15_vs_bind_lig_15/rosetta_bind_rec_15_bind_lig_15_pose_016.pdb	interaction
Rosetta	dockq	0.22978423600974018	bind_rec_16	bind_lig_16	rosetta_bind_rec_16_bind_lig_16_demo	rosetta_bind_rec_16_bind_lig_16_pose_017	/demo/rosetta/bind_rec_16_vs_bind_lig_16/rosetta_bind_rec_16_bind_lig_16_pose_017.pdb	interaction
Rosetta	dockq	0.7095699368412951	bind_rec_17	bind_lig_17	rosetta_bind_rec_17_bind_lig_17_demo	rosetta_bind_rec_17_bind_lig_17_pose_018	/demo/rosetta/bind_rec_17_vs_bind_lig_17/rosetta_bind_rec_17_bind_lig_17_pose_018.pdb	interaction
Rosetta	dockq	0.9044776853515689	bind_rec_18	bind_lig_18	rosetta_bind_rec_18_bind_lig_18_demo	rosetta_bind_rec_18_bind_lig_18_pose_019	/demo/rosetta/bind_rec_18_vs_bind_lig_18/rosetta_bind_rec_18_bind_lig_18_pose_019.pdb	interaction
Rosetta	dockq	0.6703484542143875	bind_rec_19	bind_lig_19	rosetta_bind_rec_19_bind_lig_19_demo	rosetta_bind_rec_19_bind_lig_19_pose_020	/demo/rosetta/bind_rec_19_vs_bind_lig_19/rosetta_bind_rec_19_bind_lig_19_pose_020.pdb	interaction
Rosetta	dockq	0.7511271057730291	bind_rec_20	bind_lig_20	rosetta_bind_rec_20_bind_lig_20_demo	rosetta_bind_rec_20_bind_lig_20_pose_021	/demo/rosetta/bind_rec_20_vs_bind_lig_20/rosetta_bind_rec_20_bind_lig_20_pose_021.pdb	interaction
Rosetta	dockq	0.4962205625044917	bind_rec_21	bind_lig_21	rosetta_bind_rec_21_bind_lig_21_demo	rosetta_bind_rec_21_bind_lig_21_pose_022	/demo/rosetta/bind_rec_21_vs_bind_lig_21/rosetta_bind_rec_21_bind_lig_21_pose_022.pdb	interaction
Rosetta	dockq	0.16431406524968306	bind_rec_22	bind_lig_22	rosetta_bind_rec_22_bind_lig_22_demo	rosetta_bind_rec_22_bind_lig_22_pose_023	/demo/rosetta/bind_rec_22_vs_bind_lig_22/rosetta_bind_rec_22_bind_lig_22_pose_023.pdb	interaction
Rosetta	dockq	0.12961711427817024	bind_rec_23	bind_lig_23	rosetta_bind_rec_23_bind_lig_23_demo	rosetta_bind_rec_23_bind_lig_23_pose_024	/demo/rosetta/bind_rec_23_vs_bind_lig_23/rosetta_bind_rec_23_bind_lig_23_pose_024.pdb	interaction
Rosetta	dockq	0.5284655883348741	bind_rec_24	bind_lig_24	rosetta_bind_rec_24_bind_lig_24_demo	rosetta_bind_rec_24_bind_lig_24_pose_025	/demo/rosetta/bind_rec_24_vs_bind_lig_24/rosetta_bind_rec_24_bind_lig_24_pose_025.pdb	interaction
Rosetta	dockq	0.3675240265313038	bind_rec_25	bind_lig_25	rosetta_bind_rec_25_bind_lig_25_demo	rosetta_bind_rec_25_bind_lig_25_pose_026	/demo/rosetta/bind_rec_25_vs_bind_lig_25/rosetta_bind_rec_25_bind_lig_25_pose_026.pdb	interaction
Rosetta	dockq	0.3062305071178032	bind_rec_26	bind_lig_26	rosetta_bind_rec_26_bind_lig_26_demo	rosetta_bind_rec_26_bind_lig_26_pose_027	/demo/rosetta/bind_rec_26_vs_bind_lig_26/rosetta_bind_rec_26_bind_lig_26_pose_027.pdb	interaction
Rosetta	dockq	0.46807813004595167	bind_rec_27	bind_lig_27	rosetta_bind_rec_27_bind_lig_27_demo	rosetta_bind_rec_27_bind_lig_27_pose_028	/demo/rosetta/bind_rec_27_vs_bind_lig_27/rosetta_bind_rec_27_bind_lig_27_pose_028.pdb	interaction
Rosetta	dockq	0.5969612046936448	bind_rec_28	bind_lig_28	rosetta_bind_rec_28_bind_lig_28_demo	rosetta_bind_rec_28_bind_lig_28_pose_029	/demo/rosetta/bind_rec_28_vs_bind_lig_28/rosetta_bind_rec_28_bind_lig_28_pose_029.pdb	interaction
Rosetta	dockq	0.20397606611519203	bind_rec_29	bind_lig_29	rosetta_bind_rec_29_bind_lig_29_demo	rosetta_bind_rec_29_bind_lig_29_pose_030	/demo/rosetta/bind_rec_29_vs_bind_lig_29/rosetta_bind_rec_29_bind_lig_29_pose_030.pdb	interaction
Rosetta	dockq	0.39471325214672687	bind_rec_30	bind_lig_30	rosetta_bind_rec_30_bind_lig_30_demo	rosetta_bind_rec_30_bind_lig_30_pose_031	/demo/rosetta/bind_rec_30_vs_bind_lig_30/rosetta_bind_rec_30_bind_lig_30_pose_031.pdb	interaction
Rosetta	dockq	0.7668754297928599	bind_rec_31	bind_lig_31	rosetta_bind_rec_31_bind_lig_31_demo	rosetta_bind_rec_31_bind_lig_31_pose_032	/demo/rosetta/bind_rec_31_vs_bind_lig_31/rosetta_bind_rec_31_bind_lig_31_pose_032.pdb	interaction
Rosetta	dockq	0.27569520775793876	bind_rec_32	bind_lig_32	rosetta_bind_rec_32_bind_lig_32_demo	rosetta_bind_rec_32_bind_lig_32_pose_033	/demo/rosetta/bind_rec_32_vs_bind_lig_32/rosetta_bind_rec_32_bind_lig_32_pose_033.pdb	interaction
Rosetta	dockq	0.6452546255613417	bind_rec_33	bind_lig_33	rosetta_bind_rec_33_bind_lig_33_demo	rosetta_bind_rec_33_bind_lig_33_pose_034	/demo/rosetta/bind_rec_33_vs_bind_lig_33/rosetta_bind_rec_33_bind_lig_33_pose_034.pdb	interaction
Rosetta	dockq	0.38790115530569114	bind_rec_34	bind_lig_34	rosetta_bind_rec_34_bind_lig_34_demo	rosetta_bind_rec_34_bind_lig_34_pose_035	/demo/rosetta/bind_rec_34_vs_bind_lig_34/rosetta_bind_rec_34_bind_lig_34_pose_035.pdb	interaction
Rosetta	dockq	0.583700814371491	bind_rec_35	bind_lig_35	rosetta_bind_rec_35_bind_lig_35_demo	rosetta_bind_rec_35_bind_lig_35_pose_036	/demo/rosetta/bind_rec_35_vs_bind_lig_35/rosetta_bind_rec_35_bind_lig_35_pose_036.pdb	interaction
Rosetta	dockq	0.6884922263685448	bind_rec_36	bind_lig_36	rosetta_bind_rec_36_bind_lig_36_demo	rosetta_bind_rec_36_bind_lig_36_pose_037	/demo/rosetta/bind_rec_36_vs_bind_lig_36/rosetta_bind_rec_36_bind_lig_36_pose_037.pdb	interaction
Rosetta	dockq	0.6208435357271541	bind_rec_37	bind_lig_37	rosetta_bind_rec_37_bind_lig_37_demo	rosetta_bind_rec_37_bind_lig_37_pose_038	/demo/rosetta/bind_rec_37_vs_bind_lig_37/rosetta_bind_rec_37_bind_lig_37_pose_038.pdb	interaction
Rosetta	dockq	0.6527403244206365	bind_rec_38	bind_lig_38	rosetta_bind_rec_38_bind_lig_38_demo	rosetta_bind_rec_38_bind_lig_38_pose_039	/demo/rosetta/bind_rec_38_vs_bind_lig_38/rosetta_bind_rec_38_bind_lig_38_pose_039.pdb	interaction
Rosetta	dockq	0.2611972286524883	bind_rec_39	bind_lig_39	rosetta_bind_rec_39_bind_lig_39_demo	rosetta_bind_rec_39_bind_lig_39_pose_040	/demo/rosetta/bind_rec_39_vs_bind_lig_39/rosetta_bind_rec_39_bind_lig_39_pose_040.pdb	interaction
Rosetta	dockq	0.6915953442808468	bind_rec_40	bind_lig_40	rosetta_bind_rec_40_bind_lig_40_demo	rosetta_bind_rec_40_bind_lig_40_pose_041	/demo/rosetta/bind_rec_40_vs_bind_lig_40/rosetta_bind_rec_40_bind_lig_40_pose_041.pdb	interaction
Rosetta	dockq	0.3179883082193842	bind_rec_41	bind_lig_41	rosetta_bind_rec_41_bind_lig_41_demo	rosetta_bind_rec_41_bind_lig_41_pose_042	/demo/rosetta/bind_rec_41_vs_bind_lig_41/rosetta_bind_rec_41_bind_lig_41_pose_042.pdb	interaction
Rosetta	dockq	0.5293129354585923	bind_rec_42	bind_lig_42	rosetta_bind_rec_42_bind_lig_42_demo	rosetta_bind_rec_42_bind_lig_42_pose_043	/demo/rosetta/bind_rec_42_vs_bind_lig_42/rosetta_bind_rec_42_bind_lig_42_pose_043.pdb	interaction
Rosetta	dockq	0.5290667755294731	bind_rec_43	bind_lig_43	rosetta_bind_rec_43_bind_lig_43_demo	rosetta_bind_rec_43_bind_lig_43_pose_044	/demo/rosetta/bind_rec_43_vs_bind_lig_43/rosetta_bind_rec_43_bind_lig_43_pose_044.pdb	interaction
Rosetta	dockq	0.5721732861852203	bind_rec_44	bind_lig_44	rosetta_bind_rec_44_bind_lig_44_demo	rosetta_bind_rec_44_bind_lig_44_pose_045	/demo/rosetta/bind_rec_44_vs_bind_lig_44/rosetta_bind_rec_44_bind_lig_44_pose_045.pdb	interaction
Rosetta	dockq	0.5440217684514361	bind_rec_45	bind_lig_45	rosetta_bind_rec_45_bind_lig_45_demo	rosetta_bind_rec_45_bind_lig_45_pose_046	/demo/rosetta/bind_rec_45_vs_bind_lig_45/rosetta_bind_rec_45_bind_lig_45_pose_046.pdb	interaction
Rosetta	dockq	0.31967610408030256	bind_rec_46	bind_lig_46	rosetta_bind_rec_46_bind_lig_46_demo	rosetta_bind_rec_46_bind_lig_46_pose_047	/demo/rosetta/bind_rec_46_vs_bind_lig_46/rosetta_bind_rec_46_bind_lig_46_pose_047.pdb	interaction
Rosetta	dockq	0.2235251916638139	bind_rec_47	bind_lig_47	rosetta_bind_rec_47_bind_lig_47_demo	rosetta_bind_rec_47_bind_lig_47_pose_048	/demo/rosetta/bind_rec_47_vs_bind_lig_47/rosetta_bind_rec_47_bind_lig_47_pose_048.pdb	interaction
Rosetta	dockq	0.645746249192736	bind_rec_48	bind_lig_48	rosetta_bind_rec_48_bind_lig_48_demo	rosetta_bind_rec_48_bind_lig_48_pose_049	/demo/rosetta/bind_rec_48_vs_bind_lig_48/rosetta_bind_rec_48_bind_lig_48_pose_049.pdb	interaction
Rosetta	dockq	0.515308569728594	bind_rec_49	bind_lig_49	rosetta_bind_rec_49_bind_lig_49_demo	rosetta_bind_rec_49_bind_lig_49_pose_050	/demo/rosetta/bind_rec_49_vs_bind_lig_49/rosetta_bind_rec_49_bind_lig_49_pose_050.pdb	interaction
Rosetta	dockq	0.49539406296282906	decoy_rec_00	decoy_lig_00	rosetta_decoy_rec_00_decoy_lig_00_demo	rosetta_decoy_rec_00_decoy_lig_00_pose_001	/demo/rosetta/decoy_rec_00_vs_decoy_lig_00/rosetta_decoy_rec_00_decoy_lig_00_pose_001.pdb	non-interaction
Rosetta	dockq	0.29239540118806245	decoy_rec_01	decoy_lig_01	rosetta_decoy_rec_01_decoy_lig_01_demo	rosetta_decoy_rec_01_decoy_lig_01_pose_002	/demo/rosetta/decoy_rec_01_vs_decoy_lig_01/rosetta_decoy_rec_01_decoy_lig_01_pose_002.pdb	non-interaction
Rosetta	dockq	0.061122058684916714	decoy_rec_02	decoy_lig_02	rosetta_decoy_rec_02_decoy_lig_02_demo	rosetta_decoy_rec_02_decoy_lig_02_pose_003	/demo/rosetta/decoy_rec_02_vs_decoy_lig_02/rosetta_decoy_rec_02_decoy_lig_02_pose_003.pdb	non-interaction
Rosetta	dockq	0.46424204577069805	decoy_rec_03	decoy_lig_03	rosetta_decoy_rec_03_decoy_lig_03_demo	rosetta_decoy_rec_03_decoy_lig_03_pose_004	/demo/rosetta/decoy_rec_03_vs_decoy_lig_03/rosetta_decoy_rec_03_decoy_lig_03_pose_004.pdb	non-interaction
Rosetta	dockq	0.23703699635761177	decoy_rec_04	decoy_lig_04	rosetta_decoy_rec_04_decoy_lig_04_demo	rosetta_decoy_rec_04_decoy_lig_04_pose_005	/demo/rosetta/decoy_rec_04_vs_decoy_lig_04/rosetta_decoy_rec_04_decoy_lig_04_pose_005.pdb	non-interaction
Rosetta	dockq	0.3581405877615736	decoy_rec_05	decoy_lig_05	rosetta_decoy_rec_05_decoy_lig_05_demo	rosetta_decoy_rec_05_decoy_lig_05_pose_006	/demo/rosetta/decoy_rec_05_vs_decoy_lig_05/rosetta_decoy_rec_05_decoy_lig_05_pose_006.pdb	non-interaction
Rosetta	dockq	0.18993189715848172	decoy_rec_06	decoy_lig_06	rosetta_decoy_rec_06_decoy_lig_06_demo	rosetta_decoy_rec_06_decoy_lig_06_pose_007	/demo/rosetta/decoy_rec_06_vs_decoy_lig_06/rosetta_decoy_rec_06_decoy_lig_06_pose_007.pdb	non-interaction
Rosetta	dockq	0.5795312907397274	decoy_rec_07	decoy_lig_07	rosetta_decoy_rec_07_decoy_lig_07_demo	rosetta_decoy_rec_07_decoy_lig_07_pose_008	/demo/rosetta/decoy_rec_07_vs_decoy_lig_07/rosetta_decoy_rec_07_decoy_lig_07_pose_008.pdb	non-interaction
Rosetta	dockq	0.1509839798888565	decoy_rec_08	decoy_lig_08	rosetta_decoy_rec_08_decoy_lig_08_demo	rosetta_decoy_rec_08_decoy_lig_08_pose_009	/demo/rosetta/decoy_rec_08_vs_decoy_lig_08/rosetta_decoy_rec_08_decoy_lig_08_pose_009.pdb	non-interaction
Rosetta	dockq	0.24263694180195028	decoy_rec_09	decoy_lig_09	rosetta_decoy_rec_09_decoy_lig_09_demo	rosetta_decoy_rec_09_decoy_lig_09_pose_010	/demo/rosetta/decoy_rec_09_vs_decoy_lig_09/rosetta_decoy_rec_09_decoy_lig_09_pose_010.pdb	non-interaction
Rosetta	dockq	0.3182662794585438	decoy_rec_10	decoy_lig_10	rosetta_decoy_rec_10_decoy_lig_10_demo	rosetta_decoy_rec_10_decoy_lig_10_pose_011	/demo/rosetta/decoy_rec_10_vs_decoy_lig_10/rosetta_decoy_rec_10_decoy_lig_10_pose_011.pdb	non-interaction
Rosetta	dockq	0.1143290043952171	decoy_rec_11	decoy_lig_11	rosetta_decoy_rec_11_decoy_lig_11_demo	rosetta_decoy_rec_11_decoy_lig_11_pose_012	/demo/rosetta/decoy_rec_11_vs_decoy_lig_11/rosetta_decoy_rec_11_decoy_lig_11_pose_012.pdb	non-interaction
Rosetta	dockq	0.3561883198598912	decoy_rec_12	decoy_lig_12	rosetta_decoy_rec_12_decoy_lig_12_demo	rosetta_decoy_rec_12_decoy_lig_12_pose_013	/demo/rosetta/decoy_rec_12_vs_decoy_lig_12/rosetta_decoy_rec_12_decoy_lig_12_pose_013.pdb	non-interaction
Rosetta	dockq	0.5740247811694734	decoy_rec_13	decoy_lig_13	rosetta_decoy_rec_13_decoy_lig_13_demo	rosetta_decoy_rec_13_decoy_lig_13_pose_014	/demo/rosetta/decoy_rec_13_vs_decoy_lig_13/rosetta_decoy_rec_13_decoy_lig_13_pose_014.pdb	non-interaction
Rosetta	dockq	0.2166214326820692	decoy_rec_14	decoy_lig_14	rosetta_decoy_rec_14_decoy_lig_14_demo	rosetta_decoy_rec_14_decoy_lig_14_pose_015	/demo/rosetta/decoy_rec_14_vs_decoy_lig_14/rosetta_decoy_rec_14_decoy_lig_14_pose_015.pdb	non-interaction
Rosetta	dockq	0.3671742792353933	decoy_rec_15	decoy_lig_15	rosetta_decoy_rec_15_decoy_lig_15_demo	rosetta_decoy_rec_15_decoy_lig_15_pose_016	/demo/rosetta/decoy_rec_15_vs_decoy_lig_15/rosetta_decoy_rec_15_decoy_lig_15_pose_016.pdb	non-interaction
Rosetta	dockq	0.0	decoy_rec_16	decoy_lig_16	rosetta_decoy_rec_16_decoy_lig_16_demo	rosetta_decoy_rec_16_decoy_lig_16_pose_017	/demo/rosetta/decoy_rec_16_vs_decoy_lig_16/rosetta_decoy_rec_16_decoy_lig_16_pose_017.pdb	non-interaction
Rosetta	dockq	0.29338203591757706	decoy_rec_17	decoy_lig_17	rosetta_decoy_rec_17_decoy_lig_17_demo	rosetta_decoy_rec_17_decoy_lig_17_pose_018	/demo/rosetta/decoy_rec_17_vs_decoy_lig_17/rosetta_decoy_rec_17_decoy_lig_17_pose_018.pdb	non-interaction
Rosetta	dockq	0.24678281139254507	decoy_rec_18	decoy_lig_18	rosetta_decoy_rec_18_decoy_lig_18_demo	rosetta_decoy_rec_18_decoy_lig_18_pose_019	/demo/rosetta/decoy_rec_18_vs_decoy_lig_18/rosetta_decoy_rec_18_decoy_lig_18_pose_019.pdb	non-interaction
Rosetta	dockq	0.16085540759023453	decoy_rec_19	decoy_lig_19	rosetta_decoy_rec_19_decoy_lig_19_demo	rosetta_decoy_rec_19_decoy_lig_19_pose_020	/demo/rosetta/decoy_rec_19_vs_decoy_lig_19/rosetta_decoy_rec_19_decoy_lig_19_pose_020.pdb	non-interaction
Rosetta	dockq	0.4838465798368504	decoy_rec_20	decoy_lig_20	rosetta_decoy_rec_20_decoy_lig_20_demo	rosetta_decoy_rec_20_decoy_lig_20_pose_021	/demo/rosetta/decoy_rec_20_vs_decoy_lig_20/rosetta_decoy_rec_20_decoy_lig_20_pose_021.pdb	non-interaction
Rosetta	dockq	0.2445385741239492	decoy_rec_21	decoy_lig_21	rosetta_decoy_rec_21_decoy_lig_21_demo	rosetta_decoy_rec_21_decoy_lig_21_pose_022	/demo/rosetta/decoy_rec_21_vs_decoy_lig_21/rosetta_decoy_rec_21_decoy_lig_21_pose_022.pdb	non-interaction
Rosetta	dockq	0.2698288271940901	decoy_rec_22	decoy_lig_22	rosetta_decoy_rec_22_decoy_lig_22_demo	rosetta_decoy_rec_22_decoy_lig_22_pose_023	/demo/rosetta/decoy_rec_22_vs_decoy_lig_22/rosetta_decoy_rec_22_decoy_lig_22_pose_023.pdb	non-interaction
Rosetta	dockq	0.23587721128585787	decoy_rec_23	decoy_lig_23	rosetta_decoy_rec_23_decoy_lig_23_demo	rosetta_decoy_rec_23_decoy_lig_23_pose_024	/demo/rosetta/decoy_rec_23_vs_decoy_lig_23/rosetta_decoy_rec_23_decoy_lig_23_pose_024.pdb	non-interaction
Rosetta	dockq	0.0	decoy_rec_24	decoy_lig_24	rosetta_decoy_rec_24_decoy_lig_24_demo	rosetta_decoy_rec_24_decoy_lig_24_pose_025	/demo/rosetta/decoy_rec_24_vs_decoy_lig_24/rosetta_decoy_rec_24_decoy_lig_24_pose_025.pdb	non-interaction
Rosetta	dockq	0.10756230518691659	decoy_rec_25	decoy_lig_25	rosetta_decoy_rec_25_decoy_lig_25_demo	rosetta_decoy_rec_25_decoy_lig_25_pose_026	/demo/rosetta/decoy_rec_25_vs_decoy_lig_25/rosetta_decoy_rec_25_decoy_lig_25_pose_026.pdb	non-interaction
Rosetta	dockq	0.4633858926404368	decoy_rec_26	decoy_lig_26	rosetta_decoy_rec_26_decoy_lig_26_demo	rosetta_decoy_rec_26_decoy_lig_26_pose_027	/demo/rosetta/decoy_rec_26_vs_decoy_lig_26/rosetta_decoy_rec_26_decoy_lig_26_pose_027.pdb	non-interaction
Rosetta	dockq	0.0	decoy_rec_27	decoy_lig_27	rosetta_decoy_rec_27_decoy_lig_27_demo	rosetta_decoy_rec_27_decoy_lig_27_pose_028	/demo/rosetta/decoy_rec_27_vs_decoy_lig_27/rosetta_decoy_rec_27_decoy_lig_27_pose_028.pdb	non-interaction
Rosetta	dockq	0.16972639056533004	decoy_rec_28	decoy_lig_28	rosetta_decoy_rec_28_decoy_lig_28_demo	rosetta_decoy_rec_28_decoy_lig_28_pose_029	/demo/rosetta/decoy_rec_28_vs_decoy_lig_28/rosetta_decoy_rec_28_decoy_lig_28_pose_029.pdb	non-interaction
Rosetta	dockq	0.23204759043074014	decoy_rec_29	decoy_lig_29	rosetta_decoy_rec_29_decoy_lig_29_demo	rosetta_decoy_rec_29_decoy_lig_29_pose_030	/demo/rosetta/decoy_rec_29_vs_decoy_lig_29/rosetta_decoy_rec_29_decoy_lig_29_pose_030.pdb	non-interaction
Rosetta	dockq	0.5964157174395661	decoy_rec_30	decoy_lig_30	rosetta_decoy_rec_30_decoy_lig_30_demo	rosetta_decoy_rec_30_decoy_lig_30_pose_031	/demo/rosetta/decoy_rec_30_vs_decoy_lig_30/rosetta_decoy_rec_30_decoy_lig_30_pose_031.pdb	non-interaction
Rosetta	dockq	0.4306626401343827	decoy_rec_31	decoy_lig_31	rosetta_decoy_rec_31_decoy_lig_31_demo	rosetta_decoy_rec_31_decoy_lig_31_pose_032	/demo/rosetta/decoy_rec_31_vs_decoy_lig_31/rosetta_decoy_rec_31_decoy_lig_31_pose_032.pdb	non-interaction
Rosetta	dockq	0.20528101040097307	decoy_rec_32	decoy_lig_32	rosetta_decoy_rec_32_decoy_lig_32_demo	rosetta_decoy_rec_32_decoy_lig_32_pose_033	/demo/rosetta/decoy_rec_32_vs_decoy_lig_32/rosetta_decoy_rec_32_decoy_lig_32_pose_033.pdb	non-interaction
Rosetta	dockq	0.5217673285096437	decoy_rec_33	decoy_lig_33	rosetta_decoy_rec_33_decoy_lig_33_demo	rosetta_decoy_rec_33_decoy_lig_33_pose_034	/demo/rosetta/decoy_rec_33_vs_decoy_lig_33/rosetta_decoy_rec_33_decoy_lig_33_pose_034.pdb	non-interaction
Rosetta	dockq	0.17411231051480963	decoy_rec_34	decoy_lig_34	rosetta_decoy_rec_34_decoy_lig_34_demo	rosetta_decoy_rec_34_decoy_lig_34_pose_035	/demo/rosetta/decoy_rec_34_vs_decoy_lig_34/rosetta_decoy_rec_34_decoy_lig_34_pose_035.pdb	non-interaction
Rosetta	dockq	0.4715469666347809	decoy_rec_35	decoy_lig_35	rosetta_decoy_rec_35_decoy_lig_35_demo	rosetta_decoy_rec_35_decoy_lig_35_pose_036	/demo/rosetta/decoy_rec_35_vs_decoy_lig_35/rosetta_decoy_rec_35_decoy_lig_35_pose_036.pdb	non-interaction
Rosetta	dockq	0.0689908681930873	decoy_rec_36	decoy_lig_36	rosetta_decoy_rec_36_decoy_lig_36_demo	rosetta_decoy_rec_36_decoy_lig_36_pose_037	/demo/rosetta/decoy_rec_36_vs_decoy_lig_36/rosetta_decoy_rec_36_decoy_lig_36_pose_037.pdb	non-interaction
Rosetta	dockq	0.48245383140415676	decoy_rec_37	decoy_lig_37	rosetta_decoy_rec_37_decoy_lig_37_demo	rosetta_decoy_rec_37_decoy_lig_37_pose_038	/demo/rosetta/decoy_rec_37_vs_decoy_lig_37/rosetta_decoy_rec_37_decoy_lig_37_pose_038.pdb	non-interaction
Rosetta	dockq	0.23095728026993242	decoy_rec_38	decoy_lig_38	rosetta_decoy_rec_38_decoy_lig_38_demo	rosetta_decoy_rec_38_decoy_lig_38_pose_039	/demo/rosetta/decoy_rec_38_vs_decoy_lig_38/rosetta_decoy_rec_38_decoy_lig_38_pose_039.pdb	non-interaction
Rosetta	dockq	0.12515427903998413	decoy_rec_39	decoy_lig_39	rosetta_decoy_rec_39_decoy_lig_39_demo	rosetta_decoy_rec_39_decoy_lig_39_pose_040	/demo/rosetta/decoy_rec_39_vs_decoy_lig_39/rosetta_decoy_rec_39_decoy_lig_39_pose_040.pdb	non-interaction
Rosetta	dockq	0.2630855857770266	decoy_rec_40	decoy_lig_40	rosetta_decoy_rec_40_decoy_lig_40_demo	rosetta_decoy_rec_40_decoy_lig_40_pose_041	/demo/rosetta/decoy_rec_40_vs_decoy_lig_40/rosetta_decoy_rec_40_decoy_lig_40_pose_041.pdb	non-interaction
Rosetta	dockq	0.3471485105524365	decoy_rec_41	decoy_lig_41	rosetta_decoy_rec_41_decoy_lig_41_demo	rosetta_decoy_rec_41_decoy_lig_41_pose_042	/demo/rosetta/decoy_rec_41_vs_decoy_lig_41/rosetta_decoy_rec_41_decoy_lig_41_pose_042.pdb	non-interaction
Rosetta	dockq	0.2158927668106289	decoy_rec_42	decoy_lig_42	rosetta_decoy_rec_42_decoy_lig_42_demo	rosetta_decoy_rec_42_decoy_lig_42_pose_043	/demo/rosetta/decoy_rec_42_vs_decoy_lig_42/rosetta_decoy_rec_42_decoy_lig_42_pose_043.pdb	non-interaction
Rosetta	dockq	0.39417209601920505	decoy_rec_43	decoy_lig_43	rosetta_decoy_rec_43_decoy_lig_43_demo	rosetta_decoy_rec_43_decoy_lig_43_pose_044	/demo/rosetta/decoy_rec_43_vs_decoy_lig_43/rosetta_decoy_rec_43_decoy_lig_43_pose_044.pdb	non-interaction
Rosetta	dockq	0.2008910397771085	decoy_rec_44	decoy_lig_44	rosetta_decoy_rec_44_decoy_lig_44_demo	rosetta_decoy_rec_44_decoy_lig_44_pose_045	/demo/rosetta/decoy_rec_44_vs_decoy_lig_44/rosetta_decoy_rec_44_decoy_lig_44_pose_045.pdb	non-interaction
Rosetta	dockq	0.4054633069683308	decoy_rec_45	decoy_lig_45	rosetta_decoy_rec_45_decoy_lig_45_demo	rosetta_decoy_rec_45_decoy_lig_45_pose_046	/demo/rosetta/decoy_rec_45_vs_decoy_lig_45/rosetta_decoy_rec_45_decoy_lig_45_pose_046.pdb	non-interaction
Rosetta	dockq	0.37517775054622193	decoy_rec_46	decoy_lig_46	rosetta_decoy_rec_46_decoy_lig_46_demo	rosetta_decoy_rec_46_decoy_lig_46_pose_047	/demo/rosetta/decoy_rec_46_vs_decoy_lig_46/rosetta_decoy_rec_46_decoy_lig_46_pose_047.pdb	non-interaction
Rosetta	dockq	0.28964308069965106	decoy_rec_47	decoy_lig_47	rosetta_decoy_rec_47_decoy_lig_47_demo	rosetta_decoy_rec_47_decoy_lig_47_pose_048	/demo/rosetta/decoy_rec_47_vs_decoy_lig_47/rosetta_decoy_rec_47_decoy_lig_47_pose_048.pdb	non-interaction
Rosetta	dockq	0.22496500689778853	decoy_rec_48	decoy_lig_48	rosetta_decoy_rec_48_decoy_lig_48_demo	rosetta_decoy_rec_48_decoy_lig_48_pose_049	/demo/rosetta/decoy_rec_48_vs_decoy_lig_48/rosetta_decoy_rec_48_decoy_lig_48_pose_049.pdb	non-interaction
Rosetta	dockq	0.3257619352800952	decoy_rec_49	decoy_lig_49	rosetta_decoy_rec_49_decoy_lig_49_demo	rosetta_decoy_rec_49_decoy_lig_49_pose_050	/demo/rosetta/decoy_rec_49_vs_decoy_lig_49/rosetta_decoy_rec_49_decoy_lig_49_pose_050.pdb	non-interaction
